module_id,class,description_from_context,building_or_area,evidence_quote,source_doc,source_url,confidence
CA01,structural,Containment Building Area 1 Module CA01 (steel structural module forming steam generator/refueling compartment walls; ~48 sub-modules),Containment (containment internal structures),"...12-002-14-0109, ""Reinforcing Steel Elev 71'-6"" to 76'-6"","" C112-002-14-0119, ""Containment Concrete Placement Elev 71'-6"" to 76'-6"","" Section 1A08 SV3-CA01-S5-20001, “Containment Building Area 1 Module CA01 Submodule CA01_20 Isometric Views,” Rev. 0 SV3-CA01-S5-20002, “Containment Building Area 1 ",IR 05200025/2014004;05200026/2014004 (ML14311A666),https://www.nrc.gov/docs/ML1431/ML14311A666.pdf,high
CA01,structural,Containment Building Area 1 Module CA01 (steel structural module forming steam generator/refueling compartment walls; ~48 sub-modules),Containment (containment internal structures),"0. Drawing No. CA01-01-19-310-1902, “Containment Bldg. Area 1 Module CA01,” Version 1.2, dated December 7, 2013 11. Drawing No. CA01-01-19-310-1902, “Containment Bldg. Area 1 Module CA01,” Version 1.3, dated December 9, 2013 12. Drawing No. CA01-01-19-310-1902, “Containment Bldg. Area 1 Module CA01,",IR 99901425/2014-201 (ML14072A315),https://www.nrc.gov/docs/ML1407/ML14072A315.pdf,high
CA01,structural,Containment Building Area 1 Module CA01 (steel structural module forming steam generator/refueling compartment walls; ~48 sub-modules),Containment (containment internal structures),"...r,” Rev. 0 Section 1A22 Welding Material Requisition (WMR) 147087 Section 1A23 Welding Material Requisition (WMR) 145801 18 Section 1A24 Drawings SV4-CA01-S5-04001, Module CA01 Submodule CA01-04 Isometric Views, Rev. 0 SV4-CA01-S5-04002, Module CA01 Submodule CA01-04 Break-Down-I, Rev. 0 SV4-CA01",IR 05200025/2016001;05200026/2016001 (ML16132A557),https://www.nrc.gov/docs/ML1613/ML16132A557.pdf,high
CA01-01,structural,sub-module of CA01,Containment (containment internal structures),"...rance Inspection Report - Type 'A,' Receipt Inspection, 03/17/2015 Drawing No. APP-CA02-S5-01003, Containment Building Area 2 Module CA02 - Submodule CA01_01 Structural Outline Vertical Section / Views, Rev. 2 11 Section 1A12: Drawings VS2-1200-CCK-088, Unit 2 Aux. Bldg. Column Line J Wall Thickn",IR 05200027/2015002;05200028/2015002 (ML15223B361),https://www.nrc.gov/docs/ML1522/ML15223B361.pdf,high
CA01-02,structural,sub-module of CA01,Containment (containment internal structures),"...truction activities associated with the assembly of CA01. The inspectors observed fit up and welding for the seam weld joining submodules CA01-01 and CA01-02, weld number VS2-CA01-VWK-077-FW- 0201-06. These sub-modules form part of the east refueling cavity wall (N-S wall, parallel with column li",IR 05200027/2014005;05200028/2014005 (ML15037A445),https://www.nrc.gov/docs/ML1503/ML15037A445.pdf,high
CA01-03,structural,sub-module of CA01,Containment (containment internal structures),...al test activities being performed for welded test coupons. - 3 - • Assessed dropped sub-module CA01-20 and observed rigging activities on sub-module CA01-03. • Observed ongoing inspections and peer checks on the shop floor. • Interviewed numerous management and other staff on the current state o,IR 99901425/2014-201 (ML14072A315),https://www.nrc.gov/docs/ML1407/ML14072A315.pdf,high
CA01-04,structural,sub-module of CA01,Containment (containment internal structures),"...ial Requisition (WMR) 147087 Section 1A23 Welding Material Requisition (WMR) 145801 18 Section 1A24 Drawings SV4-CA01-S5-04001, Module CA01 Submodule CA01-04 Isometric Views, Rev. 0 SV4-CA01-S5-04002, Module CA01 Submodule CA01-04 Break-Down-I, Rev. 0 SV4-CA01-S5-04003, Module CA01 Submodule CA01",IR 05200025/2016001;05200026/2016001 (ML16132A557),https://www.nrc.gov/docs/ML1613/ML16132A557.pdf,high
CA01-05,structural,"CA01-05 Permanent Welded Attachment Weld Map,",Containment (containment internal structures),"...chment Weld Map,” Revision 7 APP-CE01-CE-004, “Standard Direct Weld Spreader Plates For CA01, CA02, CA05, and CA20,” Revision 0 SV3-CA01-S4K-CV3987, “CA01-05 Permanent Welded Attachment Weld Map,” Revision 2 APP-ML05-V2-451, “AP1000 Duplex Penetration Embedded Pipe W/Anchor Details,” Revision 6 A",IR 05200025/2015003;05200026/2015003 (ML15301A424),https://www.nrc.gov/docs/ML1530/ML15301A424.pdf,medium
CA01-06,structural,sub-module of CA01,Containment (containment internal structures),...r the welds met the acceptance criteria of AWS D1.1. 15 The inspectors observed in-process repairs for a cracked tack-weld located between submodules CA01-06 and CA01-07 and reviewed Condition Report No. 10035194 to determine if the licensee’s actions were in compliance with the quality assurance,IR 05200025/2015001;05200026/2015001 (ML15124A857),https://www.nrc.gov/docs/ML1512/ML15124A857.pdf,high
CA01-07,structural,"• CA01-07, which is part of the south east corner of the east steam generator compartment from elevation 98’-0",Containment (containment internal structures),"...izer compartment, prior to on-site assembly: • CA01-01, which is part of the south and east refueling cavity walls from elevation 98'-0"" to 135'-3"" • CA01-07, which is part of the south east corner of the east steam generator compartment from elevation 98’-0” to 158’-0” • CA01-31, which is part o",IR 05200025/2016003;05200026/2016003 (ML16312A506),https://www.nrc.gov/docs/ML1631/ML16312A506.pdf,medium
CA01-08,structural,"Containment Building Area 3 Module CA01 Submodule CA01-08 Isometric Views,",Containment (containment internal structures),"...T-304-1359 Drawings: APP-CA01-S5-08001, “Containment Building Area 3 Module CA01 Submodule CA01_08 Isometric Views,” Revision 7 SV3-CA01-S4K-CV7153, “CA01-08 Welded Attachment Weld Map,” Revision 7 APP-CE01-CE-004, “Standard Direct Weld Spreader Plates For CA01, CA02, CA05, and CA20,” Revision 0 ",IR 05200025/2015003;05200026/2015003 (ML15301A424),https://www.nrc.gov/docs/ML1530/ML15301A424.pdf,high
CA01-09,structural,sub-module of CA01,Containment (containment internal structures),"...ng steel concrete composite submodules associated with structural module CA01, a containment internal structural module, prior to on-site assembly: • CA01-09, submodule on the north side of the East Steam Generator Compartment • CA01-37, submodule on the north side of the Reactor Vessel Cavity wh",IR 05200025/2016002;05200026/2016002 (ML16210A448),https://www.nrc.gov/docs/ML1621/ML16210A448.pdf,high
CA01-10,structural,", and CA01-10, which forms part of the north wall of the east steam generator compartment from elevation 87'-6",Containment (containment internal structures),"...requirements for submodules CA01-27, which forms part of the south wall of the west steam generator compartment from elevation 94'-0"" to 153'-0"", and CA01-10, which forms part of the north wall of the east steam generator compartment from elevation 87'-6"" to 153'-0"". The inspectors observed the l",IR 05200027/2014005;05200028/2014005 (ML15037A445),https://www.nrc.gov/docs/ML1503/ML15037A445.pdf,medium
CA01-11,structural,"Module CA01 Submodule CA01-11 Structural Outline Vertical Sections / Views II,",Containment (containment internal structures),"...6 APP-CA01-S5-04004, ""Module CA01 Submodule CA01-04 Structural Outline Vertical Sections / Views I,"" Rev. 6 APP-CA01-S5-11007, ""Module CA01 Submodule CA01-11 Structural Outline Vertical Sections / Views II,"" Rev. 1 APP-CA01-S5-19004, ""Module CA01 Submodule CA01-19 Vertical Sections / Views I,"" Re",IR 05200025/2014004;05200025/2014005;05200026/2014004 (ML15037A406),https://www.nrc.gov/docs/ML1503/ML15037A406.pdf,high
CA01-12,structural,sub-module of CA01,Containment (containment internal structures),"... 4 Module CA01 Submodule CA01-11 Structural Outline – Specific Details I, Rev. 6 APP-CA01-S5-12002, Containment Building Area 3 Module CA01 Submodule CA01-12 Breakdown, Rev. 6 APP-CA01-S5-12003, Containment Building Area 3 Module CA01 Submodule CA01-12 Structural Outline – Vertical Sections / Vie",IR 05200027/2014005;05200028/2014005 (ML15037A445),https://www.nrc.gov/docs/ML1503/ML15037A445.pdf,high
CA01-13,structural,sub-module of CA01,Containment (containment internal structures),"...le CA01-34 Structural Outline Vertical Sections/Views IV, Rev. 0 Section 1A19 VS3-CA01-S5-13004-R0, Containment Building Area 3 Module CA01 Submodule CA01-13 Structural Outline-Vertical Sections/ Views I, Rev.0 VS3-CA01-S5-13006-R0, Containment Building Area 3 Module CA01 Submodule CA01-13 Struct",IR 05200027/2016003;05200028/2016003 (ML16315A269),https://www.nrc.gov/docs/ML1631/ML16315A269.pdf,high
CA01-14,structural,sub-module of CA01,Containment (containment internal structures),"...e CA01 Submodule CA01-04 Structural Outline - Vertical Sections/Views-IV, Rev. 0 SV4-CA01-S5-14001, Containment Building Area 3 Module CA01 Submodule CA01-14 Isometric Views, Rev. 0 SV4-CA01-S5-14002, Containment Building Area 3 Module CA01 Submodule CA01-14 Isometric Views, Rev. 0 SV4-CA01-S5-14",IR 05200025/2016001;05200026/2016001 (ML16132A557),https://www.nrc.gov/docs/ML1613/ML16132A557.pdf,high
CA01-15,structural,sub-module of CA01,Containment (containment internal structures),"...two embed plates to the Unit 4 CA01 module. Specifically, the inspectors observed the tack welding of embed plates B-017 and B-018 to the CA01-16 and CA01-15 submodules, which form part of the north reactor cavity wall from 83' 0"" - 98' 0"". During the welding of the tack welds, the inspectors obs",IR 05200025/2017001;05200026/2017001 (ML17132A345),https://www.nrc.gov/docs/ML1713/ML17132A345.pdf,high
CA01-16,structural,sub-module of CA01,Containment (containment internal structures),"...erpass temperatures Finally, the inspectors performed a direct inspection of a CB&I QC inspector performing visual examinations of welds on submodule CA01-16, which makes up part of the north and west refueling cavity walls from elevation 98'-0"" to 135'-3"". The visual inspection was of reworked n",IR 05200027/2014005;05200028/2014005 (ML15037A445),https://www.nrc.gov/docs/ML1503/ML15037A445.pdf,high
CA01-17,structural,sub-module of CA01,Containment (containment internal structures),"...nd repaired items were documented in written reports. The inspectors reviewed a sample of CMTRs for the structural steel plates used to fabricate the CA01-17 submodule. The inspectors verified that these plates met the requirements of ASTM A240, ""Standard Specification for Chromium and Chromium- ",IR 05200025/2016002;05200026/2016002 (ML16210A448),https://www.nrc.gov/docs/ML1621/ML16210A448.pdf,high
CA01-18,structural,sub-module of CA01,Containment (containment internal structures),"...rmance with maintenance requirements. The inspectors observed liquid PT of welds CV4165 L12-1 and CV4165 L12-2 between submodule sections CA01-17 and CA01-18 to verify that the welds met the requirements of the AWS D1.1:2000, Structural Welding Code – Steel. The inspectors also reviewed the quali",IR 05200025/2015001;05200026/2015001 (ML15124A857),https://www.nrc.gov/docs/ML1512/ML15124A857.pdf,high
CA01-19,structural,"Module CA01 Submodule CA01-19 Vertical Sections / Views I,",Containment (containment internal structures),"... APP-CA01-S5-11007, ""Module CA01 Submodule CA01-11 Structural Outline Vertical Sections / Views II,"" Rev. 1 APP-CA01-S5-19004, ""Module CA01 Submodule CA01-19 Vertical Sections / Views I,"" Rev. 6 APP-CA01-S5-19009, ""Module CA01 Submodule CA01-19 Structural Outline Vertical Sections / Views III,"" R",IR 05200025/2014004;05200025/2014005;05200026/2014004 (ML15037A406),https://www.nrc.gov/docs/ML1503/ML15037A406.pdf,high
CA01-20,structural,sub-module of CA01,Containment (containment internal structures),...ier areas on several sub- modules. • Observed mechanical test activities being performed for welded test coupons. - 3 - • Assessed dropped sub-module CA01-20 and observed rigging activities on sub-module CA01-03. • Observed ongoing inspections and peer checks on the shop floor. • Interviewed nume,IR 99901425/2014-201 (ML14072A315),https://www.nrc.gov/docs/ML1407/ML14072A315.pdf,high
CA01-21,structural,"Containment Building Area 1 Module CA01 Submodule CA01-21 Isometric Views,",Containment (containment internal structures),"... 1 Module CA01 Submodule CA01_20 Structural Outline Specific Details 2,” Rev. 0 SV3-CA01-S5-21001, “Containment Building Area 1 Module CA01 Submodule CA01_21 Isometric Views,” Rev. 0 SV3-CA01-S5-21002, “Containment Building Area 1 Module CA01 Submodule CA01_21 Break- Down,” Rev. 0 SV3-CA01-S5-210",IR 05200025/2014004;05200026/2014004 (ML14311A666),https://www.nrc.gov/docs/ML1431/ML14311A666.pdf,high
CA01-22,structural,sub-module of CA01,Containment (containment internal structures),"...C • 65001.A.02.03 - Independent Assessment/Measurement Inspection The inspectors visually examined repairs that had been completed on submodule CA01- 22, which forms a portion of the south and west refueling cavity walls, to verify that they met the requirements of AWS D1.1 2000 edition, Structur",IR 05200027/2014004;05200028/2014004 (ML14314A851),https://www.nrc.gov/docs/ML1431/ML14314A851.pdf,medium
CA01-23,structural,sub-module of CA01,Containment (containment internal structures),"...truction activities associated with the assembly of CA01. The inspectors observed fit up and welding for the seam weld joining submodules CA01-22 and CA01-23 which form part of the south reactor cavity wall from elevation 98'-0"" to 135'-3"". The inspectors reviewed the drawings, weld procedures (W",IR 05200027/2014004;05200028/2014004 (ML14314A851),https://www.nrc.gov/docs/ML1431/ML14314A851.pdf,high
CA01-24,structural,sub-module of CA01,Containment (containment internal structures),"...ons, drawings, and instructions for the design and fabrication of Seismic Category I structural submodules CA20-04, CA20-07A, CA20-08A, CA20-29, and CA01- 24. The inspectors reviewed SNC CAR 196714 and CR 528334, which were written to address this violation. The inspectors reviewed the Westinghou",IR 05200025/2013-004;05200026/2013-004 (ML13312A316),https://www.nrc.gov/docs/ML1331/ML13312A316.pdf,medium
CA01-25,structural,sub-module of CA01,Containment (containment internal structures),"...odule CA01 Submodule CA01_14 Structural Outline- Specific Details, Rev. 0 VS3-CA01-S5-25003-R0, Containment Building Area 1 & 4 Module CA01 Submodule CA01_25 Structural outline- Vertical sections/views, Rev. 0 VS3-CA01-S5-25004-R0, Containment Building Area 1 & 4 Module CA01 Submodule CA01_25 Str",IR 05200027/2016001;05200028/2016001 (ML16134A092),https://www.nrc.gov/docs/ML1613/ML16134A092.pdf,high
CA01-27,structural,sub-module of CA01,Containment (containment internal structures),"...o determine if they conformed to the design drawings, including wall and plate thickness. The inspectors observed the receipt inspection of submodule CA01-27 and reviewed the inspection report to determine if the record generated reflected the as- built component and furnished documentary evidenc",IR 05200027/2014005;05200028/2014005 (ML15037A445),https://www.nrc.gov/docs/ML1503/ML15037A445.pdf,high
CA01-28,structural,sub-module of CA01,Containment (containment internal structures),"...with the WPS and applicable AWS code requirements. Specifically, the inspectors observed welding of the exterior seam joining sub-modules CA01-27 and CA01-28 which form part of the south wall of the west steam generator compartment. The inspectors verified that the weld area was clean and free fr",IR 05200025/2015001;05200026/2015001 (ML15124A857),https://www.nrc.gov/docs/ML1512/ML15124A857.pdf,high
CA01-29,structural,sub-module of CA01,Containment (containment internal structures),"... module assembly building. The inspectors observed in-process welding and reviewed documentation associated the interior seam weld joining submodules CA01-29 and CA01-30 (FW 2930- 2) which form part of the west wall of the west steam generator compartment from elevation 103'-0"" to 153'-0"". The in",IR 05200027/2015001;05200028/2015001 (ML15120A400),https://www.nrc.gov/docs/ML1512/ML15120A400.pdf,high
CA01-30,structural,sub-module of CA01,Containment (containment internal structures),"...ring Design Change Request (EDCRs) associated with assembly of CA01 and CA03 submodules. The inspection of CA01 focused on the assembly of submodules CA01-30 and CA01-31, which make up the west wall of the Pressurizer Compartment. The inspection of CA03 modules focused on the fabrication of submo",IR 05200027/2017001;05200028/2017001 (ML17132A351),https://www.nrc.gov/docs/ML1713/ML17132A351.pdf,high
CA01-31,structural,sub-module of CA01,Containment (containment internal structures),"...7501-07-01, “07 Sub-module Fabrication Record,” Revision 0 NOUC#132167-D100.CA008-405-004-IHI-104-N0311, CA01 Structural Module Fabrication Submodule CA01-31 16 Nonconformance & Disposition Reports APP-CA01-GNR-850429, “Incorrect Edge Prep” APP-CA01-GNR-850481, “Unattainable Weld, SWD-10G” APP-CA",IR 05200025/2016003;05200026/2016003 (ML16312A506),https://www.nrc.gov/docs/ML1631/ML16312A506.pdf,high
CA01-32,structural,sub-module of CA01,Containment (containment internal structures),"... The inspectors observed the in-process PT examination of field weld number CV5015-3 (rework number RW1), which was associated with the Vogtle Unit 3 CA01-32 submodule, to determine whether the PT exam was performed in accordance with the AWS D1.6:1999 Code and MISTRAS procedure number 100-PT-304",IR 05200025/2015001;05200026/2015001 (ML15124A857),https://www.nrc.gov/docs/ML1512/ML15124A857.pdf,high
CA01-33,structural,sub-module of CA01,Containment (containment internal structures),"Area 2 Module CA01 Submodule CA01-33 Structural Outline Vertical Sections/Views I, Rev. 0 VS3-CA01-S5-33008-R0, Containment Building Area 2 Module CA01 Submodule CA01-33 Structural Outline Specific Details I, Rev. 0 10 VS3-CA01-S5-33006-R0, Containment Building Area 2 Module CA01 Submodule CA01-33 S",IR 05200027/2016003;05200028/2016003 (ML16315A269),https://www.nrc.gov/docs/ML1631/ML16315A269.pdf,high
CA01-34,structural,sub-module of CA01,Containment (containment internal structures),"... CA01 Submodule CA01-33 Structural Outline Vertical Sections/Views IV, Rev. 0 VS3-CA01-S5-34004-R0, Containment Building Area 2 Module CA01 Submodule CA01-34 Structural Outline Vertical Sections/Views I, Rev. 0 VS3-CA01-S5-34005-R0, Containment Building Area 2 Module CA01 Submodule CA01-34 Struct",IR 05200027/2016003;05200028/2016003 (ML16315A269),https://www.nrc.gov/docs/ML1631/ML16315A269.pdf,high
CA01-35,structural,sub-module of CA01,Containment (containment internal structures),"...nd FW-22-S-581 which had been found deficient and replaced by the licensee. The inspectors performed a walk down and visual examination of submodules CA01-35, CA01-40, and CA01-44, which forms a portion of the south, west, and east refueling cavity walls, to determine whether they had been fabric",IR 05200027/2014004;05200028/2014004 (ML14314A851),https://www.nrc.gov/docs/ML1431/ML14314A851.pdf,high
CA01-37,structural,"Containment Building Area 4 Module CA01 Submodule CA01-37 Structural Outline – Horizontal Sections / Views,",Containment (containment internal structures),"a 4 Module CA01 Submodule CA01-37 Structural Outline – Vertical Sections / Views,” Rev. 5 APP-CA01-S5-37004, “Containment Building Area 4 Module CA01 Submodule CA01-37 Structural Outline – Horizontal Sections / Views,” Rev. 5 APP-CA01-S5-37002, “Containment Building Area 4 Module CA01 Submodule CA01",IR 05200025/2016002;05200026/2016002 (ML16210A448),https://www.nrc.gov/docs/ML1621/ML16210A448.pdf,high
CA01-38,structural,"Containment Internal Structures Design of Floor Modules CA32, CA33, CA34, CA35, CA36, CA37 and CA01 Submodules CA01-35 and CA01-38,",Containment (containment internal structures),"...ulation APP-1100-S3C-666, “Containment Internal Structures Design of Floor Modules CA32, CA33, CA34, CA35, CA36, CA37 and CA01 Submodules CA01-35 and CA01-38,” Rev. 0 modified the horizontal embedded anchorage of the CA32 module, and numerous beam to beam connection welds in module CA37; however,",IR 05200027/2017001;05200028/2017001 (ML17132A351),https://www.nrc.gov/docs/ML1713/ML17132A351.pdf,high
CA01-39,structural,"Containment Building Area 2 Module CA01 Submodule CA01-39 Isometric Views,",Containment (containment internal structures),"...t Q445-16-11294, “Receipt Inspection – Modules – Structural,” 05/23/16 Drawings SV4-CA01-S5-39001, “Containment Building Area 2 Module CA01 Submodule CA01_39 Isometric Views,” Rev. 0 SV4-CA01-S5-39002, “AP1000 Containment Building Area 2 Module CA01 Submodule CA01_39 Break-Down,” Rev. 0 SV4-CA01-",IR 05200025/2016002;05200026/2016002 (ML16210A448),https://www.nrc.gov/docs/ML1621/ML16210A448.pdf,high
CA01-40,structural,sub-module of CA01,Containment (containment internal structures),"...S-581 which had been found deficient and replaced by the licensee. The inspectors performed a walk down and visual examination of submodules CA01-35, CA01-40, and CA01-44, which forms a portion of the south, west, and east refueling cavity walls, to determine whether they had been fabricated in a",IR 05200027/2014004;05200028/2014004 (ML14314A851),https://www.nrc.gov/docs/ML1431/ML14314A851.pdf,high
CA01-41,structural,sub-module of CA01,Containment (containment internal structures),"...f the east reactor cavity wall 5 from elevation 83'-0"" to 98'-0"". The inspectors also reviewed construction documentation and verified dimensions for CA01-41, which forms part of the west pressurizer compartment wall. The inspectors reviewed construction documentation and verified dimensions for ",IR 05200027/2014005;05200028/2014005 (ML15037A445),https://www.nrc.gov/docs/ML1503/ML15037A445.pdf,medium
CA01-42,structural,sub-module of CA01,Containment (containment internal structures),"... the weld filler material used to determine whether the material was in accordance with the WPS. The inspectors performed an inspection of submodules CA01-42, CA01-43, and CA01- 44. The inspectors measured the overall dimensions of each submodule to determine whether they were in accordance with ",IR 05200025/2014004;05200026/2014004 (ML14311A666),https://www.nrc.gov/docs/ML1431/ML14311A666.pdf,high
CA01-43,structural,sub-module of CA01,Containment (containment internal structures),"... filler material used to determine whether the material was in accordance with the WPS. The inspectors performed an inspection of submodules CA01-42, CA01-43, and CA01- 44. The inspectors measured the overall dimensions of each submodule to determine whether they were in accordance with approved ",IR 05200025/2014004;05200026/2014004 (ML14311A666),https://www.nrc.gov/docs/ML1431/ML14311A666.pdf,high
CA01-44,structural,sub-module of CA01,Containment (containment internal structures),"...ad been found deficient and replaced by the licensee. The inspectors performed a walk down and visual examination of submodules CA01-35, CA01-40, and CA01-44, which forms a portion of the south, west, and east refueling cavity walls, to determine whether they had been fabricated in accordance wit",IR 05200027/2014004;05200028/2014004 (ML14314A851),https://www.nrc.gov/docs/ML1431/ML14314A851.pdf,high
CA01-45,structural,sub-module of CA01,Containment (containment internal structures),"...Report Module CA01-40 S511-14-0183, Type “A” Inspection Report Module CA01-40 Q445-14-0671, Preliminary Receipt Inspection of Modules CA01-40 through CA01-45 C112-14-0233, Type “A” Inspection Report Module CA01-44 S561-14-0116, Type “A” Inspection Report Module CA01-44 C112-14-0414, Type “A” Insp",IR 05200027/2014004;05200028/2014004 (ML14314A851),https://www.nrc.gov/docs/ML1431/ML14314A851.pdf,high
CA01-46,structural,sub-module of CA01,Containment (containment internal structures),"...Specifically, the inspectors reviewed records associated with work package SV4-CA01-S4W-CV6484, for seam welds located between submodules CA01-34 and CA01-46, and work package SV4- CA01-S4W-CV6472, for seam welds located between submodules CA01-31 and CA01- 46. These seam welds were located along",IR 05200025/2016004;05200026/2016004 (ML17044A539),https://www.nrc.gov/docs/ML1704/ML17044A539.pdf,high
CA01-47,structural,sub-module of CA01,Containment (containment internal structures),...5001.F-02.04-General QA Review The inspectors observed in-process machine GMAW of weld No. VS3-CA01-VWK- 800011-FW-4704-01 located between submodules CA01-47 and CA01-04. The inspectors observed both the root and fill passes. The weld was between two duplex stainless steel plates. CA01-47 is a su,IR 05200027/2016002;05200028/2016002 (ML16221A081),https://www.nrc.gov/docs/ML1622/ML16221A081.pdf,high
CA01-48,structural,sub-module of CA01,Containment (containment internal structures),"...spectors observed manual gas tungsten arc welding of weld CV13400-L35-2 in the Southwest corner of the reactor cavity, between submodules CA01-19 and CA01-48. The inspectors observed the welding to determine if: • welding variables were within the limits of the welding procedure; • welding was pe",IR 05200025/2016002;05200026/2016002 (ML16210A448),https://www.nrc.gov/docs/ML1621/ML16210A448.pdf,high
CA02,structural,"structural module CA02, the north-east wall of the in-containment refueling water storage tank (IRWST)",Containment (IRWST),"...Independent Assessment/Measurement Inspection The inspectors independently measured the thickness of two submodules associated with structural module CA02, the north-east wall of the in-containment refueling water storage tank (IRWST), prior to it being assembled on-site. Specifically, the inspec",IR 05200025/2015002;05200026/2015002 (ML15223B074),https://www.nrc.gov/docs/ML1522/ML15223B074.pdf,high
CA02,structural,"structural module CA02, the north-east wall of the in-containment refueling water storage tank (IRWST)",Containment (IRWST),"...ction The inspectors reviewed receipt inspection reports and independently measured the thickness of two submodules associated with structural module CA02, the north-east wall of the in-containment refueling water storage tank. Specifically, the inspectors sampled CA02-01 and CA02-02 to verify th",IR 05200027/2015002;05200028/2015002 (ML15223B361),https://www.nrc.gov/docs/ML1522/ML15223B361.pdf,high
CA02-01,structural,sub-module of CA02,Containment (IRWST),"... associated with structural module CA02, the north-east wall of the in-containment refueling water storage tank. Specifically, the inspectors sampled CA02-01 and CA02-02 to verify the concrete thickness met the acceptance criteria listed in Table 3.3-1, ""Definition of Wall Thicknesses for Nuclear",IR 05200027/2015002;05200028/2015002 (ML15223B361),https://www.nrc.gov/docs/ML1522/ML15223B361.pdf,medium
CA02-02,structural,sub-module of CA02,Containment (IRWST),"...north-east wall of the in-containment refueling water storage tank (IRWST), prior to it being assembled on-site. Specifically, the inspectors sampled CA02-02 and CA02-03 to verify the concrete thickness met the acceptance criteria listed in Table 3.3-1, ""Definition of Wall Thicknesses for Nuclear",IR 05200025/2015002;05200026/2015002 (ML15223B074),https://www.nrc.gov/docs/ML1522/ML15223B074.pdf,medium
CA02-03,structural,sub-module of CA02,Containment (IRWST),"...all of the in-containment refueling water storage tank (IRWST), prior to it being assembled on-site. Specifically, the inspectors sampled CA02-02 and CA02-03 to verify the concrete thickness met the acceptance criteria listed in Table 3.3-1, ""Definition of Wall Thicknesses for Nuclear Island Buil",IR 05200025/2015002;05200026/2015002 (ML15223B074),https://www.nrc.gov/docs/ML1522/ML15223B074.pdf,medium
CA02-05,structural,sub-module of CA02,Containment (IRWST),"...-S4W-00003, Unit 3 CA20 Subassembly 3 Floor Installation, Rev. 0 Section 1A22 VS3-CA02-S5-05003-R0, Containment Building Area 2 Module CA02 Submodule CA02_05 Structural Outline Vertical Sections/Views, Rev. 0 Summer Unit 3 COL, Appendix C, Inspections, Tests, Analyses, and Acceptance Criteria (IT",IR 05200027/2016001;05200028/2016001 (ML16134A092),https://www.nrc.gov/docs/ML1613/ML16134A092.pdf,high
CA03,structural,Containment Building Module CA03 (IRWST wall module; main assembly modules 2 through 16),Containment (IRWST),"A03 Fabrication Materials, Rev.1 132177-D100.CA006-405-012-00004, CA03 Fabrication Materials, Rev.1 VS2-CA03-S5-10001-R0, Containment Building Module CA03- Submodule CA03-10 Isometric Views, Rev. 0 VS2-CA03-S5-10002-R0, Containment Building Module CA03- Submodule CA03-10 Breakdown, Rev. 0 VS2-CA03-S",IR 05200027/2015004;05200028/2015004 (ML16035A439),https://www.nrc.gov/docs/ML1603/ML16035A439.pdf,high
CA03,structural,Containment Building Module CA03 (IRWST wall module; main assembly modules 2 through 16),Containment (IRWST),"...ments of 10 CFR Part 21. 8 The inspectors observed quality control personnel perform the fit-up inspection on weld number CV3282-11 joining submodule CA03-10 to CA-03-11, to determine whether the visual inspection was performed according to inspection procedure F-S561-004, “Structural Weld Inspec",IR 05200025/2015003;05200026/2015003 (ML15301A424),https://www.nrc.gov/docs/ML1530/ML15301A424.pdf,high
CA03-01,structural,sub-module of CA03,Containment (IRWST),"...e approved procedures and AWS D1.6:1999, “Structural Welding Code – Stainless Steel.” The inspectors observed submodule assembly welding of submodule CA03-01 of module CA03. Specifically the inspectors observed tack welding during the fit-up process of weld VS3-CA03-VW-K-800067-FW-01-WL-001 to de",IR 05200027/2016004;05200028/2016004 (ML17044A404),https://www.nrc.gov/docs/ML1704/ML17044A404.pdf,high
CA03-02,structural,sub-module of CA03,Containment (IRWST),"...ight-Excitation Accelerations Used in APP- RCS-PHC-11C1135,” 12/1/2016. Section 1A27 VS3-CA03-S5-02003-R0, Containment Building Module CA03-Submodule CA03_02 Structural Outline Vertical Sections/Views, Rev. 0; VS3-CA03-S5-02005-R0, Containment Building Module CA03-Submodule CA03_02 Structural Out",IR 05200027/2016004;05200028/2016004 (ML17044A404),https://www.nrc.gov/docs/ML1704/ML17044A404.pdf,high
CA03-03,structural,sub-module of CA03,Containment (IRWST),"... shielding gas flow rate. Specifically, the inspectors observed the in-process welding of the following welds: • 880716-A04 and 880716-B04 (submodule CA03-03 to CA03-04) • 880718-A14 and 880718-B14 (submodule CA03-13 to CA03-14) Furthermore, during the in-process welding, the inspectors verified ",IR 05200025/2017001;05200026/2017001 (ML17132A345),https://www.nrc.gov/docs/ML1713/ML17132A345.pdf,high
CA03-04,structural,sub-module of CA03,Containment (IRWST),"...SC) conform to the design. The inspectors reviewed the welding records and nondestructive examination results of welds 15A, 15B, and 15C of submodule CA03-04 to verify that the welding procedures used were qualified in accordance with AWS D1.6:1999 Code, and that the inspection of these welds did",IR 05200025/2015003;05200026/2015003 (ML15301A424),https://www.nrc.gov/docs/ML1530/ML15301A424.pdf,high
CA03-05,structural,sub-module of CA03,Containment (IRWST),...med a direct inspection of construction activities associated with the assembly of the in-containment refueling water storage tank (IRWST) submodules CA03-05 and CA03-11. The inspectors observed the welding of structural steel components that make up these submodules and observed quality control ,IR 05200027/2015004;05200028/2015004 (ML16035A439),https://www.nrc.gov/docs/ML1603/ML16035A439.pdf,high
CA03-06,structural,sub-module of CA03,Containment (IRWST),"...ified in interim 10 CFR Part 21 reports submitted by CB&I, dated October 23, and December 9, 2014. Specifically, deviations were found in sub-modules CA03-06, -08, and -09, which initiated the discovery and evaluation processes for both Part 21 and 10 CFR 50.55(e) by CB&I. Those sub-modules are f",(ML15069A077),https://www.nrc.gov/docs/ML1506/ML15069A077.pdf,high
CA03-07,structural,sub-module of CA03,Containment (IRWST),"04-R0, Containment Building Module CA03- Submodule CA03-07 Structural Outline Horizontal Sections/Views, Rev. 0 VS2-CA03-S5-07005-R0, Containment Building Module CA03- Submodule CA03-07 Structural Outline Specific Details, Rev. 0 VS2-CA03-S5-07006-R0, Containment Building Module CA03- Submodule CA03",IR 05200027/2015004;05200028/2015004 (ML16035A439),https://www.nrc.gov/docs/ML1603/ML16035A439.pdf,high
CA03-08,structural,sub-module of CA03,Containment (IRWST),"... Water Storage Tank (IRWST), to determine whether the critical attributes of the items were compliant with the approved design and licensing basis: • CA03-08 • CA03-09 25 Specifically, the inspectors verified that a sample of the following attributes were consistent with Figure 3.8.3-8, Sheet 3, ",IR 05200025/2014004;05200025/2014005;05200026/2014004 (ML15037A406),https://www.nrc.gov/docs/ML1503/ML15037A406.pdf,medium
CA03-09,structural,sub-module of CA03,Containment (IRWST),"...rage Tank (IRWST), to determine whether the critical attributes of the items were compliant with the approved design and licensing basis: • CA03-08 • CA03-09 25 Specifically, the inspectors verified that a sample of the following attributes were consistent with Figure 3.8.3-8, Sheet 3, “Structura",IR 05200025/2014004;05200025/2014005;05200026/2014004 (ML15037A406),https://www.nrc.gov/docs/ML1503/ML15037A406.pdf,medium
CA03-10,structural,sub-module of CA03,Containment (IRWST),"...ments of 10 CFR Part 21. 8 The inspectors observed quality control personnel perform the fit-up inspection on weld number CV3282-11 joining submodule CA03-10 to CA-03-11, to determine whether the visual inspection was performed according to inspection procedure F-S561-004, “Structural Weld Inspec",IR 05200025/2015003;05200026/2015003 (ML15301A424),https://www.nrc.gov/docs/ML1530/ML15301A424.pdf,high
CA03-11,structural,sub-module of CA03,Containment (IRWST),...observed the in- process welding of weld number CV3282-10 joining submodule CA03-09 to CA03-10 and weld number CV3282-11 joining submodule CA03-10 to CA03-11. The inspectors observed the in-process welding of submodule CA03-09 to CA03-10 and CA03-10 to CA03-11 to determine whether the following a,IR 05200025/2015003;05200026/2015003 (ML15301A424),https://www.nrc.gov/docs/ML1530/ML15301A424.pdf,high
CA03-12,structural,sub-module of CA03,Containment (IRWST),"...le Unit 4 IRWST module (CA03). The inspectors determined that field weld 880718-A12, a complete joint penetration weld between submodules CA03-11 and CA03-12, did not comply with section 5.11.5, “Groove Welds,” of AWS D1.6, “Structural Welding Code – Stainless Steel,” 1999 edition. The inspectors",IR 05200025/2017001;05200026/2017001 (ML17132A345),https://www.nrc.gov/docs/ML1713/ML17132A345.pdf,high
CA03-13,structural,"Containment Building Module CA03 – Submodule CA03-13 Isometric Views,",Containment (IRWST),"terial Unavailability,” Rev. 0 VS3-CA03-S5-13001, “Containment Building Module CA03 – Submodule CA03_13 Isometric Views,” Rev. 0 VS3-CA03-S5B-13001, “Containment Building Module CA03 – Submodule CA03_13 Bill of Materials,” Rev. 0 VS3-CA03-S5-13002, “Containment Building Module CA03 – Submodule CA03_",IR 05200027/2017001;05200028/2017001 (ML17132A351),https://www.nrc.gov/docs/ML1713/ML17132A351.pdf,high
CA03-14,structural,sub-module of CA03,Containment (IRWST),...dure and N690-1994 The inspectors observed nondestructive examination associated with weld VS2-CA03- VWK-047-FW-14-VP-002A located between submodules CA03_14 and CA03_15. The weld joined two A240 stainless-steel plates which form part of the IRWST. The inspectors specifically observed portions of,IR 05200027/2016002;05200028/2016002 (ML16221A081),https://www.nrc.gov/docs/ML1622/ML16221A081.pdf,high
CA03-15,structural,sub-module of CA03,Containment (IRWST),...neral QA Review The inspectors observed nondestructive examination for weld VS2-CA03-VWK-048- FW-15-VP-002A. This weld was located between submodules CA03-15 and CA03-16. The weld joined two A240 stainless-steel plates which form part of the IRWST. Specifically the inspectors observed portions of,IR 05200027/2016002;05200028/2016002 (ML16221A081),https://www.nrc.gov/docs/ML1622/ML16221A081.pdf,high
CA03-16,structural,sub-module of CA03,Containment (IRWST),...iew The inspectors observed nondestructive examination for weld VS2-CA03-VWK-048- FW-15-VP-002A. This weld was located between submodules CA03-15 and CA03-16. The weld joined two A240 stainless-steel plates which form part of the IRWST. Specifically the inspectors observed portions of the Ultraso,IR 05200027/2016002;05200028/2016002 (ML16221A081),https://www.nrc.gov/docs/ML1622/ML16221A081.pdf,high
CA03-17,structural,"Containment Building Module CA03 - Submodule CA03-17 Structural Outline Vertical Sections / Views,",Containment (IRWST),"...1-GEF-000104, “Layer 3 Type 5 Mech Couplers,” Rev. 0. Section 1A31 Design Documents: VS3-CA03-S5-17003, “Containment Building Module CA03 - Submodule CA03_17 Structural Outline Vertical Sections / Views,” Rev. 0; VS3-CA03-S5B-17001, “Containment Building Module CA03 - Submodule CA03_17 Bill of Ma",IR 05200027/2016004;05200028/2016004 (ML17044A404),https://www.nrc.gov/docs/ML1704/ML17044A404.pdf,high
CA04,structural,reactor vessel cavity wall (Seismic Category I steel structure),Containment (reactor vessel cavity),"...with understanding fit-up and tack requirements for tolerances described in CB&I procedures. The inspectors observed the in-process welding of Unit 4 CA04 module to determine if the welding was performed within the ranges allowed by welding procedure specification number WPS2-1.1F01, and the requ",IR 05200025/2015002;05200026/2015002 (ML15223B074),https://www.nrc.gov/docs/ML1522/ML15223B074.pdf,high
CA04,structural,reactor vessel cavity wall (Seismic Category I steel structure),Containment (reactor vessel cavity),".1-2000. The inspectors reviewed supplier fabrication records for submodule assembly CA04-04 to determine whether the procured material met the requirements of the design drawings and AWS D1.1-2000. The inspectors observed assembly, fit-up, and field welding activities for various sections of CA04 t",IR 05200027/2013004;05200028/2013004 (ML13304A907),https://www.nrc.gov/docs/ML1330/ML13304A907.pdf,high
CA04,structural,reactor vessel cavity wall (Seismic Category I steel structure),Containment (reactor vessel cavity),"...osition (N&D) reports and applicable supporting documents associated with vendor welding procedure specifications used on structural module welds for CA04 that did not comply with the American Welding Society (AWS) D1.1:2000 Code. Specifically, the inspectors reviewed applicable prequalified and ",IR 05200025/2014004;05200026/2014004 (ML14311A666),https://www.nrc.gov/docs/ML1431/ML14311A666.pdf,high
CA04-01,structural,"Containment Building Areas 1&4 Module CA04 Submodule CA04-01 Structural Outline – Specific Details II,",Containment (reactor vessel cavity),"...CA04 Submodule CA04_04 Structural Outline – Vertical Sections/Views,” Rev. 0 VS3-CA04-S5-01007, “Containment Building Areas 1&4 Module CA04 Submodule CA04_01 Structural Outline – Specific Details II,” Rev. 0 VS3-CA04-S5-01005, “Containment Building Areas 1&4 Module CA04 Submodule CA04_01 Structur",IR 05200027/2015002;05200028/2015002 (ML15223B361),https://www.nrc.gov/docs/ML1522/ML15223B361.pdf,high
CA04-02,structural,sub-module of CA04,Containment (reactor vessel cavity),"...irements. The inspectors reviewed purchase order number 132176-D100.CA012 to verify that the applicable quality and technical requirements for Unit 4 CA04-02 submodule were properly specified. For a sample of the structural steel shapes specified by the CA04-02 design drawings, the inspectors ver",IR 05200025/2015002;05200026/2015002 (ML15223B074),https://www.nrc.gov/docs/ML1522/ML15223B074.pdf,high
CA04-03,structural,sub-module of CA04,Containment (reactor vessel cavity),".../13/2015 S540-15-00031, Enhanced Stud Welding Inspection of Module CA04_02, Dated 3/13/2015 S540-15-00032, Enhanced Stud Welding Inspection of Module CA04_03, Dated 3/13/2015 S540-15-00033, Enhanced Stud Welding Inspection of Module CA04_04, Dated 3/13/2015 S561-15-00050, AWS D1.1- Module Assessm",IR 05200027/2015002;05200028/2015002 (ML15223B361),https://www.nrc.gov/docs/ML1522/ML15223B361.pdf,high
CA04-04,structural,sub-module of CA04,Containment (reactor vessel cavity),"...n, design drawings, and American Welding Society (AWS) D1.1-2000, Structural Steel Welding Code. The inspectors reviewed CMTRs for submodule assembly CA04-04, to determine whether the procured material met the requirements of ASTM A36/A36M material specification and AWS D1.1-2000. The inspectors ",IR 05200027/2013004;05200028/2013004 (ML13304A907),https://www.nrc.gov/docs/ML1330/ML13304A907.pdf,high
CA04-05,structural,sub-module of CA04,Containment (reactor vessel cavity),"...spection of Module CA04_04, Dated 3/13/2015 S561-15-00050, AWS D1.1- Module Assessments for Final Visual Examination of Carbon Steel Structural Welds CA04_05, Dated 3/12/2015 S561-15-00055, AWS D1.1- Module Assessments for Final Visual Examination of Carbon Steel Structural Welds CA04_03, Dated 4",IR 05200027/2015002;05200028/2015002 (ML15223B361),https://www.nrc.gov/docs/ML1522/ML15223B361.pdf,high
CA05,structural,Containment Building Area 3 Module CA05; wall module (CA05-08 is the north-south wall east of the CVS room),Containment,"...inghouse Seismic Category I, Safety Class C “Nuclear Safety”, Rev. 5 Procedures NCSP 3-42-1, Reinforcing Steel Installation, Rev. 1 Section 1A12: VS2-CA05-S5X-0800, Containment Building Area 3 Module CA05 Submodule CA05_08 Index, Rev. 3 VS2-CA05-S5-08004, Containment Building Area 3 Module CA05 S",IR 05200027/2014003;05200028/2014003 (ML14218A414),https://www.nrc.gov/docs/ML1421/ML14218A414.pdf,high
CA05,structural,Containment Building Area 3 Module CA05; wall module (CA05-08 is the north-south wall east of the CVS room),Containment,"al Sections Views, Rev. 0 SV4-CA05-S5-08003, Containment Building Area 3 Module CA05 Submodule CA05_08 Structural Outline – Vertical Sections/ Views I, Rev. 0 SV4-CA05-S5-08004, Containment Building Area 3 Module CA05 Submodule CA05_08 Structural Outline – Horizontal Sections Views, Rev. 0 SV4-CA05-",IR 05200025/2015003;05200026/2015003 (ML15301A424),https://www.nrc.gov/docs/ML1530/ML15301A424.pdf,high
CA05-01,structural,sub-module of CA05,Containment,"...ements on the following structural submodules for the proposed Unit 2 containment internal structures: • East-West Wall South of CVS Room (Submodules CA05-01, CA05-02 and CA05-07) Specifically, the inspectors measured the following sub-module components: • headed stud spacing and dimensions • mod",IR 05200027/2014005;05200028/2014005 (ML15037A445),https://www.nrc.gov/docs/ML1503/ML15037A445.pdf,high
CA05-02,structural,sub-module of CA05,Containment,"... the following structural submodules for the proposed Unit 2 containment internal structures: • East-West Wall South of CVS Room (Submodules CA05-01, CA05-02 and CA0",IR 05200027/2014005;05200028/2014005 (ML15037A445),https://www.nrc.gov/docs/ML1503/ML15037A445.pdf,high
CA05-03,structural,sub-module of CA05,Containment,"...uclear Operations Building"", Rev. 0 (Basement Floor Plan) Section 1A10: Drawings VS2-CA05-S5-03001, Containment Building Area 3 Module CA05 submodule CA05_03 Isometric views, rev. 2 VS2-CA05-S5-03002, Containment Building Area 3 Module CA05 submodule CA05_03 Brake Down, rev. 2 VS2-CA05-S5-03003, ",IR 05200027/2014004;05200028/2014004 (ML14314A851),https://www.nrc.gov/docs/ML1431/ML14314A851.pdf,high
CA05-04,structural,"CA05-04 Submodule Installation Weld Map,",Containment,"...l Requisition (WMR) 145831 Section 1A20 Drawings SV4-GW-S9-300, ""AP1000 Structural Modules Standard Weld Details,"" revision 1; SV4-CA05-S4K-CV12754, ""CA05-04 Submodule Installation Weld Map,"" revision 0; SV4-CA05-S4K-CV12733, ""CA05-01 to CA05-02 Sub Module Installation,"" revision 0; Procedures We",IR 05200025/2016001;05200026/2016001 (ML16132A557),https://www.nrc.gov/docs/ML1613/ML16132A557.pdf,high
CA05-05,structural,sub-module of CA05,Containment,"... code for welding structural steel. The inspectors observed a localized weld repair on vertical seam CV12732-2-RW1 that joins carbon steel submodules CA05-05 to -06 under work package SV4-CA05-S4W- CV6034 obtained from WMR No. 145831. Specifically, the inspectors verified that the welding techniq",IR 05200025/2016001;05200026/2016001 (ML16132A557),https://www.nrc.gov/docs/ML1613/ML16132A557.pdf,high
CA05-06,structural,sub-module of CA05,Containment,"...cess machine GMAW on three vertical weld seams for module CA05. The vertical welds were: • FW-0506 and FW-0605 located between submodules CA05-05 and CA05-06. Each weld joined two A572 Grade 60 carbon steel plates; and • FW-0102, which also joined two A572 Grade 60 carbon steel plates, located be",IR 05200027/2015004;05200028/2015004 (ML16035A439),https://www.nrc.gov/docs/ML1603/ML16035A439.pdf,high
CA05-07,structural,sub-module of CA05,Containment,"...ed weld records for fabrication of weld numbers SV3-CA05-S4K-CV2217-07 and SV3-CA05-S4K-CV2219- 16 associated with carbon steel structural submodules CA05-07 to CA05-08. 8 Specifically, the inspectors’ verified applicable satisfactory Quality Control (QC) inspection sign-offs for cleanliness, mat",IR 05200025/2016001;05200026/2016001 (ML16132A557),https://www.nrc.gov/docs/ML1613/ML16132A557.pdf,high
CA05-08,structural,sub-module of CA05,Containment,"...the proposed Unit 2 containment internal structures: • The south wall of the refueling cavity (CA01-24); • The north-south wall east of the CVS room (CA05-08); Specifically, the inspectors measured the following sub-module components: headed stud spacing and dimensions, module plate thickness, an",IR 05200027/2014003;05200028/2014003 (ML14218A414),https://www.nrc.gov/docs/ML1421/ML14218A414.pdf,medium
CA05-70,structural,sub-module of CA05,Containment,"...w the welder evaluation was evaluated. The inspectors selected a sample of five WPSs and their associated PQRs used during fabrication of sub-modules CA05-70 and CA01-32 for V.C. Summer to verify that the sample documents used were qualified in accordance with the requirements of AWS D1.1, AWS D1",IR 99901425/2014-201 (ML14072A315),https://www.nrc.gov/docs/ML1407/ML14072A315.pdf,high
CA20,structural,"CA20 Auxiliary Building module (Areas 5 & 6), large multi-wall structural module around spent fuel pool area; dozens of wall sub-modules",Auxiliary Building Areas 5 & 6,"Chamfer, Revision 0 • APP-CA20-S5-04001, Auxiliary Building Areas 5 & 6 Module CA20 Submodule CA20_04 Isometric Views, Revision 6 • APP-CA20-S5-04002, Auxiliary Building Areas 5 & 6 Module CA20 Submodule CA20_04 Break-Down, Revision 6 • APP-CA20-S5-04003, Auxiliary Building Areas 5 & 6 Module CA20 S",IR 99901448/2014-201;99901449/2014-201 (ML14308A463),https://www.nrc.gov/docs/ML1430/ML14308A463.pdf,high
CA20,structural,"CA20 Auxiliary Building module (Areas 5 & 6), large multi-wall structural module around spent fuel pool area; dozens of wall sub-modules",Auxiliary Building Areas 5 & 6,"ds on plates E356 and E357 (tag number SV3- APP12169-SS-N953) to determine whether they were in conformance with the following: • SV3-CA20-S4-361, ""Auxiliary Building Areas 5 & 6 CA20 Module Outfitting: Embed Plates Wall L2 East Face,"" Rev. 0; • SV3-CA20-S4-382, ""Auxiliary Building Areas 5 & 6 CA20 ",IR 05200025/2015001;05200026/2015001 (ML15124A857),https://www.nrc.gov/docs/ML1512/ML15124A857.pdf,high
CA20,structural,"CA20 Auxiliary Building module (Areas 5 & 6), large multi-wall structural module around spent fuel pool area; dozens of wall sub-modules",Auxiliary Building Areas 5 & 6,"...I 349-01, and AISC N690-94 into specifications, drawings, and instructions for the design and fabrication of Seismic Category I structural submodules CA20-04, CA20-07A, CA20-08A, CA20-29, and CA01- 24. The inspectors reviewed SNC CAR 196714 and CR 528334, which were written to address this violat",IR 05200025/2013-004;05200026/2013-004 (ML13312A316),https://www.nrc.gov/docs/ML1331/ML13312A316.pdf,high
CA20-01,structural,sub-module of CA20,Auxiliary Building Areas 5 & 6,"...he inspectors observed the in-process welding of weld numbers FW-01-007R, FW-01- 008R, and FW-01-009R. These repair welds were performed on submodule CA20-01, which is the outer corner of submodule CA20 at the intersection of Column Line J1 and Column Line 2 in accordance with work package VS2-CA",IR 05200027/2013005;05200028/2013005 (ML14017A101),https://www.nrc.gov/docs/ML1401/ML14017A101.pdf,high
CA20-02,structural,sub-module of CA20,Auxiliary Building Areas 5 & 6,"...pe (IP 35007 – Appendix 10 “Inspection of Criterion X – Inspection”) The inspectors observed receipt inspections of Submodules CA20-07A, CA20-07B and CA20-02 to determine if the licensee inspectors had the current implementing document and appropriate tools while conducting the inspection. The in",IR 05200025/2012-002;05200026/2012-002 (ML12132A040),https://www.nrc.gov/docs/ML1213/ML12132A040.pdf,high
CA20-03,structural,sub-module of CA20,Auxiliary Building Areas 5 & 6,"...” Reported by Joint ACI / TMS Committee 216, May 2007 Section 1A24: Drawings VS2-CA20-S5-03003, Auxiliary Building Areas 5 & 6 Modules CA20 Submodule CA20_03 Structural Outline Vertical Sections/Views, Rev. 0 VS2-CA20-S5-05003, Auxiliary Building Areas 5 & 6 Modules CA20 Submodule CA20_05 Structu",IR 05200027/2014004;05200028/2014004 (ML14314A851),https://www.nrc.gov/docs/ML1431/ML14314A851.pdf,high
CA20-04,structural,sub-module of CA20,Auxiliary Building Areas 5 & 6,"...I 349-01, and AISC N690-94 into specifications, drawings, and instructions for the design and fabrication of Seismic Category I structural submodules CA20-04, CA20-07A, CA20-08A, CA20-29, and CA01- 24. The inspectors reviewed SNC CAR 196714 and CR 528334, which were written to address this violat",IR 05200025/2013-004;05200026/2013-004 (ML13312A316),https://www.nrc.gov/docs/ML1331/ML13312A316.pdf,high
CA20-05,structural,sub-module of CA20,Auxiliary Building Areas 5 & 6,"...es CA20 Submodule CA20_03 Structural Outline Vertical Sections/Views, Rev. 0 VS2-CA20-S5-05003, Auxiliary Building Areas 5 & 6 Modules CA20 Submodule CA20_05 Structural Outline Horizontal Sections/Views, Rev. 0 VS2-CA20-S5-08003, Auxiliary Building Areas 5 & 6 Modules CA20 Submodule CA20_08 Struc",IR 05200027/2014004;05200028/2014004 (ML14314A851),https://www.nrc.gov/docs/ML1431/ML14314A851.pdf,high
CA20-06,structural,sub-module of CA20,Auxiliary Building Areas 5 & 6,"...tion to determine whether the structural dimensions, weld types, weld sizes, and materials matched those originally specified for submodules CA20_04, CA20_06, CA20_07, and CA20_08. The inspectors observed completed work on modules CA20_06 (06001A-1), CA20_07 (07001A-2), CA20_07 (07001-A1), and CA",IR 99901448/2014-201;99901449/2014-201 (ML14308A463),https://www.nrc.gov/docs/ML1430/ML14308A463.pdf,high
CA20-07,structural,sub-module of CA20,Auxiliary Building Areas 5 & 6,"...etermine whether the structural dimensions, weld types, weld sizes, and materials matched those originally specified for submodules CA20_04, CA20_06, CA20_07, and CA20_08. The inspectors observed completed work on modules CA20_06 (06001A-1), CA20_07 (07001A-2), CA20_07 (07001-A1), and CA20_04 (04",IR 99901448/2014-201;99901449/2014-201 (ML14308A463),https://www.nrc.gov/docs/ML1430/ML14308A463.pdf,high
CA20-08,structural,sub-module of CA20,Auxiliary Building Areas 5 & 6,"...her the structural dimensions, weld types, weld sizes, and materials matched those originally specified for submodules CA20_04, CA20_06, CA20_07, and CA20_08. The inspectors observed completed work on modules CA20_06 (06001A-1), CA20_07 (07001A-2), CA20_07 (07001-A1), and CA20_04 (04001A-1) to de",IR 99901448/2014-201;99901449/2014-201 (ML14308A463),https://www.nrc.gov/docs/ML1430/ML14308A463.pdf,high
CA20-10,structural,sub-module of CA20,Auxiliary Building Areas 5 & 6,...of ITAAC-Related Installation of Structural Concrete The inspectors performed a visual inspection of the following as-fabricated CA20 sub- modules: • CA20-10; • CA20-11; • CA20-12; • CA20-14; • CA20-15; • CA20-16; and • CA20-73. 15 The inspectors examined these sub-modules to determine if: • the ,IR 05200027/2013004;05200028/2013004 (ML13304A907),https://www.nrc.gov/docs/ML1330/ML13304A907.pdf,high
CA20-11,structural,sub-module of CA20,Auxiliary Building Areas 5 & 6,...lated Installation of Structural Concrete The inspectors performed a visual inspection of the following as-fabricated CA20 sub- modules: • CA20-10; • CA20-11; • CA20-12; • CA20-14; • CA20-15; • CA20-16; and • CA20-73. 15 The inspectors examined these sub-modules to determine if: • the as-fabricat,IR 05200027/2013004;05200028/2013004 (ML13304A907),https://www.nrc.gov/docs/ML1330/ML13304A907.pdf,high
CA20-12,structural,sub-module of CA20,Auxiliary Building Areas 5 & 6,...llation of Structural Concrete The inspectors performed a visual inspection of the following as-fabricated CA20 sub- modules: • CA20-10; • CA20-11; • CA20-12; • CA20-14; • CA20-15; • CA20-16; and • CA20-73. 15 The inspectors examined these sub-modules to determine if: • the as-fabricated conditio,IR 05200027/2013004;05200028/2013004 (ML13304A907),https://www.nrc.gov/docs/ML1330/ML13304A907.pdf,high
CA20-13,structural,sub-module of CA20,Auxiliary Building Areas 5 & 6,"...nal design of the facility and meet the associated ITAAC. The inspectors performed independent measurements on the following structural submodules: • CA20-13 which is part of the wall along column line J.2 between column lines 3 and 4 from elevation 66'-6"" to 135'-3"" • CA20-16 which is part of th",IR 05200025/2015004;05200026/2015004 (ML16032A554),https://www.nrc.gov/docs/ML1603/ML16032A554.pdf,high
CA20-14,structural,sub-module of CA20,Auxiliary Building Areas 5 & 6,...Structural Concrete The inspectors performed a visual inspection of the following as-fabricated CA20 sub- modules: • CA20-10; • CA20-11; • CA20-12; • CA20-14; • CA20-15; • CA20-16; and • CA20-73. 15 The inspectors examined these sub-modules to determine if: • the as-fabricated condition matched t,IR 05200027/2013004;05200028/2013004 (ML13304A907),https://www.nrc.gov/docs/ML1330/ML13304A907.pdf,high
CA20-15,structural,sub-module of CA20,Auxiliary Building Areas 5 & 6,...Concrete The inspectors performed a visual inspection of the following as-fabricated CA20 sub- modules: • CA20-10; • CA20-11; • CA20-12; • CA20-14; • CA20-15; • CA20-16; and • CA20-73. 15 The inspectors examined these sub-modules to determine if: • the as-fabricated condition matched the applicab,IR 05200027/2013004;05200028/2013004 (ML13304A907),https://www.nrc.gov/docs/ML1330/ML13304A907.pdf,high
CA20-16,structural,sub-module of CA20,Auxiliary Building Areas 5 & 6,...e inspectors performed a visual inspection of the following as-fabricated CA20 sub- modules: • CA20-10; • CA20-11; • CA20-12; • CA20-14; • CA20-15; • CA20-16; and • CA20-73. 15 The inspectors examined these sub-modules to determine if: • the as-fabricated condition matched the applicable design d,IR 05200027/2013004;05200028/2013004 (ML13304A907),https://www.nrc.gov/docs/ML1330/ML13304A907.pdf,high
CA20-17,structural,sub-module of CA20,Auxiliary Building Areas 5 & 6,"...t been dispositioned by the licensee. Specifically, the inspectors examined the following submodules: CA20-10, CA20-11, CA20-12, CA20-14, CA20-16 and CA20-17. The inspectors verified that a sample of submodule fabrication and welding met the applicable code requirements (American Institute of Ste",IR 05200025/2013-004;05200026/2013-004 (ML13312A316),https://www.nrc.gov/docs/ML1331/ML13312A316.pdf,high
CA20-18,structural,sub-module of CA20,Auxiliary Building Areas 5 & 6,"ls, Rev. 0 VS3-CA20-S5Y-18001, Auxiliary Building Areas 5 & 6, Module CA20, Submodule CA20_18 Isometric Views, Rev. 6 VS3-CA20-S5Y-18002, Auxiliary Building Areas 5 & 6, Module CA20, Submodule CA20_18 Breakdown, Rev. 6 VS3-CA20-S5Y-18003, Auxiliary Building Areas 5 & 6, Module CA20, Submodule CA20_1",IR 05200027/2016001;05200028/2016001 (ML16134A092),https://www.nrc.gov/docs/ML1613/ML16134A092.pdf,high
CA20-19,structural,sub-module of CA20,Auxiliary Building Areas 5 & 6,"... between column lines 2 and 3; • CA20-03, which forms a portion of wall J-1 and wall 3 at the intersection of column line J-1 and column line 3; 48 • CA20-19, which forms a portion of wall K-2 between column lines 2 and 3; • CA20-21, which forms a portion of wall K-2 between column lines 3 and 4;",IR 05200025/2015002;05200026/2015002 (ML15223B074),https://www.nrc.gov/docs/ML1522/ML15223B074.pdf,medium
CA20-20,structural,sub-module of CA20,Auxiliary Building Areas 5 & 6,"...licensee. Specifically, the inspectors examined submodules CA20-17, which is a submodule located on Column Line 4 between Column Lines J2 and K2, and CA20-20, which is a submodule located at the intersection of Column Lines 3 and K2. The inspectors verified that a sample of submodule fabrication ",IR 05200027/2013005;05200028/2013005 (ML14017A101),https://www.nrc.gov/docs/ML1401/ML14017A101.pdf,high
CA20-21,structural,sub-module of CA20,Auxiliary Building Areas 5 & 6,"...g sub-modules of CA20 for Unit 4: • CA20-03, which forms a portion of wall J-1 and wall 3 at the intersection of column line J-1 and column line 3; • CA20-21, which forms a portion of wall K-2 between column lines 3 and 4; • CA20-24, which forms a portion of wall 3 between column lines K-2 and L-",IR 05200025/2015002;05200026/2015002 (ML15223B074),https://www.nrc.gov/docs/ML1522/ML15223B074.pdf,medium
CA20-22,structural,sub-module of CA20,Auxiliary Building Areas 5 & 6,...3-CA20-VWK- 156-FW-3029-008 between submodules CA20-30 and CA20-29 located on the L2 wall; and • weld VS3-CA20-VWK-104-FW-2221-008 between submodules CA20-22 and CA20-21 located on the K2 wall. b. Findings No findings were identified. 1A20 (Unit 3) ITAAC Number 3.3.00.02a.ii.b (765) / Family 01A ,IR 05200027/2015004;05200028/2015004 (ML16035A439),https://www.nrc.gov/docs/ML1603/ML16035A439.pdf,high
CA20-23,structural,sub-module of CA20,Auxiliary Building Areas 5 & 6,"...odule CA20_18 Structural Outline Vertical Sections/Views (Sheet 1), Rev. 6 VS3-CA20-S5Y-23001, Auxiliary Building Areas 5 & 6, Module CA20, Submodule CA20_23 Isometric Views, Rev. 5 VS3-CA20-S5Y-23002, Auxiliary Building Areas 5 & 6, Module CA20, Submodule CA20_23 Breakdown, Rev. 5 VS3-CA20-S5Y-2",IR 05200027/2016001;05200028/2016001 (ML16134A092),https://www.nrc.gov/docs/ML1613/ML16134A092.pdf,high
CA20-24,structural,sub-module of CA20,Auxiliary Building Areas 5 & 6,"Rev. 4 APP-CA20-S5-24001, Module CA20 Submodule CA20-24 Isometric Views, Rev. 3 APP-CA20-S5-24002, Module CA20 Submodule CA20-24 Break - Down, Rev. 3 APP-CA20-S5-24003, Module CA20 Submodule CA20-24 Structural Outline Horizontal Sections/Views, Rev. 3 APP-CA20-S5-24004, Module CA20 Submodule CA20-24",IR 05200025/2015002;05200026/2015002 (ML15223B074),https://www.nrc.gov/docs/ML1522/ML15223B074.pdf,high
CA20-25,structural,sub-module of CA20,Auxiliary Building Areas 5 & 6,...indings The inspectors reviewed the product identification certification (PIC) tickets and parts lists associated with Module No. KB37 for Vogtle and CA20-25 for V.C. Summer to ensure material traceability was maintained and could be identified in the sub-modules. - 22 - The inspectors witnessed ,IR 99901425/2014-201 (ML14072A315),https://www.nrc.gov/docs/ML1407/ML14072A315.pdf,high
CA20-26,structural,sub-module of CA20,Auxiliary Building Areas 5 & 6,...ision C. The inspectors examined the following items in the CB&I designated storage areas for compliance with program requirements: • CA20 Submodules CA20_26 and CA20_27 • Unit 2 Accumulators and spare parts • Unit 2 Core Makeup Tanks and spare parts • Unit 2 Nuclear Island rebar • Unit 3 CV Ring,IR 05200027/2014002;05200028/2014002 (ML14119A251),https://www.nrc.gov/docs/ML1411/ML14119A251.pdf,high
CA20-27,structural,Auxiliary Building Areas 5 & 6 Module CA20 Submodule CA20-27,Auxiliary Building Areas 5 & 6,"...Rev 0: “Auxiliary Building Areas 5 & 6 Module CA20 Submodule CA20_24” VS3-CA20_S5-27001, Rev 0: “Auxiliary Building Areas 5 & 6 Module CA20 Submodule CA20_27” Other: VS3-CA20_S5W-27001, “CA20_27 Structural Repair-Rework Weld Map” VS3-CA20_S5W-03001, “Unit 3 CA20_03 Submodule Readiness” Section 1A",IR 05200027/2015003;05200028/2015003 (ML15309A177),https://www.nrc.gov/docs/ML1530/ML15309A177.pdf,high
CA20-28,structural,sub-module of CA20,Auxiliary Building Areas 5 & 6,...ion Records Review The inspectors performed a record review inspection of field weld 56B which joins a beam of floor submodule CA20-31 to wall module CA20-28 at column line L-2. Specifically the inspectors reviewed: • The welding procedure to determine if it had been written in accordance with th,IR 05200027/2016002;05200028/2016002 (ML16221A081),https://www.nrc.gov/docs/ML1622/ML16221A081.pdf,high
CA20-29,structural,sub-module of CA20,Auxiliary Building Areas 5 & 6,"...to specifications, drawings, and instructions for the design and fabrication of Seismic Category I structural submodules CA20-04, CA20-07A, CA20-08A, CA20-29, and CA01- 24. The inspectors reviewed SNC CAR 196714 and CR 528334, which were written to address this violation. The inspectors reviewed ",IR 05200025/2013-004;05200026/2013-004 (ML13312A316),https://www.nrc.gov/docs/ML1331/ML13312A316.pdf,high
CA20-30,structural,"Module CA20-30 to CA20-29 Gouge in wall on CA20-30 Need base metal repair,",Auxiliary Building Areas 5 & 6,"...g Steel – AWS D1.4,” Revision 02 Quality Assurance Inspection Reports: S561-14-0055, “CA20_26 BASE METAL DAMAGE,” Revision: N/A S561-14-0108, “Module CA20-30 to CA20-29 Gouge in wall on CA20-30 Need base metal repair,” Revision: N/A S561-14-0072, “Unit 2 CA20_25 Arc Strike-VS2-CA20-GNR-000311,” R",IR 05200027/2014005;05200028/2014005 (ML15037A445),https://www.nrc.gov/docs/ML1503/ML15037A445.pdf,high
CA20-31,structural,sub-module of CA20,Auxiliary Building Areas 5 & 6,...5001.F-02.02 - Fabrication Records Review The inspectors performed a record review inspection of field weld 56B which joins a beam of floor submodule CA20-31 to wall module CA20-28 at column line L-2. Specifically the inspectors reviewed: • The welding procedure to determine if it had been writte,IR 05200027/2016002;05200028/2016002 (ML16221A081),https://www.nrc.gov/docs/ML1622/ML16221A081.pdf,high
CA20-37,structural,"VS2-CA20-37 (NCR 13-1192) Weld size not achievable due to design,",Auxiliary Building Areas 5 & 6,"...v. 5 Nonconformance and Disposition Reports APP-CA20-GNR-850074, “NCR-13-611 VS2-CA20-28 2"" missing weld Use-As-Is,” Rev. 0 APP-CA20-GNR-850163, “VS2-CA20-37 (NCR 13-1192) Weld size not achievable due to design,” Rev. 0 Section 1A10: VS2-CA01-S4-00001, ""Containment Building Module CA01- Subassemb",IR 05200027/2015002;05200028/2015002 (ML15223B361),https://www.nrc.gov/docs/ML1522/ML15223B361.pdf,medium
CA20-47,structural,sub-module of CA20,Auxiliary Building Areas 5 & 6,"...ecords The inspectors observed the welding of weld VS2-CA20_VWK-229-FW-19. This weld was between two submodules associated with the spent fuel floor, CA20_47 and CA20_48. The inspectors observed the weld fit up, gas flow, gas composition, filler metal, amperage, and voltage to verify they were wi",IR 05200027/2015003;05200028/2015003 (ML15309A177),https://www.nrc.gov/docs/ML1530/ML15309A177.pdf,high
CA20-48,structural,sub-module of CA20,Auxiliary Building Areas 5 & 6,"...nspectors observed the welding of weld VS2-CA20_VWK-229-FW-19. This weld was between two submodules associated with the spent fuel floor, CA20_47 and CA20_48. The inspectors observed the weld fit up, gas flow, gas composition, filler metal, amperage, and voltage to verify they were within the tol",IR 05200027/2015003;05200028/2015003 (ML15309A177),https://www.nrc.gov/docs/ML1530/ML15309A177.pdf,high
CA20-49,structural,sub-module of CA20,Auxiliary Building Areas 5 & 6,"...as-built condition for structural module CA20 to include the following welds associated with the installation of the spent fuel pool floor submodules CA20-49 and CA20-50 between column lines 3, 4, K-2, and L-2 at elevation 92'-8.5"": • Field Weld 5, Weld No. CV1428-5 (CA20-49 to CA20-50); • Field ",IR 05200025/2015002;05200026/2015002 (ML15223B074),https://www.nrc.gov/docs/ML1522/ML15223B074.pdf,high
CA20-50,structural,sub-module of CA20,Auxiliary Building Areas 5 & 6,"...the work package, drawings, procedures, and weld data records for fillet weld lap joints (VS3-CA20-VWK-800097- FW-01, FW-03 and FW-05) on CA20-47 and CA20-50 sub-modules which form part of the spent fuel pool floor south and north sections to verify the following: • welding had approved procedure",IR 05200027/2016001;05200028/2016001 (ML16134A092),https://www.nrc.gov/docs/ML1613/ML16134A092.pdf,high
CA20-52,structural,sub-module of CA20,Auxiliary Building Areas 5 & 6,"...el."" Specifically, the inspectors observed the in-process welding of weld numbers CV0775-1, -2, -3, -4, -5, -6, and -7, which joined submodule floors CA20-52 and CA20-53 to the ledger angles that were welded to the CA20 walls. The inspectors also observed the fit- up and tack welds associated wit",IR 05200025/2014004;05200026/2014004 (ML14311A666),https://www.nrc.gov/docs/ML1431/ML14311A666.pdf,high
CA20-53,structural,sub-module of CA20,Auxiliary Building Areas 5 & 6,"...cally, the inspectors observed the in-process welding of weld numbers CV0775-1, -2, -3, -4, -5, -6, and -7, which joined submodule floors CA20-52 and CA20-53 to the ledger angles that were welded to the CA20 walls. The inspectors also observed the fit- up and tack welds associated with this joint",IR 05200025/2014004;05200026/2014004 (ML14311A666),https://www.nrc.gov/docs/ML1431/ML14311A666.pdf,high
CA20-54,structural,"Floor Sub-modules CA20-54, -55 Nonconformance,",Auxiliary Building Areas 5 & 6,"...illance No: S-132175-2013- 053),” Rev. 0 SV3-CA20-GNR-000314, “SV3-CA20-SA1-101 Beam Seat Weld Issue,” Rev. 0 SV3-CA20-GNR-000342, “Floor Sub-modules CA20-54, -55 Nonconformance,” Rev. 0 SV3-CA20-GNR-000347, “Unspecified CA20 Lug 163 Plate Weld,” Rev. 0 SV3-CA20-GNR-000356, “Floors CA20-54 and CA",IR 05200025/2015004;05200026/2015004 (ML16032A554),https://www.nrc.gov/docs/ML1603/ML16032A554.pdf,high
CA20-55,structural,sub-module of CA20,Auxiliary Building Areas 5 & 6,"...ualification. Production Controls: • work was conducted in accordance with an approved traveler, WPS, work package, and drawings SK-130242-01 and VS2-CA20-55-00205; and • the identification of welds and welders was maintained. The inspectors reviewed the certificate of conformance and certified m",IR 05200027/2013004;05200028/2013004 (ML13304A907),https://www.nrc.gov/docs/ML1330/ML13304A907.pdf,medium
CA20-64,structural,"CA20-64 and 65 Upsized Weld Nonconformance,",Auxiliary Building Areas 5 & 6,"...03 ring anchor deviation,” Revision 0 SV3-SFS-GNR-000022, “Spool SV3-SFS-PLW-860-1 relocation in submodule CA01-44,” Revision 0 SV4-CA20-GNR-000112, “CA20-64 and 65 Upsized Weld Nonconformance,” Revision 0 SV4-CA20-GNR-000115, “CA20-64 & 65 Off Location,” Revision 0 SV4-CA20-GNR-000123, “CA20-64 ",IR 05200025/2017002;05200026/2017002 (ML17226A034),https://www.nrc.gov/docs/ML1722/ML17226A034.pdf,high
CA20-66,structural,"Auxiliary Building Areas 5 & 6 Module CA20 Submodule CA20-66 Isometric Views,",Auxiliary Building Areas 5 & 6,"..., “Concrete Batch Plant – Mixing & Delivering Concrete,” Rev. 5 Section 1A15 SV3-CA20-S5-66001, “Auxiliary Building Areas 5 & 6 Module CA20 Submodule CA20_66 Isometric Views,” Rev. 0 SV3-CA20-S5-66002, “Auxiliary Building Areas 5 & 6 Module CA20 Submodule CA20_66 Break-Down,” Rev. 0 SV3-CA20-S5-6",IR 05200025/2014004;05200026/2014004 (ML14311A666),https://www.nrc.gov/docs/ML1431/ML14311A666.pdf,high
CA20-71,structural,"SV4-CA20-71 Wall Sub- Module,",Auxiliary Building Areas 5 & 6,"hip Loose Leak Chase, 2/21/2013 Certificate of Compliance, SV4-CA20-71 Wall Sub-Module Inspection Plan F-Q445-004, Receipt Inspection – Modules – Structural, Rev. 3, Change 1 Certificate of Compliance, 132176-SNCOC-SV4-CA20-21-001-R0 Certificate of Compliance, 132176-SNCOC-SV4-CA20-71-001, ""SV4-CA20",IR 05200025/2015002;05200026/2015002 (ML15223B074),https://www.nrc.gov/docs/ML1522/ML15223B074.pdf,high
CA20-72,structural,sub-module of CA20,Auxiliary Building Areas 5 & 6,"...ary building. Specifically, the inspectors performed a visual inspection of welds connecting the faceplates of modules CA20-26 to CA20-71, CA20-71 to CA20-72 and CA20-72 to CA20-73, which make up a portion of N-line from elevation 66'6"" to 135'3"" and of welds connecting the faceplates of modules ",IR 05200027/2016002;05200028/2016002 (ML16221A081),https://www.nrc.gov/docs/ML1622/ML16221A081.pdf,high
CA20-73,structural,sub-module of CA20,Auxiliary Building Areas 5 & 6,...rformed a visual inspection of the following as-fabricated CA20 sub- modules: • CA20-10; • CA20-11; • CA20-12; • CA20-14; • CA20-15; • CA20-16; and • CA20-73. 15 The inspectors examined these sub-modules to determine if: • the as-fabricated condition matched the applicable design drawings with re,IR 05200027/2013004;05200028/2013004 (ML13304A907),https://www.nrc.gov/docs/ML1330/ML13304A907.pdf,high
CA20-74,structural,"CA20-74 beam and angle gap size,",Auxiliary Building Areas 5 & 6,"...-GNR-000437, “CA20 abandon of material,” Rev. 1 SV3-CA20-GNR-000456, “CA20, Spreader angle interference at E356 & E357,” Rev. 0 SV3-CA20-GNR-000457, “CA20-74 beam and angle gap size,” Rev. 0 SV3-CA20-GNR-000464, “CA20 SA3 Floor Submodule 47 to 48 Skew,” Rev. 0 SV3-CA20-GNR-000474, “CA20-Attachmen",IR 05200025/2015004;05200026/2015004 (ML16032A554),https://www.nrc.gov/docs/ML1603/ML16032A554.pdf,medium
CA22,structural,"structural module (CA22) making up the composite floor system of the demineralizer/filter area (Room 12251), installed in advance of concrete placement",Auxiliary Building (Room 12251),"... floor system of the demineralizer/filter area, (Room 12251), between column lines 4 to 5 and I to J-1. This floor is made up of a structural module (CA22) that is installed in advance of concrete placement. This module consists of structural elements that will connect integrally with the concret",IR 05200027/2015003;05200028/2015003 (ML15309A177),https://www.nrc.gov/docs/ML1530/ML15309A177.pdf,high
CA30,structural,CA30 Module (E&DCR 'Clarification of CA30 Module Connection Details'; CA3X floor module series),Containment (floor modules),"...a 4 CA37 Floor El. 107’-2” Bill of Materials IV,” Revision 1 Engineering and Design Coordination Reports (E&DCRs) APP-CA00-GEF-188, “Clarification of CA30 Module Connection Details, Rev. 0 APP-CA00-GEF-195, “Supplemental Simplified Analysis of CA3X Floor as Simply-Support Composite Beam Sections,",IR 05200027/2017001;05200028/2017001 (ML17132A351),https://www.nrc.gov/docs/ML1713/ML17132A351.pdf,medium
CA30,structural,CA30 Module (E&DCR 'Clarification of CA30 Module Connection Details'; CA3X floor module series),Containment (floor modules),"...lds for Columns C03 and C04,"" Rev. 0 APP-1150-GEF-271, ""SPL 51 VDR Sequence 1 - 5 Technical Modification,"" Rev. 0 APP-CA00-GEF-188, ""Clarification of CA30 Module Connection Details,"" Rev. 0 APP-CA00-GEF-199, ""Clarification of CA50 Module Connection Details,"" Rev. 0 APP-CA00-GEF-229, CA37, CA55 & ",IR 05200025/2017002;05200026/2017002 (ML17226A034),https://www.nrc.gov/docs/ML1722/ML17226A034.pdf,medium
CA31,structural,"Module CA31 (design change proposal APP-GW-GEE-4949, 'Incorporate E&DCR's into Module CA31')",unknown,"...n Strategy, Rev. 0 APP-GW-GEE-4935, MA01 Vendor Drawing Reconciliation for Domestic Projects, Rev. 0 APP-GW-GEE-4949, Incorporate E&DCR's into Module CA31, Rev. 0 APP-GW-GEE-4956, Deleting Water Heater MB 02, from 82' Level Clean Auxiliary to Address Flooding Standard Plant & Domestic Plants, Rev",IR 05200025/2015008;05200026/2015008 (ML15364A548),https://www.nrc.gov/docs/ML1536/ML15364A548.pdf,medium
CA32,structural,"containment internal structures floor module (calc 'Design of Floor Modules CA32, CA33, CA34, CA35, CA36, CA37 and CA01 Submodules CA01-35 and CA01-38')","Containment (floor at El. 107'-2"")","...in accordance with applicable quality assurance requirements. The inspectors reviewed fabrication documentation and physical attributes of submodules CA32, CA36, and CA37 to verify conformance with design and regulatory requirements. Specifically, the inspectors reviewed the configuration of the ",IR 05200027/2017001;05200028/2017001 (ML17132A351),https://www.nrc.gov/docs/ML1713/ML17132A351.pdf,high
CA32,structural,"containment internal structures floor module (calc 'Design of Floor Modules CA32, CA33, CA34, CA35, CA36, CA37 and CA01 Submodules CA01-35 and CA01-38')","Containment (floor at El. 107'-2"")","...se Spectra Analysis of AP1000 Containment Internal Structures,"" Revision 7 APP-1100-S3C-666, ""Containment Internal Structures Design of Floor Modules CA32, CA33, CA34, CA35, CA36, CA37 and CA01 Submodules CA01-35 and CA01-38,"" Revision 0 APP-1140-SSC-001, ""AP1000: Containment SPL18 Grating Floor ",IR 05200025/2017002;05200026/2017002 (ML17226A034),https://www.nrc.gov/docs/ML1722/ML17226A034.pdf,high
CA33,structural,containment internal structures floor module (same design calculation series as CA32),Containment (floor modules),"...d into design output documents. Specifically, structural calculation APP-1100-S3C-666, “Containment Internal Structures Design of Floor Modules CA32, CA33, CA34, CA35, CA36, CA37 and CA01 Submodules CA01-35 and CA01-38,” Rev. 0 modified the horizontal embedded anchorage of the CA32 module, and nu",IR 05200027/2017001;05200028/2017001 (ML17132A351),https://www.nrc.gov/docs/ML1713/ML17132A351.pdf,high
CA34,structural,containment internal structures floor module (same design calculation series as CA32),Containment (floor modules),"... design output documents. Specifically, structural calculation APP-1100-S3C-666, “Containment Internal Structures Design of Floor Modules CA32, CA33, CA34, CA35, CA36, CA37 and CA01 Submodules CA01-35 and CA01-38,” Rev. 0 modified the horizontal embedded anchorage of the CA32 module, and numerous",IR 05200027/2017001;05200028/2017001 (ML17132A351),https://www.nrc.gov/docs/ML1713/ML17132A351.pdf,high
CA35,structural,containment internal structures floor module (same design calculation series as CA32),Containment (floor modules),"...n output documents. Specifically, structural calculation APP-1100-S3C-666, “Containment Internal Structures Design of Floor Modules CA32, CA33, CA34, CA35, CA36, CA37 and CA01 Submodules CA01-35 and CA01-38,” Rev. 0 modified the horizontal embedded anchorage of the CA32 module, and numerous beam ",IR 05200027/2017001;05200028/2017001 (ML17132A351),https://www.nrc.gov/docs/ML1713/ML17132A351.pdf,high
CA35,structural,containment internal structures floor module (same design calculation series as CA32),Containment (floor modules),"...us In Unit 2, work continued inside containment to fit-up and weld the reactor coolant piping to the west steam generator. Additionally, floor module CA35 was installed in containment, and the pressurizer was placed in the pressurizer compartment. In the auxiliary building, walls were progressing",IR 05200027/2017003;05200028/2017003 (ML17257A407),https://www.nrc.gov/docs/ML1725/ML17257A407.pdf,high
CA36,structural,"containment internal structures floor module; fabrication documentation and physical attributes reviewed as submodules CA32, CA36, CA37",Containment (floor modules),"...ordance with applicable quality assurance requirements. The inspectors reviewed fabrication documentation and physical attributes of submodules CA32, CA36, and CA37 to verify conformance with design and regulatory requirements. Specifically, the inspectors reviewed the configuration of the submod",IR 05200027/2017001;05200028/2017001 (ML17132A351),https://www.nrc.gov/docs/ML1713/ML17132A351.pdf,high
CA37,structural,"Containment Building Area 4 CA37 Floor El. 107'-2"" (floor module)","Containment Area 4, floor El. 107'-2""","...th applicable quality assurance requirements. The inspectors reviewed fabrication documentation and physical attributes of submodules CA32, CA36, and CA37 to verify conformance with design and regulatory requirements. Specifically, the inspectors reviewed the configuration of the submodules; veri",IR 05200027/2017001;05200028/2017001 (ML17132A351),https://www.nrc.gov/docs/ML1713/ML17132A351.pdf,high
CA37,structural,"Containment Building Area 4 CA37 Floor El. 107'-2"" (floor module)","Containment Area 4, floor El. 107'-2""","...Containment Internal Structures,"" Revision 7 APP-1100-S3C-666, ""Containment Internal Structures Design of Floor Modules CA32, CA33, CA34, CA35, CA36, CA37 and CA01 Submodules CA01-35 and CA01-38,"" Revision 0 APP-1140-SSC-001, ""AP1000: Containment SPL18 Grating Floor - Maintenance Floor Mezzanine ",IR 05200025/2017002;05200026/2017002 (ML17226A034),https://www.nrc.gov/docs/ML1722/ML17226A034.pdf,high
CA50,structural,"CA50 floor module (E&DCRs 'Clarification of CA50 Module Connection Details', 'CA50 Floors to CA01 Connection')",Containment (floor modules),"...1 - 5 Technical Modification,"" Rev. 0 APP-CA00-GEF-188, ""Clarification of CA30 Module Connection Details,"" Rev. 0 APP-CA00-GEF-199, ""Clarification of CA50 Module Connection Details,"" Rev. 0 APP-CA00-GEF-229, CA37, CA55 & CA57 Intern. Connect,"" Rev. 0 APP-CA00-GEF-850057, ""A992 Substitution for CA",IR 05200025/2017002;05200026/2017002 (ML17226A034),https://www.nrc.gov/docs/ML1722/ML17226A034.pdf,medium
CA55,structural,"containment internal floor module at elevation 135'-3"" above the IRWST; duplex stainless steel structural module","Containment (El. 135'-3"" above IRWST)","...tainment Building Area 1 & 2 CA56 Floor EL. 135’-3”, Stud Location Plan I, Rev. 0 VS2-CA56-VWK-001, CA56 Floor Seam Weld Map, Rev. A Unit 2 Submodule CA55 Work Package: VS2-CA55-CAW-850000 EDCR: APP-CA00-GEF-229, Rev. 0 Weld Traveler: 1706477 Welding Procedure Specification: WPS1-1.1C01, Rev. 6 W",IR 05200027/2017002;05200028/2017002 (ML17226A074),https://www.nrc.gov/docs/ML1722/ML17226A074.pdf,high
CA55,structural,"containment internal floor module at elevation 135'-3"" above the IRWST; duplex stainless steel structural module","Containment (El. 135'-3"" above IRWST)","...uclear Station (V.C. Summer) Units 2 and 3. Specific activities observed by the NRC inspection team included: • In-process fabrication of sub-modules CA55 GM5 and CA55 GM4 for Vogtle Unit 3 and V.C. Summer Unit 2, respectively • Inspection of completed sub-modules CA57 GM2 and CA55 GM1, for Vogtl",IR 99901480/2017-201 (ML17181A238),https://www.nrc.gov/docs/ML1718/ML17181A238.pdf,high
CA55-01,structural,sub-module of CA55,"Containment (El. 135'-3"" above IRWST)","...e threshold and entering them into the corrective action program. The inspectors observed in-process welding on Unit 2 containment internal Submodule CA55-01, located at elevation 135’-3” above the IRWST, to demonstrate that SSC’s were welded in accordance with the AWS D1.1 2000 Structural Weldin",IR 05200027/2017002;05200028/2017002 (ML17226A074),https://www.nrc.gov/docs/ML1722/ML17226A074.pdf,high
CA56,structural,"Containment Building Area 1 & 2 CA56 Floor EL. 135'-3"" (floor module)","Containment Areas 1 & 2, floor El. 135'-3""","...Title"", Revision X (If there is no revision number, enter the date) Inspection Plan: F-Q445-001, Receipt Inspection Plan, Rev. 08.02 Unit 2 Submodule CA56 Work Package: VS2-CA56-CAW-001 Weld Traveler: 153453 EDCR: APP-CA56-GEF-850006, Rev. 0 Welder Qualifications: LBS3327 22 PT Qualifications: EI",IR 05200027/2017002;05200028/2017002 (ML17226A074),https://www.nrc.gov/docs/ML1722/ML17226A074.pdf,high
CA56,structural,"Containment Building Area 1 & 2 CA56 Floor EL. 135'-3"" (floor module)","Containment Areas 1 & 2, floor El. 135'-3""","...enance floor (el. 107’-0”) and operating deck floor (el. 135’-3”). Specifically, the inspectors looked at CIS modules CA32 and CA33 (el. 107’-0”) and CA56 (el. 135’- 3”). For these modules, the inspection sampled the procurement, fabrication, receipt inspection, and storage. The inspectors review",IR 05200025/2017004;05200026/2017004 (ML18045A476),https://www.nrc.gov/docs/ML1804/ML18045A476.pdf,high
CA57,structural,duplex stainless steel structural module CA57 (containment floor module),Containment (floor modules),"...process fabrication of sub-modules CA55 GM5 and CA55 GM4 for Vogtle Unit 3 and V.C. Summer Unit 2, respectively • Inspection of completed sub-modules CA57 GM2 and CA55 GM1, for Vogtle Unit 4 and V.C. Summer Unit 3, respectively • Welding on structural module CA55 for Vogtle Unit 3 • Welding on du",IR 99901480/2017-201 (ML17181A238),https://www.nrc.gov/docs/ML1718/ML17181A238.pdf,high
CA57,structural,duplex stainless steel structural module CA57 (containment floor module),Containment (floor modules),"...of CA30 Module Connection Details,"" Rev. 0 APP-CA00-GEF-199, ""Clarification of CA50 Module Connection Details,"" Rev. 0 APP-CA00-GEF-229, CA37, CA55 & CA57 Intern. Connect,"" Rev. 0 APP-CA00-GEF-850057, ""A992 Substitution for CA Modules,"" Rev. 0 APP-CA00-GEF-850090, ""CA50 Floors to CA01 Connection,",IR 05200025/2017002;05200026/2017002 (ML17226A034),https://www.nrc.gov/docs/ML1722/ML17226A034.pdf,high
CA58,structural,structural module CA58 (welded at Greenberry's Vancouver facility for Vogtle Unit 4; containment floor module series),Containment (floor modules),"... welding on duplex stainless steel structural module CA55 including pre-production test welding for V.C. Summer Unit 2 • Welding on structural module CA58 for Vogtle Unit 4, welds 36 and 37 at Greenberry’s Vancouver facility • Fit-up inspection of structural module CA55, weld number 1 for Vogtle ",IR 99901480/2017-201 (ML17181A238),https://www.nrc.gov/docs/ML1718/ML17181A238.pdf,high
CB11,structural,CB11 module set on embed plates in room 11207,Containment (room 11207),"...rcement inspections, the inspectors also verified whether the correct size, type, thickness and number of embed plates were installed for setting the CB11 and CB12 modules, located in rooms 11207 and 11206, respectively. Prior to the 83’-0”/84’-6” concrete placement, the inspectors reviewed as-bu",IR 05200025/2015002;05200026/2015002 (ML15223B074),https://www.nrc.gov/docs/ML1522/ML15223B074.pdf,medium
CB11,structural,CB11 module set on embed plates in room 11207,Containment (room 11207),"...ns: Type 3CH #8 T-Heads Underneath CA05 Elevation 87’-6”, Cage Steel in CA05 Module Beams Elevation 87’-6”, #8 3CH’s in CA05 and the Bottom Mat NE of CB11 6 Drawings APP-1110-CR-608, “Containment Concrete Bottom Reinforcement from EL 83’-0” up to El 96’- 0” Plan at El 87’-6” PXS B Compartment,” R",IR 05200025/2016001;05200026/2016001 (ML16132A557),https://www.nrc.gov/docs/ML1613/ML16132A557.pdf,medium
CB12,structural,CB12 module set on embed plates in room 11206,Containment (room 11206),"...nspections, the inspectors also verified whether the correct size, type, thickness and number of embed plates were installed for setting the CB11 and CB12 modules, located in rooms 11207 and 11206, respectively. Prior to the 83’-0”/84’-6” concrete placement, the inspectors reviewed as-built surve",IR 05200025/2015002;05200026/2015002 (ML15223B074),https://www.nrc.gov/docs/ML1522/ML15223B074.pdf,medium
CB20,structural,CB20 Passive Containment Cooling Water Tank module (Shield Building Roof Area 8; includes Flat Bottom Ring sub-modules),Shield Building roof (PCCWST),"y (WEC) AP1000 reactor design. Specific activities observed by the NRC inspection team included: • Set-up and performed stud welding on Submodule CB20-040 Flat Bottom Ring Module 0300, SV3 [Southern Vogtle 3] • Set-up and performed Magnetic Particle Examination of Shield Building Roof Area 8 Module ",IR 99901448/2014-201;99901448/2017-201;99901449/2014-201 (ML17226A340),https://www.nrc.gov/docs/ML1722/ML17226A340.pdf,high
CB20-040,structural,sub-module of CB20,Shield Building roof (PCCWST),"...mpany (WEC) AP1000 reactor design. Specific activities observed by the NRC inspection team included: • Set-up and performed stud welding on Submodule CB20-040 Flat Bottom Ring Module 0300, SV3 [Southern Vogtle 3] • Set-up and performed Magnetic Particle Examination of Shield Building Roof Area 8 ",IR 99901448/2014-201;99901448/2017-201;99901449/2014-201 (ML17226A340),https://www.nrc.gov/docs/ML1722/ML17226A340.pdf,high
CB21,structural,CB21 module (N&D 'CB21 Fillet Connection to CA01'),Containment,"...ree of Five Samples,"" Rev. 0 SV3-CA20-GNR-000679, ""QC Fit-up Bypassed,"" Rev. 0; SV3-CA20-GNR-000724, ""WPS2-1.1T70 for A992 and PJP welds,"" Rev 0; SV3-CB21-GNR-000004, ""CB21 Fillet Connection to CA01,"" Rev. 0; SV3-CC01-GNR-000083, “U3 Aux. Bldg. Wall #4 Out of Tolerance,” Rev. 0 SV3-CC01-GNR-00019",IR 05200025/2015004;05200026/2015004 (ML16032A554),https://www.nrc.gov/docs/ML1603/ML16032A554.pdf,medium
CB34,structural,"CB34 module (E&DCR 'Optional Vertical Construction Joint for Behind CB34 and In-Between CA01/05 from 96'-0"" to 105'-2""/107'-2""')",Containment,"...2683, Pour #3559, 05/18/2017 Engineering and Design Coordination Reports APP-1110-GEF-157, “E&DCR for Optional Vertical Construction Joint for Behind CB34 and In- Between CA01/05 from 96’-0” to 105’-2”/107’-2”,” Revision 0 APP-1130-GEF-206, “Open Item Closure for Construction Joints in Containmen",IR 05200025/2017002;05200026/2017002 (ML17226A034),https://www.nrc.gov/docs/ML1722/ML17226A034.pdf,low
CB63,unknown,CB63 module (E&DCR 'CB63 Piping Penetration Dimension Change'),unknown,"...lation Tolerances for SA-738 Type B Plate on Module CA05, Rev. 0 SV0-CA05-GEF-000021, CA05 MK #2 Plate Dimensional Error, Rev. 0 SV0-CB00-GEF-000007, CB63 Piping Penetration Dimension Change, Rev. 0 SV0-CC01-GEF-000256, Anchoring to D Class Structures, Rev. 0 SV0-CR01-GEF-000376, Horizontal U-Bar",IR 05200025/2015008;05200026/2015008 (ML15364A548),https://www.nrc.gov/docs/ML1536/ML15364A548.pdf,low
CB65,structural,"structural module CB65 ('structural module welds on modules CA04, CB65, and CB66'; 'CB65 Module Welding Details')",Nuclear Island / Containment,"...cedure specifications that did not comply with the AWS D1.1:2000 Code. These nonconformances were related to structural module welds on modules CA04, CB65, and CB66. The inspectors selected the following evaluations of nonconforming items that the licensee either rejected, repaired, reworked, or ",IR 05200025/2014004;05200026/2014004 (ML14311A666),https://www.nrc.gov/docs/ML1431/ML14311A666.pdf,high
CB65,structural,"structural module CB65 ('structural module welds on modules CA04, CB65, and CB66'; 'CB65 Module Welding Details')",Nuclear Island / Containment,"...r the AP1000 Containment Vessel, Revision 0 • E&DCR No. VSG-CA04-GEF-000007, NO-OX-ID Special A Temporary Coating on CA04, Revision 0 • E&DCR No. VS2-CB65-GEF-000002, CB65 Module Welding Details, Revision 0 • E&DCR No. VS2-CB65-GEF-000003, CB65 Module Welding Detail 2, Revision 0 • E&DCR No. VS2-",IR 05200027/2013005;05200028/2013005 (ML14017A101),https://www.nrc.gov/docs/ML1401/ML14017A101.pdf,high
CB65,structural,"structural module CB65 ('structural module welds on modules CA04, CB65, and CB66'; 'CB65 Module Welding Details')",Nuclear Island / Containment,"...t 4. Specifically, the inspectors sampled the shield wall between the reactor vessel cavity (module CA04) and reactor coolant drain tank room (module CB65) between elevations 71’-6” and 83’-0”. 65 The inspectors performed a review of the survey program to determine if key dimensions of containmen",IR 05200025/2017004;05200026/2017004 (ML18045A476),https://www.nrc.gov/docs/ML1804/ML18045A476.pdf,high
CB66,structural,"structural module CB66 ('structural module welds on modules CA04, CB65, and CB66')",Nuclear Island / Containment,"...cifications that did not comply with the AWS D1.1:2000 Code. These nonconformances were related to structural module welds on modules CA04, CB65, and CB66. The inspectors selected the following evaluations of nonconforming items that the licensee either rejected, repaired, reworked, or accepted t",IR 05200025/2014004;05200026/2014004 (ML14311A666),https://www.nrc.gov/docs/ML1431/ML14311A666.pdf,high
CB66,structural,"structural module CB66 ('structural module welds on modules CA04, CB65, and CB66')",Nuclear Island / Containment,"...on 01.04 APP-GW-IT-001, “Guidelines for Concrete Wall and Slab Thickness Measurements,” Revision 0 Survey Report SV4-1120-CCK-880321, Unit 4 NI CB65, CB66, & CA04 to CB65 Deviations, Rev. 0 Section 1P01 Inspection Reports • C112-17-12742, Pre-placement: Concrete • E225-17-10259, Raceway Supports ",IR 05200025/2017004;05200026/2017004 (ML18045A476),https://www.nrc.gov/docs/ML1804/ML18045A476.pdf,high
CH59,unknown,CH59 (E&DCR APP-CH59-GEF-850013 'Thermal Cutting Maximum Hardness' among structural module fabrication documents),unknown,"...ent Modification,” Rev. 0 APP-CA01-GEF-850051, “CA01-31 Material Substitution,” Rev. 0 APP-CA01-GEF-850156, “Rebar Material Substitution,” Rev. 0 APP-CH59-GEF-850013, “Thermal Cutting Maximum Hardness,” Rev. 0 APP-CA01-GEF-850590, “Additional Welds on CA01-31,” Rev. 0 APP-CA01-GEF-850551, “CA01-3",IR 05200027/2017001;05200028/2017001 (ML17132A351),https://www.nrc.gov/docs/ML1713/ML17132A351.pdf,low
CS15,structural,Unit 3 CS15 Stair Module (weld map: 'CS15 Stair Module Beam Seats to CA01 Module Weld Map for Containment'),Containment,"...n Reports • C112-17-12742, Pre-placement: Concrete • E225-17-10259, Raceway Supports • S561-17-12364, Structural Weld Inspection… Work Packages • SV3-CS15-CSW-800000 Rev 0 • SV4-1211-ERW-861223 Rev 0 Drawings • SV3-CA01-S4Y-502-R2 Containment Building Module CA01 – Structural Outline Attachments ",IR 05200025/2017004;05200026/2017004 (ML18045A476),https://www.nrc.gov/docs/ML1804/ML18045A476.pdf,high
KB04,mechanical,KB04 module (N&D 'KB04 Dimensional Discrepancies'),unknown,"...455, CA20 Chamfered Holes for OLPs, Rev. 0 • SV3-KB14-GNR-000002, KB14 Pipe Slope, Rev. 0 • SV3-SS01-GNR-000310, Defect in I-Beam Plate, Rev. 0 • SV3-KB04-GNR-000001, KB04 Dimensional Discrepancies, Rev. 0 • SV3-CA01-GNR-000096, CA01-47 Unsat Structural IR Items, Rev. 0 • SV3-CA01-GNR-000090, CA0",IR 05200025/2014014;05200026/2014014 (ML14303A481),https://www.nrc.gov/docs/ML1430/ML14303A481.pdf,low
KB10,mechanical,KB10 (E&DCR 'KB10 & KB13 as Construction Drain'),unknown,"...0, ""Engineering and Design Coordination Report,"" Revision 8 SV0-0000-GEF-000161, ""Shield Building Welding to ASME IX,"" Revision 0 SV0-GE-GEF-000072, ""KB10 & KB13 as Construction Drain,"" Revision 0 Section 1P02 Procedures: QSI 12.01, “Control of Measuring and Testing Equipment,” Rev. 004 NCSP 3-10",IR 05200025/2014004;05200025/2014005;05200026/2014004 (ML15037A406),https://www.nrc.gov/docs/ML1503/ML15037A406.pdf,low
KB13,mechanical,KB13 (E&DCR 'KB10 & KB13 as Construction Drain'),unknown,"...ineering and Design Coordination Report,"" Revision 8 SV0-0000-GEF-000161, ""Shield Building Welding to ASME IX,"" Revision 0 SV0-GE-GEF-000072, ""KB10 & KB13 as Construction Drain,"" Revision 0 Section 1P02 Procedures: QSI 12.01, “Control of Measuring and Testing Equipment,” Rev. 004 NCSP 3-10, “Meas",IR 05200025/2014004;05200025/2014005;05200026/2014004 (ML15037A406),https://www.nrc.gov/docs/ML1503/ML15037A406.pdf,low
KB14,mechanical,KB14 module (N&D 'KB14 Pipe Slope'),unknown,"...Bent DWA”, Rev. 0 Reports • SV3-CA03-GNR-000006, CA03-06 Nelson Studs Bend, Rev. 0 • SV3-CA20-GNR-000455, CA20 Chamfered Holes for OLPs, Rev. 0 • SV3-KB14-GNR-000002, KB14 Pipe Slope, Rev. 0 • SV3-SS01-GNR-000310, Defect in I-Beam Plate, Rev. 0 • SV3-KB04-GNR-000001, KB04 Dimensional Discrepancie",IR 05200025/2014014;05200026/2014014 (ML14303A481),https://www.nrc.gov/docs/ML1430/ML14303A481.pdf,low
KB16,mechanical,KB16 module ('KB16 WLS Piping and Component Design Parameter Discrepancy'),unknown (WLS liquid radwaste system),"... Plan VSG-MT01-VHH-002, Core Makeup Tank Upending & Handling – Critical Lift Plan Q445-15-10191, Receipt Inspection – Embed Plates & Anchor Bolts VS2-KB16-GNR-000002 Rev. 2, KB16 WLS Piping and Component Design Parameter Discrepancy 12 Section 1P03: CB&I CAR 2014-2467 CAR 2014-2439 CAR 2014-1900 ",IR 05200027/2015001;05200028/2015001 (ML15120A400),https://www.nrc.gov/docs/ML1512/ML15120A400.pdf,medium
KB36,mechanical,"Module No. KB36 (Aecon Industrial mechanical module, commercial-grade dedication with modules Q223, Q240, Q305, Q601)",unknown,"...roject No. A00002, Laboratory chemical testing services,” per CGD Plan No. CGD-002, Revision 01, from Cambridge Materials Testing Ltd, for Module No. KB36, Q223, Q240, Q305, Q601, dated January 9, 2015, includes technical evaluation, determination of CGD, critical characteristics, receipt inspect",IR 99901444/2017-201 (ML17254A117),https://www.nrc.gov/docs/ML1725/ML17254A117.pdf,high
KB37,mechanical,Module No. KB37 for Vogtle (fabricated at CB&I Lake Charles; PIC tickets and parts lists reviewed for material traceability),unknown,.... Observations and Findings The inspectors reviewed the product identification certification (PIC) tickets and parts lists associated with Module No. KB37 for Vogtle and CA20-25 for V.C. Summer to ensure material traceability was maintained and could be identified in the sub-modules. - 22 - The i,IR 99901425/2014-201 (ML14072A315),https://www.nrc.gov/docs/ML1407/ML14072A315.pdf,high
KQ10,mechanical,Module 1112-KQ-10 Reactor Coolant Drain Tank Structural Interfaces,Containment (reactor coolant drain tank room),"...inforcement Bottom Reinf. Up to El. 71’-6” Drawing Index, Rev. 2 VS2-CE01-CE-002, Standard Embedment Plates Deformed Wire Anchor DWA Type, Rev. 2 VS2-KQ10-B1-301, Module 1112-KQ-10 Reactor Coolant Drain Tank Structural Interfaces Plan View, Rev. 0 Gerdau Drawings: NIC-A-1, Rev. 3, Containment Con",IR 05200027/2013004;05200028/2013004 (ML13304A907),https://www.nrc.gov/docs/ML1330/ML13304A907.pdf,high
KQ11,mechanical,"Module KQ11, reactor cavity sump / Module 1110-KQ-11 WLS Sump Pump",Containment (reactor cavity sump),"... The inspectors performed a walk-down of the Unit 3 NI and conducted an independent, direct measurement of the dimension between the bottom of module KQ11, reactor cavity sump, and the top surface of the containment vessel bottom head prior to concrete placement. The inspectors also reviewed the ",IR 05200027/2014005;05200028/2014005 (ML15037A445),https://www.nrc.gov/docs/ML1503/ML15037A445.pdf,high
KQ11,mechanical,"Module KQ11, reactor cavity sump / Module 1110-KQ-11 WLS Sump Pump",Containment (reactor cavity sump),"al Interfaces,” Rev. 0 SV4-KQ11-V1-302, “Module 1110-KQ-11 WLS Sump Pump Structural Interfaces,” Rev. 1 Miscellaneous: CR 889421 ITAAC Summary Report for Vogtle Unit 4 ITAAC 3.3.00.09 (Unit 4 Concrete Thickness from Containment Sump to Top Surface of Containment Shell), Rev. 3 N&D No. SV4-KQ11-GNR-0",IR 05200025/2014004;05200025/2014005;05200026/2014004 (ML15037A406),https://www.nrc.gov/docs/ML1503/ML15037A406.pdf,high
Q223,mechanical,"direct vessel injection (DVI) mechanical module Q223, placed in containment",Containment,"...nt, concrete was placed up to 98’ in the reactor vessel cavity compartment and 96’ in other parts of containment. The direct vessel injection modules Q223 and Q233 arrived onsite and were placed in containment and the Reactor Vessel was installed. In Unit 4, in containment, concrete was placed up",IR 05200025/2016004;05200026/2016004 (ML17044A539),https://www.nrc.gov/docs/ML1704/ML17044A539.pdf,high
Q223,mechanical,"direct vessel injection (DVI) mechanical module Q223, placed in containment",Containment,"...uipment Qualification Summary Report for Flowserve Self-Actuated Swing Check Valves for Use in the AP1000 Plant"", Revision 1 Section 1A13 N&D No. VS2-Q223-GNR-000001, “Unit 2 Bare Steel or damaged coatings on mechanical module Q223,” Revision 0 VS2-Q223-Q2W-800000, “Task Authorization / Completio",IR 05200027/2017001;05200028/2017001 (ML17132A351),https://www.nrc.gov/docs/ML1713/ML17132A351.pdf,high
Q223,mechanical,"direct vessel injection (DVI) mechanical module Q223, placed in containment",Containment,"...used inspection specifically evaluated Aecon’s implementation of the quality activities associated with the fabrication, assembly, and testing of the Q223: Direct Vessel Injection B mechanical module being supplied to the Westinghouse Electric Company (WEC) AP1000 reactor design. The inspection a",IR 99901444/2016-201 (ML16228A086),https://www.nrc.gov/docs/ML1622/ML16228A086.pdf,high
Q233,mechanical,direct vessel injection (DVI) mechanical module Q233 ('Modules Q223 and Q233 which form portions of the DVI lines were set in containment'),Containment,"...ete was placed up to 98’ in the reactor vessel cavity compartment and 96’ in other parts of containment. The direct vessel injection modules Q223 and Q233 arrived onsite and were placed in containment and the Reactor Vessel was installed. In Unit 4, in containment, concrete was placed up to 83’6”",IR 05200025/2016004;05200026/2016004 (ML17044A539),https://www.nrc.gov/docs/ML1704/ML17044A539.pdf,high
Q233,mechanical,direct vessel injection (DVI) mechanical module Q233 ('Modules Q223 and Q233 which form portions of the DVI lines were set in containment'),Containment,"...In- Containment Refueling Water Storage Tank), up to elevation 103’, was complete and installation began on floor modules at 107’2”. Modules Q223 and Q233 which form portions of the DVI lines were set in containment. Module Q305, which contains CVS, PXS, and Liquid Radwaste System (WLS) isolation",IR 05200025/2017002;05200026/2017002 (ML17226A034),https://www.nrc.gov/docs/ML1722/ML17226A034.pdf,high
Q240,mechanical,"ASME III Mechanical Module Q-240, 'Residual Heat Removal Module' (Aecon-fabricated; First Article Assessment (FAA) by WECTEC, Westinghouse's construction arm)",unknown (RNS),"...inal Report, AP1000 ASME III Mechanical Module Q-240,” dated September 26, 2016 SCE&G Surveillances Surveillance No. NND-SUR-2016-341, “WECTEC FAA of Q240 Module from AECON,” dated November 8, 2016 Surveillance No. NND-SUR-2016-239, “Supplier Surveillance at AECON,” dated August 4, 2016 Section 1",IR 05200027/2017001;05200028/2017001 (ML17132A351),https://www.nrc.gov/docs/ML1713/ML17132A351.pdf,high
Q240,mechanical,"ASME III Mechanical Module Q-240, 'Residual Heat Removal Module' (Aecon-fabricated; First Article Assessment (FAA) by WECTEC, Westinghouse's construction arm)",unknown (RNS),"...00002, Laboratory chemical testing services,” per CGD Plan No. CGD-002, Revision 01, from Cambridge Materials Testing Ltd, for Module No. KB36, Q223, Q240, Q305, Q601, dated January 9, 2015, includes technical evaluation, determination of CGD, critical characteristics, receipt inspection report a",IR 99901444/2017-201 (ML17254A117),https://www.nrc.gov/docs/ML1725/ML17254A117.pdf,high
Q305,piping,"Module Q305, 'Piping Assembly Series I Y05'; contains CVS, PXS, and Liquid Radwaste System (WLS) isolation valves",Containment,"...gn Consolidation Reports (E&DCRs) and the implementation of E&DCRs into engineering, as-built drawings and document technical lists for both Q601 and Q305 mechanical modules that were being fabricated to ASME B&PV Code Section III, Subsections NB, NC, and ND requirements for the Vogtle Units 3 an",IR 99901444/2017-201 (ML17254A117),https://www.nrc.gov/docs/ML1725/ML17254A117.pdf,high
Q305,piping,"Module Q305, 'Piping Assembly Series I Y05'; contains CVS, PXS, and Liquid Radwaste System (WLS) isolation valves",Containment,"...omplete and installation began on floor modules at 107’2”. Modules Q223 and Q233 which form portions of the DVI lines were set in containment. Module Q305, which contains CVS, PXS, and Liquid Radwaste System (WLS) isolation valves arrived onsite. In the auxiliary building, concrete for the spent ",IR 05200025/2017002;05200026/2017002 (ML17226A034),https://www.nrc.gov/docs/ML1722/ML17226A034.pdf,high
Q601,mechanical,Q601 mechanical module fabricated to ASME B&PV Code Section III (support box beams for piping; ring girder assembly),unknown,"... and Design Consolidation Reports (E&DCRs) and the implementation of E&DCRs into engineering, as-built drawings and document technical lists for both Q601 and Q305 mechanical modules that were being fabricated to ASME B&PV Code Section III, Subsections NB, NC, and ND requirements for the Vogtle U",IR 99901444/2017-201 (ML17254A117),https://www.nrc.gov/docs/ML1725/ML17254A117.pdf,high
R106,unknown,R106 (drawing APP-R106-13-106-000-10603 among CB&I Lake Charles sub-module weld map drawings),unknown,"...-3214, Revision 0, dated August 5, 2013 17. Weld Map and Alignment Drawing APP-CA01-11-32-110-3206, Revision 0, dated August 12, 2013 18. Drawing APP-R106-13-106-000-10603, Revision 0, dated July 27, 2012 Work Orders and Associated Technical Documents 1. Program Instruction Sheet, PIS-AP1000 Rev ",IR 99901425/2014-201 (ML14072A315),https://www.nrc.gov/docs/ML1407/ML14072A315.pdf,low
R219,mechanical,mechanical sub-module R219 for Vogtle (material traceability traveler at CB&I Lake Charles),unknown,"...e of their work, including those jobs such as for a material release, cut-off and transfer material traceability inspection for mechanical sub-module R219 for Vogtle and personnel performing document verification as part of the stop work order. The interviewed individuals and the observed individ",IR 99901425/2014-201 (ML14072A315),https://www.nrc.gov/docs/ML1407/ML14072A315.pdf,high
