tag,description,system_name,system_code,location,ap1000_class,seismic_category,construction_code,comments,source
CAS-PL-V014,Instrument Air Supply Outside Containment Isolation,Compressed and Instrument Air System,CAS,Various,B,I,ASME III-2,,DCD Rev 19 Tier 2 Table 3.2-3 (ML11171A425)
CAS-PL-V015,Instrument Air Supply Inside Containment Isolation,Compressed and Instrument Air System,CAS,Various,B,I,ASME III-2,,DCD Rev 19 Tier 2 Table 3.2-3 (ML11171A425)
CAS-PL-V027,Containment Penetration Test Connection Isolation,Compressed and Instrument Air System,CAS,Various,B,I,ASME III-2,,DCD Rev 19 Tier 2 Table 3.2-3 (ML11171A425)
CAS-PL-V204,Service Air Supply Outside Containment Isolation,Compressed and Instrument Air System,CAS,Various,B,I,ASME III-2,,DCD Rev 19 Tier 2 Table 3.2-3 (ML11171A425)
CAS-PL-V205,Service Air Supply Inside Containment Isolation,Compressed and Instrument Air System,CAS,Various,B,I,ASME III-2,,DCD Rev 19 Tier 2 Table 3.2-3 (ML11171A425)
CAS-PL-V219,Containment Penetration Test Connection Isolation,Compressed and Instrument Air System,CAS,Various,B,I,ASME III-2,,DCD Rev 19 Tier 2 Table 3.2-3 (ML11171A425)
CAS-PY-C02,Containment Instrument Air Inlet Penetration,Compressed and Instrument Air System,CAS,Various,B,I,"ASME III, 2",,DCD Rev 19 Tier 2 Table 3.2-3 (ML11171A425)
CAS-PY-C03,Containment Service Air Inlet Penetration,Compressed and Instrument Air System,CAS,Various,B,I,"ASME III, 2",,DCD Rev 19 Tier 2 Table 3.2-3 (ML11171A425)
n/a,"Heat Exchangers, CCS and SWS Side",Component Cooling Water System,CCS,Auxiliary Building and Turbine Building,D,NS,ASME VIII,,DCD Rev 19 Tier 2 Table 3.2-3 (ML11171A425)
n/a,Pumps,Component Cooling Water System,CCS,Auxiliary Building and Turbine Building,D,NS,Hydraulic Institute Stds.,,DCD Rev 19 Tier 2 Table 3.2-3 (ML11171A425)
n/a,Tanks,Component Cooling Water System,CCS,Auxiliary Building and Turbine Building,D,NS,ASME VIII,,DCD Rev 19 Tier 2 Table 3.2-3 (ML11171A425)
n/a,Valves Providing CCS AP1000 Equipment Class D Function,Component Cooling Water System,CCS,Auxiliary Building and Turbine Building,D,NS,ANSI 16.34,,DCD Rev 19 Tier 2 Table 3.2-3 (ML11171A425)
CCS-PL-V200,CCS Containment Isolation Valve - Inlet Line ORC,Component Cooling Water System,CCS,Auxiliary Building and Turbine Building,B,I,ASME III-2,,DCD Rev 19 Tier 2 Table 3.2-3 (ML11171A425)
CCS-PL-V201,CCS Containment Isolation Valve - Inlet Line IRC,Component Cooling Water System,CCS,Auxiliary Building and Turbine Building,B,I,ASME III-2,,DCD Rev 19 Tier 2 Table 3.2-3 (ML11171A425)
CCS-PL-V207,CCS Containment Isolation Valve - Outlet Line IRC,Component Cooling Water System,CCS,Auxiliary Building and Turbine Building,B,I,ASME III-2,,DCD Rev 19 Tier 2 Table 3.2-3 (ML11171A425)
CCS-PL-V208,CCS Containment Isolation Valve - Outlet Line ORC,Component Cooling Water System,CCS,Auxiliary Building and Turbine Building,B,I,ASME III-2,,DCD Rev 19 Tier 2 Table 3.2-3 (ML11171A425)
CCS-PL-V209,Containment Isolation Valve Test Connection - Outlet Line,Component Cooling Water System,CCS,Auxiliary Building and Turbine Building,B,I,ASME III-2,,DCD Rev 19 Tier 2 Table 3.2-3 (ML11171A425)
CCS-PL-V214,CCS Supply Containment Isolation - IRC,Component Cooling Water System,CCS,Auxiliary Building and Turbine Building,C,I,ASME III-3,,DCD Rev 19 Tier 2 Table 3.2-3 (ML11171A425)
CCS-PL-V215,CCS Supply Containment Isolation Valve Test Connection - IRC,Component Cooling Water System,CCS,Auxiliary Building and Turbine Building,C,I,ASME III-3,,DCD Rev 19 Tier 2 Table 3.2-3 (ML11171A425)
CCS-PL-V216,Containment Leak Test Outlet Line - IRC,Component Cooling Water System,CCS,Auxiliary Building and Turbine Building,C,I,ASME III-3,,DCD Rev 19 Tier 2 Table 3.2-3 (ML11171A425)
CCS-PL-V217,Containment Isolation Valve V207 Body Test Connection Valve,Component Cooling Water System,CCS,Auxiliary Building and Turbine Building,C,I,ASME III-3,,DCD Rev 19 Tier 2 Table 3.2-3 (ML11171A425)
CCS-PL-V270,CCS IRC Relief Valve,Component Cooling Water System,CCS,Auxiliary Building and Turbine Building,C,I,ASME III-3,,DCD Rev 19 Tier 2 Table 3.2-3 (ML11171A425)
CCS-PL-V271,CCS IRC Relief Valve,Component Cooling Water System,CCS,Auxiliary Building and Turbine Building,C,I,ASME III-3,,DCD Rev 19 Tier 2 Table 3.2-3 (ML11171A425)
CCS-PL-220,CCS Containment Isolation Relief Valve,Component Cooling Water System,CCS,Auxiliary Building and Turbine Building,B,I,ASME III-2,,DCD Rev 19 Tier 2 Table 3.2-3 (ML11171A425)
CCS-PL-V257,Containment Isolation Valve Test Connection - Inlet Line,Component Cooling Water System,CCS,Auxiliary Building and Turbine Building,B,I,ASME III-2,,DCD Rev 19 Tier 2 Table 3.2-3 (ML11171A425)
CCS-PY-C01,Containment Supply Header Penetration,Component Cooling Water System,CCS,Auxiliary Building and Turbine Building,B,I,"ASME III, 2",,DCD Rev 19 Tier 2 Table 3.2-3 (ML11171A425)
CCS-PY-C02,Containment Return Header Penetration,Component Cooling Water System,CCS,Auxiliary Building and Turbine Building,B,I,"ASME III, 2",,DCD Rev 19 Tier 2 Table 3.2-3 (ML11171A425)
n/a,Condenser Vacuum Breakers,Condenser Air Removal System,CMS,Turbine Building,E,NS,ANSI 16.34,,DCD Rev 19 Tier 2 Table 3.2-3 (ML11171A425)
CNS-MV-01,Containment Vessel,Containment System,CNS,Containment,B,I,"ASME III, MC",,DCD Rev 19 Tier 2 Table 3.2-3 (ML11171A425)
CNS-MY-Y01,Equipment Hatch,Containment System,CNS,Containment,B,I,"ASME III, MC",,DCD Rev 19 Tier 2 Table 3.2-3 (ML11171A425)
CNS-MY-Y02,Maintenance Hatch,Containment System,CNS,Containment,B,I,"ASME III, MC",,DCD Rev 19 Tier 2 Table 3.2-3 (ML11171A425)
CNS-MY-Y03,Personnel Hatch - 135′-3″,Containment System,CNS,Containment,B,I,"ASME III, MC",,DCD Rev 19 Tier 2 Table 3.2-3 (ML11171A425)
CNS-MY-Y04,Personnel Hatch - 107′-2″,Containment System,CNS,Containment,B,I,"ASME III, MC",,DCD Rev 19 Tier 2 Table 3.2-3 (ML11171A425)
n/a,Spare Containment Penetrations,Containment System,CNS,Containment,B,I,"ASME III, MC",,DCD Rev 19 Tier 2 Table 3.2-3 (ML11171A425)
n/a,"Heat Exchangers, CVS and CCS Side",Chemical and Volume Control System,CVS,"Containment, Auxiliary Building, and Annex Building",D,NS,ASME VIII/ TEMA,,DCD Rev 19 Tier 2 Table 3.2-3 (ML11171A425)
n/a,Pumps,Chemical and Volume Control System,CVS,"Containment, Auxiliary Building, and Annex Building",D,NS,Hydraulic Institute Stds.,,DCD Rev 19 Tier 2 Table 3.2-3 (ML11171A425)
n/a,Tank,Chemical and Volume Control System,CVS,"Containment, Auxiliary Building, and Annex Building",D,NS,API 650,,DCD Rev 19 Tier 2 Table 3.2-3 (ML11171A425)
n/a,Demineralizers,Chemical and Volume Control System,CVS,"Containment, Auxiliary Building, and Annex Building",D,NS,ASME VIII,,DCD Rev 19 Tier 2 Table 3.2-3 (ML11171A425)
n/a,Filters,Chemical and Volume Control System,CVS,"Containment, Auxiliary Building, and Annex Building",D,NS,ASME VIII,,DCD Rev 19 Tier 2 Table 3.2-3 (ML11171A425)
n/a,Valves Providing CVS AP1000 Equipment Class D Function,Chemical and Volume Control System,CVS,"Containment, Auxiliary Building, and Annex Building",D,NS,ANSI 16.34,,DCD Rev 19 Tier 2 Table 3.2-3 (ML11171A425)
CVS-PL-V001,RCS Purification Stop,Chemical and Volume Control System,CVS,"Containment, Auxiliary Building, and Annex Building",A,I,ASME III-1,,DCD Rev 19 Tier 2 Table 3.2-3 (ML11171A425)
CVS-PL-V002,RCS Purification Stop,Chemical and Volume Control System,CVS,"Containment, Auxiliary Building, and Annex Building",A,I,ASME III-1,,DCD Rev 19 Tier 2 Table 3.2-3 (ML11171A425)
CVS-PL-V003,RCS Purification Stop,Chemical and Volume Control System,CVS,"Containment, Auxiliary Building, and Annex Building",C,I,ASME III-3,,DCD Rev 19 Tier 2 Table 3.2-3 (ML11171A425)
CVS-PL-V040,Resin Flush IRC Isolation,Chemical and Volume Control System,CVS,"Containment, Auxiliary Building, and Annex Building",B,I,ASME III-2,,DCD Rev 19 Tier 2 Table 3.2-3 (ML11171A425)
CVS-PL-V041,Resin Flush ORC Isolation,Chemical and Volume Control System,CVS,"Containment, Auxiliary Building, and Annex Building",B,I,ASME III-2,,DCD Rev 19 Tier 2 Table 3.2-3 (ML11171A425)
CVS-PL-V042,Flush Line Containment Isolation Relief,Chemical and Volume Control System,CVS,"Containment, Auxiliary Building, and Annex Building",B,I,ASME III-2,,DCD Rev 19 Tier 2 Table 3.2-3 (ML11171A425)
CVS-PL-V045,Letdown Containment Isolation IRC,Chemical and Volume Control System,CVS,"Containment, Auxiliary Building, and Annex Building",B,I,ASME III-2,,DCD Rev 19 Tier 2 Table 3.2-3 (ML11171A425)
CVS-PL-V046,Letdown Pressure Instrument Root,Chemical and Volume Control System,CVS,"Containment, Auxiliary Building, and Annex Building",B,I,ASME III-2,,DCD Rev 19 Tier 2 Table 3.2-3 (ML11171A425)
CVS-PL-V047,Letdown Containment Isolation ORC,Chemical and Volume Control System,CVS,"Containment, Auxiliary Building, and Annex Building",B,I,ASME III-2,,DCD Rev 19 Tier 2 Table 3.2-3 (ML11171A425)
CVS-PL-V058,Letdown Line Containment Isolation Relief,Chemical and Volume Control System,CVS,"Containment, Auxiliary Building, and Annex Building",B,I,ASME III-2,,DCD Rev 19 Tier 2 Table 3.2-3 (ML11171A425)
CVS-PL-V080,RCS Purification Return Line Check Valve,Chemical and Volume Control System,CVS,"Containment, Auxiliary Building, and Annex Building",C,I,ASME III-3,,DCD Rev 19 Tier 2 Table 3.2-3 (ML11171A425)
CVS-PL-V081,RCS Purification Return Line Stop Valve,Chemical and Volume Control System,CVS,"Containment, Auxiliary Building, and Annex Building",A,I,ASME III-1,,DCD Rev 19 Tier 2 Table 3.2-3 (ML11171A425)
CVS-PL-V082,RCS Purification Return Line Check Valve,Chemical and Volume Control System,CVS,"Containment, Auxiliary Building, and Annex Building",A,I,ASME III-1,,DCD Rev 19 Tier 2 Table 3.2-3 (ML11171A425)
CVS-PL-V084,Auxiliary Pressurizer Spray Line Isolation,Chemical and Volume Control System,CVS,"Containment, Auxiliary Building, and Annex Building",A,I,ASME III-1,,DCD Rev 19 Tier 2 Table 3.2-3 (ML11171A425)
CVS-PL-V085,Auxiliary Pressurizer Spray Line,Chemical and Volume Control System,CVS,"Containment, Auxiliary Building, and Annex Building",A,I,ASME III-1,,DCD Rev 19 Tier 2 Table 3.2-3 (ML11171A425)
CVS-PL-V090,Makeup Line Containment Isolation,Chemical and Volume Control System,CVS,"Containment, Auxiliary Building, and Annex Building",B,I,ASME III-2,,DCD Rev 19 Tier 2 Table 3.2-3 (ML11171A425)
CVS-PL-V091,Makeup Line Containment Isolation,Chemical and Volume Control System,CVS,"Containment, Auxiliary Building, and Annex Building",B,I,ASME III-2,,DCD Rev 19 Tier 2 Table 3.2-3 (ML11171A425)
CVS-PL-V092,Hydrogen Add Containment Isolation,Chemical and Volume Control System,CVS,"Containment, Auxiliary Building, and Annex Building",B,I,ASME III-2,,DCD Rev 19 Tier 2 Table 3.2-3 (ML11171A425)
CVS-PL-V094,Hydrogen Add IRC Isolation,Chemical and Volume Control System,CVS,"Containment, Auxiliary Building, and Annex Building",B,I,ASME III-2,,DCD Rev 19 Tier 2 Table 3.2-3 (ML11171A425)
CVS-PL-V096,Hydrogen Add Containment Isolation Test Connection,Chemical and Volume Control System,CVS,"Containment, Auxiliary Building, and Annex Building",B,I,ASME III-2,,DCD Rev 19 Tier 2 Table 3.2-3 (ML11171A425)
CVS-PL-V100,Makeup Line Containment Isolation Relief,Chemical and Volume Control System,CVS,"Containment, Auxiliary Building, and Annex Building",B,I,ASME III-2,,DCD Rev 19 Tier 2 Table 3.2-3 (ML11171A425)
CVS-PL-V136A,Demineralized Water System Isolation,Chemical and Volume Control System,CVS,"Containment, Auxiliary Building, and Annex Building",C,I,ASME III-3,,DCD Rev 19 Tier 2 Table 3.2-3 (ML11171A425)
CVS-PL-V136B,Demineralized Water System Isolation,Chemical and Volume Control System,CVS,"Containment, Auxiliary Building, and Annex Building",C,I,ASME III-3,,DCD Rev 19 Tier 2 Table 3.2-3 (ML11171A425)
CVS-PY-C01,Demineralizer Resin Flush Line Containment Penetration,Chemical and Volume Control System,CVS,"Containment, Auxiliary Building, and Annex Building",B,I,"ASME III, MC",,DCD Rev 19 Tier 2 Table 3.2-3 (ML11171A425)
CVS-PY-C02,Letdown Line Containment Penetration,Chemical and Volume Control System,CVS,"Containment, Auxiliary Building, and Annex Building",B,I,"ASME III, 2",,DCD Rev 19 Tier 2 Table 3.2-3 (ML11171A425)
CVS-PY-C03,Makeup Line Containment Penetration,Chemical and Volume Control System,CVS,"Containment, Auxiliary Building, and Annex Building",B,I,"ASME III, MC",,DCD Rev 19 Tier 2 Table 3.2-3 (ML11171A425)
CVS-PY-C04,Hydrogen Add Line Containment Penetration,Chemical and Volume Control System,CVS,"Containment, Auxiliary Building, and Annex Building",B,I,"ASME III, 2",,DCD Rev 19 Tier 2 Table 3.2-3 (ML11171A425)
n/a,Fuel Oil Transfer Package,Standby Diesel Fuel Oil System,DOS,Diesel Generator Building and yard,D,NS,Manufacturer Std.,,DCD Rev 19 Tier 2 Table 3.2-3 (ML11171A425)
n/a,Fuel Oil Storage Tanks,Standby Diesel Fuel Oil System,DOS,Diesel Generator Building and yard,D,NS,API 650,,DCD Rev 19 Tier 2 Table 3.2-3 (ML11171A425)
n/a,Fuel Oil Day Tanks,Standby Diesel Fuel Oil System,DOS,Diesel Generator Building and yard,D,NS,ASME VIII,,DCD Rev 19 Tier 2 Table 3.2-3 (ML11171A425)
n/a,Valves Providing DOS AP1000 Equipment Class D Function,Standby Diesel Fuel Oil System,DOS,Diesel Generator Building and yard,D,NS,ANSI 16.34,,DCD Rev 19 Tier 2 Table 3.2-3 (ML11171A425)
n/a,Ancillary Diesel Generator Fuel Tank,Standby Diesel Fuel Oil System,DOS,Diesel Generator Building and yard,D,II,ASME VIII,Located in Annex Building,DCD Rev 19 Tier 2 Table 3.2-3 (ML11171A425)
n/a,Condensate Storage Tanks,Demineralized Water Transfer and Storage System,DWS,Various,D,NS,API 650,,DCD Rev 19 Tier 2 Table 3.2-3 (ML11171A425)
n/a,Valves Providing DWS AP1000 Equipment Class D Function,Demineralized Water Transfer and Storage System,DWS,Various,D,NS,ANSI 16.34,,DCD Rev 19 Tier 2 Table 3.2-3 (ML11171A425)
DWS-PL-V244,Demineralized Water Supply Containment Isolation - Outside,Demineralized Water Transfer and Storage System,DWS,Various,B,I,ASME III-2,,DCD Rev 19 Tier 2 Table 3.2-3 (ML11171A425)
DWS-PL-V245,Demineralized Water Supply Containment Isolation - Inside,Demineralized Water Transfer and Storage System,DWS,Various,B,I,ASME III-2,,DCD Rev 19 Tier 2 Table 3.2-3 (ML11171A425)
DWS-PL-V248,Containment Penetration Test Connection Isolation,Demineralized Water Transfer and Storage System,DWS,Various,B,I,ASME III-2,,DCD Rev 19 Tier 2 Table 3.2-3 (ML11171A425)
DWS-PY-C01,Containment Demineralized Water Supply Penetration,Demineralized Water Transfer and Storage System,DWS,Various,B,I,"ASME III, 2",,DCD Rev 19 Tier 2 Table 3.2-3 (ML11171A425)
n/a,Ancillary Diesel Generator Engines,Electrical Distribution System,ECS,Annex Building,D,NS,Manufacturer Standard,Anchorage is SCII,DCD Rev 19 Tier 2 Table 3.2-3 (ML11171A425)
n/a,Ancillary Diesel Generator Radiators,Electrical Distribution System,ECS,Annex Building,D,NS,CAGI,,DCD Rev 19 Tier 2 Table 3.2-3 (ML11171A425)
n/a,Ancillary Diesel Generator Silencers,Electrical Distribution System,ECS,Annex Building,D,NS,API661,,DCD Rev 19 Tier 2 Table 3.2-3 (ML11171A425)
n/a,Valve providing fuel to ECS Ancillary Diesel Generators,Electrical Distribution System,ECS,Annex Building,D,NS,ANSI 16.34,,DCD Rev 19 Tier 2 Table 3.2-3 (ML11171A425)
FHS-FH-01,Refueling Machine,Fuel Handling and Refueling System,FHS,Containment and Auxiliary Building,D,II,AISC,,DCD Rev 19 Tier 2 Table 3.2-3 (ML11171A425)
FHS-FH-02,Fuel Handling Machine,Fuel Handling and Refueling System,FHS,Containment and Auxiliary Building,D,II,AISC,,DCD Rev 19 Tier 2 Table 3.2-3 (ML11171A425)
FHS-FH-04,New Fuel Elevator,Fuel Handling and Refueling System,FHS,Containment and Auxiliary Building,D,II,AISC,,DCD Rev 19 Tier 2 Table 3.2-3 (ML11171A425)
FHS-FH-05,Fuel Transfer System,Fuel Handling and Refueling System,FHS,Containment and Auxiliary Building,D,II,AISC,,DCD Rev 19 Tier 2 Table 3.2-3 (ML11171A425)
FHS-FH-52,Spent Fuel Assembly Handling Tool,Fuel Handling and Refueling System,FHS,Containment and Auxiliary Building,D,II,AISC,,DCD Rev 19 Tier 2 Table 3.2-3 (ML11171A425)
FHS-FS-01,New Fuel Storage Rack,Fuel Handling and Refueling System,FHS,Containment and Auxiliary Building,D,I,Manufacturer Std.,,DCD Rev 19 Tier 2 Table 3.2-3 (ML11171A425)
FHS-FS-02,Spent Fuel Storage Rack,Fuel Handling and Refueling System,FHS,Containment and Auxiliary Building,D,I,Manufacturer Std.,,DCD Rev 19 Tier 2 Table 3.2-3 (ML11171A425)
FHS-FT-01,Fuel Transfer Tube,Fuel Handling and Refueling System,FHS,Containment and Auxiliary Building,B,I,ASME III Class MC,"Jurisdictional Boundary CV Only, Remaining Portion Optional",DCD Rev 19 Tier 2 Table 3.2-3 (ML11171A425)
FHS-MT-01,Spent Fuel Pool,Fuel Handling and Refueling System,FHS,Containment and Auxiliary Building,C,I,ACI 349,ACI 349 Evaluation of Structural Boundary Only,DCD Rev 19 Tier 2 Table 3.2-3 (ML11171A425)
FHS-MT-02,Fuel Transfer Canal,Fuel Handling and Refueling System,FHS,Containment and Auxiliary Building,C,I,ACI 349,ACI 349 Evaluation of Structural Boundary Only,DCD Rev 19 Tier 2 Table 3.2-3 (ML11171A425)
FHS-MT-05,Spent Fuel Cask Loading Pit,Fuel Handling and Refueling System,FHS,Containment and Auxiliary Building,C,I,ACI 349,ACI 349 Evaluation of Structural Boundary Only,DCD Rev 19 Tier 2 Table 3.2-3 (ML11171A425)
FHS-MT-06,Spent Fuel Cask Washdown Pit,Fuel Handling and Refueling System,FHS,Containment and Auxiliary Building,C,I,ACI 349,ACI 349 Evaluation of Structural Boundary Only,DCD Rev 19 Tier 2 Table 3.2-3 (ML11171A425)
FHS-MY-Y01,Spent Fuel Transfer Gate,Fuel Handling and Refueling System,FHS,Containment and Auxiliary Building,C,I,Manufacturer Std.,,DCD Rev 19 Tier 2 Table 3.2-3 (ML11171A425)
FHS-MY-Y02,Spent Fuel Cask Loading Pit Gate,Fuel Handling and Refueling System,FHS,Containment and Auxiliary Building,C,I,Manufacturer Std.,,DCD Rev 19 Tier 2 Table 3.2-3 (ML11171A425)
FHS-PL-V001,Fuel transfer tube Isolation Valve,Fuel Handling and Refueling System,FHS,Containment and Auxiliary Building,C,I,ASME-III-3,,DCD Rev 19 Tier 2 Table 3.2-3 (ML11171A425)
FHS-PY-B01,Fuel Transfer Tube Blind Flange,Fuel Handling and Refueling System,FHS,Containment and Auxiliary Building,B,I,ASME III Class MC,,DCD Rev 19 Tier 2 Table 3.2-3 (ML11171A425)
FPS-PL-V050,Fire Water Containment Supply Isolation,Fire Protection System,FPS,Various,B,I,ASME III-2,,DCD Rev 19 Tier 2 Table 3.2-3 (ML11171A425)
FPS-PL-V051,Fire Water Containment Test Connection Isolation,Fire Protection System,FPS,Various,B,I,ASME III-2,,DCD Rev 19 Tier 2 Table 3.2-3 (ML11171A425)
FPS-PL-V052,Fire Water Containment Supply Isolation - Inside,Fire Protection System,FPS,Various,B,I,ASME III-2,,DCD Rev 19 Tier 2 Table 3.2-3 (ML11171A425)
FPS-PY-C01,Fire Protection Containment Penetration,Fire Protection System,FPS,Various,B,I,"ASME III, 2",,DCD Rev 19 Tier 2 Table 3.2-3 (ML11171A425)
FPS-PL-V441,Auxiliary Connection to CCS Isolation,Fire Protection System,FPS,Various,D,NS,ANSI B31.1,,DCD Rev 19 Tier 2 Table 3.2-3 (ML11171A425)
Containment standpipe and suppression system components,Includes all FPS components Inside Rector Containment with the exception of those used for containment isolation and containment spray,Fire Protection System,FPS,Various,F,NS,ANSI B31.1,Seismic Analysis Consistent with ASME Section III Class 3 Systems,DCD Rev 19 Tier 2 Table 3.2-3 (ML11171A425)
Various,Auxiliary Building Standpipe and Non-1E Equipment Penetration Room Preaction Sprinkler System components,Fire Protection System,FPS,Various,F,NS,ANSI B31.1,Seismic Analysis Consistent with ASME Section III Class 3 Systems,DCD Rev 19 Tier 2 Table 3.2-3 (ML11171A425)
n/a,Startup Feedwater Pumps,Main and Startup Feedwater System,FWS,Turbine Building,D,NS,Hydraulic Institute Standards,,DCD Rev 19 Tier 2 Table 3.2-3 (ML11171A425)
n/a,Valves Providing SFW AP1000 Equipment Class D Function,Main and Startup Feedwater System,FWS,Turbine Building,D,NS,ANSI 16.34,,DCD Rev 19 Tier 2 Table 3.2-3 (ML11171A425)
n/a,IIS Guide Tubes,Incore Instrumentation System,IIS,Containment,A,I,ASME III-1,,DCD Rev 19 Tier 2 Table 3.2-3 (ML11171A425)
n/a,Thimble assemblies,Incore Instrumentation System,IIS,Containment,D,NS,Manufacturer Std.,,DCD Rev 19 Tier 2 Table 3.2-3 (ML11171A425)
MHS-MH-01,Containment Polar Crane,Mechanical Handling System,MHS,Various,C,I,NUREG-0554 supplemented by ASME NOG-1,,DCD Rev 19 Tier 2 Table 3.2-3 (ML11171A425)
MHS-MH-02,Cask Handling Crane,Mechanical Handling System,MHS,Various,C,I,NUREG-0554 supplemented by ASME NOG-1,,DCD Rev 19 Tier 2 Table 3.2-3 (ML11171A425)
MHS-MH-05,Equipment Hatch Hoist,Mechanical Handling System,MHS,Various,C,I,NUREG-0554 supplemented by ASME NOG-1,,DCD Rev 19 Tier 2 Table 3.2-3 (ML11171A425)
MHS-MH-06,Maintenance Hatch Hoist,Mechanical Handling System,MHS,Various,C,I,NUREG-0554 supplemented by ASME NOG-1,,DCD Rev 19 Tier 2 Table 3.2-3 (ML11171A425)
PCS-MT-01,Passive Containment Cooling Water Storage Tank,Passive Containment Cooling System,PCS,Containment Shield Building and Auxiliary Building,C,I,ACI 349,See subsection 6.2.2.2.3 for additional design requirements,DCD Rev 19 Tier 2 Table 3.2-3 (ML11171A425)
PCS-MT-03,Water Distribution Bucket,Passive Containment Cooling System,PCS,Containment Shield Building and Auxiliary Building,C,I,Manufacturer Std.,See subsection 6.2.2.2.3 for additional design requirements,DCD Rev 19 Tier 2 Table 3.2-3 (ML11171A425)
PCS-MT-04,Water Collection Troughs,Passive Containment Cooling System,PCS,Containment Shield Building and Auxiliary Building,C,I,Manufacturer Std.,See subsection 6.2.2.2.3 for additional design requirements,DCD Rev 19 Tier 2 Table 3.2-3 (ML11171A425)
PCS-MT-05,Passive Containment Cooling Ancillary Water Storage Tank,Passive Containment Cooling System,PCS,Containment Shield Building and Auxiliary Building,D,II,API 650,,DCD Rev 19 Tier 2 Table 3.2-3 (ML11171A425)
PCS-PL-V001A,PCCWST Isolation,Passive Containment Cooling System,PCS,Containment Shield Building and Auxiliary Building,C,I,ASME III-3,,DCD Rev 19 Tier 2 Table 3.2-3 (ML11171A425)
PCS-PL-V001B,PCCWST Isolation,Passive Containment Cooling System,PCS,Containment Shield Building and Auxiliary Building,C,I,ASME III-3,,DCD Rev 19 Tier 2 Table 3.2-3 (ML11171A425)
PCS-PL-V001C,PCCWST Isolation,Passive Containment Cooling System,PCS,Containment Shield Building and Auxiliary Building,C,I,ASME III-3,,DCD Rev 19 Tier 2 Table 3.2-3 (ML11171A425)
PCS-MP-01A,PCS Recirculation Pump,Passive Containment Cooling System,PCS,Containment Shield Building and Auxiliary Building,D,NS,Hydraulic Institute Standards,Equipment Anchorage is Seismic Category II,DCD Rev 19 Tier 2 Table 3.2-3 (ML11171A425)
PCS-MP-01B,PCS Recirculation Pump,Passive Containment Cooling System,PCS,Containment Shield Building and Auxiliary Building,D,NS,Hydraulic Institute Standards,Equipment Anchorage is Seismic Category II,DCD Rev 19 Tier 2 Table 3.2-3 (ML11171A425)
PCS-PL-V002A,PCCWST Series Isolation,Passive Containment Cooling System,PCS,Containment Shield Building and Auxiliary Building,C,I,ASME III-3,,DCD Rev 19 Tier 2 Table 3.2-3 (ML11171A425)
PCS-PL-V002B,PCCWST Series Isolation,Passive Containment Cooling System,PCS,Containment Shield Building and Auxiliary Building,C,I,ASME III-3,,DCD Rev 19 Tier 2 Table 3.2-3 (ML11171A425)
PCS-PL-V002C,PCCWST Series Isolation,Passive Containment Cooling System,PCS,Containment Shield Building and Auxiliary Building,C,I,ASME III-3,,DCD Rev 19 Tier 2 Table 3.2-3 (ML11171A425)
PCS-PL-V004,Recirculation Bypass Isolation Valve,Passive Containment Cooling System,PCS,Containment Shield Building and Auxiliary Building,D,NS,ANSI B16.34,Equipment Anchorage is Seismic Category II,DCD Rev 19 Tier 2 Table 3.2-3 (ML11171A425)
PCS-PL-V005,PCCWST Supply to FPS Isolation,Passive Containment Cooling System,PCS,Containment Shield Building and Auxiliary Building,C,I,ASME III-3,,DCD Rev 19 Tier 2 Table 3.2-3 (ML11171A425)
PCS-PL-V009,Spent Fuel Pool Emergency Makeup Isolation Valve,Passive Containment Cooling System,PCS,Containment Shield Building and Auxiliary Building,C,I,ASME III-3,,DCD Rev 19 Tier 2 Table 3.2-3 (ML11171A425)
PCS-PL-V010A,Flow Transmitter FT001 Root Valve,Passive Containment Cooling System,PCS,Containment Shield Building and Auxiliary Building,C,I,ASME III-3,,DCD Rev 19 Tier 2 Table 3.2-3 (ML11171A425)
PCS-PL-V010B,Flow Transmitter FT001 Root Valve,Passive Containment Cooling System,PCS,Containment Shield Building and Auxiliary Building,C,I,ASME III-3,,DCD Rev 19 Tier 2 Table 3.2-3 (ML11171A425)
PCS-PL-V011A,Flow Transmitter FT002 Root Valve,Passive Containment Cooling System,PCS,Containment Shield Building and Auxiliary Building,C,I,ASME III-3,,DCD Rev 19 Tier 2 Table 3.2-3 (ML11171A425)
PCS-PL-V011B,Flow Transmitter FT002 Root Valve,Passive Containment Cooling System,PCS,Containment Shield Building and Auxiliary Building,C,I,ASME III-3,,DCD Rev 19 Tier 2 Table 3.2-3 (ML11171A425)
PCS-PL-V012A,Flow Transmitter FT003 Root Valve,Passive Containment Cooling System,PCS,Containment Shield Building and Auxiliary Building,C,I,ASME III-3,,DCD Rev 19 Tier 2 Table 3.2-3 (ML11171A425)
PCS-PL-V012B,Flow Transmitter FT003 Root Valve,Passive Containment Cooling System,PCS,Containment Shield Building and Auxiliary Building,C,I,ASME III-3,,DCD Rev 19 Tier 2 Table 3.2-3 (ML11171A425)
PCS-PL-V013A,Flow Transmitter FT004 Root Valve,Passive Containment Cooling System,PCS,Containment Shield Building and Auxiliary Building,C,I,ASME III-3,,DCD Rev 19 Tier 2 Table 3.2-3 (ML11171A425)
PCS-PL-V013B,Flow Transmitter FT004 Root Valve,Passive Containment Cooling System,PCS,Containment Shield Building and Auxiliary Building,C,I,ASME III-3,,DCD Rev 19 Tier 2 Table 3.2-3 (ML11171A425)
PCS-PL-V015,Water Bucket Makeup Line Drain Valve,Passive Containment Cooling System,PCS,Containment Shield Building and Auxiliary Building,C,I,ASME III,,DCD Rev 19 Tier 2 Table 3.2-3 (ML11171A425)
PCS-PL-V016,PCCWST Drain Isolation Valve,Passive Containment Cooling System,PCS,Containment Shield Building and Auxiliary Building,C,I,ASME III-3,,DCD Rev 19 Tier 2 Table 3.2-3 (ML11171A425)
PCS-PL-V017,Chemical Addition Tank Vent Isolation Valve,Passive Containment Cooling System,PCS,Containment Shield Building and Auxiliary Building,D,NS,ANSI 16.34,Equipment Anchorage is Seismic Category II,DCD Rev 19 Tier 2 Table 3.2-3 (ML11171A425)
PCS-PL-V018,Recirculation Pump Throttle Valve,Passive Containment Cooling System,PCS,Containment Shield Building and Auxiliary Building,D,NS,ANSI 16.34,Equipment Anchorage is Seismic Category II,DCD Rev 19 Tier 2 Table 3.2-3 (ML11171A425)
PCS-PL-V019,Chemical Addition Tank Fill Isolation Valve,Passive Containment Cooling System,PCS,Containment Shield Building and Auxiliary Building,D,NS,ANSI 16.34,Equipment Anchorage is Seismic Category II,DCD Rev 19 Tier 2 Table 3.2-3 (ML11171A425)
PCS-PL-V020,Water Bucket Makeup Line Isolation Valve,Passive Containment Cooling System,PCS,Containment Shield Building and Auxiliary Building,C,I,ASME III-3,,DCD Rev 19 Tier 2 Table 3.2-3 (ML11171A425)
PCS-PL-V021,PCCWST TO Recirculation Pump Suction Isolation Valve,Passive Containment Cooling System,PCS,Containment Shield Building and Auxiliary Building,D,NS,ANSI 16.34,Equipment Anchorage is Seismic Category II,DCD Rev 19 Tier 2 Table 3.2-3 (ML11171A425)
PCS-PL-V022,Chemical Addition Tank Drain Isolation Valve,Passive Containment Cooling System,PCS,Containment Shield Building and Auxiliary Building,D,NS,ANSI 16.34,Equipment Anchorage is Seismic Category II,DCD Rev 19 Tier 2 Table 3.2-3 (ML11171A425)
PCS-PL-V023,PCS Recirculation Return Isolation,Passive Containment Cooling System,PCS,Containment Shield Building and Auxiliary Building,C,I,ASME III-3,,DCD Rev 19 Tier 2 Table 3.2-3 (ML11171A425)
PCS-PL-V025,Pressure Transmitter PT 031 Root Isolation Valve,Passive Containment Cooling System,PCS,Containment Shield Building and Auxiliary Building,D,NS,ANSI 16.34,Equipment Anchorage is Seismic Category II,DCD Rev 19 Tier 2 Table 3.2-3 (ML11171A425)
PCS-PL-V029,PCCWST Isolation Valve Leakage Detection Drain,Passive Containment Cooling System,PCS,Containment Shield Building and Auxiliary Building,C,I,ASME III-3,,DCD Rev 19 Tier 2 Table 3.2-3 (ML11171A425)
PCS-PL-V030,PCCWST Isolation Valve Leakage Detection Crossconnect Valve,Passive Containment Cooling System,PCS,Containment Shield Building and Auxiliary Building,C,I,ASME III-3,,DCD Rev 19 Tier 2 Table 3.2-3 (ML11171A425)
PCS-PL-V031A,Level Transmitter LT 016 & 010 Root Isolation Valve,Passive Containment Cooling System,PCS,Containment Shield Building and Auxiliary Building,C,I,ASME III-3,,DCD Rev 19 Tier 2 Table 3.2-3 (ML11171A425)
PCS-PL-V031B,Level Transmitter LT 015 & 011 Root Isolation Valve,Passive Containment Cooling System,PCS,Containment Shield Building and Auxiliary Building,C,I,ASME III-3,,DCD Rev 19 Tier 2 Table 3.2-3 (ML11171A425)
PCS-PL-V033,Recirculation Pump Suction from Long Term Makeup Isolation Valve,Passive Containment Cooling System,PCS,Containment Shield Building and Auxiliary Building,C,I,ASME III-3,,DCD Rev 19 Tier 2 Table 3.2-3 (ML11171A425)
PCS-PL-V035A,Recirculation Pump Suction Isolation Valve,Passive Containment Cooling System,PCS,Containment Shield Building and Auxiliary Building,D,NS,ANSI 16.34,Equipment Anchorage is Seismic Category II,DCD Rev 19 Tier 2 Table 3.2-3 (ML11171A425)
PCS-PL-V035B,Recirculation Pump Suction Isolation Valve,Passive Containment Cooling System,PCS,Containment Shield Building and Auxiliary Building,D,NS,ANSI 16.34,Equipment Anchorage is Seismic Category II,DCD Rev 19 Tier 2 Table 3.2-3 (ML11171A425)
PCS-PL-V036A/B,Recirculation Pump Discharge Check Valve,Passive Containment Cooling System,PCS,Containment Shield Building and Auxiliary Building,D,NS,ANSI 16.34,Equipment Anchorage is Seismic Category II,DCD Rev 19 Tier 2 Table 3.2-3 (ML11171A425)
PCS-PL-V037,PCCAWST Discharge Isolation Valve,Passive Containment Cooling System,PCS,Containment Shield Building and Auxiliary Building,D,NS,ANSI 16.34,Equipment Anchorage is Seismic Category II,DCD Rev 19 Tier 2 Table 3.2-3 (ML11171A425)
PCS-PL-V038,PCCAWST Drain Isolation Valve,Passive Containment Cooling System,PCS,Containment Shield Building and Auxiliary Building,D,NS,ANSI 16.34,Equipment Anchorage is Seismic Category II,DCD Rev 19 Tier 2 Table 3.2-3 (ML11171A425)
PCS-PL-V039,PCCWST Long-Term Makeup Check Valve,Passive Containment Cooling System,PCS,Containment Shield Building and Auxiliary Building,C,I,ASME III-3,,DCD Rev 19 Tier 2 Table 3.2-3 (ML11171A425)
PCS-PL-V040,Recirculation Pump Suction from PCCAWST Isolation Valve,Passive Containment Cooling System,PCS,Containment Shield Building and Auxiliary Building,D,NS,ANSI 16.34,Equipment Anchorage is Seismic Category II,DCD Rev 19 Tier 2 Table 3.2-3 (ML11171A425)
PCS-PL-V041,PCCAWST Recirculation Return Line Isolation Valve,Passive Containment Cooling System,PCS,Containment Shield Building and Auxiliary Building,D,NS,ANSI 16.34,Equipment Anchorage is Seismic Category II,DCD Rev 19 Tier 2 Table 3.2-3 (ML11171A425)
PCS-PL-V042,PCCWST Long-Term Makeup Isolation Drain Valve,Passive Containment Cooling System,PCS,Containment Shield Building and Auxiliary Building,C,I,ASME III-3,PCS-PL-V043,DCD Rev 19 Tier 2 Table 3.2-3 (ML11171A425)
PCS-PL-V043,PCCAWST Recirculation Return Line Drain Isolation Valve,Passive Containment Cooling System,PCS,Containment Shield Building and Auxiliary Building,D,NS,ANSI 16.34,Equipment Anchorage is Seismic Category II,DCD Rev 19 Tier 2 Table 3.2-3 (ML11171A425)
PCS-PL-V044,PCCWST Long-Term Makeup Isolation Valve,Passive Containment Cooling System,PCS,Containment Shield Building and Auxiliary Building,C,I,ASME III-3,,DCD Rev 19 Tier 2 Table 3.2-3 (ML11171A425)
PCS-PL-V045,Emergency Makeup to the Spent Fuel Pool Isolation Valve,Passive Containment Cooling System,PCS,Containment Shield Building and Auxiliary Building,C,I,ASME III-3,,DCD Rev 19 Tier 2 Table 3.2-3 (ML11171A425)
PCS-PL-V046,PCCWST Recirculation Return Isolation Valve,Passive Containment Cooling System,PCS,Containment Shield Building and Auxiliary Building,C,I,ASME III-3,,DCD Rev 19 Tier 2 Table 3.2-3 (ML11171A425)
PCS-PL-V047A/B,PCS Recirculation Pump Discharge Isolation Valve,Passive Containment Cooling System,PCS,Containment Shield Building and Auxiliary Building,D,NS,ANSI B16.34,Equipment Anchorage is Seismic Category II,DCD Rev 19 Tier 2 Table 3.2-3 (ML11171A425)
PCS-PL-V048,Recirculation Pump Fire Suction Isolation Valve,Passive Containment Cooling System,PCS,Containment Shield Building and Auxiliary Building,D,NS,ANSI 16.34,Seismically Analyzed for Operability,DCD Rev 19 Tier 2 Table 3.2-3 (ML11171A425)
PCS-PL-V049,Emergency Makeup to the Spent Fuel Pool Drain Isolation Valve,Passive Containment Cooling System,PCS,Containment Shield Building and Auxiliary Building,C,I,ASME III-3,,DCD Rev 19 Tier 2 Table 3.2-3 (ML11171A425)
PCS-PL-V050,Spent Fuel Pool Long Term Makeup Isolation Valve,Passive Containment Cooling System,PCS,Containment Shield Building and Auxiliary Building,C,I,ASME III-3,,DCD Rev 19 Tier 2 Table 3.2-3 (ML11171A425)
PCS-PL-V051,Spent Fuel Pool Emergency Makeup Lower Isolation,Passive Containment Cooling System,PCS,Containment Shield Building and Auxiliary Building,C,I,ASME III-3,,DCD Rev 19 Tier 2 Table 3.2-3 (ML11171A425)
PCS-PL-V052,Spent Fuel Pool Emergency Makeup Isolation Valve,Passive Containment Cooling System,PCS,Containment Shield Building and Auxiliary Building,C,I,ASME III-3,,DCD Rev 19 Tier 2 Table 3.2-3 (ML11171A425)
PCS-PL-V100,Temporary Containment Washdown Isolation Valve,Passive Containment Cooling System,PCS,Containment Shield Building and Auxiliary Building,D,NS,ANSI 16.34,Equipment Anchorage is Seismic Category II,DCD Rev 19 Tier 2 Table 3.2-3 (ML11171A425)
PCS-PY-B01,Spent Fuel Pool Emergency Makeup Isolation,Passive Containment Cooling System,PCS,Containment Shield Building and Auxiliary Building,C,I,ASME III-3,,DCD Rev 19 Tier 2 Table 3.2-3 (ML11171A425)
PCS-PY-C01,Containment Pressure Instrument Line Penetration,Passive Containment Cooling System,PCS,Containment Shield Building and Auxiliary Building,B,I,"ASME, MC",,DCD Rev 19 Tier 2 Table 3.2-3 (ML11171A425)
PCS-PY-C02,Containment Pressure Instrument Line Penetration,Passive Containment Cooling System,PCS,Containment Shield Building and Auxiliary Building,B,I,"ASME, MC",,DCD Rev 19 Tier 2 Table 3.2-3 (ML11171A425)
PCS-PY-C03,Containment Pressure Instrument Line Penetration,Passive Containment Cooling System,PCS,Containment Shield Building and Auxiliary Building,B,I,"ASME, MC",,DCD Rev 19 Tier 2 Table 3.2-3 (ML11171A425)
PCS-PY-C04,Containment Pressure Instrument Line Penetration,Passive Containment Cooling System,PCS,Containment Shield Building and Auxiliary Building,B,I,"ASME, MC",,DCD Rev 19 Tier 2 Table 3.2-3 (ML11171A425)
n/a,Grab Sample Unit,Primary Sampling System,PSS,Containment and Auxiliary Building,D,NS,Manufacturer Std.,,DCD Rev 19 Tier 2 Table 3.2-3 (ML11171A425)
n/a,"Sample Cooler, PSS and CCS Side",Primary Sampling System,PSS,Containment and Auxiliary Building,D,NS,ASME VIII/ TEMA,,DCD Rev 19 Tier 2 Table 3.2-3 (ML11171A425)
n/a,Valves Providing PSS AP1000 Equipment Class D Function,Primary Sampling System,PSS,Containment and Auxiliary Building,D,NS,ANSI 16.34,,DCD Rev 19 Tier 2 Table 3.2-3 (ML11171A425)
PSS-PL-V001A,Hot Leg Sample Isolation,Primary Sampling System,PSS,Containment and Auxiliary Building,B,I,ASME III-2,,DCD Rev 19 Tier 2 Table 3.2-3 (ML11171A425)
PSS-PL-V001B,Hot Leg Sample Isolation,Primary Sampling System,PSS,Containment and Auxiliary Building,B,I,ASME III-2,,DCD Rev 19 Tier 2 Table 3.2-3 (ML11171A425)
PSS-PL-V003,Pressurizer Liquid Isolation,Primary Sampling System,PSS,Containment and Auxiliary Building,B,I,ASME III-2,,DCD Rev 19 Tier 2 Table 3.2-3 (ML11171A425)
PSS-PL-V004A,PXS Accumulator Sample Isolation,Primary Sampling System,PSS,Containment and Auxiliary Building,C,I,ASME III-3,,DCD Rev 19 Tier 2 Table 3.2-3 (ML11171A425)
PSS-PL-V004B,PXS Accumulator Sample Isolation,Primary Sampling System,PSS,Containment and Auxiliary Building,C,I,ASME III-3,,DCD Rev 19 Tier 2 Table 3.2-3 (ML11171A425)
PSS-PL-V005A,PXS CMT A Sample Isolation,Primary Sampling System,PSS,Containment and Auxiliary Building,B,I,ASME III-2,,DCD Rev 19 Tier 2 Table 3.2-3 (ML11171A425)
PSS-PL-V005B,PXS CMT B Sample Isolation,Primary Sampling System,PSS,Containment and Auxiliary Building,B,I,ASME III-2,,DCD Rev 19 Tier 2 Table 3.2-3 (ML11171A425)
PSS-PL-V005C,PXS CMT A Sample Isolation,Primary Sampling System,PSS,Containment and Auxiliary Building,B,I,ASME III-2,,DCD Rev 19 Tier 2 Table 3.2-3 (ML11171A425)
PSS-PL-V005D,PXS CMT B Sample Isolation,Primary Sampling System,PSS,Containment and Auxiliary Building,B,I,ASME III-2,,DCD Rev 19 Tier 2 Table 3.2-3 (ML11171A425)
PSS-PL-V008,Containment Air Sample Containment Isolation IRC,Primary Sampling System,PSS,Containment and Auxiliary Building,B,I,ASME III-2,,DCD Rev 19 Tier 2 Table 3.2-3 (ML11171A425)
PSS-PL-V010A,Liquid Sample Line Containment Isolation IRC,Primary Sampling System,PSS,Containment and Auxiliary Building,B,I,ASME III-2,,DCD Rev 19 Tier 2 Table 3.2-3 (ML11171A425)
PSS-PL-V010B,Liquid Sample Line Containment Isolation IRC,Primary Sampling System,PSS,Containment and Auxiliary Building,B,I,ASME III-2,,DCD Rev 19 Tier 2 Table 3.2-3 (ML11171A425)
PSS-PL-V011,Liquid Sample Line Containment Isolation ORC,Primary Sampling System,PSS,Containment and Auxiliary Building,B,I,ASME III-2,,DCD Rev 19 Tier 2 Table 3.2-3 (ML11171A425)
PSS-PL-V012A,Liquid Sample Check Valve,Primary Sampling System,PSS,Containment and Auxiliary Building,C,I,ASME III-3,,DCD Rev 19 Tier 2 Table 3.2-3 (ML11171A425)
PSS-PL-V012B,Liquid Sample Check Valve,Primary Sampling System,PSS,Containment and Auxiliary Building,C,I,ASME III-3,,DCD Rev 19 Tier 2 Table 3.2-3 (ML11171A425)
PSS-PL-V023,Sample Return Line Containment Isolation ORC,Primary Sampling System,PSS,Containment and Auxiliary Building,B,I,ASME III-2,,DCD Rev 19 Tier 2 Table 3.2-3 (ML11171A425)
PSS-PL-V024,Sample Return Containment Isolation Check IRC,Primary Sampling System,PSS,Containment and Auxiliary Building,B,I,ASME III-2,,DCD Rev 19 Tier 2 Table 3.2-3 (ML11171A425)
PSS-PL-V046,Air Sample Line Containment Isolation ORC,Primary Sampling System,PSS,Containment and Auxiliary Building,B,I,ASME III-2,,DCD Rev 19 Tier 2 Table 3.2-3 (ML11171A425)
PSS-PL-V076A,Containment Testing Boundary Isolation Valve,Primary Sampling System,PSS,Containment and Auxiliary Building,C,I,ASME III-3,,DCD Rev 19 Tier 2 Table 3.2-3 (ML11171A425)
PSS-PL-V076B,Containment Testing Boundary Isolation Valve,Primary Sampling System,PSS,Containment and Auxiliary Building,C,I,ASME III-3,,DCD Rev 19 Tier 2 Table 3.2-3 (ML11171A425)
PSS-PL-V082,Containment Isolation Test Connection Isolation Valve,Primary Sampling System,PSS,Containment and Auxiliary Building,C,I,ASME III-3,,DCD Rev 19 Tier 2 Table 3.2-3 (ML11171A425)
PSS-PL-V083,Containment Isolation Test Connection Isolation Valve,Primary Sampling System,PSS,Containment and Auxiliary Building,C,I,ASME III-3,,DCD Rev 19 Tier 2 Table 3.2-3 (ML11171A425)
PSS-PL-V085,Containment Isolation Test Connection Isolation Valve,Primary Sampling System,PSS,Containment and Auxiliary Building,B,I,ASME III-2,,DCD Rev 19 Tier 2 Table 3.2-3 (ML11171A425)
PSS-PL-V086,Containment Isolation Test Connection Isolation Valve,Primary Sampling System,PSS,Containment and Auxiliary Building,C,I,ASME III-3,,DCD Rev 19 Tier 2 Table 3.2-3 (ML11171A425)
PSS-PY-C01,Common Primary Sample Line Penetration,Primary Sampling System,PSS,Containment and Auxiliary Building,B,I,"ASME III, MC",,DCD Rev 19 Tier 2 Table 3.2-3 (ML11171A425)
PSS-PY-C02,Containment Atmosphere Sample Line Penetration,Primary Sampling System,PSS,Containment and Auxiliary Building,B,I,"ASME III, MC",,DCD Rev 19 Tier 2 Table 3.2-3 (ML11171A425)
PSS-PY-C03,Containment Atmosphere Sample Line Penetration,Primary Sampling System,PSS,Containment and Auxiliary Building,B,I,"ASME III, 2",,DCD Rev 19 Tier 2 Table 3.2-3 (ML11171A425)
PWS-PL-V418,PWS MCR Isolation Valve,Potable Water System,PWS,Various,C,I,ASME III-3,,DCD Rev 19 Tier 2 Table 3.2-3 (ML11171A425)
PWS-PL-V420,PWS MCR Isolation Valve,Potable Water System,PWS,Various,C,I,ASME III-3,,DCD Rev 19 Tier 2 Table 3.2-3 (ML11171A425)
PWS-PL-V498,PWS MCR Vacuum Relief,Potable Water System,PWS,Various,C,I,ASME III-3,,DCD Rev 19 Tier 2 Table 3.2-3 (ML11171A425)
PXS-ME-01,Passive Residual Heat Removal Heat Exchanger,Passive Core Cooling System,PXS,Containment,A,I,ASME III-1,,DCD Rev 19 Tier 2 Table 3.2-3 (ML11171A425)
PXS-MT-01A,Accumulator Tank A,Passive Core Cooling System,PXS,Containment,C,I,ASME III-3,,DCD Rev 19 Tier 2 Table 3.2-3 (ML11171A425)
PXS-MT-01B,Accumulator Tank B,Passive Core Cooling System,PXS,Containment,C,I,ASME III-3,,DCD Rev 19 Tier 2 Table 3.2-3 (ML11171A425)
PXS-MT-02A,Core Makeup Tank A,Passive Core Cooling System,PXS,Containment,A,I,ASME III-1,,DCD Rev 19 Tier 2 Table 3.2-3 (ML11171A425)
PXS-MT-02B,Core Makeup Tank B,Passive Core Cooling System,PXS,Containment,A,I,ASME III-1,,DCD Rev 19 Tier 2 Table 3.2-3 (ML11171A425)
PXS-MT-03,In-Containment Refueling Water Storage Tank,Passive Core Cooling System,PXS,Containment,C,I,ACI 349/AISC N690,ACI 349 is used for Evaluation of Structural Boundary,DCD Rev 19 Tier 2 Table 3.2-3 (ML11171A425)
PXS-MT-04,IRWST Gutter,Passive Core Cooling System,PXS,Containment,C,I,Manufacturer Std.,,DCD Rev 19 Tier 2 Table 3.2-3 (ML11171A425)
PXS-MW-01A,Reactor Coolant Depressurization Sparger A,Passive Core Cooling System,PXS,Containment,C,I,ASME III-3,,DCD Rev 19 Tier 2 Table 3.2-3 (ML11171A425)
PXS-MW-01B,Reactor Coolant Depressurization Sparger B,Passive Core Cooling System,PXS,Containment,C,I,ASME III-3,,DCD Rev 19 Tier 2 Table 3.2-3 (ML11171A425)
PXS-MY-Y01A,IRWST Screen A,Passive Core Cooling System,PXS,Containment,C,I,Manufacturer Std.,"Structural frame and attachment use ASME III, Subsection NF criteria. Screen modules use manufacturer std.",DCD Rev 19 Tier 2 Table 3.2-3 (ML11171A425)
PXS-MY-Y01B,IRWST Screen B,Passive Core Cooling System,PXS,Containment,C,I,Manufacturer Std.,"Structural frame and attachment use ASME III, Subsection NF criteria. Screen modules use manufacturer std.",DCD Rev 19 Tier 2 Table 3.2-3 (ML11171A425)
PXS-MY-Y01C,IRWST Screen C,Passive Core Cooling System,PXS,Containment,C,I,Manufacturer Std.,"Structural frame and attachment use ASME III, Subsection NF criteria. Screen modules use manufacturer std.",DCD Rev 19 Tier 2 Table 3.2-3 (ML11171A425)
PXS-MY-Y02A,Containment Recirculation Screen A,Passive Core Cooling System,PXS,Containment,C,I,Manufacturer Std.,"Structural frame and attachment use ASME III, Subsection NF criteria. Screen modules use manufacturer std.",DCD Rev 19 Tier 2 Table 3.2-3 (ML11171A425)
PXS-MY-Y02B,Containment Recirculation Screen B,Passive Core Cooling System,PXS,Containment,C,I,Manufacturer Std.,"Structural frame and attachment use ASME III, Subsection NF criteria. Screen modules use manufacturer std.",DCD Rev 19 Tier 2 Table 3.2-3 (ML11171A425)
PXS-MY-Y03A,pH Adjustment Basket A,Passive Core Cooling System,PXS,Containment,C,I,Manufacturer Std.,,DCD Rev 19 Tier 2 Table 3.2-3 (ML11171A425)
PXS-MY-Y03B,pH Adjustment Basket B,Passive Core Cooling System,PXS,Containment,C,I,Manufacturer Std.,,DCD Rev 19 Tier 2 Table 3.2-3 (ML11171A425)
PXS-MY-Y03C,pH Adjustment Basket C,Passive Core Cooling System,PXS,Containment,C,I,Manufacturer Std.,,DCD Rev 19 Tier 2 Table 3.2-3 (ML11171A425)
PXS-MY-Y03D,pH Adjustment Basket D,Passive Core Cooling System,PXS,Containment,C,I,Manufacturer Std.,,DCD Rev 19 Tier 2 Table 3.2-3 (ML11171A425)
PXS-PL-V002A,CMT A CL Inlet Isolation,Passive Core Cooling System,PXS,Containment,A,I,ASME III-1,,DCD Rev 19 Tier 2 Table 3.2-3 (ML11171A425)
PXS-PL-V002B,CMT B CL Inlet Isolation,Passive Core Cooling System,PXS,Containment,A,I,ASME III-1,,DCD Rev 19 Tier 2 Table 3.2-3 (ML11171A425)
PXS-PL-V010A,CMT A Upper Sample,Passive Core Cooling System,PXS,Containment,B,I,ASME III-2,,DCD Rev 19 Tier 2 Table 3.2-3 (ML11171A425)
PXS-PL-V010B,CMT B Upper Sample,Passive Core Cooling System,PXS,Containment,B,I,ASME III-2,,DCD Rev 19 Tier 2 Table 3.2-3 (ML11171A425)
PXS-PL-V011A,CMT A Lower Sample,Passive Core Cooling System,PXS,Containment,B,I,ASME III-2,,DCD Rev 19 Tier 2 Table 3.2-3 (ML11171A425)
PXS-PL-V011B,CMT B Lower Sample,Passive Core Cooling System,PXS,Containment,B,I,ASME III-2,,DCD Rev 19 Tier 2 Table 3.2-3 (ML11171A425)
PXS-PL-V012A,CMT A Drain,Passive Core Cooling System,PXS,Containment,A,I,ASME III-1,,DCD Rev 19 Tier 2 Table 3.2-3 (ML11171A425)
PXS-PL-V012B,CMT B Drain,Passive Core Cooling System,PXS,Containment,A,I,ASME III-1,,DCD Rev 19 Tier 2 Table 3.2-3 (ML11171A425)
PXS-PL-V013A,CMT A Discharge Manual Isolation,Passive Core Cooling System,PXS,Containment,A,I,ASME III-1,,DCD Rev 19 Tier 2 Table 3.2-3 (ML11171A425)
PXS-PL-V013B,CMT B Discharge Manual Isolation,Passive Core Cooling System,PXS,Containment,A,I,ASME III-1,,DCD Rev 19 Tier 2 Table 3.2-3 (ML11171A425)
PXS-PL-V014A,CMT A Discharge Isolation,Passive Core Cooling System,PXS,Containment,A,I,ASME III-1,,DCD Rev 19 Tier 2 Table 3.2-3 (ML11171A425)
PXS-PL-V014B,CMT B Discharge Isolation,Passive Core Cooling System,PXS,Containment,A,I,ASME III-1,,DCD Rev 19 Tier 2 Table 3.2-3 (ML11171A425)
PXS-PL-V015A,CMT A Discharge Isolation,Passive Core Cooling System,PXS,Containment,A,I,ASME III-1,,DCD Rev 19 Tier 2 Table 3.2-3 (ML11171A425)
PXS-PL-V015B,CMT B Discharge Isolation,Passive Core Cooling System,PXS,Containment,A,I,ASME III-1,,DCD Rev 19 Tier 2 Table 3.2-3 (ML11171A425)
PXS-PL-V016A,CMT A Discharge Check,Passive Core Cooling System,PXS,Containment,A,I,ASME III-1,,DCD Rev 19 Tier 2 Table 3.2-3 (ML11171A425)
PXS-PL-V016B,CMT B Discharge Check,Passive Core Cooling System,PXS,Containment,A,I,ASME III-1,,DCD Rev 19 Tier 2 Table 3.2-3 (ML11171A425)
PXS-PL-V017A,CMT A Discharge Check,Passive Core Cooling System,PXS,Containment,A,I,ASME III-1,,DCD Rev 19 Tier 2 Table 3.2-3 (ML11171A425)
PXS-PL-V017B,CMT B Discharge Check,Passive Core Cooling System,PXS,Containment,A,I,ASME III-1,,DCD Rev 19 Tier 2 Table 3.2-3 (ML11171A425)
PXS-PL-V019A,RNS to CMT Injection Line A Drain,Passive Core Cooling System,PXS,Containment,B,I,ASME III-2,,DCD Rev 19 Tier 2 Table 3.2-3 (ML11171A425)
PXS-PL-V019B,RNS to CMT Injection Line B Drain,Passive Core Cooling System,PXS,Containment,B,I,ASME III-2,,DCD Rev 19 Tier 2 Table 3.2-3 (ML11171A425)
PXS-PL-V020A,IRWST Injection Line A Drain,Passive Core Cooling System,PXS,Containment,B,I,ASME III-2,,DCD Rev 19 Tier 2 Table 3.2-3 (ML11171A425)
PXS-PL-V020B,IRWST Injection Line B Drain,Passive Core Cooling System,PXS,Containment,B,I,ASME III-2,,DCD Rev 19 Tier 2 Table 3.2-3 (ML11171A425)
PXS-PL-V021A,Accumulator A Nitrogen Vent,Passive Core Cooling System,PXS,Containment,C,I,ASME III-3,,DCD Rev 19 Tier 2 Table 3.2-3 (ML11171A425)
PXS-PL-V021B,Accumulator B Nitrogen Vent,Passive Core Cooling System,PXS,Containment,C,I,ASME III-3,,DCD Rev 19 Tier 2 Table 3.2-3 (ML11171A425)
PXS-PL-V022A,Accumulator A Pressure Relief,Passive Core Cooling System,PXS,Containment,C,I,ASME III-3,,DCD Rev 19 Tier 2 Table 3.2-3 (ML11171A425)
PXS-PL-V022B,Accumulator B Pressure Relief,Passive Core Cooling System,PXS,Containment,C,I,ASME III-3,,DCD Rev 19 Tier 2 Table 3.2-3 (ML11171A425)
PXS-PL-V023A,Accumulator A Pressure Transmitter B Isolation,Passive Core Cooling System,PXS,Containment,C,I,ASME III-3,,DCD Rev 19 Tier 2 Table 3.2-3 (ML11171A425)
PXS-PL-V023B,Accumulator B Pressure Transmitter B Isolation,Passive Core Cooling System,PXS,Containment,C,I,ASME III-3,,DCD Rev 19 Tier 2 Table 3.2-3 (ML11171A425)
PXS-PL-V024A,Accumulator A Pressure Transmitter A Isolation,Passive Core Cooling System,PXS,Containment,C,I,ASME III-3,,DCD Rev 19 Tier 2 Table 3.2-3 (ML11171A425)
PXS-PL-V024B,Accumulator B Pressure Transmitter A Isolation,Passive Core Cooling System,PXS,Containment,C,I,ASME III-3,,DCD Rev 19 Tier 2 Table 3.2-3 (ML11171A425)
PXS-PL-V025A,Accumulator A Sample,Passive Core Cooling System,PXS,Containment,C,I,ASME III-3,,DCD Rev 19 Tier 2 Table 3.2-3 (ML11171A425)
PXS-PL-V025B,Accumulator B Sample,Passive Core Cooling System,PXS,Containment,C,I,ASME III-3,,DCD Rev 19 Tier 2 Table 3.2-3 (ML11171A425)
PXS-PL-V026A,Accumulator A Drain,Passive Core Cooling System,PXS,Containment,C,I,ASME III-3,,DCD Rev 19 Tier 2 Table 3.2-3 (ML11171A425)
PXS-PL-V026B,Accumulator B Drain,Passive Core Cooling System,PXS,Containment,C,I,ASME III-3,,DCD Rev 19 Tier 2 Table 3.2-3 (ML11171A425)
PXS-PL-V027A,Accumulator A Discharge Isolation,Passive Core Cooling System,PXS,Containment,C,I,ASME III-3,,DCD Rev 19 Tier 2 Table 3.2-3 (ML11171A425)
PXS-PL-V027B,Accumulator B Discharge Isolation,Passive Core Cooling System,PXS,Containment,C,I,ASME III-3,,DCD Rev 19 Tier 2 Table 3.2-3 (ML11171A425)
PXS-PL-V028A,Accumulator A Discharge Check,Passive Core Cooling System,PXS,Containment,A,I,ASME III-1,,DCD Rev 19 Tier 2 Table 3.2-3 (ML11171A425)
PXS-PL-V028B,Accumulator B Discharge Check,Passive Core Cooling System,PXS,Containment,A,I,ASME III-1,,DCD Rev 19 Tier 2 Table 3.2-3 (ML11171A425)
PXS-PL-V029A,Accumulator A Discharge Check,Passive Core Cooling System,PXS,Containment,A,I,ASME III-1,,DCD Rev 19 Tier 2 Table 3.2-3 (ML11171A425)
PXS-PL-V029B,Accumulator B Discharge Check,Passive Core Cooling System,PXS,Containment,A,I,ASME III-1,,DCD Rev 19 Tier 2 Table 3.2-3 (ML11171A425)
PXS-PL-V030A,CMT A Highpoint Vent,Passive Core Cooling System,PXS,Containment,B,I,ASME III-2,,DCD Rev 19 Tier 2 Table 3.2-3 (ML11171A425)
PXS-PL-V030B,CMT B Highpoint Vent,Passive Core Cooling System,PXS,Containment,B,I,ASME III-2,,DCD Rev 19 Tier 2 Table 3.2-3 (ML11171A425)
PXS-PL-V031A,CMT A Highpoint Vent,Passive Core Cooling System,PXS,Containment,B,I,ASME III-2,,DCD Rev 19 Tier 2 Table 3.2-3 (ML11171A425)
PXS-PL-V031B,CMT B Highpoint Vent,Passive Core Cooling System,PXS,Containment,B,I,ASME III-2,,DCD Rev 19 Tier 2 Table 3.2-3 (ML11171A425)
PXS-PL-V033A,Accumulator A Check Valve Drain,Passive Core Cooling System,PXS,Containment,B,I,ASME III-2,,DCD Rev 19 Tier 2 Table 3.2-3 (ML11171A425)
PXS-PL-V033B,Accumulator B Check Valve Drain,Passive Core Cooling System,PXS,Containment,B,I,ASME III-2,,DCD Rev 19 Tier 2 Table 3.2-3 (ML11171A425)
PXS-PL-V042,Nitrogen Supply Containment Isolation ORC,Passive Core Cooling System,PXS,Containment,B,I,ASME III-2,,DCD Rev 19 Tier 2 Table 3.2-3 (ML11171A425)
PXS-PL-V043,Nitrogen Supply Containment Isolation IRC,Passive Core Cooling System,PXS,Containment,B,I,ASME III-2,,DCD Rev 19 Tier 2 Table 3.2-3 (ML11171A425)
PXS-PL-V052,Accumulator Nitrogen Containment Penetration TC,Passive Core Cooling System,PXS,Containment,B,I,ASME III-2,,DCD Rev 19 Tier 2 Table 3.2-3 (ML11171A425)
PXS-PL-V080A,CMT A WR Level Isolation,Passive Core Cooling System,PXS,Containment,B,I,ASME III-2,,DCD Rev 19 Tier 2 Table 3.2-3 (ML11171A425)
PXS-PL-V080B,CMT B WR Level Isolation,Passive Core Cooling System,PXS,Containment,B,I,ASME III-2,,DCD Rev 19 Tier 2 Table 3.2-3 (ML11171A425)
PXS-PL-V081A,CMT A WR Level Isolation,Passive Core Cooling System,PXS,Containment,B,I,ASME III-2,,DCD Rev 19 Tier 2 Table 3.2-3 (ML11171A425)
PXS-PL-V081B,CMT B WR Level Isolation,Passive Core Cooling System,PXS,Containment,B,I,ASME III-2,,DCD Rev 19 Tier 2 Table 3.2-3 (ML11171A425)
PXS-PL-V082A,CMT A Upper Level A Isolation 1,Passive Core Cooling System,PXS,Containment,B,I,ASME III-2,,DCD Rev 19 Tier 2 Table 3.2-3 (ML11171A425)
PXS-PL-V082B,CMT B Upper Level A Isolation 1,Passive Core Cooling System,PXS,Containment,B,I,ASME III-2,,DCD Rev 19 Tier 2 Table 3.2-3 (ML11171A425)
PXS-PL-V083A,CMT A Upper Level A Isolation 2,Passive Core Cooling System,PXS,Containment,B,I,ASME III-2,,DCD Rev 19 Tier 2 Table 3.2-3 (ML11171A425)
PXS-PL-V083B,CMT B Upper Level A Isolation 2,Passive Core Cooling System,PXS,Containment,B,I,ASME III-2,,DCD Rev 19 Tier 2 Table 3.2-3 (ML11171A425)
PXS-PL-V084A,CMT A Upper Level A Vent,Passive Core Cooling System,PXS,Containment,B,I,ASME III-2,,DCD Rev 19 Tier 2 Table 3.2-3 (ML11171A425)
PXS-PL-V084B,CMT B Upper Level A Vent,Passive Core Cooling System,PXS,Containment,B,I,ASME III-2,,DCD Rev 19 Tier 2 Table 3.2-3 (ML11171A425)
PXS-PL-V085A,CMT A Upper Level A Drain,Passive Core Cooling System,PXS,Containment,B,I,ASME III-2,,DCD Rev 19 Tier 2 Table 3.2-3 (ML11171A425)
PXS-PL-V085B,CMT B Upper Level A Drain,Passive Core Cooling System,PXS,Containment,B,I,ASME III-2,,DCD Rev 19 Tier 2 Table 3.2-3 (ML11171A425)
PXS-PL-V086A,CMT A Upper Level B Isolation 1,Passive Core Cooling System,PXS,Containment,B,I,ASME III-2,,DCD Rev 19 Tier 2 Table 3.2-3 (ML11171A425)
PXS-PL-V086B,CMT B Upper Level B Isolation 1,Passive Core Cooling System,PXS,Containment,B,I,ASME III-2,,DCD Rev 19 Tier 2 Table 3.2-3 (ML11171A425)
PXS-PL-V087A,CMT A Upper Level B Isolation 2,Passive Core Cooling System,PXS,Containment,B,I,ASME III-2,,DCD Rev 19 Tier 2 Table 3.2-3 (ML11171A425)
PXS-PL-V087B,CMT B Upper Level B Isolation 2,Passive Core Cooling System,PXS,Containment,B,I,ASME III-2,,DCD Rev 19 Tier 2 Table 3.2-3 (ML11171A425)
PXS-PL-V088A,CMT A Upper Level B Vent,Passive Core Cooling System,PXS,Containment,B,I,ASME III-2,,DCD Rev 19 Tier 2 Table 3.2-3 (ML11171A425)
PXS-PL-V088B,CMT B Upper Level B Vent,Passive Core Cooling System,PXS,Containment,B,I,ASME III-2,,DCD Rev 19 Tier 2 Table 3.2-3 (ML11171A425)
PXS-PL-V089A,CMT A Upper Level B Drain,Passive Core Cooling System,PXS,Containment,B,I,ASME III-2,,DCD Rev 19 Tier 2 Table 3.2-3 (ML11171A425)
PXS-PL-V089B,CMT B Upper Level B Drain,Passive Core Cooling System,PXS,Containment,B,I,ASME III-2,,DCD Rev 19 Tier 2 Table 3.2-3 (ML11171A425)
PXS-PL-V092A,CMT A Lower Level A Isolation 1,Passive Core Cooling System,PXS,Containment,B,I,ASME III-2,,DCD Rev 19 Tier 2 Table 3.2-3 (ML11171A425)
PXS-PL-V092B,CMT B Lower Level A Isolation 1,Passive Core Cooling System,PXS,Containment,B,I,ASME III-2,,DCD Rev 19 Tier 2 Table 3.2-3 (ML11171A425)
PXS-PL-V093A,CMT A Lower Level A Isolation 2,Passive Core Cooling System,PXS,Containment,B,I,ASME III-2,,DCD Rev 19 Tier 2 Table 3.2-3 (ML11171A425)
PXS-PL-V093B,CMT B Lower Level A Isolation 2,Passive Core Cooling System,PXS,Containment,B,I,ASME III-2,,DCD Rev 19 Tier 2 Table 3.2-3 (ML11171A425)
PXS-PL-V094A,CMT A Lower Level A Vent,Passive Core Cooling System,PXS,Containment,B,I,ASME III-2,,DCD Rev 19 Tier 2 Table 3.2-3 (ML11171A425)
PXS-PL-V094B,CMT B Lower Level A Vent,Passive Core Cooling System,PXS,Containment,B,I,ASME III-2,,DCD Rev 19 Tier 2 Table 3.2-3 (ML11171A425)
PXS-PL-V095A,CMT A Lower Level A Drain,Passive Core Cooling System,PXS,Containment,B,I,ASME III-2,,DCD Rev 19 Tier 2 Table 3.2-3 (ML11171A425)
PXS-PL-V095B,CMT B Lower Level A Drain,Passive Core Cooling System,PXS,Containment,B,I,ASME III-2,,DCD Rev 19 Tier 2 Table 3.2-3 (ML11171A425)
PXS-PL-V096A,CMT A Lower Level B Isolation 1,Passive Core Cooling System,PXS,Containment,B,I,ASME III-2,,DCD Rev 19 Tier 2 Table 3.2-3 (ML11171A425)
PXS-PL-V096B,CMT B Lower Level B Isolation 1,Passive Core Cooling System,PXS,Containment,B,I,ASME III-2,,DCD Rev 19 Tier 2 Table 3.2-3 (ML11171A425)
PXS-PL-V097A,CMT A Lower Level B Isolation 2,Passive Core Cooling System,PXS,Containment,B,I,ASME III-2,,DCD Rev 19 Tier 2 Table 3.2-3 (ML11171A425)
PXS-PL-V097B,CMT B Lower Level B Isolation 2,Passive Core Cooling System,PXS,Containment,B,I,ASME III-2,,DCD Rev 19 Tier 2 Table 3.2-3 (ML11171A425)
PXS-PL-V098A,CMT A Lower Level B Vent,Passive Core Cooling System,PXS,Containment,B,I,ASME III-2,,DCD Rev 19 Tier 2 Table 3.2-3 (ML11171A425)
PXS-PL-V098B,CMT B Lower Level B Vent,Passive Core Cooling System,PXS,Containment,B,I,ASME III-2,,DCD Rev 19 Tier 2 Table 3.2-3 (ML11171A425)
PXS-PL-V099A,CMT A Lower Level B Drain,Passive Core Cooling System,PXS,Containment,B,I,ASME III-2,,DCD Rev 19 Tier 2 Table 3.2-3 (ML11171A425)
PXS-PL-V099B,CMT B Lower Level B Drain,Passive Core Cooling System,PXS,Containment,B,I,ASME III-2,,DCD Rev 19 Tier 2 Table 3.2-3 (ML11171A425)
PXS-PL-V101,PRHR HX Inlet Isolation,Passive Core Cooling System,PXS,Containment,A,I,ASME III-1,,DCD Rev 19 Tier 2 Table 3.2-3 (ML11171A425)
PXS-PL-V102A,PRHR HX Inlet Head Vent,Passive Core Cooling System,PXS,Containment,B,I,ASME III-2,,DCD Rev 19 Tier 2 Table 3.2-3 (ML11171A425)
PXS-PL-V102B,PRHR HX Inlet Head Drain,Passive Core Cooling System,PXS,Containment,B,I,ASME III-2,,DCD Rev 19 Tier 2 Table 3.2-3 (ML11171A425)
PXS-PL-V103A,PRHR HX Outlet Head Vent,Passive Core Cooling System,PXS,Containment,B,I,ASME III-2,,DCD Rev 19 Tier 2 Table 3.2-3 (ML11171A425)
PXS-PL-V103B,PRHR HX Outlet Head Drain,Passive Core Cooling System,PXS,Containment,B,I,ASME III-2,,DCD Rev 19 Tier 2 Table 3.2-3 (ML11171A425)
PXS-PL-V104A,PRHR HX Flow Transmitter A Isolation,Passive Core Cooling System,PXS,Containment,B,I,ASME III-2,,DCD Rev 19 Tier 2 Table 3.2-3 (ML11171A425)
PXS-PL-V104B,PRHR HX Flow Transmitter B Isolation,Passive Core Cooling System,PXS,Containment,B,I,ASME III-2,,DCD Rev 19 Tier 2 Table 3.2-3 (ML11171A425)
PXS-PL-V105A,PRHR HX Flow Transmitter A Isolation,Passive Core Cooling System,PXS,Containment,B,I,ASME III-2,,DCD Rev 19 Tier 2 Table 3.2-3 (ML11171A425)
PXS-PL-V105B,PRHR HX Flow Transmitter B Isolation,Passive Core Cooling System,PXS,Containment,B,I,ASME III-2,,DCD Rev 19 Tier 2 Table 3.2-3 (ML11171A425)
PXS-PL-V106,Containment Recirculation A Highpoint Vent,Passive Core Cooling System,PXS,Containment,C,I,ASME III-3,,DCD Rev 19 Tier 2 Table 3.2-3 (ML11171A425)
PXS-PL-V107,Containment Recirculation A Highpoint Vent,Passive Core Cooling System,PXS,Containment,C,I,ASME III-3,,DCD Rev 19 Tier 2 Table 3.2-3 (ML11171A425)
PXS-PL-V108A,PRHR HX Control,Passive Core Cooling System,PXS,Containment,A,I,ASME III-1,,DCD Rev 19 Tier 2 Table 3.2-3 (ML11171A425)
PXS-PL-V108B,PRHR HX Control,Passive Core Cooling System,PXS,Containment,A,I,ASME III-1,,DCD Rev 19 Tier 2 Table 3.2-3 (ML11171A425)
PXS-PL-V109,PRHR HX/RCS Return Isolation,Passive Core Cooling System,PXS,Containment,A,I,ASME III-1,,DCD Rev 19 Tier 2 Table 3.2-3 (ML11171A425)
PXS-PL-V111A,PRHR HX Highpoint Vent,Passive Core Cooling System,PXS,Containment,B,I,ASME III-2,,DCD Rev 19 Tier 2 Table 3.2-3 (ML11171A425)
PXS-PL-V111B,PRHR HX Highpoint Vent,Passive Core Cooling System,PXS,Containment,B,I,ASME III-2,,DCD Rev 19 Tier 2 Table 3.2-3 (ML11171A425)
PXS-PL-V113,PRHR HX Pressure Transmitter Isolation,Passive Core Cooling System,PXS,Containment,B,I,ASME III-2,,DCD Rev 19 Tier 2 Table 3.2-3 (ML11171A425)
PXS-PL-V115A,Containment Recirculation A Drain,Passive Core Cooling System,PXS,Containment,C,I,ASME III-3,,DCD Rev 19 Tier 2 Table 3.2-3 (ML11171A425)
PXS-PL-V115B,Containment Recirculation B Drain,Passive Core Cooling System,PXS,Containment,C,I,ASME III-3,,DCD Rev 19 Tier 2 Table 3.2-3 (ML11171A425)
PXS-PL-V116A,Containment Recirculation A Drain,Passive Core Cooling System,PXS,Containment,C,I,ASME III-3,,DCD Rev 19 Tier 2 Table 3.2-3 (ML11171A425)
PXS-PL-V116B,Containment Recirculation B Drain,Passive Core Cooling System,PXS,Containment,C,I,ASME III-3,,DCD Rev 19 Tier 2 Table 3.2-3 (ML11171A425)
PXS-PL-V117A,Containment Recirculation A Isolation,Passive Core Cooling System,PXS,Containment,C,I,ASME III-3,,DCD Rev 19 Tier 2 Table 3.2-3 (ML11171A425)
PXS-PL-V117B,Containment Recirculation B Isolation,Passive Core Cooling System,PXS,Containment,C,I,ASME III-3,,DCD Rev 19 Tier 2 Table 3.2-3 (ML11171A425)
PXS-PL-V118A,Containment Recirculation A Isolation,Passive Core Cooling System,PXS,Containment,C,I,ASME III-3,,DCD Rev 19 Tier 2 Table 3.2-3 (ML11171A425)
PXS-PL-V118B,Containment Recirculation B Isolation,Passive Core Cooling System,PXS,Containment,C,I,ASME III-3,,DCD Rev 19 Tier 2 Table 3.2-3 (ML11171A425)
PXS-PL-V119A,Containment Recirculation A Check,Passive Core Cooling System,PXS,Containment,C,I,ASME III-3,,DCD Rev 19 Tier 2 Table 3.2-3 (ML11171A425)
PXS-PL-V119B,Containment Recirculation B Check,Passive Core Cooling System,PXS,Containment,C,I,ASME III-3,,DCD Rev 19 Tier 2 Table 3.2-3 (ML11171A425)
PXS-PL-V120A,Containment Recirculation A Isolation,Passive Core Cooling System,PXS,Containment,C,I,ASME III-3,,DCD Rev 19 Tier 2 Table 3.2-3 (ML11171A425)
PXS-PL-V120B,Containment Recirculation B Isolation,Passive Core Cooling System,PXS,Containment,C,I,ASME III-3,,DCD Rev 19 Tier 2 Table 3.2-3 (ML11171A425)
PXS-PL-V121A,IRWST Line A Isolation,Passive Core Cooling System,PXS,Containment,C,I,ASME III-3,,DCD Rev 19 Tier 2 Table 3.2-3 (ML11171A425)
PXS-PL-V121B,IRWST Line B Isolation,Passive Core Cooling System,PXS,Containment,C,I,ASME III-3,,DCD Rev 19 Tier 2 Table 3.2-3 (ML11171A425)
PXS-PL-V122A,IRWST Injection A Check,Passive Core Cooling System,PXS,Containment,A,I,ASME III-1,,DCD Rev 19 Tier 2 Table 3.2-3 (ML11171A425)
PXS-PL-V122B,IRWST Injection B Check,Passive Core Cooling System,PXS,Containment,A,I,ASME III-1,,DCD Rev 19 Tier 2 Table 3.2-3 (ML11171A425)
PXS-PL-V123A,IRWST Injection A Isolation,Passive Core Cooling System,PXS,Containment,A,I,ASME III-1,,DCD Rev 19 Tier 2 Table 3.2-3 (ML11171A425)
PXS-PL-V123B,IRWST Injection B Isolation,Passive Core Cooling System,PXS,Containment,A,I,ASME III-1,,DCD Rev 19 Tier 2 Table 3.2-3 (ML11171A425)
PXS-PL-V124A,IRWST Injection A Check,Passive Core Cooling System,PXS,Containment,A,I,ASME III-1,,DCD Rev 19 Tier 2 Table 3.2-3 (ML11171A425)
PXS-PL-V124B,IRWST Injection B Check,Passive Core Cooling System,PXS,Containment,A,I,ASME III-1,,DCD Rev 19 Tier 2 Table 3.2-3 (ML11171A425)
PXS-PL-V125A,IRWST Injection A Isolation,Passive Core Cooling System,PXS,Containment,A,I,ASME III-1,,DCD Rev 19 Tier 2 Table 3.2-3 (ML11171A425)
PXS-PL-V125B,IRWST Injection B Isolation,Passive Core Cooling System,PXS,Containment,A,I,ASME III-1,,DCD Rev 19 Tier 2 Table 3.2-3 (ML11171A425)
PXS-PL-V126A,IRWST Injection Check Test,Passive Core Cooling System,PXS,Containment,C,I,ASME III-3,,DCD Rev 19 Tier 2 Table 3.2-3 (ML11171A425)
PXS-PL-V126B,IRWST Injection Check Test,Passive Core Cooling System,PXS,Containment,C,I,ASME III-3,,DCD Rev 19 Tier 2 Table 3.2-3 (ML11171A425)
PXS-PL-V127,IRWST Injection Line A Drain,Passive Core Cooling System,PXS,Containment,C,I,ASME III-3,,DCD Rev 19 Tier 2 Table 3.2-3 (ML11171A425)
PXS-PL-V128A,IRWST Injection Check Test,Passive Core Cooling System,PXS,Containment,A,I,ASME III-1,,DCD Rev 19 Tier 2 Table 3.2-3 (ML11171A425)
PXS-PL-V128B,IRWST Injection Check Test,Passive Core Cooling System,PXS,Containment,A,I,ASME III-1,,DCD Rev 19 Tier 2 Table 3.2-3 (ML11171A425)
PXS-PL-V129A,IRWST Injection Check Test,Passive Core Cooling System,PXS,Containment,A,I,ASME III-1,,DCD Rev 19 Tier 2 Table 3.2-3 (ML11171A425)
PXS-PL-V129B,IRWST Injection Check Test,Passive Core Cooling System,PXS,Containment,A,I,ASME III-1,,DCD Rev 19 Tier 2 Table 3.2-3 (ML11171A425)
PXS-PL-V130A,IRWST Gutter Bypass A Isolation,Passive Core Cooling System,PXS,Containment,C,I,ASME III-3,,DCD Rev 19 Tier 2 Table 3.2-3 (ML11171A425)
PXS-PL-V130B,IRWST Gutter Bypass B Isolation,Passive Core Cooling System,PXS,Containment,C,I,ASME III-3,,DCD Rev 19 Tier 2 Table 3.2-3 (ML11171A425)
PXS-PL-V131A,IRWST Injection Line A Drain,Passive Core Cooling System,PXS,Containment,B,I,ASME III-2,,DCD Rev 19 Tier 2 Table 3.2-3 (ML11171A425)
PXS-PL-V131B,IRWST Injection Line B Drain,Passive Core Cooling System,PXS,Containment,B,I,ASME III-2,,DCD Rev 19 Tier 2 Table 3.2-3 (ML11171A425)
PXS-PL-V132A,IRWST Injection Line A Drain,Passive Core Cooling System,PXS,Containment,B,I,ASME III-2,,DCD Rev 19 Tier 2 Table 3.2-3 (ML11171A425)
PXS-PL-V132B,IRWST Injection Line B Drain,Passive Core Cooling System,PXS,Containment,B,I,ASME III-2,,DCD Rev 19 Tier 2 Table 3.2-3 (ML11171A425)
PXS-PL-V133A,IRWST Injection Line A Highpoint Vent,Passive Core Cooling System,PXS,Containment,B,I,ASME III-2,,DCD Rev 19 Tier 2 Table 3.2-3 (ML11171A425)
PXS-PL-V133B,IRWST Injection Line B Highpoint Vent,Passive Core Cooling System,PXS,Containment,B,I,ASME III-2,,DCD Rev 19 Tier 2 Table 3.2-3 (ML11171A425)
PXS-PL-V134A,IRWST Injection Line A Highpoint Vent,Passive Core Cooling System,PXS,Containment,B,I,ASME III-2,,DCD Rev 19 Tier 2 Table 3.2-3 (ML11171A425)
PXS-PL-V134B,IRWST Injection Line B Highpoint Vent,Passive Core Cooling System,PXS,Containment,B,I,ASME III-2,,DCD Rev 19 Tier 2 Table 3.2-3 (ML11171A425)
PXS-PL-V135A,IRWST Injection Line A Highpoint Vent Isolation,Passive Core Cooling System,PXS,Containment,B,I,ASME III-2,,DCD Rev 19 Tier 2 Table 3.2-3 (ML11171A425)
PXS-PL-V135B,IRWST Injection Line B Highpoint Vent Isolation,Passive Core Cooling System,PXS,Containment,B,I,ASME III-2,,DCD Rev 19 Tier 2 Table 3.2-3 (ML11171A425)
PXS-PL-V149,RNS Suction Pump Line Drain,Passive Core Cooling System,PXS,Containment,C,I,ASME III-3,,DCD Rev 19 Tier 2 Table 3.2-3 (ML11171A425)
PXS-PL-V150A,IRWST Level Transmitter A Isolation,Passive Core Cooling System,PXS,Containment,C,I,ASME III-3,,DCD Rev 19 Tier 2 Table 3.2-3 (ML11171A425)
PXS-PL-V150B,IRWST Level Transmitter B Isolation,Passive Core Cooling System,PXS,Containment,C,I,ASME III-3,,DCD Rev 19 Tier 2 Table 3.2-3 (ML11171A425)
PXS-PL-V150C,IRWST Level Transmitter C Isolation,Passive Core Cooling System,PXS,Containment,C,I,ASME III-3,,DCD Rev 19 Tier 2 Table 3.2-3 (ML11171A425)
PXS-PL-V150D,IRWST Level Transmitter D Isolation,Passive Core Cooling System,PXS,Containment,C,I,ASME III-3,,DCD Rev 19 Tier 2 Table 3.2-3 (ML11171A425)
PXS-PL-V151A,IRWST Level Transmitter A Isolation,Passive Core Cooling System,PXS,Containment,C,I,ASME III-3,,DCD Rev 19 Tier 2 Table 3.2-3 (ML11171A425)
PXS-PL-V151B,IRWST Level Transmitter B Isolation,Passive Core Cooling System,PXS,Containment,C,I,ASME III-3,,DCD Rev 19 Tier 2 Table 3.2-3 (ML11171A425)
PXS-PL-V151C,IRWST Level Transmitter C Isolation,Passive Core Cooling System,PXS,Containment,C,I,ASME III-3,,DCD Rev 19 Tier 2 Table 3.2-3 (ML11171A425)
PXS-PL-V151D,IRWST Level Transmitter D Isolation,Passive Core Cooling System,PXS,Containment,C,I,ASME III-3,,DCD Rev 19 Tier 2 Table 3.2-3 (ML11171A425)
PXS-PL-V201A,Accumulator A Leak Test,Passive Core Cooling System,PXS,Containment,B,I,ASME III-2,,DCD Rev 19 Tier 2 Table 3.2-3 (ML11171A425)
PXS-PL-V201B,Accumulator B Leak Test,Passive Core Cooling System,PXS,Containment,B,I,ASME III-2,,DCD Rev 19 Tier 2 Table 3.2-3 (ML11171A425)
PXS-PL-V202A,Accumulator A Leak Test,Passive Core Cooling System,PXS,Containment,C,I,ASME III-3,,DCD Rev 19 Tier 2 Table 3.2-3 (ML11171A425)
PXS-PL-V202B,Accumulator B Leak Test,Passive Core Cooling System,PXS,Containment,C,I,ASME III-3,,DCD Rev 19 Tier 2 Table 3.2-3 (ML11171A425)
PXS-PL-V205A,RNS Discharge Leak Test,Passive Core Cooling System,PXS,Containment,B,I,ASME III-2,,DCD Rev 19 Tier 2 Table 3.2-3 (ML11171A425)
PXS-PL-V205B,RNS Discharge Leak Test,Passive Core Cooling System,PXS,Containment,B,I,ASME III-2,,DCD Rev 19 Tier 2 Table 3.2-3 (ML11171A425)
PXS-PL-V206,RNS Discharge Leak Test,Passive Core Cooling System,PXS,Containment,C,I,ASME III-3,,DCD Rev 19 Tier 2 Table 3.2-3 (ML11171A425)
PXS-PL-V207A,RNS Suction Leak Test,Passive Core Cooling System,PXS,Containment,B,I,ASME III-2,,DCD Rev 19 Tier 2 Table 3.2-3 (ML11171A425)
PXS-PL-V207B,RNS Suction Leak Test,Passive Core Cooling System,PXS,Containment,B,I,ASME III-2,,DCD Rev 19 Tier 2 Table 3.2-3 (ML11171A425)
PXS-PL-V208A,RNS Suction Leak Test,Passive Core Cooling System,PXS,Containment,B,I,ASME III-2,,DCD Rev 19 Tier 2 Table 3.2-3 (ML11171A425)
PXS-PL-V217,PXS Leak Test Line Isolation,Passive Core Cooling System,PXS,Containment,D,NS,ANSI B31.1,,DCD Rev 19 Tier 2 Table 3.2-3 (ML11171A425)
PXS-PL-V221,Test Header to IRWST,Passive Core Cooling System,PXS,Containment,D,NS,ANSI B31.1,,DCD Rev 19 Tier 2 Table 3.2-3 (ML11171A425)
PXS-PL-V230A,CMT A Fill Isolation,Passive Core Cooling System,PXS,Containment,B,I,ASME III-2,,DCD Rev 19 Tier 2 Table 3.2-3 (ML11171A425)
PXS-PL-V230B,CMT B Fill Isolation,Passive Core Cooling System,PXS,Containment,B,I,ASME III-2,,DCD Rev 19 Tier 2 Table 3.2-3 (ML11171A425)
PXS-PL-V231A,CMT A Fill Check,Passive Core Cooling System,PXS,Containment,B,I,ASME III-2,,DCD Rev 19 Tier 2 Table 3.2-3 (ML11171A425)
PXS-PL-V231B,CMT B Fill Check,Passive Core Cooling System,PXS,Containment,B,I,ASME III-2,,DCD Rev 19 Tier 2 Table 3.2-3 (ML11171A425)
PXS-PL-V232A,Accumulator A Fill/Drain Isolation,Passive Core Cooling System,PXS,Containment,C,I,ASME III-3,,DCD Rev 19 Tier 2 Table 3.2-3 (ML11171A425)
PXS-PL-V232B,Accumulator B Fill/Drain Isolation,Passive Core Cooling System,PXS,Containment,C,I,ASME III-3,,DCD Rev 19 Tier 2 Table 3.2-3 (ML11171A425)
PXS-PL-V250A,CMT A Check Valve Test Valve,Passive Core Cooling System,PXS,Containment,A,I,ASME III-1,,DCD Rev 19 Tier 2 Table 3.2-3 (ML11171A425)
PXS-PL-V250B,CMT B Check Valve Test Valve,Passive Core Cooling System,PXS,Containment,A,I,ASME III-1,,DCD Rev 19 Tier 2 Table 3.2-3 (ML11171A425)
PXS-PL-V251A,CMT A Check Valve Test Valve,Passive Core Cooling System,PXS,Containment,A,I,ASME III-1,,DCD Rev 19 Tier 2 Table 3.2-3 (ML11171A425)
PXS-PL-V251B,CMT B Check Valve Test Valve,Passive Core Cooling System,PXS,Containment,A,I,ASME III-1,,DCD Rev 19 Tier 2 Table 3.2-3 (ML11171A425)
PXS-PL-V252A,CMT A Check Valve Test Valve,Passive Core Cooling System,PXS,Containment,A,I,ASME III-1,,DCD Rev 19 Tier 2 Table 3.2-3 (ML11171A425)
PXS-PL-V252B,CMT B Check Valve Test Valve,Passive Core Cooling System,PXS,Containment,A,I,ASME III-1,,DCD Rev 19 Tier 2 Table 3.2-3 (ML11171A425)
PXS-PY-C01,Nitrogen Makeup Containment Penetration,Passive Core Cooling System,PXS,Containment,B,I,"ASME III, 2",,DCD Rev 19 Tier 2 Table 3.2-3 (ML11171A425)
RCS-MB-01,Steam Generator 1,Reactor Coolant System,RCS,Containment,A,I,ASME III-1,,DCD Rev 19 Tier 2 Table 3.2-3 (ML11171A425)
RCS-MB-02,Steam Generator 2,Reactor Coolant System,RCS,Containment,A,I,ASME III-1,,DCD Rev 19 Tier 2 Table 3.2-3 (ML11171A425)
RCS-MP-01A/B,SG 1A(B) Reactor Coolant Pump,Reactor Coolant System,RCS,Containment,A,I,ASME III-1,Pump Motor – Class D,DCD Rev 19 Tier 2 Table 3.2-3 (ML11171A425)
n/a,Rotor Shaft,Reactor Coolant System,RCS,Containment,C,I,Manufacturer Std,,DCD Rev 19 Tier 2 Table 3.2-3 (ML11171A425)
n/a,Impeller,Reactor Coolant System,RCS,Containment,C,I,Manufacturer Std,,DCD Rev 19 Tier 2 Table 3.2-3 (ML11171A425)
n/a,Flywheel,Reactor Coolant System,RCS,Containment,C,I,Manufacturer Std,,DCD Rev 19 Tier 2 Table 3.2-3 (ML11171A425)
n/a,RCP Heat Exchanger (Tube Side),Reactor Coolant System,RCS,Containment,A,I,ASME III-1,"Shellside – Class D, ASME VIII, Div. 1",DCD Rev 19 Tier 2 Table 3.2-3 (ML11171A425)
n/a,Pump Motor Cooling Water to HX Inlet Connector,Reactor Coolant System,RCS,Containment,A,I,ASME III-1,,DCD Rev 19 Tier 2 Table 3.2-3 (ML11171A425)
n/a,Pump Motor Cooling Water from HX Outlet Connector,Reactor Coolant System,RCS,Containment,A,I,ASME III-1,,DCD Rev 19 Tier 2 Table 3.2-3 (ML11171A425)
RCS-MP-02A/B,SG 2A(B) Reactor Coolant Pump,Reactor Coolant System,RCS,Containment,A,I,ASME III-1,Pump Motor – Class D,DCD Rev 19 Tier 2 Table 3.2-3 (ML11171A425)
n/a,Rotor Shaft,Reactor Coolant System,RCS,Containment,C,I,Manufacturer Std,,DCD Rev 19 Tier 2 Table 3.2-3 (ML11171A425)
n/a,Impeller,Reactor Coolant System,RCS,Containment,C,I,Manufacturer Std,,DCD Rev 19 Tier 2 Table 3.2-3 (ML11171A425)
n/a,Flywheel,Reactor Coolant System,RCS,Containment,C,I,Manufacturer Std,,DCD Rev 19 Tier 2 Table 3.2-3 (ML11171A425)
n/a,RCP Heat Exchanger (Tube Side),Reactor Coolant System,RCS,Containment,A,I,ASME III-1,"Shellside – Class D, ASME VIII, Div. 1",DCD Rev 19 Tier 2 Table 3.2-3 (ML11171A425)
n/a,Pump Motor Cooling Water to HX Inlet Connector,Reactor Coolant System,RCS,Containment,A,I,ASME III-1,,DCD Rev 19 Tier 2 Table 3.2-3 (ML11171A425)
n/a,Pump Motor Cooling Water from HX Outlet Connector,Reactor Coolant System,RCS,Containment,A,I,ASME III-1,,DCD Rev 19 Tier 2 Table 3.2-3 (ML11171A425)
RCS-MV-01,Reactor Vessel,Reactor Coolant System,RCS,Containment,A,I,ASME III-1,,DCD Rev 19 Tier 2 Table 3.2-3 (ML11171A425)
RCS-MV-02,Pressurizer,Reactor Coolant System,RCS,Containment,A,I,ASME III-1,,DCD Rev 19 Tier 2 Table 3.2-3 (ML11171A425)
RCS-MY-Y11,SG 1 Shell,Reactor Coolant System,RCS,Containment,B,I,ASME III-1,,DCD Rev 19 Tier 2 Table 3.2-3 (ML11171A425)
RCS-MY-Y12,SG 1 Channel Head Divider Plate,Reactor Coolant System,RCS,Containment,B,I,ASME III-1,,DCD Rev 19 Tier 2 Table 3.2-3 (ML11171A425)
RCS-MY-Y13,SG 1 Tube Bundle Support Assembly,Reactor Coolant System,RCS,Containment,C,I,"ASME III, NG",,DCD Rev 19 Tier 2 Table 3.2-3 (ML11171A425)
RCS-MY-Y14,SG 1 Steam Flow Limiting Venturi,Reactor Coolant System,RCS,Containment,B,I,"ASME III, NG",,DCD Rev 19 Tier 2 Table 3.2-3 (ML11171A425)
RCS-MY-Y15,SG 1 Feedwater Distribution Ring Supports,Reactor Coolant System,RCS,Containment,B,I,"ASME III, NG",,DCD Rev 19 Tier 2 Table 3.2-3 (ML11171A425)
RCS-MY-Y21,SG 2 Shell,Reactor Coolant System,RCS,Containment,B,I,ASME III-1,,DCD Rev 19 Tier 2 Table 3.2-3 (ML11171A425)
RCS-MY-Y22,SG 2 Channel Head Divider Plate,Reactor Coolant System,RCS,Containment,B,I,ASME III-1,,DCD Rev 19 Tier 2 Table 3.2-3 (ML11171A425)
RCS-MY-Y23,SG 2 Tube Bundle Support Assembly,Reactor Coolant System,RCS,Containment,C,I,"ASME III, NG",,DCD Rev 19 Tier 2 Table 3.2-3 (ML11171A425)
RCS-MY-Y24,SG 2 Steam Flow Limiting Venturi,Reactor Coolant System,RCS,Containment,B,I,"ASME III, NG",,DCD Rev 19 Tier 2 Table 3.2-3 (ML11171A425)
RCS-MY-Y25,SG 2 Feedwater Distribution Ring Supports,Reactor Coolant System,RCS,Containment,B,I,"ASME III, NG",,DCD Rev 19 Tier 2 Table 3.2-3 (ML11171A425)
RCS-PL-V001A,First Stage ADS,Reactor Coolant System,RCS,Containment,A,I,ASME III-1,,DCD Rev 19 Tier 2 Table 3.2-3 (ML11171A425)
RCS-PL-V001B,First Stage ADS,Reactor Coolant System,RCS,Containment,A,I,ASME III-1,,DCD Rev 19 Tier 2 Table 3.2-3 (ML11171A425)
RCS-PL-V002A,Second Stage ADS,Reactor Coolant System,RCS,Containment,A,I,ASME III-1,,DCD Rev 19 Tier 2 Table 3.2-3 (ML11171A425)
RCS-PL-V002B,Second Stage ADS,Reactor Coolant System,RCS,Containment,A,I,ASME III-1,,DCD Rev 19 Tier 2 Table 3.2-3 (ML11171A425)
RCS-PL-V003A,Third Stage ADS,Reactor Coolant System,RCS,Containment,A,I,ASME III-1,,DCD Rev 19 Tier 2 Table 3.2-3 (ML11171A425)
RCS-PL-V003B,Third Stage ADS,Reactor Coolant System,RCS,Containment,A,I,ASME III-1,,DCD Rev 19 Tier 2 Table 3.2-3 (ML11171A425)
RCS-PL-V004A,Fourth Stage ADS,Reactor Coolant System,RCS,Containment,A,I,ASME III-1,,DCD Rev 19 Tier 2 Table 3.2-3 (ML11171A425)
RCS-PL-V004B,Fourth Stage ADS,Reactor Coolant System,RCS,Containment,A,I,ASME III-1,,DCD Rev 19 Tier 2 Table 3.2-3 (ML11171A425)
RCS-PL-V004C,Fourth Stage ADS,Reactor Coolant System,RCS,Containment,A,I,ASME III-1,,DCD Rev 19 Tier 2 Table 3.2-3 (ML11171A425)
RCS-PL-V004D,Fourth Stage ADS,Reactor Coolant System,RCS,Containment,A,I,ASME III-1,,DCD Rev 19 Tier 2 Table 3.2-3 (ML11171A425)
RCS-PL-V005A,Pressurizer Safety Valve,Reactor Coolant System,RCS,Containment,A,I,ASME III-1,,DCD Rev 19 Tier 2 Table 3.2-3 (ML11171A425)
RCS-PL-V005B,Pressurizer Safety Valve,Reactor Coolant System,RCS,Containment,A,I,ASME III-1,,DCD Rev 19 Tier 2 Table 3.2-3 (ML11171A425)
RCS-PL-V007A,ADS Test Valve,Reactor Coolant System,RCS,Containment,B,I,ASME III-2,,DCD Rev 19 Tier 2 Table 3.2-3 (ML11171A425)
RCS-PL-V007B,ADS Test Valve,Reactor Coolant System,RCS,Containment,B,I,ASME III-2,,DCD Rev 19 Tier 2 Table 3.2-3 (ML11171A425)
RCS-PL-V010A,ADS Discharge Header A Vacuum Relief,Reactor Coolant System,RCS,Containment,C,I,ASME III-3,,DCD Rev 19 Tier 2 Table 3.2-3 (ML11171A425)
RCS-PL-V010B,ADS Discharge Header B Vacuum Relief,Reactor Coolant System,RCS,Containment,C,I,ASME III-3,,DCD Rev 19 Tier 2 Table 3.2-3 (ML11171A425)
RCS-PL-V011A,First Stage ADS Isolation,Reactor Coolant System,RCS,Containment,A,I,ASME III-1,,DCD Rev 19 Tier 2 Table 3.2-3 (ML11171A425)
RCS-PL-V011B,First Stage ADS Isolation,Reactor Coolant System,RCS,Containment,A,I,ASME III-1,,DCD Rev 19 Tier 2 Table 3.2-3 (ML11171A425)
RCS-PL-V012A,Second Stage ADS Isolation,Reactor Coolant System,RCS,Containment,A,I,ASME III-1,,DCD Rev 19 Tier 2 Table 3.2-3 (ML11171A425)
RCS-PL-V012B,Second Stage ADS Isolation,Reactor Coolant System,RCS,Containment,A,I,ASME III-1,,DCD Rev 19 Tier 2 Table 3.2-3 (ML11171A425)
RCS-PL-V013A,Third Stage ADS Isolation,Reactor Coolant System,RCS,Containment,A,I,ASME III-1,,DCD Rev 19 Tier 2 Table 3.2-3 (ML11171A425)
RCS-PL-V013B,Third Stage ADS Isolation,Reactor Coolant System,RCS,Containment,A,I,ASME III-1,,DCD Rev 19 Tier 2 Table 3.2-3 (ML11171A425)
RCS-PL-V014A,Fourth Stage ADS Isolation,Reactor Coolant System,RCS,Containment,A,I,ASME III-1,,DCD Rev 19 Tier 2 Table 3.2-3 (ML11171A425)
RCS-PL-V014B,Fourth Stage ADS Isolation,Reactor Coolant System,RCS,Containment,A,I,ASME III-1,,DCD Rev 19 Tier 2 Table 3.2-3 (ML11171A425)
RCS-PL-V014C,Fourth Stage ADS Isolation,Reactor Coolant System,RCS,Containment,A,I,ASME III-1,,DCD Rev 19 Tier 2 Table 3.2-3 (ML11171A425)
RCS-PL-V014D,Fourth Stage ADS Isolation,Reactor Coolant System,RCS,Containment,A,I,ASME III-1,,DCD Rev 19 Tier 2 Table 3.2-3 (ML11171A425)
RCS-PL-V095,Hot Leg 2 Level Instrument Root,Reactor Coolant System,RCS,Containment,B,I,ASME III-2,,DCD Rev 19 Tier 2 Table 3.2-3 (ML11171A425)
RCS-PL-V096,Hot Leg 2 Level Instrument Root,Reactor Coolant System,RCS,Containment,B,I,ASME III-2,ADS Test Valve,DCD Rev 19 Tier 2 Table 3.2-3 (ML11171A425)
RCS-PL-V097,Hot Leg 1 Level Instrument Root,Reactor Coolant System,RCS,Containment,B,I,ASME III-2,,DCD Rev 19 Tier 2 Table 3.2-3 (ML11171A425)
RCS-PL-V098,Hot Leg 1 Level Instrument Root,Reactor Coolant System,RCS,Containment,B,I,ASME III-2,,DCD Rev 19 Tier 2 Table 3.2-3 (ML11171A425)
RCS-PL-V101A,Hot Leg 1 Flow Instrument Root,Reactor Coolant System,RCS,Containment,B,I,ASME III-2,,DCD Rev 19 Tier 2 Table 3.2-3 (ML11171A425)
RCS-PL-V101B,Hot Leg 1 Flow Instrument Root,Reactor Coolant System,RCS,Containment,B,I,ASME III-2,,DCD Rev 19 Tier 2 Table 3.2-3 (ML11171A425)
RCS-PL-V101C,Hot Leg 1 Flow Instrument Root,Reactor Coolant System,RCS,Containment,B,I,ASME III-2,,DCD Rev 19 Tier 2 Table 3.2-3 (ML11171A425)
RCS-PL-V101D,Hot Leg 1 Flow Instrument Root,Reactor Coolant System,RCS,Containment,B,I,ASME III-2,,DCD Rev 19 Tier 2 Table 3.2-3 (ML11171A425)
RCS-PL-V101E,Hot Leg 1 Flow Instrument Root,Reactor Coolant System,RCS,Containment,B,I,ASME III-2,,DCD Rev 19 Tier 2 Table 3.2-3 (ML11171A425)
RCS-PL-V101F,Hot Leg 1 Flow Instrument Root,Reactor Coolant System,RCS,Containment,B,I,ASME III-2,,DCD Rev 19 Tier 2 Table 3.2-3 (ML11171A425)
RCS-PL-V102A,Hot Leg 2 Flow Instrument Root,Reactor Coolant System,RCS,Containment,B,I,ASME III-2,,DCD Rev 19 Tier 2 Table 3.2-3 (ML11171A425)
RCS-PL-V102B,Hot Leg 2 Flow Instrument Root,Reactor Coolant System,RCS,Containment,B,I,ASME III-2,,DCD Rev 19 Tier 2 Table 3.2-3 (ML11171A425)
RCS-PL-V102C,Hot Leg 2 Flow Instrument Root,Reactor Coolant System,RCS,Containment,B,I,ASME III-2,,DCD Rev 19 Tier 2 Table 3.2-3 (ML11171A425)
RCS-PL-V102D,Hot Leg 2 Flow Instrument Root,Reactor Coolant System,RCS,Containment,B,I,ASME III-2,,DCD Rev 19 Tier 2 Table 3.2-3 (ML11171A425)
RCS-PL-V102E,Hot Leg 2 Flow Instrument Root,Reactor Coolant System,RCS,Containment,B,I,ASME III-2,,DCD Rev 19 Tier 2 Table 3.2-3 (ML11171A425)
RCS-PL-V102F,Hot Leg 2 Flow Instrument Root,Reactor Coolant System,RCS,Containment,B,I,ASME III-2,,DCD Rev 19 Tier 2 Table 3.2-3 (ML11171A425)
RCS-PL-V103,PRHR HX Outlet Line Drain,Reactor Coolant System,RCS,Containment,B,I,ASME III-2,,DCD Rev 19 Tier 2 Table 3.2-3 (ML11171A425)
RCS-PL-V171A,Cold Leg 1A Bend Instrument Root,Reactor Coolant System,RCS,Containment,B,I,ASME III-2,,DCD Rev 19 Tier 2 Table 3.2-3 (ML11171A425)
RCS-PL-V171B,Cold Leg 1A Bend Instrument Root,Reactor Coolant System,RCS,Containment,B,I,ASME III-2,,DCD Rev 19 Tier 2 Table 3.2-3 (ML11171A425)
RCS-PL-V172A,Cold Leg 1B Bend Instrument Root,Reactor Coolant System,RCS,Containment,B,I,ASME III-2,,DCD Rev 19 Tier 2 Table 3.2-3 (ML11171A425)
RCS-PL-V172B,Cold Leg 1B Bend Instrument Root,Reactor Coolant System,RCS,Containment,B,I,ASME III-2,,DCD Rev 19 Tier 2 Table 3.2-3 (ML11171A425)
RCS-PL-V173A,Cold Leg 2A Bend Instrument Root,Reactor Coolant System,RCS,Containment,B,I,ASME III-2,,DCD Rev 19 Tier 2 Table 3.2-3 (ML11171A425)
RCS-PL-V173B,Cold Leg 2A Bend Instrument Root,Reactor Coolant System,RCS,Containment,B,I,ASME III-2,,DCD Rev 19 Tier 2 Table 3.2-3 (ML11171A425)
RCS-PL-V174A,Cold Leg 2B Bend Instrument Root,Reactor Coolant System,RCS,Containment,B,I,ASME III-2,,DCD Rev 19 Tier 2 Table 3.2-3 (ML11171A425)
RCS-PL-V174B,Cold Leg 2B Bend Instrument Root,Reactor Coolant System,RCS,Containment,B,I,ASME III-2,,DCD Rev 19 Tier 2 Table 3.2-3 (ML11171A425)
RCS-PL-V108A,Hot Leg 1 Sample Isolation,Reactor Coolant System,RCS,Containment,B,I,ASME III-2,,DCD Rev 19 Tier 2 Table 3.2-3 (ML11171A425)
RCS-PL-V108B,Hot Leg 2 Sample Isolation,Reactor Coolant System,RCS,Containment,B,I,ASME III-2,,DCD Rev 19 Tier 2 Table 3.2-3 (ML11171A425)
RCS-PL-V110A,Pressurizer Spray Valve,Reactor Coolant System,RCS,Containment,A,I,ASME III-1,,DCD Rev 19 Tier 2 Table 3.2-3 (ML11171A425)
RCS-PL-V110B,Pressurizer Spray Valve,Reactor Coolant System,RCS,Containment,A,I,ASME III-1,,DCD Rev 19 Tier 2 Table 3.2-3 (ML11171A425)
RCS-PL-V111A,Pressurizer Spray Block Valve,Reactor Coolant System,RCS,Containment,A,I,ASME III-1,,DCD Rev 19 Tier 2 Table 3.2-3 (ML11171A425)
RCS-PL-V111B,Pressurizer Spray Block Valve,Reactor Coolant System,RCS,Containment,A,I,ASME III-1,,DCD Rev 19 Tier 2 Table 3.2-3 (ML11171A425)
RCS-PL-V120,Reactor Vessel Flange Leakoff,Reactor Coolant System,RCS,Containment,D,NS,ANSI B31.1,,DCD Rev 19 Tier 2 Table 3.2-3 (ML11171A425)
RCS-PL-V121,Reactor Vessel Flange Leakoff,Reactor Coolant System,RCS,Containment,D,NS,ANSI B31.1,,DCD Rev 19 Tier 2 Table 3.2-3 (ML11171A425)
RCS-PL-V122A,Reactor Vessel Flange Leakoff,Reactor Coolant System,RCS,Containment,D,NS,ANSI B31.1,,DCD Rev 19 Tier 2 Table 3.2-3 (ML11171A425)
RCS-PL-V122B,Reactor Vessel Flange Leakoff,Reactor Coolant System,RCS,Containment,D,NS,ANSI B31.1,,DCD Rev 19 Tier 2 Table 3.2-3 (ML11171A425)
RCS-PL-V150A,Reactor Vessel Head Vent,Reactor Coolant System,RCS,Containment,A,I,ASME III-1,,DCD Rev 19 Tier 2 Table 3.2-3 (ML11171A425)
RCS-PL-V150B,Reactor Vessel Head Vent,Reactor Coolant System,RCS,Containment,A,I,ASME III-1,,DCD Rev 19 Tier 2 Table 3.2-3 (ML11171A425)
RCS-PL-V150C,Reactor Vessel Head Vent,Reactor Coolant System,RCS,Containment,A,I,ASME III-1,,DCD Rev 19 Tier 2 Table 3.2-3 (ML11171A425)
RCS-PL-V150D,Reactor Vessel Head Vent,Reactor Coolant System,RCS,Containment,A,I,ASME III-1,,DCD Rev 19 Tier 2 Table 3.2-3 (ML11171A425)
RCS-PL-V204,Pressurizer Manual Vent,Reactor Coolant System,RCS,Containment,A,I,ASME III-1,,DCD Rev 19 Tier 2 Table 3.2-3 (ML11171A425)
RCS-PL-V205,Pressurizer Manual Vent,Reactor Coolant System,RCS,Containment,A,I,ASME III-1,,DCD Rev 19 Tier 2 Table 3.2-3 (ML11171A425)
RCS-PL-V210A,Pressurizer Spray Bypass,Reactor Coolant System,RCS,Containment,B,I,ASME III-2,,DCD Rev 19 Tier 2 Table 3.2-3 (ML11171A425)
RCS-PL-V210B,Pressurizer Spray Bypass,Reactor Coolant System,RCS,Containment,B,I,ASME III-2,,DCD Rev 19 Tier 2 Table 3.2-3 (ML11171A425)
RCS-PL-V225A,Pressurizer Level Steam Space Instrument Root,Reactor Coolant System,RCS,Containment,B,I,ASME III-2,,DCD Rev 19 Tier 2 Table 3.2-3 (ML11171A425)
RCS-PL-V225B,Pressurizer Level Steam Space Instrument Root,Reactor Coolant System,RCS,Containment,B,I,ASME III-2,,DCD Rev 19 Tier 2 Table 3.2-3 (ML11171A425)
RCS-PL-V225C,Pressurizer Level Steam Space Instrument Root,Reactor Coolant System,RCS,Containment,B,I,ASME III-2,,DCD Rev 19 Tier 2 Table 3.2-3 (ML11171A425)
RCS-PL-V225D,Pressurizer Level Steam Space Instrument Root,Reactor Coolant System,RCS,Containment,B,I,ASME III-2,,DCD Rev 19 Tier 2 Table 3.2-3 (ML11171A425)
RCS-PL-V226A,Pressurizer Level Liquid Space Instrument Root,Reactor Coolant System,RCS,Containment,B,I,ASME III-2,,DCD Rev 19 Tier 2 Table 3.2-3 (ML11171A425)
RCS-PL-V226B,Pressurizer Level Liquid Space Instrument Root,Reactor Coolant System,RCS,Containment,B,I,ASME III-2,,DCD Rev 19 Tier 2 Table 3.2-3 (ML11171A425)
RCS-PL-V226C,Pressurizer Level Liquid Space Instrument Root,Reactor Coolant System,RCS,Containment,B,I,ASME III-2,,DCD Rev 19 Tier 2 Table 3.2-3 (ML11171A425)
RCS-PL-V226D,Pressurizer Level Liquid Space Instrument Root,Reactor Coolant System,RCS,Containment,B,I,ASME III-2,,DCD Rev 19 Tier 2 Table 3.2-3 (ML11171A425)
RCS-PL-V228,Wide Range Pressurizer Level Steam Space Instrument Root,Reactor Coolant System,RCS,Containment,B,I,ASME III-2,,DCD Rev 19 Tier 2 Table 3.2-3 (ML11171A425)
RCS-PL-V229,Wide Range Pressurizer Level Liquid Space Instrument Root,Reactor Coolant System,RCS,Containment,B,I,ASME III-2,,DCD Rev 19 Tier 2 Table 3.2-3 (ML11171A425)
RCS-PL-V232,Manual Head Vent,Reactor Coolant System,RCS,Containment,C,I,ASME III-3,,DCD Rev 19 Tier 2 Table 3.2-3 (ML11171A425)
RCS-PL-V233,Head Vent Isolation,Reactor Coolant System,RCS,Containment,C,I,ASME III-3,,DCD Rev 19 Tier 2 Table 3.2-3 (ML11171A425)
RCS-PL-V241,ADS Valve Discharge Header Drain Isolation,Reactor Coolant System,RCS,Containment,C,I,ASME III-3,,DCD Rev 19 Tier 2 Table 3.2-3 (ML11171A425)
RCS-PL-V242,ADS Valve Discharge Header Drain Check,Reactor Coolant System,RCS,Containment,D,NS,ANSI 16.34,,DCD Rev 19 Tier 2 Table 3.2-3 (ML11171A425)
RCS-PL-V261A,RCP 1A Drain,Reactor Coolant System,RCS,Containment,A,I,ASME III-1,,DCD Rev 19 Tier 2 Table 3.2-3 (ML11171A425)
RCS-PL-V261B,RCP 1B Drain,Reactor Coolant System,RCS,Containment,A,I,ASME III-1,,DCD Rev 19 Tier 2 Table 3.2-3 (ML11171A425)
RCS-PL-V261C,RCP 2A Drain,Reactor Coolant System,RCS,Containment,A,I,ASME III-1,,DCD Rev 19 Tier 2 Table 3.2-3 (ML11171A425)
RCS-PL-V261D,RCP 2B Drain,Reactor Coolant System,RCS,Containment,A,I,ASME III-1,,DCD Rev 19 Tier 2 Table 3.2-3 (ML11171A425)
RCS-PL-V260A,RCP 1A Vent,Reactor Coolant System,RCS,Containment,A,I,ASME III-1,,DCD Rev 19 Tier 2 Table 3.2-3 (ML11171A425)
RCS-PL-V260B,RCP 1B Vent,Reactor Coolant System,RCS,Containment,A,I,ASME III-1,,DCD Rev 19 Tier 2 Table 3.2-3 (ML11171A425)
RCS-PL-V260C,RCP 2A Vent,Reactor Coolant System,RCS,Containment,A,I,ASME III-1,,DCD Rev 19 Tier 2 Table 3.2-3 (ML11171A425)
RCS-PL-V260D,RCP 2B Vent,Reactor Coolant System,RCS,Containment,A,I,ASME III-1,,DCD Rev 19 Tier 2 Table 3.2-3 (ML11171A425)
RCS-PY-K03,Safety Valve Discharge Chamber Rupture Disk,Reactor Coolant System,RCS,Containment,C,I,ASME III-3,,DCD Rev 19 Tier 2 Table 3.2-3 (ML11171A425)
RCS-PY-K04,Safety Valve Discharge Chamber Rupture Disk,Reactor Coolant System,RCS,Containment,C,I,ASME III-3,,DCD Rev 19 Tier 2 Table 3.2-3 (ML11171A425)
RNS-ME-01A,Normal Residual Heat Removal Heat Exchanger A (Tube Side),Normal Residual Heat Removal System,RNS,Containment and Auxiliary Building,C,I,ASME III-3,"Shellside – Class D ASME VIII, Div. 1",DCD Rev 19 Tier 2 Table 3.2-3 (ML11171A425)
RNS-ME-01B,Normal Residual Heat Removal Heat Exchanger B (Tube Side),Normal Residual Heat Removal System,RNS,Containment and Auxiliary Building,C,I,ASME III-3,"Shellside – Class D ASME VIII, Div. 1",DCD Rev 19 Tier 2 Table 3.2-3 (ML11171A425)
RNS-MP-01A,Residual Heat Removal Pump A,Normal Residual Heat Removal System,RNS,Containment and Auxiliary Building,C,I,ASME III-3,Pump Motor - Class D,DCD Rev 19 Tier 2 Table 3.2-3 (ML11171A425)
RNS-MP-01B,Residual Heat Removal Pump B,Normal Residual Heat Removal System,RNS,Containment and Auxiliary Building,C,I,ASME III-3,Pump Motor - Class D,DCD Rev 19 Tier 2 Table 3.2-3 (ML11171A425)
RNS-PL-V001A,RNS HL Suction Isolation - Inner,Normal Residual Heat Removal System,RNS,Containment and Auxiliary Building,A,I,ASME III-1,,DCD Rev 19 Tier 2 Table 3.2-3 (ML11171A425)
RNS-PL-V001B,RNS HL Suction Isolation - Inner,Normal Residual Heat Removal System,RNS,Containment and Auxiliary Building,A,I,ASME III-1,,DCD Rev 19 Tier 2 Table 3.2-3 (ML11171A425)
RNS-PL-V002A,RNS HL Suction and Containment Isolation - Outer,Normal Residual Heat Removal System,RNS,Containment and Auxiliary Building,A,I,ASME III-1,,DCD Rev 19 Tier 2 Table 3.2-3 (ML11171A425)
RNS-PL-V002B,RNS HL Suction and Containment Isolation - Outer,Normal Residual Heat Removal System,RNS,Containment and Auxiliary Building,A,I,ASME III-1,,DCD Rev 19 Tier 2 Table 3.2-3 (ML11171A425)
RNS-PL-V003A,RCS Pressure Boundary Valve Thermal Relief,Normal Residual Heat Removal System,RNS,Containment and Auxiliary Building,B,I,ASME III-2,,DCD Rev 19 Tier 2 Table 3.2-3 (ML11171A425)
RNS-PL-V003B,RCS Pressure Boundary Valve Thermal Relief,Normal Residual Heat Removal System,RNS,Containment and Auxiliary Building,B,I,ASME III-2,,DCD Rev 19 Tier 2 Table 3.2-3 (ML11171A425)
RNS-PL-V004A,RCS Pressure Boundary Valve Thermal Relief Isolation,Normal Residual Heat Removal System,RNS,Containment and Auxiliary Building,B,I,ASME III-2,,DCD Rev 19 Tier 2 Table 3.2-3 (ML11171A425)
RNS-PL-V004B,RCS Pressure Boundary Valve Thermal Relief Isolation,Normal Residual Heat Removal System,RNS,Containment and Auxiliary Building,B,I,ASME III-2,,DCD Rev 19 Tier 2 Table 3.2-3 (ML11171A425)
RNS-PL-V005A,RNS Pump A Suction Isolation,Normal Residual Heat Removal System,RNS,Containment and Auxiliary Building,C,I,ASME III-3,,DCD Rev 19 Tier 2 Table 3.2-3 (ML11171A425)
RNS-PL-V005B,RNS Pump B Suction Isolation,Normal Residual Heat Removal System,RNS,Containment and Auxiliary Building,C,I,ASME III-3,,DCD Rev 19 Tier 2 Table 3.2-3 (ML11171A425)
RNS-PL-V006A,RNS HX A Outlet Flow Control,Normal Residual Heat Removal System,RNS,Containment and Auxiliary Building,C,I,ASME III-3,,DCD Rev 19 Tier 2 Table 3.2-3 (ML11171A425)
RNS-PL-V006B,RNS HX B Outlet Flow Control,Normal Residual Heat Removal System,RNS,Containment and Auxiliary Building,C,I,ASME III-3,,DCD Rev 19 Tier 2 Table 3.2-3 (ML11171A425)
RNS-PL-V007A,RNS Pump A Discharge Isolation,Normal Residual Heat Removal System,RNS,Containment and Auxiliary Building,C,I,ASME III-3,,DCD Rev 19 Tier 2 Table 3.2-3 (ML11171A425)
RNS-PL-V007B,RNS Pump B Discharge Isolation,Normal Residual Heat Removal System,RNS,Containment and Auxiliary Building,C,I,ASME III-3,,DCD Rev 19 Tier 2 Table 3.2-3 (ML11171A425)
RNS-PL-V008A,RNS HX A Bypass Flow Control,Normal Residual Heat Removal System,RNS,Containment and Auxiliary Building,C,I,ASME III-3,,DCD Rev 19 Tier 2 Table 3.2-3 (ML11171A425)
RNS-PL-V008B,RNS HX B Bypass Flow Control,Normal Residual Heat Removal System,RNS,Containment and Auxiliary Building,C,I,ASME III-3,,DCD Rev 19 Tier 2 Table 3.2-3 (ML11171A425)
RNS-PL-V010,RNS Discharge Containment Isolation Valve Test,Normal Residual Heat Removal System,RNS,Containment and Auxiliary Building,C,I,ASME III-3,,DCD Rev 19 Tier 2 Table 3.2-3 (ML11171A425)
RNS-PL-V011,RNS Discharge Containment Isolation Valve - ORC,Normal Residual Heat Removal System,RNS,Containment and Auxiliary Building,B,I,ASME III-2,,DCD Rev 19 Tier 2 Table 3.2-3 (ML11171A425)
RNS-PL-V012,RNS Discharge Containment Isolation Valve Test Connection ORC,Normal Residual Heat Removal System,RNS,Containment and Auxiliary Building,B,I,ASME III-2,,DCD Rev 19 Tier 2 Table 3.2-3 (ML11171A425)
RNS-PL-V013,RNS Discharge Containment Isolation - IRC,Normal Residual Heat Removal System,RNS,Containment and Auxiliary Building,B,I,ASME III-2,,DCD Rev 19 Tier 2 Table 3.2-3 (ML11171A425)
RNS-PL-V014,RNS Discharge Containment Isolation Valve Test Connection,Normal Residual Heat Removal System,RNS,Containment and Auxiliary Building,C,I,ASME III-3,,DCD Rev 19 Tier 2 Table 3.2-3 (ML11171A425)
RNS-PL-V015A,RNS Discharge RCS Pressure Boundary,Normal Residual Heat Removal System,RNS,Containment and Auxiliary Building,A,I,ASME III-1,,DCD Rev 19 Tier 2 Table 3.2-3 (ML11171A425)
RNS-PL-V015B,RNS Discharge RCS Pressure Boundary,Normal Residual Heat Removal System,RNS,Containment and Auxiliary Building,A,I,ASME III-1,,DCD Rev 19 Tier 2 Table 3.2-3 (ML11171A425)
RNS-PL-V016,RNS Discharge Containment Penetration Isolation Valves Test,Normal Residual Heat Removal System,RNS,Containment and Auxiliary Building,C,I,ASME III-3,,DCD Rev 19 Tier 2 Table 3.2-3 (ML11171A425)
RNS-PL-V017A,RNS Discharge RCS Pressure Boundary,Normal Residual Heat Removal System,RNS,Containment and Auxiliary Building,A,I,ASME III-1,,DCD Rev 19 Tier 2 Table 3.2-3 (ML11171A425)
RNS-PL-V017B,RNS Discharge RCS Pressure Boundary,Normal Residual Heat Removal System,RNS,Containment and Auxiliary Building,A,I,ASME III-1,,DCD Rev 19 Tier 2 Table 3.2-3 (ML11171A425)
RNS-PL-V021,RNS HL Suction Pressure Relief,Normal Residual Heat Removal System,RNS,Containment and Auxiliary Building,B,I,ASME III-2,,DCD Rev 19 Tier 2 Table 3.2-3 (ML11171A425)
RNS-PL-V022,RNS Suction Header Containment Isolation - ORC,Normal Residual Heat Removal System,RNS,Containment and Auxiliary Building,B,I,ASME III-2,,DCD Rev 19 Tier 2 Table 3.2-3 (ML11171A425)
RNS-PL-V023,RNS Suction from IRWST - Containment Isolation,Normal Residual Heat Removal System,RNS,Containment and Auxiliary Building,B,I,ASME III-2,,DCD Rev 19 Tier 2 Table 3.2-3 (ML11171A425)
RNS-PL-V024,RNS Discharge to IRWST Isolation,Normal Residual Heat Removal System,RNS,Containment and Auxiliary Building,C,I,ASME III-3,,DCD Rev 19 Tier 2 Table 3.2-3 (ML11171A425)
RNS-PL-V029,RNS Discharge to CVS,Normal Residual Heat Removal System,RNS,Containment and Auxiliary Building,C,I,ASME III-3,,DCD Rev 19 Tier 2 Table 3.2-3 (ML11171A425)
RNS-PL-V030A,RNS HX A Shell Drain,Normal Residual Heat Removal System,RNS,Containment and Auxiliary Building,D,NS,ANSI B31.1,,DCD Rev 19 Tier 2 Table 3.2-3 (ML11171A425)
RNS-PL-V030B,RNS HX B Shell Drain,Normal Residual Heat Removal System,RNS,Containment and Auxiliary Building,D,NS,ANSI B31.1,,DCD Rev 19 Tier 2 Table 3.2-3 (ML11171A425)
RNS-PL-V031A,RNS Train A Discharge Flow Instrument Isolation,Normal Residual Heat Removal System,RNS,Containment and Auxiliary Building,C,I,ASME III-3,,DCD Rev 19 Tier 2 Table 3.2-3 (ML11171A425)
RNS-PL-V031B,RNS Train B Discharge Flow Instrument Isolation,Normal Residual Heat Removal System,RNS,Containment and Auxiliary Building,C,I,ASME III-3,,DCD Rev 19 Tier 2 Table 3.2-3 (ML11171A425)
RNS-PL-V032A,RNS Train A Discharge Flow Instrument Isolation,Normal Residual Heat Removal System,RNS,Containment and Auxiliary Building,C,I,ASME III-3,,DCD Rev 19 Tier 2 Table 3.2-3 (ML11171A425)
RNS-PL-V032B,RNS Train B Discharge Flow Instrument Isolation,Normal Residual Heat Removal System,RNS,Containment and Auxiliary Building,C,I,ASME III-3,,DCD Rev 19 Tier 2 Table 3.2-3 (ML11171A425)
RNS-PL-V033A,RNS Pump A Suction Pressure Instrument Isolation,Normal Residual Heat Removal System,RNS,Containment and Auxiliary Building,C,I,ASME III-3,,DCD Rev 19 Tier 2 Table 3.2-3 (ML11171A425)
RNS-PL-V033B,RNS Pump B Suction Pressure Instrument Isolation,Normal Residual Heat Removal System,RNS,Containment and Auxiliary Building,C,I,ASME III-3,,DCD Rev 19 Tier 2 Table 3.2-3 (ML11171A425)
RNS-PL-V034A,RNS Pump A Discharge Pressure Instrument Isolation,Normal Residual Heat Removal System,RNS,Containment and Auxiliary Building,C,I,ASME III-3,,DCD Rev 19 Tier 2 Table 3.2-3 (ML11171A425)
RNS-PL-V034B,RNS Pump B Discharge Pressure Instrument Isolation,Normal Residual Heat Removal System,RNS,Containment and Auxiliary Building,C,I,ASME III-3,,DCD Rev 19 Tier 2 Table 3.2-3 (ML11171A425)
RNS-PL-V035A,RNS HX A Shell Vent,Normal Residual Heat Removal System,RNS,Containment and Auxiliary Building,D,NS,ANSI 16.34,,DCD Rev 19 Tier 2 Table 3.2-3 (ML11171A425)
RNS-PL-V035B,RNS HX B Shell Vent,Normal Residual Heat Removal System,RNS,Containment and Auxiliary Building,D,NS,ANSI 16.34,,DCD Rev 19 Tier 2 Table 3.2-3 (ML11171A425)
RNS-PL-V036A,RNS Pump A Suction Piping Drain. Isolation,Normal Residual Heat Removal System,RNS,Containment and Auxiliary Building,C,I,ASME III-3,,DCD Rev 19 Tier 2 Table 3.2-3 (ML11171A425)
RNS-PL-V036B,RNS Pump B Suction Piping Drain. Isolation,Normal Residual Heat Removal System,RNS,Containment and Auxiliary Building,C,I,ASME III-3,,DCD Rev 19 Tier 2 Table 3.2-3 (ML11171A425)
RNS-PL-V045,RNS Pump Discharge Relief,Normal Residual Heat Removal System,RNS,Containment and Auxiliary Building,C,I,ASME III-3,,DCD Rev 19 Tier 2 Table 3.2-3 (ML11171A425)
RNS-PL-V046A,RNS HX A Channel Head Drain. Isolation,Normal Residual Heat Removal System,RNS,Containment and Auxiliary Building,C,I,ASME III-3,,DCD Rev 19 Tier 2 Table 3.2-3 (ML11171A425)
RNS-PL-V046B,RNS HX B Channel Head Drain. Isolation,Normal Residual Heat Removal System,RNS,Containment and Auxiliary Building,C,I,ASME III-3,,DCD Rev 19 Tier 2 Table 3.2-3 (ML11171A425)
RNS-PL-V050,RNS Pump A Casing Drain. Isolation,Normal Residual Heat Removal System,RNS,Containment and Auxiliary Building,C,I,ASME III-3,,DCD Rev 19 Tier 2 Table 3.2-3 (ML11171A425)
RNS-PL-V051,RNS Pump B Casing Drain. Isolation,Normal Residual Heat Removal System,RNS,Containment and Auxiliary Building,C,I,ASME III-3,,DCD Rev 19 Tier 2 Table 3.2-3 (ML11171A425)
RNS-PL-V052,RNS Pump Suction From Spent Fuel Pool Isolation,Normal Residual Heat Removal System,RNS,Containment and Auxiliary Building,C,I,ASME III-3,,DCD Rev 19 Tier 2 Table 3.2-3 (ML11171A425)
RNS-PL-V053,RNS Pump Discharge to Spent Fuel Pool Isolation,Normal Residual Heat Removal System,RNS,Containment and Auxiliary Building,C,I,ASME III-3,,DCD Rev 19 Tier 2 Table 3.2-3 (ML11171A425)
RNS-PL-V055,RNS Pump Suction to Cask Loading Pit Isolation,Normal Residual Heat Removal System,RNS,Containment and Auxiliary Building,C,I,ASME III-3,,DCD Rev 19 Tier 2 Table 3.2-3 (ML11171A425)
RNS-PL-V056,RNS Pump Suction to Cask Loading Pit Isolation,Normal Residual Heat Removal System,RNS,Containment and Auxiliary Building,C,I,ASME III-3,,DCD Rev 19 Tier 2 Table 3.2-3 (ML11171A425)
RNS-PL-V057A,RNS Pump A Miniflow Isolation,Normal Residual Heat Removal System,RNS,Containment and Auxiliary Building,C,I,ASME III-3,,DCD Rev 19 Tier 2 Table 3.2-3 (ML11171A425)
RNS-PL-V057B,RNS Pump B Miniflow Isolation,Normal Residual Heat Removal System,RNS,Containment and Auxiliary Building,C,I,ASME III-3,,DCD Rev 19 Tier 2 Table 3.2-3 (ML11171A425)
RNS-PL-V059,RNS Pump Suction Containment Isolation Test Connection,Normal Residual Heat Removal System,RNS,Containment and Auxiliary Building,C,I,ASME III-3,,DCD Rev 19 Tier 2 Table 3.2-3 (ML11171A425)
RNS-PL-V061,RNS Return from CVS - Containment Isolation,Normal Residual Heat Removal System,RNS,Containment and Auxiliary Building,B,I,ASME III-2,,DCD Rev 19 Tier 2 Table 3.2-3 (ML11171A425)
RNS-PL-V066A,RNS Discharge to DVI Line A Drain,Normal Residual Heat Removal System,RNS,Containment and Auxiliary Building,C,I,ASME III-3,,DCD Rev 19 Tier 2 Table 3.2-3 (ML11171A425)
RNS-PL-V066B,RNS Discharge to DVI Line B Drain,Normal Residual Heat Removal System,RNS,Containment and Auxiliary Building,C,I,ASME III-3,,DCD Rev 19 Tier 2 Table 3.2-3 (ML11171A425)
RNS-PL-V067A,RNS Discharge to DVI Line A Drain,Normal Residual Heat Removal System,RNS,Containment and Auxiliary Building,B,I,ASME III-2,,DCD Rev 19 Tier 2 Table 3.2-3 (ML11171A425)
RNS-PL-V067B,RNS Discharge to DVI Line B Drain,Normal Residual Heat Removal System,RNS,Containment and Auxiliary Building,B,I,ASME III-2,,DCD Rev 19 Tier 2 Table 3.2-3 (ML11171A425)
RNS-PL-V068,RNS Discharge to IRWST Drain,Normal Residual Heat Removal System,RNS,Containment and Auxiliary Building,C,I,ASME III-3,,DCD Rev 19 Tier 2 Table 3.2-3 (ML11171A425)
RNS-PY-C01,Normal Residual Heat Removal Suction Line Penetration,Normal Residual Heat Removal System,RNS,Containment and Auxiliary Building,B,I,"ASME III, MC",,DCD Rev 19 Tier 2 Table 3.2-3 (ML11171A425)
RNS-PY-C02,Normal Residual Heat Removal Discharge Line Penetration,Normal Residual Heat Removal System,RNS,Containment and Auxiliary Building,B,I,"ASME III, MC",,DCD Rev 19 Tier 2 Table 3.2-3 (ML11171A425)
n/a,Fuel Assemblies,Reactor System,RXS,Containment,C,I,Manufacturer Std.,,DCD Rev 19 Tier 2 Table 3.2-3 (ML11171A425)
RXS-FR-B06,Control Rod Cluster B6,Reactor System,RXS,Containment,B,I,Manufacturer Std.,,DCD Rev 19 Tier 2 Table 3.2-3 (ML11171A425)
RXS-FR-B10,Control Rod Cluster B10,Reactor System,RXS,Containment,B,I,Manufacturer Std.,,DCD Rev 19 Tier 2 Table 3.2-3 (ML11171A425)
RXS-FR-C05,Control Rod Cluster C5,Reactor System,RXS,Containment,B,I,Manufacturer Std.,,DCD Rev 19 Tier 2 Table 3.2-3 (ML11171A425)
RXS-FR-C07,Control Rod Cluster C7,Reactor System,RXS,Containment,B,I,Manufacturer Std.,,DCD Rev 19 Tier 2 Table 3.2-3 (ML11171A425)
RXS-FR-C09,Control Rod Cluster C9,Reactor System,RXS,Containment,B,I,Manufacturer Std.,,DCD Rev 19 Tier 2 Table 3.2-3 (ML11171A425)
RXS-FR-C11,Control Rod Cluster C11,Reactor System,RXS,Containment,B,I,Manufacturer Std.,,DCD Rev 19 Tier 2 Table 3.2-3 (ML11171A425)
RXS-FR-D06,Control Rod Cluster D6,Reactor System,RXS,Containment,B,I,Manufacturer Std.,,DCD Rev 19 Tier 2 Table 3.2-3 (ML11171A425)
RXS-FR-D08,Control Rod Cluster D8,Reactor System,RXS,Containment,B,I,Manufacturer Std.,,DCD Rev 19 Tier 2 Table 3.2-3 (ML11171A425)
RXS-FR-D10,Control Rod Cluster D10,Reactor System,RXS,Containment,B,I,Manufacturer Std.,,DCD Rev 19 Tier 2 Table 3.2-3 (ML11171A425)
RXS-FR-E03,Control Rod Cluster E3,Reactor System,RXS,Containment,B,I,Manufacturer Std.,,DCD Rev 19 Tier 2 Table 3.2-3 (ML11171A425)
RXS-FR-E05,Control Rod Cluster E5,Reactor System,RXS,Containment,B,I,Manufacturer Std.,,DCD Rev 19 Tier 2 Table 3.2-3 (ML11171A425)
RXS-FR-E07,Control Rod Cluster E7,Reactor System,RXS,Containment,B,I,Manufacturer Std.,,DCD Rev 19 Tier 2 Table 3.2-3 (ML11171A425)
RXS-FR-E09,Control Rod Cluster E9,Reactor System,RXS,Containment,B,I,Manufacturer Std.,,DCD Rev 19 Tier 2 Table 3.2-3 (ML11171A425)
RXS-FR-E11,Control Rod Cluster E11,Reactor System,RXS,Containment,B,I,Manufacturer Std.,,DCD Rev 19 Tier 2 Table 3.2-3 (ML11171A425)
RXS-FR-E13,Control Rod Cluster E13,Reactor System,RXS,Containment,B,I,Manufacturer Std.,,DCD Rev 19 Tier 2 Table 3.2-3 (ML11171A425)
RXS-FR-F02,Control Rod Cluster F2,Reactor System,RXS,Containment,B,I,Manufacturer Std.,,DCD Rev 19 Tier 2 Table 3.2-3 (ML11171A425)
RXS-FR-F04,Control Rod Cluster F4,Reactor System,RXS,Containment,B,I,Manufacturer Std.,,DCD Rev 19 Tier 2 Table 3.2-3 (ML11171A425)
RXS-FR-F12,Control Rod Cluster F12,Reactor System,RXS,Containment,B,I,Manufacturer Std.,,DCD Rev 19 Tier 2 Table 3.2-3 (ML11171A425)
RXS-FR-F14,Control Rod Cluster F14,Reactor System,RXS,Containment,B,I,Manufacturer Std,,DCD Rev 19 Tier 2 Table 3.2-3 (ML11171A425)
RXS-FR-G03,Control Rod Cluster G3,Reactor System,RXS,Containment,B,I,Manufacturer Std.,,DCD Rev 19 Tier 2 Table 3.2-3 (ML11171A425)
RXS-FR-G05,Control Rod Cluster G5,Reactor System,RXS,Containment,B,I,Manufacturer Std.,,DCD Rev 19 Tier 2 Table 3.2-3 (ML11171A425)
RXS-FR-G07,Control Rod Cluster G7,Reactor System,RXS,Containment,B,I,Manufacturer Std.,,DCD Rev 19 Tier 2 Table 3.2-3 (ML11171A425)
RXS-FR-G09,Control Rod Cluster G9,Reactor System,RXS,Containment,B,I,Manufacturer Std.,,DCD Rev 19 Tier 2 Table 3.2-3 (ML11171A425)
RXS-FR-G11,Control Rod Cluster G11,Reactor System,RXS,Containment,B,I,Manufacturer Std.,,DCD Rev 19 Tier 2 Table 3.2-3 (ML11171A425)
RXS-FR-G13,Control Rod Cluster G13,Reactor System,RXS,Containment,B,I,Manufacturer Std.,,DCD Rev 19 Tier 2 Table 3.2-3 (ML11171A425)
RXS-FR-H04,Control Rod Cluster H4,Reactor System,RXS,Containment,B,I,Manufacturer Std.,,DCD Rev 19 Tier 2 Table 3.2-3 (ML11171A425)
RXS-FR-H08,Control Rod Cluster H8,Reactor System,RXS,Containment,B,I,Manufacturer Std.,,DCD Rev 19 Tier 2 Table 3.2-3 (ML11171A425)
RXS-FR-H12,Control Rod Cluster H12,Reactor System,RXS,Containment,B,I,Manufacturer Std.,,DCD Rev 19 Tier 2 Table 3.2-3 (ML11171A425)
RXS-FR-J03,Control Rod Cluster J3,Reactor System,RXS,Containment,B,I,Manufacturer Std.,,DCD Rev 19 Tier 2 Table 3.2-3 (ML11171A425)
RXS-FR-J05,Control Rod Cluster J5,Reactor System,RXS,Containment,B,I,Manufacturer Std.,,DCD Rev 19 Tier 2 Table 3.2-3 (ML11171A425)
RXS-FR-J07,Control Rod Cluster J7,Reactor System,RXS,Containment,B,I,Manufacturer Std.,,DCD Rev 19 Tier 2 Table 3.2-3 (ML11171A425)
RXS-FR-J09,Control Rod Cluster J9,Reactor System,RXS,Containment,B,I,Manufacturer Std.,,DCD Rev 19 Tier 2 Table 3.2-3 (ML11171A425)
RXS-FR-J11,Control Rod Cluster J11,Reactor System,RXS,Containment,B,I,Manufacturer Std.,,DCD Rev 19 Tier 2 Table 3.2-3 (ML11171A425)
RXS-FR-J13,Control Rod Cluster J13,Reactor System,RXS,Containment,B,I,Manufacturer Std.,,DCD Rev 19 Tier 2 Table 3.2-3 (ML11171A425)
RXS-FR-K02,Control Rod Cluster K2,Reactor System,RXS,Containment,B,I,Manufacturer Std.,,DCD Rev 19 Tier 2 Table 3.2-3 (ML11171A425)
RXS-FR-K04,Control Rod Cluster K4,Reactor System,RXS,Containment,B,I,Manufacturer Std.,,DCD Rev 19 Tier 2 Table 3.2-3 (ML11171A425)
RXS-FR-K12,Control Rod Cluster K12,Reactor System,RXS,Containment,B,I,Manufacturer Std.,,DCD Rev 19 Tier 2 Table 3.2-3 (ML11171A425)
RXS-FR-K14,Control Rod Cluster K14,Reactor System,RXS,Containment,B,I,Manufacturer Std.,,DCD Rev 19 Tier 2 Table 3.2-3 (ML11171A425)
RXS-FR-L03,Control Rod Cluster L3,Reactor System,RXS,Containment,B,I,Manufacturer Std.,,DCD Rev 19 Tier 2 Table 3.2-3 (ML11171A425)
RXS-FR-L05,Control Rod Cluster L5,Reactor System,RXS,Containment,B,I,Manufacturer Std.,,DCD Rev 19 Tier 2 Table 3.2-3 (ML11171A425)
RXS-FR-L07,Control Rod Cluster L7,Reactor System,RXS,Containment,B,I,Manufacturer Std.,,DCD Rev 19 Tier 2 Table 3.2-3 (ML11171A425)
RXS-FR-L09,Control Rod Cluster L9,Reactor System,RXS,Containment,B,I,Manufacturer Std.,,DCD Rev 19 Tier 2 Table 3.2-3 (ML11171A425)
RXS-FR-L11,Control Rod Cluster L11,Reactor System,RXS,Containment,B,I,Manufacturer Std.,,DCD Rev 19 Tier 2 Table 3.2-3 (ML11171A425)
RXS-FR-L13,Control Rod Cluster L13,Reactor System,RXS,Containment,B,I,Manufacturer Std.,,DCD Rev 19 Tier 2 Table 3.2-3 (ML11171A425)
RXS-FR-M06,Control Rod Cluster M6,Reactor System,RXS,Containment,B,I,Manufacturer Std.,,DCD Rev 19 Tier 2 Table 3.2-3 (ML11171A425)
RXS-FR-M08,Control Rod Cluster M8,Reactor System,RXS,Containment,B,I,Manufacturer Std.,,DCD Rev 19 Tier 2 Table 3.2-3 (ML11171A425)
RXS-FR-M10,Control Rod Cluster M10,Reactor System,RXS,Containment,B,I,Manufacturer Std.,,DCD Rev 19 Tier 2 Table 3.2-3 (ML11171A425)
RXS-FR-N5,Control Rod Cluster N5,Reactor System,RXS,Containment,B,I,Manufacturer Std.,,DCD Rev 19 Tier 2 Table 3.2-3 (ML11171A425)
RXS-FR-N7,Control Rod Cluster N7,Reactor System,RXS,Containment,B,I,Manufacturer Std.,,DCD Rev 19 Tier 2 Table 3.2-3 (ML11171A425)
RXS-FR-N9,Control Rod Cluster N9,Reactor System,RXS,Containment,B,I,Manufacturer Std.,,DCD Rev 19 Tier 2 Table 3.2-3 (ML11171A425)
RXS-FR-N11,Control Rod Cluster N11,Reactor System,RXS,Containment,B,I,Manufacturer Std.,,DCD Rev 19 Tier 2 Table 3.2-3 (ML11171A425)
RXS-FR-P6,Control Rod Cluster P6,Reactor System,RXS,Containment,B,I,Manufacturer Std.,,DCD Rev 19 Tier 2 Table 3.2-3 (ML11171A425)
RXS-FR-P10,Control Rod Cluster P10,Reactor System,RXS,Containment,B,I,Manufacturer Std.,,DCD Rev 19 Tier 2 Table 3.2-3 (ML11171A425)
RXS-MI-01,Reactor Upper Internals,Reactor System,RXS,Containment,C,I,"ASME III, CS",,DCD Rev 19 Tier 2 Table 3.2-3 (ML11171A425)
RXS-MI-02,Reactor Lower Internals,Reactor System,RXS,Containment,C,I,"ASME III, CS",,DCD Rev 19 Tier 2 Table 3.2-3 (ML11171A425)
RXS-MI-10,Non-Threaded Fasteners,Reactor System,RXS,Containment,D,NS,"ASME III, CS",,DCD Rev 19 Tier 2 Table 3.2-3 (ML11171A425)
RXS-MI-11,Threaded Structural Fasteners,Reactor System,RXS,Containment,C,I,"ASME III, CS",,DCD Rev 19 Tier 2 Table 3.2-3 (ML11171A425)
RXS-MI-20,Lower Core Support Plate,Reactor System,RXS,Containment,C,I,"ASME III, CS",,DCD Rev 19 Tier 2 Table 3.2-3 (ML11171A425)
RXS-MI-22,Vortex Suppression Plate,Reactor System,RXS,Containment,D,II,"ASME III, CS",,DCD Rev 19 Tier 2 Table 3.2-3 (ML11171A425)
RXS-MI-23,Core Shroud Assembly,Reactor System,RXS,Containment,C,II,"ASME III, CS",,DCD Rev 19 Tier 2 Table 3.2-3 (ML11171A425)
RXS-MI-24,Radial Supports [4],Reactor System,RXS,Containment,C,I,"ASME III, CS",,DCD Rev 19 Tier 2 Table 3.2-3 (ML11171A425)
RXS-MI-25,Core Barrel,Reactor System,RXS,Containment,C,I,"ASME III, CS",,DCD Rev 19 Tier 2 Table 3.2-3 (ML11171A425)
RXS-MI-26,Core Barrel Nozzle,Reactor System,RXS,Containment,C,I,"ASME III, CS",,DCD Rev 19 Tier 2 Table 3.2-3 (ML11171A425)
RXS-MI-27,Head and Vessel Pins,Reactor System,RXS,Containment,D,II,"ASME III, CS",,DCD Rev 19 Tier 2 Table 3.2-3 (ML11171A425)
RXS-MI-28,Lower Support Plate Fuel Alignment Pins,Reactor System,RXS,Containment,C,I,"ASME III, CS",,DCD Rev 19 Tier 2 Table 3.2-3 (ML11171A425)
RXS-MI-29,Core Barrel Hold Down Spring,Reactor System,RXS,Containment,C,I,"ASME III, CS",,DCD Rev 19 Tier 2 Table 3.2-3 (ML11171A425)
RXS-MI-50,Upper Support,Reactor System,RXS,Containment,C,I,"ASME III, CS",,DCD Rev 19 Tier 2 Table 3.2-3 (ML11171A425)
RXS-MI-51,Upper Core Plate,Reactor System,RXS,Containment,C,I,"ASME III, CS",,DCD Rev 19 Tier 2 Table 3.2-3 (ML11171A425)
RXS-MI-52,Support Columns [42],Reactor System,RXS,Containment,C,I,"ASME III, CS",,DCD Rev 19 Tier 2 Table 3.2-3 (ML11171A425)
RXS-MI-53,Guide Tube Assemblies [69],Reactor System,RXS,Containment,C,I,"ASME III, CS",,DCD Rev 19 Tier 2 Table 3.2-3 (ML11171A425)
RXS-MI-54,Upper Support Plate Fuel Alignment Pins,Reactor System,RXS,Containment,C,I,"ASME III, CS",,DCD Rev 19 Tier 2 Table 3.2-3 (ML11171A425)
RXS-MI-55,Upper Core Plate Inserts,Reactor System,RXS,Containment,C,I,"ASME III, CS",,DCD Rev 19 Tier 2 Table 3.2-3 (ML11171A425)
RXS-MI-56,Safety Injection Deflector,Reactor System,RXS,Containment,D,II,ANSI B31.1,,DCD Rev 19 Tier 2 Table 3.2-3 (ML11171A425)
RXS-MI-57,Irradiation Specimen Guide Tubes,Reactor System,RXS,Containment,D,II,ANSI B31.1,,DCD Rev 19 Tier 2 Table 3.2-3 (ML11171A425)
RXS-MI-58,Head Cooling Nozzles,Reactor System,RXS,Containment,D,II,ANSI B31.1,,DCD Rev 19 Tier 2 Table 3.2-3 (ML11171A425)
n/a,Neutron Pad,Reactor System,RXS,Containment,D,II,Manufacturer Std.,,DCD Rev 19 Tier 2 Table 3.2-3 (ML11171A425)
RXS-MI-80,Reactor Vessel Flow Skirt,Reactor System,RXS,Containment,D,II,Manufacturer Std.,,DCD Rev 19 Tier 2 Table 3.2-3 (ML11171A425)
RXS-MN-01,Reactor Vessel Cavity Reflective Insulation,Reactor System,RXS,Containment,D,II,Manufacturer Std.,,DCD Rev 19 Tier 2 Table 3.2-3 (ML11171A425)
RXS-MV-10,Reactor Integrated Head Package,Reactor System,RXS,Containment,C,I,AISC-690,,DCD Rev 19 Tier 2 Table 3.2-3 (ML11171A425)
RXS-MV-10A,Integrated Head Package Shroud,Reactor System,RXS,Containment,C,I,ASME-NF,,DCD Rev 19 Tier 2 Table 3.2-3 (ML11171A425)
RXS-MV-10B,Integrated Head Package Seismic Support System,Reactor System,RXS,Containment,C,I,ASME-NF,,DCD Rev 19 Tier 2 Table 3.2-3 (ML11171A425)
RXS-MV-11B06,CRDM Latch Assembly B6,Reactor System,RXS,Containment,D,NS,Manufacturer Std.,,DCD Rev 19 Tier 2 Table 3.2-3 (ML11171A425)
RXS-MV-11B06,CRDM Drive Rod Assembly B6,Reactor System,RXS,Containment,D,NS,Manufacturer Std.,,DCD Rev 19 Tier 2 Table 3.2-3 (ML11171A425)
RXS-MV-11B06,CRDM Coil Stack Assembly B6,Reactor System,RXS,Containment,D,NS,Manufacturer Std.,,DCD Rev 19 Tier 2 Table 3.2-3 (ML11171A425)
RXS-MV-11B06L,CRDM Latch Housing B6,Reactor System,RXS,Containment,A,I,ASME III-1,,DCD Rev 19 Tier 2 Table 3.2-3 (ML11171A425)
RXS-MV-11B06R,CRDM Rod Travel Housing B6,Reactor System,RXS,Containment,A,I,ASME III-1,,DCD Rev 19 Tier 2 Table 3.2-3 (ML11171A425)
RXS-MV-11B08,CRDM Latch Assembly B8,Reactor System,RXS,Containment,D,NS,Manufacturer Std.,,DCD Rev 19 Tier 2 Table 3.2-3 (ML11171A425)
RXS-MV-11B08,CRDM Drive Rod Assembly B8,Reactor System,RXS,Containment,D,NS,Manufacturer Std.,,DCD Rev 19 Tier 2 Table 3.2-3 (ML11171A425)
RXS-MV-11B08,CRDM Coil Stack Assembly B8,Reactor System,RXS,Containment,D,NS,Manufacturer Std.,,DCD Rev 19 Tier 2 Table 3.2-3 (ML11171A425)
RXS-MV-11B08L,CRDM Latch Housing B8,Reactor System,RXS,Containment,A,I,ASME III-1,,DCD Rev 19 Tier 2 Table 3.2-3 (ML11171A425)
RXS-MV-11B08R,CRDM Rod Travel Housing B8,Reactor System,RXS,Containment,A,I,ASME III-1,,DCD Rev 19 Tier 2 Table 3.2-3 (ML11171A425)
RXS-MV-11B10,CRDM Latch Assembly B10,Reactor System,RXS,Containment,D,NS,Manufacturer Std.,,DCD Rev 19 Tier 2 Table 3.2-3 (ML11171A425)
RXS-MV-11B10,CRDM Drive Rod Assembly B10,Reactor System,RXS,Containment,D,NS,Manufacturer Std.,,DCD Rev 19 Tier 2 Table 3.2-3 (ML11171A425)
RXS-MV-11B10,CRDM Coil Stack Assembly B10,Reactor System,RXS,Containment,D,NS,Manufacturer Std.,,DCD Rev 19 Tier 2 Table 3.2-3 (ML11171A425)
RXS-MV-11B10L,CRDM Latch Housing B10,Reactor System,RXS,Containment,A,I,ASME III-1,,DCD Rev 19 Tier 2 Table 3.2-3 (ML11171A425)
RXS-MV-11B10R,CRDM Rod Travel Housing B10,Reactor System,RXS,Containment,A,I,ASME III-1,,DCD Rev 19 Tier 2 Table 3.2-3 (ML11171A425)
RXS-MV-11C05,CRDM Latch Assembly C5,Reactor System,RXS,Containment,D,NS,Manufacturer Std.,,DCD Rev 19 Tier 2 Table 3.2-3 (ML11171A425)
RXS-MV-11C05,CRDM Drive Rod Assembly C5,Reactor System,RXS,Containment,D,NS,Manufacturer Std.,,DCD Rev 19 Tier 2 Table 3.2-3 (ML11171A425)
RXS-MV-11C05,CRDM Coil Stack Assembly C5,Reactor System,RXS,Containment,D,NS,Manufacturer Std.,,DCD Rev 19 Tier 2 Table 3.2-3 (ML11171A425)
RXS-MV-11C05L,CRDM Latch Housing C5,Reactor System,RXS,Containment,A,I,ASME III-1,,DCD Rev 19 Tier 2 Table 3.2-3 (ML11171A425)
RXS-MV-11C05R,CRDM Rod Travel Housing C5,Reactor System,RXS,Containment,A,I,ASME III-1,,DCD Rev 19 Tier 2 Table 3.2-3 (ML11171A425)
RXS-MV-11C07,CRDM Latch Assembly C7,Reactor System,RXS,Containment,D,NS,Manufacturer Std.,,DCD Rev 19 Tier 2 Table 3.2-3 (ML11171A425)
RXS-MV-11C07,CRDM Drive Rod Assembly C7,Reactor System,RXS,Containment,D,NS,Manufacturer Std.,,DCD Rev 19 Tier 2 Table 3.2-3 (ML11171A425)
RXS-MV-11C07,CRDM Coil Stack Assembly C7,Reactor System,RXS,Containment,D,NS,Manufacturer Std.,,DCD Rev 19 Tier 2 Table 3.2-3 (ML11171A425)
RXS-MV-11C07L,CRDM Latch Housing C7,Reactor System,RXS,Containment,A,I,ASME III-1,,DCD Rev 19 Tier 2 Table 3.2-3 (ML11171A425)
RXS-MV-11C07R,CRDM Rod Travel Housing C7,Reactor System,RXS,Containment,A,I,ASME III-1,,DCD Rev 19 Tier 2 Table 3.2-3 (ML11171A425)
RXS-MV-11C09,CRDM Latch Assembly C9,Reactor System,RXS,Containment,D,NS,Manufacturer Std.,,DCD Rev 19 Tier 2 Table 3.2-3 (ML11171A425)
RXS-MV-11C09,CRDM Drive Rod Assembly C9,Reactor System,RXS,Containment,D,NS,Manufacturer Std.,,DCD Rev 19 Tier 2 Table 3.2-3 (ML11171A425)
RXS-MV-11C09,CRDM Coil Stack Assembly C9,Reactor System,RXS,Containment,D,NS,Manufacturer Std.,,DCD Rev 19 Tier 2 Table 3.2-3 (ML11171A425)
RXS-MV-11C09L,CRDM Latch Housing C9,Reactor System,RXS,Containment,A,I,ASME III-1,,DCD Rev 19 Tier 2 Table 3.2-3 (ML11171A425)
RXS-MV-11C09R,CRDM Rod Travel Housing C9,Reactor System,RXS,Containment,A,I,ASME III-1,,DCD Rev 19 Tier 2 Table 3.2-3 (ML11171A425)
RXS-MV-11C11,CRDM Latch Assembly C11,Reactor System,RXS,Containment,D,NS,Manufacturer Std.,,DCD Rev 19 Tier 2 Table 3.2-3 (ML11171A425)
RXS-MV-11C11,CRDM Drive Rod Assembly C11,Reactor System,RXS,Containment,D,NS,Manufacturer Std.,,DCD Rev 19 Tier 2 Table 3.2-3 (ML11171A425)
RXS-MV-11C11,CRDM Coil Stack Assembly C11,Reactor System,RXS,Containment,D,NS,Manufacturer Std.,,DCD Rev 19 Tier 2 Table 3.2-3 (ML11171A425)
RXS-MV-11C11L,CRDM Latch Housing C11,Reactor System,RXS,Containment,A,I,ASME III-1,,DCD Rev 19 Tier 2 Table 3.2-3 (ML11171A425)
RXS-MV-11C11R,CRDM Rod Travel Housing C11,Reactor System,RXS,Containment,A,I,ASME III-1,,DCD Rev 19 Tier 2 Table 3.2-3 (ML11171A425)
RXS-MV-11D04,CRDM Latch Assembly D4,Reactor System,RXS,Containment,D,NS,Manufacturer Std.,,DCD Rev 19 Tier 2 Table 3.2-3 (ML11171A425)
RXS-MV-11D04,CRDM Drive Rod Assembly D4,Reactor System,RXS,Containment,D,NS,Manufacturer Std.,,DCD Rev 19 Tier 2 Table 3.2-3 (ML11171A425)
RXS-MV-11D04,CRDM Coil Stack Assembly D4,Reactor System,RXS,Containment,D,NS,Manufacturer Std.,,DCD Rev 19 Tier 2 Table 3.2-3 (ML11171A425)
RXS-MV-11D04L,CRDM Latch Housing D4,Reactor System,RXS,Containment,A,I,ASME III-1,,DCD Rev 19 Tier 2 Table 3.2-3 (ML11171A425)
RXS-MV-11D04R,CRDM Rod Travel Housing D4,Reactor System,RXS,Containment,A,I,ASME III-1,,DCD Rev 19 Tier 2 Table 3.2-3 (ML11171A425)
RXS-MV-11D06,CRDM Latch Assembly D6,Reactor System,RXS,Containment,D,NS,Manufacturer Std.,,DCD Rev 19 Tier 2 Table 3.2-3 (ML11171A425)
RXS-MV-11D06,CRDM Drive Rod Assembly D6,Reactor System,RXS,Containment,D,NS,Manufacturer Std.,,DCD Rev 19 Tier 2 Table 3.2-3 (ML11171A425)
RXS-MV-11D06,CRDM Coil Stack Assembly D6,Reactor System,RXS,Containment,D,NS,Manufacturer Std.,,DCD Rev 19 Tier 2 Table 3.2-3 (ML11171A425)
RXS-MV-11D06L,CRDM Latch Housing D6,Reactor System,RXS,Containment,A,I,ASME III-1,,DCD Rev 19 Tier 2 Table 3.2-3 (ML11171A425)
RXS-MV-11D06R,CRDM Rod Travel Housing D6,Reactor System,RXS,Containment,A,I,ASME III-1,,DCD Rev 19 Tier 2 Table 3.2-3 (ML11171A425)
RXS-MV-11D08,CRDM Latch Assembly D8,Reactor System,RXS,Containment,D,NS,Manufacturer Std.,,DCD Rev 19 Tier 2 Table 3.2-3 (ML11171A425)
RXS-MV-11D08,CRDM Drive Rod Assembly D8,Reactor System,RXS,Containment,D,NS,Manufacturer Std.,,DCD Rev 19 Tier 2 Table 3.2-3 (ML11171A425)
RXS-MV-11D08,CRDM Coil Stack Assembly D8,Reactor System,RXS,Containment,D,NS,Manufacturer Std.,,DCD Rev 19 Tier 2 Table 3.2-3 (ML11171A425)
RXS-MV-11D08L,CRDM Latch Housing D8,Reactor System,RXS,Containment,A,I,ASME III-1,,DCD Rev 19 Tier 2 Table 3.2-3 (ML11171A425)
RXS-MV-11D08R,CRDM Rod Travel Housing D8,Reactor System,RXS,Containment,A,I,ASME III-1,,DCD Rev 19 Tier 2 Table 3.2-3 (ML11171A425)
RXS-MV-11D10,CRDM Latch Assembly D10,Reactor System,RXS,Containment,D,NS,Manufacturer Std.,,DCD Rev 19 Tier 2 Table 3.2-3 (ML11171A425)
RXS-MV-11D10,CRDM Drive Rod Assembly D10,Reactor System,RXS,Containment,D,NS,Manufacturer Std.,,DCD Rev 19 Tier 2 Table 3.2-3 (ML11171A425)
RXS-MV-11D10,CRDM Coil Stack Assembly D10,Reactor System,RXS,Containment,D,NS,Manufacturer Std.,,DCD Rev 19 Tier 2 Table 3.2-3 (ML11171A425)
RXS-MV-11D10L,CRDM Latch Housing D10,Reactor System,RXS,Containment,A,I,ASME III-1,,DCD Rev 19 Tier 2 Table 3.2-3 (ML11171A425)
RXS-MV-11D10R,CRDM Rod Travel Housing D10,Reactor System,RXS,Containment,A,I,ASME III-1,,DCD Rev 19 Tier 2 Table 3.2-3 (ML11171A425)
RXS-MV-11D12,CRDM Latch Assembly D12,Reactor System,RXS,Containment,D,NS,Manufacturer Std.,,DCD Rev 19 Tier 2 Table 3.2-3 (ML11171A425)
RXS-MV-11D12,CRDM Drive Rod Assembly D12,Reactor System,RXS,Containment,D,NS,Manufacturer Std.,,DCD Rev 19 Tier 2 Table 3.2-3 (ML11171A425)
RXS-MV-11D12,CRDM Coil Stack Assembly D12,Reactor System,RXS,Containment,D,NS,Manufacturer Std.,,DCD Rev 19 Tier 2 Table 3.2-3 (ML11171A425)
RXS-MV-11D12L,CRDM Latch Housing D12,Reactor System,RXS,Containment,A,I,ASME III-1,,DCD Rev 19 Tier 2 Table 3.2-3 (ML11171A425)
RXS-MV-11D12R,CRDM Rod Travel Housing D12,Reactor System,RXS,Containment,A,I,ASME III-1,,DCD Rev 19 Tier 2 Table 3.2-3 (ML11171A425)
RXS-MV-11E03,CRDM Latch Assembly E3,Reactor System,RXS,Containment,D,NS,Manufacturer Std.,,DCD Rev 19 Tier 2 Table 3.2-3 (ML11171A425)
RXS-MV-11E03,CRDM Drive Rod Assembly E3,Reactor System,RXS,Containment,D,NS,Manufacturer Std.,,DCD Rev 19 Tier 2 Table 3.2-3 (ML11171A425)
RXS-MV-11E03,CRDM Coil Stack Assembly E3,Reactor System,RXS,Containment,D,NS,Manufacturer Std.,,DCD Rev 19 Tier 2 Table 3.2-3 (ML11171A425)
RXS-MV-11E03L,CRDM Latch Housing E3,Reactor System,RXS,Containment,A,I,ASME III-1,,DCD Rev 19 Tier 2 Table 3.2-3 (ML11171A425)
RXS-MV-11E03R,CRDM Rod Travel Housing E3,Reactor System,RXS,Containment,A,I,ASME III-1,,DCD Rev 19 Tier 2 Table 3.2-3 (ML11171A425)
RXS-MV-11E05,CRDM Latch Assembly E5,Reactor System,RXS,Containment,D,NS,Manufacturer Std.,,DCD Rev 19 Tier 2 Table 3.2-3 (ML11171A425)
RXS-MV-11E05,CRDM Drive Rod Assembly E5,Reactor System,RXS,Containment,D,NS,Manufacturer Std.,,DCD Rev 19 Tier 2 Table 3.2-3 (ML11171A425)
RXS-MV-11E05,CRDM Coil Stack Assembly E5,Reactor System,RXS,Containment,D,NS,Manufacturer Std.,,DCD Rev 19 Tier 2 Table 3.2-3 (ML11171A425)
RXS-MV-11E05L,CRDM Latch Housing E5,Reactor System,RXS,Containment,A,I,ASME III-1,,DCD Rev 19 Tier 2 Table 3.2-3 (ML11171A425)
RXS-MV-11E05R,CRDM Rod Travel Housing E5,Reactor System,RXS,Containment,A,I,ASME III-1,,DCD Rev 19 Tier 2 Table 3.2-3 (ML11171A425)
RXS-MV-11E07,CRDM Latch Assembly E7,Reactor System,RXS,Containment,D,NS,Manufacturer Std.,,DCD Rev 19 Tier 2 Table 3.2-3 (ML11171A425)
RXS-MV-11E07,CRDM Drive Rod Assembly E7,Reactor System,RXS,Containment,D,NS,Manufacturer Std.,,DCD Rev 19 Tier 2 Table 3.2-3 (ML11171A425)
RXS-MV-11E07,CRDM Coil Stack Assembly E7,Reactor System,RXS,Containment,D,NS,Manufacturer Std.,,DCD Rev 19 Tier 2 Table 3.2-3 (ML11171A425)
RXS-MV-11E07L,CRDM Latch Housing E7,Reactor System,RXS,Containment,A,I,ASME III-1,,DCD Rev 19 Tier 2 Table 3.2-3 (ML11171A425)
RXS-MV-11E07R,CRDM Rod Travel Housing E7,Reactor System,RXS,Containment,A,I,ASME III-1,,DCD Rev 19 Tier 2 Table 3.2-3 (ML11171A425)
RXS-MV-11E09,CRDM Latch Assembly E9,Reactor System,RXS,Containment,D,NS,Manufacturer Std.,,DCD Rev 19 Tier 2 Table 3.2-3 (ML11171A425)
RXS-MV-11E09,CRDM Drive Rod Assembly E9,Reactor System,RXS,Containment,D,NS,Manufacturer Std.,,DCD Rev 19 Tier 2 Table 3.2-3 (ML11171A425)
RXS-MV-11E09,CRDM Coil Stack Assembly E9,Reactor System,RXS,Containment,D,NS,Manufacturer Std.,,DCD Rev 19 Tier 2 Table 3.2-3 (ML11171A425)
RXS-MV-11E09L,CRDM Latch Housing E9,Reactor System,RXS,Containment,A,I,ASME III-1,,DCD Rev 19 Tier 2 Table 3.2-3 (ML11171A425)
RXS-MV-11E09R,CRDM Rod Travel Housing E9,Reactor System,RXS,Containment,A,I,ASME III-1,,DCD Rev 19 Tier 2 Table 3.2-3 (ML11171A425)
RXS-MV-11E11,CRDM Latch Assembly E11,Reactor System,RXS,Containment,D,NS,Manufacturer Std.,,DCD Rev 19 Tier 2 Table 3.2-3 (ML11171A425)
RXS-MV-11E11,CRDM Drive Rod Assembly E11,Reactor System,RXS,Containment,D,NS,Manufacturer Std.,,DCD Rev 19 Tier 2 Table 3.2-3 (ML11171A425)
RXS-MV-11E11,CRDM Coil Stack Assembly E11,Reactor System,RXS,Containment,D,NS,Manufacturer Std.,,DCD Rev 19 Tier 2 Table 3.2-3 (ML11171A425)
RXS-MV-11E11L,CRDM Latch Housing E11,Reactor System,RXS,Containment,A,I,ASME III-1,,DCD Rev 19 Tier 2 Table 3.2-3 (ML11171A425)
RXS-MV-11E11R,CRDM Rod Travel Housing E11,Reactor System,RXS,Containment,A,I,ASME III-1,,DCD Rev 19 Tier 2 Table 3.2-3 (ML11171A425)
RXS-MV-11E13,CRDM Latch Assembly E13,Reactor System,RXS,Containment,D,NS,Manufacturer Std.,,DCD Rev 19 Tier 2 Table 3.2-3 (ML11171A425)
RXS-MV-11E13,CRDM Drive Rod Assembly E13,Reactor System,RXS,Containment,D,NS,Manufacturer Std.,,DCD Rev 19 Tier 2 Table 3.2-3 (ML11171A425)
RXS-MV-11E13,CRDM Coil Stack Assembly E13,Reactor System,RXS,Containment,D,NS,Manufacturer Std.,,DCD Rev 19 Tier 2 Table 3.2-3 (ML11171A425)
RXS-MV-11E13L,CRDM Latch Housing E13,Reactor System,RXS,Containment,A,I,ASME III-1,,DCD Rev 19 Tier 2 Table 3.2-3 (ML11171A425)
RXS MV-11E13R,CRDM Rod Travel Housing E13,Reactor System,RXS,Containment,A,I,ASME III-1,,DCD Rev 19 Tier 2 Table 3.2-3 (ML11171A425)
RXS-MV-11F02,CRDM Latch Assembly F2,Reactor System,RXS,Containment,D,NS,Manufacturer Std.,,DCD Rev 19 Tier 2 Table 3.2-3 (ML11171A425)
RXS-MV-11F02,CRDM Drive Rod Assembly F2,Reactor System,RXS,Containment,D,NS,Manufacturer Std.,,DCD Rev 19 Tier 2 Table 3.2-3 (ML11171A425)
RXS-MV-11F02,CRDM Coil Stack Assembly F2,Reactor System,RXS,Containment,D,NS,Manufacturer Std.,,DCD Rev 19 Tier 2 Table 3.2-3 (ML11171A425)
RXS-MV-11F02L,CRDM Latch Housing F2,Reactor System,RXS,Containment,A,I,ASME III-1,,DCD Rev 19 Tier 2 Table 3.2-3 (ML11171A425)
RXS-MV-11F02R,CRDM Rod Travel Housing F2,Reactor System,RXS,Containment,A,I,ASME III-1,,DCD Rev 19 Tier 2 Table 3.2-3 (ML11171A425)
RXS-MV-11F04,CRDM Latch Assembly F4,Reactor System,RXS,Containment,D,NS,Manufacturer Std.,,DCD Rev 19 Tier 2 Table 3.2-3 (ML11171A425)
RXS-MV-11F04,CRDM Drive Rod Assembly F4,Reactor System,RXS,Containment,D,NS,Manufacturer Std.,,DCD Rev 19 Tier 2 Table 3.2-3 (ML11171A425)
RXS-MV-11F04,CRDM Coil Stack Assembly F4,Reactor System,RXS,Containment,D,NS,Manufacturer Std.,,DCD Rev 19 Tier 2 Table 3.2-3 (ML11171A425)
RXS-MV-11F04L,CRDM Latch Housing F4,Reactor System,RXS,Containment,A,I,ASME III-1,,DCD Rev 19 Tier 2 Table 3.2-3 (ML11171A425)
RXS-MV-11F04R,CRDM Rod Travel Housing F4,Reactor System,RXS,Containment,A,I,ASME III-1,,DCD Rev 19 Tier 2 Table 3.2-3 (ML11171A425)
RXS-MV-11F06,CRDM Latch Assembly F6,Reactor System,RXS,Containment,D,NS,Manufacturer Std.,,DCD Rev 19 Tier 2 Table 3.2-3 (ML11171A425)
RXS-MV-11F06,CRDM Drive Rod Assembly F6,Reactor System,RXS,Containment,D,NS,Manufacturer Std.,,DCD Rev 19 Tier 2 Table 3.2-3 (ML11171A425)
RXS-MV-11F06,CRDM Coil Stack Assembly F6,Reactor System,RXS,Containment,D,NS,Manufacturer Std.,,DCD Rev 19 Tier 2 Table 3.2-3 (ML11171A425)
RXS-MV-11F06L,CRDM Latch Housing F6,Reactor System,RXS,Containment,A,I,ASME III-1,,DCD Rev 19 Tier 2 Table 3.2-3 (ML11171A425)
RXS-MV-11F06R,CRDM Rod Travel Housing F6,Reactor System,RXS,Containment,A,I,ASME III-1,,DCD Rev 19 Tier 2 Table 3.2-3 (ML11171A425)
RXS-MV-11F08,CRDM Latch Assembly F8,Reactor System,RXS,Containment,D,NS,Manufacturer Std.,,DCD Rev 19 Tier 2 Table 3.2-3 (ML11171A425)
RXS-MV-11F08,CRDM Drive Rod Assembly F8,Reactor System,RXS,Containment,D,NS,Manufacturer Std.,,DCD Rev 19 Tier 2 Table 3.2-3 (ML11171A425)
RXS-MV-11F08,CRDM Coil Stack Assembly F8,Reactor System,RXS,Containment,D,NS,Manufacturer Std.,,DCD Rev 19 Tier 2 Table 3.2-3 (ML11171A425)
RXS-MV-11F08L,CRDM Latch Housing F8,Reactor System,RXS,Containment,A,I,ASME III-1,,DCD Rev 19 Tier 2 Table 3.2-3 (ML11171A425)
RXS-MV-11F08R,CRDM Rod Travel Housing F8,Reactor System,RXS,Containment,A,I,ASME III-1,,DCD Rev 19 Tier 2 Table 3.2-3 (ML11171A425)
RXS-MV-11F10,CRDM Latch Assembly F10,Reactor System,RXS,Containment,D,NS,Manufacturer Std.,,DCD Rev 19 Tier 2 Table 3.2-3 (ML11171A425)
RXS-MV-11F10,CRDM Drive Rod Assembly F10,Reactor System,RXS,Containment,D,NS,Manufacturer Std.,,DCD Rev 19 Tier 2 Table 3.2-3 (ML11171A425)
RXS-MV-11F10,CRDM Coil Stack Assembly F10,Reactor System,RXS,Containment,D,NS,Manufacturer Std.,,DCD Rev 19 Tier 2 Table 3.2-3 (ML11171A425)
RXS-MV-11F10L,CRDM Latch Housing F10,Reactor System,RXS,Containment,A,I,ASME III-1,,DCD Rev 19 Tier 2 Table 3.2-3 (ML11171A425)
RXS-MV-11F10R,CRDM Rod Travel Housing F10,Reactor System,RXS,Containment,A,I,ASME III-1,,DCD Rev 19 Tier 2 Table 3.2-3 (ML11171A425)
RXS-MV-11F12,CRDM Latch Assembly F12,Reactor System,RXS,Containment,D,NS,Manufacturer Std.,,DCD Rev 19 Tier 2 Table 3.2-3 (ML11171A425)
RXS-MV-11F12,CRDM Drive Rod Assembly F12,Reactor System,RXS,Containment,D,NS,Manufacturer Std.,,DCD Rev 19 Tier 2 Table 3.2-3 (ML11171A425)
RXS-MV-11F12,CRDM Coil Stack Assembly F12,Reactor System,RXS,Containment,D,NS,Manufacturer Std.,,DCD Rev 19 Tier 2 Table 3.2-3 (ML11171A425)
RXS-MV-11F12L,CRDM Latch Housing F12,Reactor System,RXS,Containment,A,I,ASME III-1,,DCD Rev 19 Tier 2 Table 3.2-3 (ML11171A425)
RXS-MV-11F12R,CRDM Rod Travel Housing F12,Reactor System,RXS,Containment,A,I,ASME III-1,,DCD Rev 19 Tier 2 Table 3.2-3 (ML11171A425)
RXS-MV-11F14,CRDM Latch Assembly F14,Reactor System,RXS,Containment,D,NS,Manufacturer Std.,,DCD Rev 19 Tier 2 Table 3.2-3 (ML11171A425)
RXS-MV-11F14,CRDM Drive Rod Assembly F14,Reactor System,RXS,Containment,D,NS,Manufacturer Std.,,DCD Rev 19 Tier 2 Table 3.2-3 (ML11171A425)
RXS-MV-11F14,CRDM Coil Stack Assembly F14,Reactor System,RXS,Containment,D,NS,Manufacturer Std.,,DCD Rev 19 Tier 2 Table 3.2-3 (ML11171A425)
RXS-MV-11F14L,CRDM Latch Housing F14,Reactor System,RXS,Containment,A,I,ASME III-1,,DCD Rev 19 Tier 2 Table 3.2-3 (ML11171A425)
RXS-MV-11F14R,CRDM Rod Travel Housing F14,Reactor System,RXS,Containment,A,I,ASME III-1,,DCD Rev 19 Tier 2 Table 3.2-3 (ML11171A425)
RXS-MV-11G03,CRDM Latch Assembly G3,Reactor System,RXS,Containment,D,NS,Manufacturer Std.,,DCD Rev 19 Tier 2 Table 3.2-3 (ML11171A425)
RXS-MV-11G03,CRDM Drive Rod Assembly G3,Reactor System,RXS,Containment,D,NS,Manufacturer Std.,,DCD Rev 19 Tier 2 Table 3.2-3 (ML11171A425)
RXS-MV-11G03,CRDM Coil Stack Assembly G3,Reactor System,RXS,Containment,D,NS,Manufacturer Std.,,DCD Rev 19 Tier 2 Table 3.2-3 (ML11171A425)
RXS-MV-11G03L,CRDM Latch Housing G3,Reactor System,RXS,Containment,A,I,ASME III-1,,DCD Rev 19 Tier 2 Table 3.2-3 (ML11171A425)
RXS-MV-11G03R,CRDM Rod Travel Housing G3,Reactor System,RXS,Containment,A,I,ASME III-1,,DCD Rev 19 Tier 2 Table 3.2-3 (ML11171A425)
RXS-MV-11G05,CRDM Latch Assembly G5,Reactor System,RXS,Containment,D,NS,Manufacturer Std.,,DCD Rev 19 Tier 2 Table 3.2-3 (ML11171A425)
RXS-MV-11G05,CRDM Drive Rod Assembly G5,Reactor System,RXS,Containment,D,NS,Manufacturer Std.,,DCD Rev 19 Tier 2 Table 3.2-3 (ML11171A425)
RXS-MV-11G05,CRDM Coil Stack Assembly G5,Reactor System,RXS,Containment,D,NS,Manufacturer Std.,,DCD Rev 19 Tier 2 Table 3.2-3 (ML11171A425)
RXS-MV-11G05L,CRDM Latch Housing G5,Reactor System,RXS,Containment,A,I,ASME III-1,,DCD Rev 19 Tier 2 Table 3.2-3 (ML11171A425)
RXS-MV-11G05R,CRDM Rod Travel Housing G5,Reactor System,RXS,Containment,A,I,ASME III-1,,DCD Rev 19 Tier 2 Table 3.2-3 (ML11171A425)
RXS-MV-11G07,CRDM Latch Assembly G7,Reactor System,RXS,Containment,D,NS,Manufacturer Std.,,DCD Rev 19 Tier 2 Table 3.2-3 (ML11171A425)
RXS-MV-11G07,CRDM Drive Rod Assembly G7,Reactor System,RXS,Containment,D,NS,Manufacturer Std.,,DCD Rev 19 Tier 2 Table 3.2-3 (ML11171A425)
RXS-MV-11G07,CRDM Coil Stack Assembly G7,Reactor System,RXS,Containment,D,NS,Manufacturer Std.,,DCD Rev 19 Tier 2 Table 3.2-3 (ML11171A425)
RXS-MV-11G07L,CRDM Latch Housing G7,Reactor System,RXS,Containment,A,I,ASME III-1,,DCD Rev 19 Tier 2 Table 3.2-3 (ML11171A425)
RXS-MV-11G07R,CRDM Rod Travel Housing G7,Reactor System,RXS,Containment,A,I,ASME III-1,,DCD Rev 19 Tier 2 Table 3.2-3 (ML11171A425)
RXS-MV-11G09,CRDM Latch Assembly G9,Reactor System,RXS,Containment,D,NS,Manufacturer Std.,,DCD Rev 19 Tier 2 Table 3.2-3 (ML11171A425)
RXS-MV-11G09,CRDM Drive Rod Assembly G9,Reactor System,RXS,Containment,D,NS,Manufacturer Std.,,DCD Rev 19 Tier 2 Table 3.2-3 (ML11171A425)
RXS-MV-11G09,CRDM Coil Stack Assembly G9,Reactor System,RXS,Containment,D,NS,Manufacturer Std.,,DCD Rev 19 Tier 2 Table 3.2-3 (ML11171A425)
RXS-MV-11G09L,CRDM Latch Housing G9,Reactor System,RXS,Containment,A,I,ASME III-1,,DCD Rev 19 Tier 2 Table 3.2-3 (ML11171A425)
RXS-MV-11G09R,CRDM Rod Travel Housing G9,Reactor System,RXS,Containment,A,I,ASME III-1,,DCD Rev 19 Tier 2 Table 3.2-3 (ML11171A425)
RXS-MV-11G11,CRDM Latch Assembly G11,Reactor System,RXS,Containment,D,NS,Manufacturer Std.,,DCD Rev 19 Tier 2 Table 3.2-3 (ML11171A425)
RXS-MV-11G11,CRDM Drive Rod Assembly G11,Reactor System,RXS,Containment,D,NS,Manufacturer Std.,,DCD Rev 19 Tier 2 Table 3.2-3 (ML11171A425)
RXS-MV-11G11,CRDM Coil Stack Assembly G11,Reactor System,RXS,Containment,D,NS,Manufacturer Std.,,DCD Rev 19 Tier 2 Table 3.2-3 (ML11171A425)
RXS-MV-11G11L,CRDM Latch Housing G11,Reactor System,RXS,Containment,A,I,ASME III-1,,DCD Rev 19 Tier 2 Table 3.2-3 (ML11171A425)
RXS-MV-11G11R,CRDM Rod Travel Housing G11,Reactor System,RXS,Containment,A,I,ASME III-1,,DCD Rev 19 Tier 2 Table 3.2-3 (ML11171A425)
RXS-MV-11G13,CRDM Latch Assembly G13,Reactor System,RXS,Containment,D,NS,Manufacturer Std.,,DCD Rev 19 Tier 2 Table 3.2-3 (ML11171A425)
RXS-MV-11G13,CRDM Drive Rod Assembly G13,Reactor System,RXS,Containment,D,NS,Manufacturer Std.,,DCD Rev 19 Tier 2 Table 3.2-3 (ML11171A425)
RXS-MV-11G13,CRDM Coil Stack Assembly G13,Reactor System,RXS,Containment,D,NS,Manufacturer Std.,,DCD Rev 19 Tier 2 Table 3.2-3 (ML11171A425)
RXS-MV-11G13L,CRDM Latch Housing G13,Reactor System,RXS,Containment,A,I,ASME III-1,,DCD Rev 19 Tier 2 Table 3.2-3 (ML11171A425)
RXS-MV-11G13R,CRDM Rod Travel Housing G13,Reactor System,RXS,Containment,A,I,ASME III-1,,DCD Rev 19 Tier 2 Table 3.2-3 (ML11171A425)
RXS-MV-11H02,CRDM Latch Assembly H2,Reactor System,RXS,Containment,D,NS,Manufacturer Std.,,DCD Rev 19 Tier 2 Table 3.2-3 (ML11171A425)
RXS-MV-11H02,CRDM Drive Rod Assembly H2,Reactor System,RXS,Containment,D,NS,Manufacturer Std.,,DCD Rev 19 Tier 2 Table 3.2-3 (ML11171A425)
RXS-MV-11H02,CRDM Coil Stack Assembly H2,Reactor System,RXS,Containment,D,NS,Manufacturer Std.,,DCD Rev 19 Tier 2 Table 3.2-3 (ML11171A425)
RXS-MV-11H02L,CRDM Latch Housing H2,Reactor System,RXS,Containment,A,I,ASME III-1,,DCD Rev 19 Tier 2 Table 3.2-3 (ML11171A425)
RXS-MV-11H02R,CRDM Rod Travel Housing H2,Reactor System,RXS,Containment,A,I,ASME III-1,,DCD Rev 19 Tier 2 Table 3.2-3 (ML11171A425)
RXS-MV-11H04,CRDM Latch Assembly H4,Reactor System,RXS,Containment,D,NS,Manufacturer Std.,,DCD Rev 19 Tier 2 Table 3.2-3 (ML11171A425)
RXS-MV-11H04,CRDM Drive Rod Assembly H4,Reactor System,RXS,Containment,D,NS,Manufacturer Std.,,DCD Rev 19 Tier 2 Table 3.2-3 (ML11171A425)
RXS-MV-11H04,CRDM Coil Stack Assembly H4,Reactor System,RXS,Containment,D,NS,Manufacturer Std.,,DCD Rev 19 Tier 2 Table 3.2-3 (ML11171A425)
RXS-MV-11H04L,CRDM Latch Housing H4,Reactor System,RXS,Containment,A,I,ASME III-1,,DCD Rev 19 Tier 2 Table 3.2-3 (ML11171A425)
RXS-MV-11H04R,CRDM Rod Travel Housing H4,Reactor System,RXS,Containment,A,I,ASME III-1,,DCD Rev 19 Tier 2 Table 3.2-3 (ML11171A425)
RXS-MV-11H06,CRDM Latch Assembly H6,Reactor System,RXS,Containment,D,NS,Manufacturer Std.,,DCD Rev 19 Tier 2 Table 3.2-3 (ML11171A425)
RXS-MV-11H06,CRDM Drive Rod Assembly H6,Reactor System,RXS,Containment,D,NS,Manufacturer Std.,,DCD Rev 19 Tier 2 Table 3.2-3 (ML11171A425)
RXS-MV-11H06,CRDM Coil Stack Assembly H6,Reactor System,RXS,Containment,D,NS,Manufacturer Std.,,DCD Rev 19 Tier 2 Table 3.2-3 (ML11171A425)
RXS-MV-11H06L,CRDM Latch Housing H6,Reactor System,RXS,Containment,A,I,ASME III-1,,DCD Rev 19 Tier 2 Table 3.2-3 (ML11171A425)
RXS-MV-11H06R,CRDM Rod Travel Housing H6,Reactor System,RXS,Containment,A,I,ASME III-1,,DCD Rev 19 Tier 2 Table 3.2-3 (ML11171A425)
RXS-MV-11H08,CRDM Latch Assembly H8,Reactor System,RXS,Containment,D,NS,Manufacturer Std.,,DCD Rev 19 Tier 2 Table 3.2-3 (ML11171A425)
RXS-MV-11H08,CRDM Drive Rod Assembly H8,Reactor System,RXS,Containment,D,NS,Manufacturer Std.,,DCD Rev 19 Tier 2 Table 3.2-3 (ML11171A425)
RXS-MV-11H08,CRDM Coil Stack Assembly H8,Reactor System,RXS,Containment,D,NS,Manufacturer Std.,,DCD Rev 19 Tier 2 Table 3.2-3 (ML11171A425)
RXS-MV-11H08L,CRDM Latch Housing H8,Reactor System,RXS,Containment,A,I,ASME III-1,,DCD Rev 19 Tier 2 Table 3.2-3 (ML11171A425)
RXS-MV-11H08R,CRDM Rod Travel Housing H8,Reactor System,RXS,Containment,A,I,ASME III-1,,DCD Rev 19 Tier 2 Table 3.2-3 (ML11171A425)
RXS-MV-11H10,CRDM Latch Assembly H10,Reactor System,RXS,Containment,D,NS,Manufacturer Std.,,DCD Rev 19 Tier 2 Table 3.2-3 (ML11171A425)
RXS-MV-11H10,CRDM Drive Rod Assembly H10,Reactor System,RXS,Containment,D,NS,Manufacturer Std.,,DCD Rev 19 Tier 2 Table 3.2-3 (ML11171A425)
RXS-MV-11H10,CRDM Coil Stack Assembly H10,Reactor System,RXS,Containment,D,NS,Manufacturer Std.,,DCD Rev 19 Tier 2 Table 3.2-3 (ML11171A425)
RXS-MV-11H10L,CRDM Latch Housing H10,Reactor System,RXS,Containment,A,I,ASME III-1,,DCD Rev 19 Tier 2 Table 3.2-3 (ML11171A425)
RXS-MV-11H10R,CRDM Rod Travel Housing H10,Reactor System,RXS,Containment,A,I,ASME III-1,,DCD Rev 19 Tier 2 Table 3.2-3 (ML11171A425)
RXS-MV-11H12,CRDM Latch Assembly H12,Reactor System,RXS,Containment,D,NS,Manufacturer Std.,,DCD Rev 19 Tier 2 Table 3.2-3 (ML11171A425)
RXS-MV-11H12,CRDM Drive Rod Assembly H12,Reactor System,RXS,Containment,D,NS,Manufacturer Std.,,DCD Rev 19 Tier 2 Table 3.2-3 (ML11171A425)
RXS-MV-11H12,CRDM Coil Stack Assembly H12,Reactor System,RXS,Containment,D,NS,Manufacturer Std.,,DCD Rev 19 Tier 2 Table 3.2-3 (ML11171A425)
RXS-MV-11H12L,CRDM Latch Housing H12,Reactor System,RXS,Containment,A,I,ASME III-1,,DCD Rev 19 Tier 2 Table 3.2-3 (ML11171A425)
RXS-MV-11H12R,CRDM Rod Travel Housing H12,Reactor System,RXS,Containment,A,I,ASME III-1,,DCD Rev 19 Tier 2 Table 3.2-3 (ML11171A425)
RXS-MV-11H14,CRDM Latch Assembly H14,Reactor System,RXS,Containment,D,NS,Manufacturer Std.,,DCD Rev 19 Tier 2 Table 3.2-3 (ML11171A425)
RXS-MV-11H14,CRDM Drive Rod Assembly H14,Reactor System,RXS,Containment,D,NS,Manufacturer Std.,,DCD Rev 19 Tier 2 Table 3.2-3 (ML11171A425)
RXS-MV-11H14,CRDM Coil Stack Assembly H14,Reactor System,RXS,Containment,D,NS,Manufacturer Std.,,DCD Rev 19 Tier 2 Table 3.2-3 (ML11171A425)
RXS-MV-11H14L,CRDM Latch Housing H14,Reactor System,RXS,Containment,A,I,ASME III-1,,DCD Rev 19 Tier 2 Table 3.2-3 (ML11171A425)
RXS-MV-11H14R,CRDM Rod Travel Housing H14,Reactor System,RXS,Containment,A,I,ASME III-1,,DCD Rev 19 Tier 2 Table 3.2-3 (ML11171A425)
RXS-MV-11J03,CRDM Latch Assembly J3,Reactor System,RXS,Containment,D,NS,Manufacturer Std.,,DCD Rev 19 Tier 2 Table 3.2-3 (ML11171A425)
RXS-MV-11J03,CRDM Drive Rod Assembly J3,Reactor System,RXS,Containment,D,NS,Manufacturer Std.,,DCD Rev 19 Tier 2 Table 3.2-3 (ML11171A425)
RXS-MV-11J03,CRDM Coil Stack Assembly J3,Reactor System,RXS,Containment,D,NS,Manufacturer Std.,,DCD Rev 19 Tier 2 Table 3.2-3 (ML11171A425)
RXS-MV-11J03L,CRDM Latch Housing J3,Reactor System,RXS,Containment,A,I,ASME III-1,,DCD Rev 19 Tier 2 Table 3.2-3 (ML11171A425)
RXS-MV-11J03R,CRDM Rod Travel Housing J3,Reactor System,RXS,Containment,A,I,ASME III-1,,DCD Rev 19 Tier 2 Table 3.2-3 (ML11171A425)
RXS-MV-11J05,CRDM Latch Assembly J5,Reactor System,RXS,Containment,D,NS,Manufacturer Std.,,DCD Rev 19 Tier 2 Table 3.2-3 (ML11171A425)
RXS-MV-11J05,CRDM Drive Rod Assembly J5,Reactor System,RXS,Containment,D,NS,Manufacturer Std.,,DCD Rev 19 Tier 2 Table 3.2-3 (ML11171A425)
RXS-MV-11J05,CRDM Coil Stack Assembly J5,Reactor System,RXS,Containment,D,NS,Manufacturer Std.,,DCD Rev 19 Tier 2 Table 3.2-3 (ML11171A425)
RXS-MV-11J05L,CRDM Latch Housing J5,Reactor System,RXS,Containment,A,I,ASME III-1,,DCD Rev 19 Tier 2 Table 3.2-3 (ML11171A425)
RXS-MV-11J05R,CRDM Rod Travel Housing J5,Reactor System,RXS,Containment,A,I,ASME III-1,,DCD Rev 19 Tier 2 Table 3.2-3 (ML11171A425)
RXS-MV-11J07,CRDM Latch Assembly J7,Reactor System,RXS,Containment,D,NS,Manufacturer Std.,,DCD Rev 19 Tier 2 Table 3.2-3 (ML11171A425)
RXS-MV-11J07,CRDM Drive Rod Assembly J7,Reactor System,RXS,Containment,D,NS,Manufacturer Std.,,DCD Rev 19 Tier 2 Table 3.2-3 (ML11171A425)
RXS-MV-11J07,CRDM Coil Stack Assembly J7,Reactor System,RXS,Containment,D,NS,Manufacturer Std.,,DCD Rev 19 Tier 2 Table 3.2-3 (ML11171A425)
RXS-MV-11J07L,CRDM Latch Housing J7,Reactor System,RXS,Containment,A,I,ASME III-1,,DCD Rev 19 Tier 2 Table 3.2-3 (ML11171A425)
RXS-MV-11J07R,CRDM Rod Travel Housing J7,Reactor System,RXS,Containment,A,I,ASME III-1,,DCD Rev 19 Tier 2 Table 3.2-3 (ML11171A425)
RXS-MV-11J09,CRDM Latch Assembly J9,Reactor System,RXS,Containment,D,NS,Manufacturer Std.,,DCD Rev 19 Tier 2 Table 3.2-3 (ML11171A425)
RXS-MV-11J09,CRDM Drive Rod Assembly J9,Reactor System,RXS,Containment,D,NS,Manufacturer Std.,,DCD Rev 19 Tier 2 Table 3.2-3 (ML11171A425)
RXS-MV-11J09,CRDM Coil Stack Assembly J9,Reactor System,RXS,Containment,D,NS,Manufacturer Std.,,DCD Rev 19 Tier 2 Table 3.2-3 (ML11171A425)
RXS-MV-11J09L,CRDM Latch Housing J9,Reactor System,RXS,Containment,A,I,ASME III-1,,DCD Rev 19 Tier 2 Table 3.2-3 (ML11171A425)
RXS-MV-11J09R,CRDM Rod Travel Housing J9,Reactor System,RXS,Containment,A,I,ASME III-1,,DCD Rev 19 Tier 2 Table 3.2-3 (ML11171A425)
RXS-MV-11J11,CRDM Latch Assembly J11,Reactor System,RXS,Containment,D,NS,Manufacturer Std.,,DCD Rev 19 Tier 2 Table 3.2-3 (ML11171A425)
RXS-MV-11J11,CRDM Drive Rod Assembly J11,Reactor System,RXS,Containment,D,NS,Manufacturer Std.,,DCD Rev 19 Tier 2 Table 3.2-3 (ML11171A425)
RXS-MV-11J11,CRDM Coil Stack Assembly J11,Reactor System,RXS,Containment,D,NS,Manufacturer Std.,,DCD Rev 19 Tier 2 Table 3.2-3 (ML11171A425)
RXS-MV-11J11L,CRDM Latch Housing J11,Reactor System,RXS,Containment,A,I,ASME III-1,,DCD Rev 19 Tier 2 Table 3.2-3 (ML11171A425)
RXS-MV-11J11R,CRDM Rod Travel Housing J11,Reactor System,RXS,Containment,A,I,ASME III-1,,DCD Rev 19 Tier 2 Table 3.2-3 (ML11171A425)
RXS-MV-11J13,CRDM Latch Assembly J13,Reactor System,RXS,Containment,D,NS,Manufacturer Std.,,DCD Rev 19 Tier 2 Table 3.2-3 (ML11171A425)
RXS-MV-11J13,CRDM Drive Rod Assembly J13,Reactor System,RXS,Containment,D,NS,Manufacturer Std.,,DCD Rev 19 Tier 2 Table 3.2-3 (ML11171A425)
RXS-MV-11J13,CRDM Coil Stack Assembly J13,Reactor System,RXS,Containment,D,NS,Manufacturer Std.,,DCD Rev 19 Tier 2 Table 3.2-3 (ML11171A425)
RXS-MV-11J13L,CRDM Latch Housing J13,Reactor System,RXS,Containment,A,I,ASME III-1,,DCD Rev 19 Tier 2 Table 3.2-3 (ML11171A425)
RXS-MV-11J13R,CRDM Rod Travel Housing J13,Reactor System,RXS,Containment,A,I,ASME III-1,,DCD Rev 19 Tier 2 Table 3.2-3 (ML11171A425)
RXS-MV-11K02,CRDM Latch Assembly K2,Reactor System,RXS,Containment,D,NS,Manufacturer Std.,,DCD Rev 19 Tier 2 Table 3.2-3 (ML11171A425)
RXS-MV-11K02,CRDM Drive Rod Assembly K2,Reactor System,RXS,Containment,D,NS,Manufacturer Std.,,DCD Rev 19 Tier 2 Table 3.2-3 (ML11171A425)
RXS-MV-11K02,CRDM Coil Stack Assembly K2,Reactor System,RXS,Containment,D,NS,Manufacturer Std.,,DCD Rev 19 Tier 2 Table 3.2-3 (ML11171A425)
RXS-MV-11K02L,CRDM Latch Housing K2,Reactor System,RXS,Containment,A,I,ASME III-1,,DCD Rev 19 Tier 2 Table 3.2-3 (ML11171A425)
RXS-MV-11K02R,CRDM Rod Travel Housing K2,Reactor System,RXS,Containment,A,I,ASME III-1,,DCD Rev 19 Tier 2 Table 3.2-3 (ML11171A425)
RXS-MV-11K04,CRDM Latch Assembly K4,Reactor System,RXS,Containment,D,NS,Manufacturer Std.,,DCD Rev 19 Tier 2 Table 3.2-3 (ML11171A425)
RXS-MV-11K04,CRDM Drive Rod Assembly K4,Reactor System,RXS,Containment,D,NS,Manufacturer Std.,,DCD Rev 19 Tier 2 Table 3.2-3 (ML11171A425)
RXS-MV-11K04,CRDM Coil Stack Assembly K4,Reactor System,RXS,Containment,D,NS,Manufacturer Std.,,DCD Rev 19 Tier 2 Table 3.2-3 (ML11171A425)
RXS-MV-11K04L,CRDM Latch Housing K4,Reactor System,RXS,Containment,A,I,ASME III-1,,DCD Rev 19 Tier 2 Table 3.2-3 (ML11171A425)
RXS-MV-11K04R,CRDM Rod Travel Housing K4,Reactor System,RXS,Containment,A,I,ASME III-1,,DCD Rev 19 Tier 2 Table 3.2-3 (ML11171A425)
RXS-MV-11K06,CRDM Latch Assembly K6,Reactor System,RXS,Containment,D,NS,Manufacturer Std.,,DCD Rev 19 Tier 2 Table 3.2-3 (ML11171A425)
RXS-MV-11K06,CRDM Drive Rod Assembly K6,Reactor System,RXS,Containment,D,NS,Manufacturer Std.,,DCD Rev 19 Tier 2 Table 3.2-3 (ML11171A425)
RXS-MV-11K06,CRDM Coil Stack Assembly K6,Reactor System,RXS,Containment,D,NS,Manufacturer Std.,,DCD Rev 19 Tier 2 Table 3.2-3 (ML11171A425)
RXS-MV-11K06L,CRDM Latch Housing K6,Reactor System,RXS,Containment,A,I,ASME III-1,,DCD Rev 19 Tier 2 Table 3.2-3 (ML11171A425)
RXS-MV-11K06R,CRDM Rod Travel Housing K6,Reactor System,RXS,Containment,A,I,ASME III-1,,DCD Rev 19 Tier 2 Table 3.2-3 (ML11171A425)
RXS-MV-11K08,CRDM Latch Assembly K8,Reactor System,RXS,Containment,D,NS,Manufacturer Std.,,DCD Rev 19 Tier 2 Table 3.2-3 (ML11171A425)
RXS-MV-11K08,CRDM Drive Rod Assembly K8,Reactor System,RXS,Containment,D,NS,Manufacturer Std.,,DCD Rev 19 Tier 2 Table 3.2-3 (ML11171A425)
RXS-MV-11K08,CRDM Coil Stack Assembly K8,Reactor System,RXS,Containment,D,NS,Manufacturer Std.,,DCD Rev 19 Tier 2 Table 3.2-3 (ML11171A425)
RXS-MV-11K08L,CRDM Latch Housing K8,Reactor System,RXS,Containment,A,I,ASME III-1,,DCD Rev 19 Tier 2 Table 3.2-3 (ML11171A425)
RXS-MV-11K08R,CRDM Rod Travel Housing K8,Reactor System,RXS,Containment,A,I,ASME III-1,,DCD Rev 19 Tier 2 Table 3.2-3 (ML11171A425)
RXS-MV-11K10,CRDM Latch Assembly K10,Reactor System,RXS,Containment,D,NS,Manufacturer Std.,,DCD Rev 19 Tier 2 Table 3.2-3 (ML11171A425)
RXS-MV-11K10,CRDM Drive Rod Assembly K10,Reactor System,RXS,Containment,D,NS,Manufacturer Std.,,DCD Rev 19 Tier 2 Table 3.2-3 (ML11171A425)
RXS-MV-11K10,CRDM Coil Stack Assembly K10,Reactor System,RXS,Containment,D,NS,Manufacturer Std.,,DCD Rev 19 Tier 2 Table 3.2-3 (ML11171A425)
RXS-MV-11K10L,CRDM Latch Housing K10,Reactor System,RXS,Containment,A,I,ASME III-1,,DCD Rev 19 Tier 2 Table 3.2-3 (ML11171A425)
RXS-MV-11K10R,CRDM Rod Travel Housing K10,Reactor System,RXS,Containment,A,I,ASME III-1,,DCD Rev 19 Tier 2 Table 3.2-3 (ML11171A425)
RXS-MV-11K12,CRDM Latch Assembly K12,Reactor System,RXS,Containment,D,NS,Manufacturer Std.,,DCD Rev 19 Tier 2 Table 3.2-3 (ML11171A425)
RXS-MV-11K12,CRDM Drive Rod Assembly K12,Reactor System,RXS,Containment,D,NS,Manufacturer Std.,,DCD Rev 19 Tier 2 Table 3.2-3 (ML11171A425)
RXS-MV-11K12,CRDM Coil Stack Assembly K12,Reactor System,RXS,Containment,D,NS,Manufacturer Std.,,DCD Rev 19 Tier 2 Table 3.2-3 (ML11171A425)
RXS-MV-11K12L,CRDM Latch Housing K12,Reactor System,RXS,Containment,A,I,ASME III-1,,DCD Rev 19 Tier 2 Table 3.2-3 (ML11171A425)
RXS-MV-11K12R,CRDM Rod Travel Housing K12,Reactor System,RXS,Containment,A,I,ASME III-1,,DCD Rev 19 Tier 2 Table 3.2-3 (ML11171A425)
RXS-MV-11K14,CRDM Latch Assembly K14,Reactor System,RXS,Containment,D,NS,Manufacturer Std.,,DCD Rev 19 Tier 2 Table 3.2-3 (ML11171A425)
RXS-MV-11K14,CRDM Drive Rod Assembly K14,Reactor System,RXS,Containment,D,NS,Manufacturer Std.,,DCD Rev 19 Tier 2 Table 3.2-3 (ML11171A425)
RXS-MV-11K14,CRDM Coil Stack Assembly K14,Reactor System,RXS,Containment,D,NS,Manufacturer Std.,,DCD Rev 19 Tier 2 Table 3.2-3 (ML11171A425)
RXS-MV-11K14L,CRDM Latch Housing K14,Reactor System,RXS,Containment,A,I,ASME III-1,,DCD Rev 19 Tier 2 Table 3.2-3 (ML11171A425)
RXS-MV-11K14R,CRDM Rod Travel Housing K14,Reactor System,RXS,Containment,A,I,ASME III-1,,DCD Rev 19 Tier 2 Table 3.2-3 (ML11171A425)
RXS-MV-11L03,CRDM Latch Assembly L3,Reactor System,RXS,Containment,D,NS,Manufacturer Std.,,DCD Rev 19 Tier 2 Table 3.2-3 (ML11171A425)
RXS-MV-11L03,CRDM Drive Rod Assembly L3,Reactor System,RXS,Containment,D,NS,Manufacturer Std.,,DCD Rev 19 Tier 2 Table 3.2-3 (ML11171A425)
RXS-MV-11L03,CRDM Coil Stack Assembly L3,Reactor System,RXS,Containment,D,NS,Manufacturer Std.,,DCD Rev 19 Tier 2 Table 3.2-3 (ML11171A425)
RXS-MV-11L03L,CRDM Latch Housing L3,Reactor System,RXS,Containment,A,I,ASME III-1,,DCD Rev 19 Tier 2 Table 3.2-3 (ML11171A425)
RXS-MV-11L03R,CRDM Rod Travel Housing L3,Reactor System,RXS,Containment,A,I,ASME III-1,,DCD Rev 19 Tier 2 Table 3.2-3 (ML11171A425)
RXS-MV-11L05,CRDM Latch Assembly L5,Reactor System,RXS,Containment,D,NS,Manufacturer Std.,,DCD Rev 19 Tier 2 Table 3.2-3 (ML11171A425)
RXS-MV-11L05,CRDM Drive Rod Assembly L5,Reactor System,RXS,Containment,D,NS,Manufacturer Std.,,DCD Rev 19 Tier 2 Table 3.2-3 (ML11171A425)
RXS-MV-11L05,CRDM Coil Stack Assembly L5,Reactor System,RXS,Containment,D,NS,Manufacturer Std.,,DCD Rev 19 Tier 2 Table 3.2-3 (ML11171A425)
RXS-MV-11L05L,CRDM Latch Housing L5,Reactor System,RXS,Containment,A,I,ASME III-1,,DCD Rev 19 Tier 2 Table 3.2-3 (ML11171A425)
RXS-MV-11L05R,CRDM Rod Travel Housing L5,Reactor System,RXS,Containment,A,I,ASME III-1,,DCD Rev 19 Tier 2 Table 3.2-3 (ML11171A425)
RXS-MV-11L07,CRDM Latch Assembly L7,Reactor System,RXS,Containment,D,NS,Manufacturer Std.,,DCD Rev 19 Tier 2 Table 3.2-3 (ML11171A425)
RXS-MV-11L07,CRDM Drive Rod Assembly L7,Reactor System,RXS,Containment,D,NS,Manufacturer Std.,,DCD Rev 19 Tier 2 Table 3.2-3 (ML11171A425)
RXS-MV-11L07,CRDM Coil Stack Assembly L7,Reactor System,RXS,Containment,D,NS,Manufacturer Std.,,DCD Rev 19 Tier 2 Table 3.2-3 (ML11171A425)
RXS-MV-11L07L,CRDM Latch Housing L7,Reactor System,RXS,Containment,A,I,ASME III-1,,DCD Rev 19 Tier 2 Table 3.2-3 (ML11171A425)
RXS-MV-11L07R,CRDM Rod Travel Housing L7,Reactor System,RXS,Containment,A,I,ASME III-1,,DCD Rev 19 Tier 2 Table 3.2-3 (ML11171A425)
RXS-MV-11L09,CRDM Latch Assembly L9,Reactor System,RXS,Containment,D,NS,Manufacturer Std.,,DCD Rev 19 Tier 2 Table 3.2-3 (ML11171A425)
RXS-MV-11L09,CRDM Drive Rod Assembly L9,Reactor System,RXS,Containment,D,NS,Manufacturer Std.,,DCD Rev 19 Tier 2 Table 3.2-3 (ML11171A425)
RXS-MV-11L09,CRDM Coil Stack Assembly L9,Reactor System,RXS,Containment,D,NS,Manufacturer Std.,,DCD Rev 19 Tier 2 Table 3.2-3 (ML11171A425)
RXS-MV-11L09L,CRDM Latch Housing L9,Reactor System,RXS,Containment,A,I,ASME III-1,,DCD Rev 19 Tier 2 Table 3.2-3 (ML11171A425)
RXS-MV-11L09R,CRDM Rod Travel Housing L9,Reactor System,RXS,Containment,A,I,ASME III-1,,DCD Rev 19 Tier 2 Table 3.2-3 (ML11171A425)
RXS-MV-11L11,CRDM Latch Assembly L11,Reactor System,RXS,Containment,D,NS,Manufacturer Std.,,DCD Rev 19 Tier 2 Table 3.2-3 (ML11171A425)
RXS-MV-11L11,CRDM Drive Rod Assembly L11,Reactor System,RXS,Containment,D,NS,Manufacturer Std.,,DCD Rev 19 Tier 2 Table 3.2-3 (ML11171A425)
RXS-MV-11L11,CRDM Coil Stack Assembly L11,Reactor System,RXS,Containment,D,NS,Manufacturer Std.,,DCD Rev 19 Tier 2 Table 3.2-3 (ML11171A425)
RXS-MV-11L11L,CRDM Latch Housing L11,Reactor System,RXS,Containment,A,I,ASME III-1,,DCD Rev 19 Tier 2 Table 3.2-3 (ML11171A425)
RXS-MV-11L11R,CRDM Rod Travel Housing L11,Reactor System,RXS,Containment,A,I,ASME III-1,,DCD Rev 19 Tier 2 Table 3.2-3 (ML11171A425)
RXS-MV-11L13,CRDM Latch Assembly L13,Reactor System,RXS,Containment,D,NS,Manufacturer Std.,,DCD Rev 19 Tier 2 Table 3.2-3 (ML11171A425)
RXS-MV-11L13,CRDM Drive Rod Assembly L13,Reactor System,RXS,Containment,D,NS,Manufacturer Std.,,DCD Rev 19 Tier 2 Table 3.2-3 (ML11171A425)
RXS-MV-11L13,CRDM Coil Stack Assembly L13,Reactor System,RXS,Containment,D,NS,Manufacturer Std.,,DCD Rev 19 Tier 2 Table 3.2-3 (ML11171A425)
RXS-MV-11L13L,CRDM Latch Housing L13,Reactor System,RXS,Containment,A,I,ASME III-1,,DCD Rev 19 Tier 2 Table 3.2-3 (ML11171A425)
RXS-MV-11L13R,CRDM Rod Travel Housing L13,Reactor System,RXS,Containment,A,I,ASME III-1,,DCD Rev 19 Tier 2 Table 3.2-3 (ML11171A425)
RXS-MV-11M04,CRDM Latch Assembly M4,Reactor System,RXS,Containment,D,NS,Manufacturer Std.,,DCD Rev 19 Tier 2 Table 3.2-3 (ML11171A425)
RXS-MV-11M04,CRDM Drive Rod Assembly M4,Reactor System,RXS,Containment,D,NS,Manufacturer Std.,,DCD Rev 19 Tier 2 Table 3.2-3 (ML11171A425)
RXS-MV-11M04,CRDM Coil Stack Assembly M4,Reactor System,RXS,Containment,D,NS,Manufacturer Std.,,DCD Rev 19 Tier 2 Table 3.2-3 (ML11171A425)
RXS-MV-11M04L,CRDM Latch Housing M4,Reactor System,RXS,Containment,A,I,ASME III-1,,DCD Rev 19 Tier 2 Table 3.2-3 (ML11171A425)
RXS-MV-11M04R,CRDM Rod Travel Housing M4,Reactor System,RXS,Containment,A,I,ASME III-1,,DCD Rev 19 Tier 2 Table 3.2-3 (ML11171A425)
RXS-MV-11M06,CRDM Latch Assembly M6,Reactor System,RXS,Containment,D,NS,Manufacturer Std.,,DCD Rev 19 Tier 2 Table 3.2-3 (ML11171A425)
RXS-MV-11M06,CRDM Drive Rod Assembly M6,Reactor System,RXS,Containment,D,NS,Manufacturer Std.,,DCD Rev 19 Tier 2 Table 3.2-3 (ML11171A425)
RXS-MV-11M06,CRDM Coil Stack Assembly M6,Reactor System,RXS,Containment,D,NS,Manufacturer Std.,,DCD Rev 19 Tier 2 Table 3.2-3 (ML11171A425)
RXS-MV-11M06L,CRDM Latch Housing M6,Reactor System,RXS,Containment,A,I,ASME III-1,,DCD Rev 19 Tier 2 Table 3.2-3 (ML11171A425)
RXS-MV-11M06R,CRDM Rod Travel Housing M6,Reactor System,RXS,Containment,A,I,ASME III-1,,DCD Rev 19 Tier 2 Table 3.2-3 (ML11171A425)
RXS-MV-11M08,CRDM Latch Assembly M8,Reactor System,RXS,Containment,D,NS,Manufacturer Std.,,DCD Rev 19 Tier 2 Table 3.2-3 (ML11171A425)
RXS-MV-11M08,CRDM Drive Rod Assembly M8,Reactor System,RXS,Containment,D,NS,Manufacturer Std.,,DCD Rev 19 Tier 2 Table 3.2-3 (ML11171A425)
RXS-MV-11M08,CRDM Coil Stack Assembly M8,Reactor System,RXS,Containment,D,NS,Manufacturer Std.,,DCD Rev 19 Tier 2 Table 3.2-3 (ML11171A425)
RXS-MV-11M08L,CRDM Latch Housing M8,Reactor System,RXS,Containment,A,I,ASME III-1,,DCD Rev 19 Tier 2 Table 3.2-3 (ML11171A425)
RXS-MV-11M08R,CRDM Rod Travel Housing M8,Reactor System,RXS,Containment,A,I,ASME III-1,,DCD Rev 19 Tier 2 Table 3.2-3 (ML11171A425)
RXS-MV-11M10,CRDM Latch Assembly M10,Reactor System,RXS,Containment,D,NS,Manufacturer Std.,,DCD Rev 19 Tier 2 Table 3.2-3 (ML11171A425)
RXS-MV-11M10,CRDM Drive Rod Assembly M10,Reactor System,RXS,Containment,D,NS,Manufacturer Std.,,DCD Rev 19 Tier 2 Table 3.2-3 (ML11171A425)
RXS-MV-11M10,CRDM Coil Stack Assembly M10,Reactor System,RXS,Containment,D,NS,Manufacturer Std.,,DCD Rev 19 Tier 2 Table 3.2-3 (ML11171A425)
RXS-MV-11M10L,CRDM Latch Housing M10,Reactor System,RXS,Containment,A,I,ASME III-1,,DCD Rev 19 Tier 2 Table 3.2-3 (ML11171A425)
RXS-MV-11M10R,CRDM Rod Travel Housing M10,Reactor System,RXS,Containment,A,I,ASME III-1,,DCD Rev 19 Tier 2 Table 3.2-3 (ML11171A425)
RXS-MV-11M12,CRDM Latch Assembly M12,Reactor System,RXS,Containment,D,NS,Manufacturer Std.,,DCD Rev 19 Tier 2 Table 3.2-3 (ML11171A425)
RXS-MV-11M12,CRDM Drive Rod Assembly M12,Reactor System,RXS,Containment,D,NS,Manufacturer Std.,,DCD Rev 19 Tier 2 Table 3.2-3 (ML11171A425)
RXS-MV-11M12,CRDM Coil Stack Assembly M12,Reactor System,RXS,Containment,D,NS,Manufacturer Std.,,DCD Rev 19 Tier 2 Table 3.2-3 (ML11171A425)
RXS-MV-11M12L,CRDM Latch Housing M12,Reactor System,RXS,Containment,A,I,ASME III-1,,DCD Rev 19 Tier 2 Table 3.2-3 (ML11171A425)
RXS-MV-11M12R,CRDM Rod Travel Housing M12,Reactor System,RXS,Containment,A,I,ASME III-1,,DCD Rev 19 Tier 2 Table 3.2-3 (ML11171A425)
RRXS-MV-11N05,CRDM Latch Assembly N5,Reactor System,RXS,Containment,D,NS,Manufacturer Std.,,DCD Rev 19 Tier 2 Table 3.2-3 (ML11171A425)
RXS-MV-11N05,CRDM Drive Rod Assembly N5,Reactor System,RXS,Containment,D,NS,Manufacturer Std.,,DCD Rev 19 Tier 2 Table 3.2-3 (ML11171A425)
RXS-MV-11N05,CRDM Coil Stack Assembly N5,Reactor System,RXS,Containment,D,NS,Manufacturer Std.,,DCD Rev 19 Tier 2 Table 3.2-3 (ML11171A425)
RXS-MV-11N05L,CRDM Latch Housing N5,Reactor System,RXS,Containment,A,I,ASME III-1,,DCD Rev 19 Tier 2 Table 3.2-3 (ML11171A425)
RXS-MV-11N05R,CRDM Rod Travel Housing N5,Reactor System,RXS,Containment,A,I,ASME III-1,,DCD Rev 19 Tier 2 Table 3.2-3 (ML11171A425)
RXS-MV-11N07,CRDM Latch Assembly N7,Reactor System,RXS,Containment,D,NS,Manufacturer Std.,,DCD Rev 19 Tier 2 Table 3.2-3 (ML11171A425)
RXS-MV-11N07,CRDM Drive Rod Assembly N7,Reactor System,RXS,Containment,D,NS,Manufacturer Std.,,DCD Rev 19 Tier 2 Table 3.2-3 (ML11171A425)
RXS-MV-11N07,CRDM Coil Stack Assembly N7,Reactor System,RXS,Containment,D,NS,Manufacturer Std.,,DCD Rev 19 Tier 2 Table 3.2-3 (ML11171A425)
RXS-MV-11N07L,CRDM Latch Housing N7,Reactor System,RXS,Containment,A,I,ASME III-1,,DCD Rev 19 Tier 2 Table 3.2-3 (ML11171A425)
RXS-MV-11N07R,CRDM Rod Travel Housing N7,Reactor System,RXS,Containment,A,I,ASME III-1,,DCD Rev 19 Tier 2 Table 3.2-3 (ML11171A425)
RXS-MV-11N09,CRDM Latch Assembly N9,Reactor System,RXS,Containment,D,NS,Manufacturer Std.,,DCD Rev 19 Tier 2 Table 3.2-3 (ML11171A425)
RXS-MV-11N09,CRDM Drive Rod Assembly N9,Reactor System,RXS,Containment,D,NS,Manufacturer Std.,,DCD Rev 19 Tier 2 Table 3.2-3 (ML11171A425)
RXS-MV-11N09,CRDM Coil Stack Assembly N9,Reactor System,RXS,Containment,D,NS,Manufacturer Std.,,DCD Rev 19 Tier 2 Table 3.2-3 (ML11171A425)
RXS-MV-11N09L,CRDM Latch Housing N9,Reactor System,RXS,Containment,A,I,ASME III-1,,DCD Rev 19 Tier 2 Table 3.2-3 (ML11171A425)
RXS-MV-11N09R,CRDM Rod Travel Housing N9,Reactor System,RXS,Containment,A,I,ASME III-1,,DCD Rev 19 Tier 2 Table 3.2-3 (ML11171A425)
RXS-MV-11N11,CRDM Latch Assembly N11,Reactor System,RXS,Containment,D,NS,Manufacturer Std.,,DCD Rev 19 Tier 2 Table 3.2-3 (ML11171A425)
RXS-MV-11N11,CRDM Drive Rod Assembly N11,Reactor System,RXS,Containment,D,NS,Manufacturer Std.,,DCD Rev 19 Tier 2 Table 3.2-3 (ML11171A425)
RXS-MV-11N11,CRDM Coil Stack Assembly N11,Reactor System,RXS,Containment,D,NS,Manufacturer Std.,,DCD Rev 19 Tier 2 Table 3.2-3 (ML11171A425)
RXS-MV-11N11L,CRDM Latch Housing N11,Reactor System,RXS,Containment,A,I,ASME III-1,,DCD Rev 19 Tier 2 Table 3.2-3 (ML11171A425)
RXS-MV-11N11R,CRDM Rod Travel Housing N11,Reactor System,RXS,Containment,A,I,ASME III-1,,DCD Rev 19 Tier 2 Table 3.2-3 (ML11171A425)
RXS-MV-11P06,CRDM Latch Assembly P6,Reactor System,RXS,Containment,D,NS,Manufacturer Std.,,DCD Rev 19 Tier 2 Table 3.2-3 (ML11171A425)
RXS-MV-11P06,CRDM Drive Rod Assembly P6,Reactor System,RXS,Containment,D,NS,Manufacturer Std.,,DCD Rev 19 Tier 2 Table 3.2-3 (ML11171A425)
RXS-MV-11P06,CRDM Coil Stack Assembly P6,Reactor System,RXS,Containment,D,NS,Manufacturer Std.,,DCD Rev 19 Tier 2 Table 3.2-3 (ML11171A425)
RXS-MV-11P06L,CRDM Latch Housing P6,Reactor System,RXS,Containment,A,I,ASME III-1,,DCD Rev 19 Tier 2 Table 3.2-3 (ML11171A425)
RXS-MV-11P06R,CRDM Rod Travel Housing P6,Reactor System,RXS,Containment,A,I,ASME III-1,,DCD Rev 19 Tier 2 Table 3.2-3 (ML11171A425)
RXS-MV-11P08,CRDM Latch Assembly P8,Reactor System,RXS,Containment,D,NS,Manufacturer Std.,,DCD Rev 19 Tier 2 Table 3.2-3 (ML11171A425)
RXS-MV-11P08,CRDM Drive Rod Assembly P8,Reactor System,RXS,Containment,D,NS,Manufacturer Std.,,DCD Rev 19 Tier 2 Table 3.2-3 (ML11171A425)
RXS-MV-11P08,CRDM Coil Stack Assembly P8,Reactor System,RXS,Containment,D,NS,Manufacturer Std.,,DCD Rev 19 Tier 2 Table 3.2-3 (ML11171A425)
RXS-MV-11P08L,CRDM Latch Housing P8,Reactor System,RXS,Containment,A,I,ASME III-1,,DCD Rev 19 Tier 2 Table 3.2-3 (ML11171A425)
RXS-MV-11P08R,CRDM Rod Travel Housing P8,Reactor System,RXS,Containment,A,I,ASME III-1,,DCD Rev 19 Tier 2 Table 3.2-3 (ML11171A425)
RXS-MV-11P10,CRDM Latch Assembly P10,Reactor System,RXS,Containment,D,NS,Manufacturer Std.,,DCD Rev 19 Tier 2 Table 3.2-3 (ML11171A425)
RXS-MV-11P10,CRDM Drive Rod Assembly P10,Reactor System,RXS,Containment,D,NS,Manufacturer Std.,,DCD Rev 19 Tier 2 Table 3.2-3 (ML11171A425)
RXS-MV-11P10,CRDM Coil Stack Assembly P10,Reactor System,RXS,Containment,D,NS,Manufacturer Std.,,DCD Rev 19 Tier 2 Table 3.2-3 (ML11171A425)
RXS-MV-11P10L,CRDM Latch Housing P10,Reactor System,RXS,Containment,A,I,ASME III-1,,DCD Rev 19 Tier 2 Table 3.2-3 (ML11171A425)
RXS-MV-11P10R,CRDM Rod Travel Housing P10,Reactor System,RXS,Containment,A,I,ASME III-1,,DCD Rev 19 Tier 2 Table 3.2-3 (ML11171A425)
RXS-MY-Y01,Irradiation Tube Plug Seat Jack,Reactor System,RXS,Containment,D,NS,Manufacturer Std.,,DCD Rev 19 Tier 2 Table 3.2-3 (ML11171A425)
SDS-PL-V001,SDS MCR Isolation Valve,Sanitary Drainage System,SDS,Various,C,I,ASME III-3,,DCD Rev 19 Tier 2 Table 3.2-3 (ML11171A425)
SDS-PL-V002,SDS MCR Isolation Valve,Sanitary Drainage System,SDS,Various,C,I,ASME III-3,,DCD Rev 19 Tier 2 Table 3.2-3 (ML11171A425)
n/a,"Heat Exchangers, SFS and CCS Side",Spent Fuel Pool Cooling System,SFS,"Auxiliary Building, Containment",D,NS,ASME VIII,,DCD Rev 19 Tier 2 Table 3.2-3 (ML11171A425)
n/a,Pumps,Spent Fuel Pool Cooling System,SFS,"Auxiliary Building, Containment",D,NS,Hydraulic Institute Std.,,DCD Rev 19 Tier 2 Table 3.2-3 (ML11171A425)
n/a,Demineralizers,Spent Fuel Pool Cooling System,SFS,"Auxiliary Building, Containment",D,NS,ASME VIII,,DCD Rev 19 Tier 2 Table 3.2-3 (ML11171A425)
n/a,Filters,Spent Fuel Pool Cooling System,SFS,"Auxiliary Building, Containment",D,NS,ASME VIII,,DCD Rev 19 Tier 2 Table 3.2-3 (ML11171A425)
n/a,Valves Providing SFS AP1000 Equipment Class D Function,Spent Fuel Pool Cooling System,SFS,"Auxiliary Building, Containment",D,NS,ANSI 16.34,,DCD Rev 19 Tier 2 Table 3.2-3 (ML11171A425)
SFS-PL-V024A,Spent Fuel Pool Level Instrument Isolation,Spent Fuel Pool Cooling System,SFS,"Auxiliary Building, Containment",C,I,ASME III-3,,DCD Rev 19 Tier 2 Table 3.2-3 (ML11171A425)
SFS-PL-V024B,Spent Fuel Pool Level Instrument Isolation,Spent Fuel Pool Cooling System,SFS,"Auxiliary Building, Containment",C,I,ASME III-3,,DCD Rev 19 Tier 2 Table 3.2-3 (ML11171A425)
SFS-PL-V024C,Spent Fuel Pool Level Instrument Isolation,Spent Fuel Pool Cooling System,SFS,"Auxiliary Building, Containment",C,I,ASME III-3,,DCD Rev 19 Tier 2 Table 3.2-3 (ML11171A425)
SFS-PL-V028,Cask Washdown Pit Level Instrument Isolation,Spent Fuel Pool Cooling System,SFS,"Auxiliary Building, Containment",C,I,ASME III-3,,DCD Rev 19 Tier 2 Table 3.2-3 (ML11171A425)
SFS-PL-V031,SFS Refueling Cavity Drain to SGS Compartment Isolation,Spent Fuel Pool Cooling System,SFS,"Auxiliary Building, Containment",C,I,ASME III-3,,DCD Rev 19 Tier 2 Table 3.2-3 (ML11171A425)
SFS-PL-V032,SFS Refueling Cavity Suction Isolation,Spent Fuel Pool Cooling System,SFS,"Auxiliary Building, Containment",C,I,ASME III-3,,DCD Rev 19 Tier 2 Table 3.2-3 (ML11171A425)
SFS-PL-V033,SFS Refueling Cavity Drain to Containment Sump Isolation,Spent Fuel Pool Cooling System,SFS,"Auxiliary Building, Containment",C,I,ASME III-3,,DCD Rev 19 Tier 2 Table 3.2-3 (ML11171A425)
SFS-PL-V034,SFS Suction Line Containment Isolation,Spent Fuel Pool Cooling System,SFS,"Auxiliary Building, Containment",B,I,ASME III-2,,DCD Rev 19 Tier 2 Table 3.2-3 (ML11171A425)
SFS-PL-V035,SFS Suction Line Containment Isolation,Spent Fuel Pool Cooling System,SFS,"Auxiliary Building, Containment",B,I,ASME III-2,,DCD Rev 19 Tier 2 Table 3.2-3 (ML11171A425)
SFS-PL-V037,SFS Discharge Line Containment Isolation,Spent Fuel Pool Cooling System,SFS,"Auxiliary Building, Containment",B,I,ASME III-2,,DCD Rev 19 Tier 2 Table 3.2-3 (ML11171A425)
SFS-PL-V038,SFS Discharge Line Containment Isolation,Spent Fuel Pool Cooling System,SFS,"Auxiliary Building, Containment",B,I,ASME III-2,,DCD Rev 19 Tier 2 Table 3.2-3 (ML11171A425)
SFS-PL-V039,SFS Suction Line from IRWST Isolation,Spent Fuel Pool Cooling System,SFS,"Auxiliary Building, Containment",C,I,ASME III-3,,DCD Rev 19 Tier 2 Table 3.2-3 (ML11171A425)
SFS-PL-V040,SFS Fuel Transfer Canal Drain Isolation,Spent Fuel Pool Cooling System,SFS,"Auxiliary Building, Containment",C,I,ASME III-3,,DCD Rev 19 Tier 2 Table 3.2-3 (ML11171A425)
SFS-PL-V041,SFS Cask Loading Pit Drain Isolation,Spent Fuel Pool Cooling System,SFS,"Auxiliary Building, Containment",C,I,ASME III-3,,DCD Rev 19 Tier 2 Table 3.2-3 (ML11171A425)
SFS-PL-V042,Cask Loading Pit to Pump Suction Isolation,Spent Fuel Pool Cooling System,SFS,"Auxiliary Building, Containment",C,I,ASME III-3,,DCD Rev 19 Tier 2 Table 3.2-3 (ML11171A425)
SFS-PL-V043,SFS CVS Makeup Reverse Flow Prevention,Spent Fuel Pool Cooling System,SFS,"Auxiliary Building, Containment",C,I,ASME III-3,,DCD Rev 19 Tier 2 Table 3.2-3 (ML11171A425)
SFS-PL-V045,SFS Discharge to Cask Loading Pit Isolation,Spent Fuel Pool Cooling System,SFS,"Auxiliary Building, Containment",C,I,ASME III-3,,DCD Rev 19 Tier 2 Table 3.2-3 (ML11171A425)
SFS-PL-V047,SFS Demineralized Water Makeup to SFP Reverse Flow Prevent,Spent Fuel Pool Cooling System,SFS,"Auxiliary Building, Containment",D,NS,ASME III-3,,DCD Rev 19 Tier 2 Table 3.2-3 (ML11171A425)
SFS-PL-V048,SFS Containment Penetration Test Connection,Spent Fuel Pool Cooling System,SFS,"Auxiliary Building, Containment",B,I,ASME III-2,,DCD Rev 19 Tier 2 Table 3.2-3 (ML11171A425)
SFS-PL-V049,SFS Cask Loading Pit Drain to WLS Isolation,Spent Fuel Pool Cooling System,SFS,"Auxiliary Building, Containment",C,I,ASME III-3,,DCD Rev 19 Tier 2 Table 3.2-3 (ML11171A425)
SFS-PL-V056,SFS Containment Penetration Test Connection Isolation,Spent Fuel Pool Cooling System,SFS,"Auxiliary Building, Containment",B,I,ASME III-2,,DCD Rev 19 Tier 2 Table 3.2-3 (ML11171A425)
SFS-PL-V058,SFS Containment Isolation Valve V034 Test,Spent Fuel Pool Cooling System,SFS,"Auxiliary Building, Containment",C,I,ASME III-3,,DCD Rev 19 Tier 2 Table 3.2-3 (ML11171A425)
SFS-PL-V066,Spent Fuel Pool to Cask Washdown Pit Isolation,Spent Fuel Pool Cooling System,SFS,"Auxiliary Building, Containment",C,I,ASME III-3,,DCD Rev 19 Tier 2 Table 3.2-3 (ML11171A425)
SFS-PL-V067,SFS Containment Isolation Relief Valve,Spent Fuel Pool Cooling System,SFS,"Auxiliary Building, Containment",B,I,ASME III-2,,DCD Rev 19 Tier 2 Table 3.2-3 (ML11171A425)
SFS-PL-V068,Cask Washdown Pit Drain Isolation,Spent Fuel Pool Cooling System,SFS,"Auxiliary Building, Containment",C,I,ASME III-3,,DCD Rev 19 Tier 2 Table 3.2-3 (ML11171A425)
SFS-PL-V071,Refueling Cavity Overflow to SG Compartment,Spent Fuel Pool Cooling System,SFS,"Auxiliary Building, Containment",C,I,ASME III-3,,DCD Rev 19 Tier 2 Table 3.2-3 (ML11171A425)
SFS-PL-V072,Refueling Cavity Overflow to SG Compartment,Spent Fuel Pool Cooling System,SFS,"Auxiliary Building, Containment",C,I,ASME III-3,,DCD Rev 19 Tier 2 Table 3.2-3 (ML11171A425)
SFS-PL-V075,SFS Containment Floodup Isolation Valve,Spent Fuel Pool Cooling System,SFS,"Auxiliary Building, Containment",C,I,ASME III-3,,DCD Rev 19 Tier 2 Table 3.2-3 (ML11171A425)
SFS-PY-C01,Spent Fuel Cooling Pump Discharge to IRWST,Spent Fuel Pool Cooling System,SFS,"Auxiliary Building, Containment",B,I,"ASME III, MC",,DCD Rev 19 Tier 2 Table 3.2-3 (ML11171A425)
SFS-PY-C02,Spent Fuel Cooling Pump Suction from IRWST,Spent Fuel Pool Cooling System,SFS,"Auxiliary Building, Containment",B,I,"ASME III, MC",,DCD Rev 19 Tier 2 Table 3.2-3 (ML11171A425)
SGS-MY-Y01A,Steam Generator A PORV Silencer,Steam Generator System,SGS,Containment and Auxiliary Building,D,NS,Manufacturer Std.,,DCD Rev 19 Tier 2 Table 3.2-3 (ML11171A425)
SGS-MY-Y01B,Steam Generator B PORV Silencer,Steam Generator System,SGS,Containment and Auxiliary Building,D,NS,Manufacturer Std.,,DCD Rev 19 Tier 2 Table 3.2-3 (ML11171A425)
SGS-PL-V001A,LT001 Root Isolation Valve,Steam Generator System,SGS,Containment and Auxiliary Building,B,I,ASME III-2,,DCD Rev 19 Tier 2 Table 3.2-3 (ML11171A425)
SGS-PL-V001B,LT005 Root Isolation Valve,Steam Generator System,SGS,Containment and Auxiliary Building,B,I,ASME III-2,,DCD Rev 19 Tier 2 Table 3.2-3 (ML11171A425)
SGS-PL-V002A,LT001 Root Isolation Valve,Steam Generator System,SGS,Containment and Auxiliary Building,B,I,ASME III-2,,DCD Rev 19 Tier 2 Table 3.2-3 (ML11171A425)
SGS-PL-V002B,LT005 Root Isolation Valve,Steam Generator System,SGS,Containment and Auxiliary Building,B,I,ASME III-2,,DCD Rev 19 Tier 2 Table 3.2-3 (ML11171A425)
SGS-PL-V003A,LT002 Root Isolation Valve,Steam Generator System,SGS,Containment and Auxiliary Building,B,I,ASME III-2,,DCD Rev 19 Tier 2 Table 3.2-3 (ML11171A425)
SGS-PL-V003B,LT006 Root Isolation Valve,Steam Generator System,SGS,Containment and Auxiliary Building,B,I,ASME III-2,,DCD Rev 19 Tier 2 Table 3.2-3 (ML11171A425)
SGS-PL-V004A,LT002 Root Isolation Valve,Steam Generator System,SGS,Containment and Auxiliary Building,B,I,ASME III-2,,DCD Rev 19 Tier 2 Table 3.2-3 (ML11171A425)
SGS-PL-V004B,LT006 Root Isolation Valve,Steam Generator System,SGS,Containment and Auxiliary Building,B,I,ASME III-2,,DCD Rev 19 Tier 2 Table 3.2-3 (ML11171A425)
SGS-PL-V005A,LT003 Root Isolation Valve,Steam Generator System,SGS,Containment and Auxiliary Building,B,I,ASME III-2,,DCD Rev 19 Tier 2 Table 3.2-3 (ML11171A425)
SGS-PL-V005B,LT007 Root Isolation Valve,Steam Generator System,SGS,Containment and Auxiliary Building,B,I,ASME III-2,,DCD Rev 19 Tier 2 Table 3.2-3 (ML11171A425)
SGS-PL-V006A,LT003 Root Isolation Valve,Steam Generator System,SGS,Containment and Auxiliary Building,B,I,ASME III-2,,DCD Rev 19 Tier 2 Table 3.2-3 (ML11171A425)
SGS-PL-V006B,LT007 Root Isolation Valve,Steam Generator System,SGS,Containment and Auxiliary Building,B,I,ASME III-2,,DCD Rev 19 Tier 2 Table 3.2-3 (ML11171A425)
SGS-PL-V007A,LT004 Root Isolation Valve,Steam Generator System,SGS,Containment and Auxiliary Building,B,I,ASME III-2,,DCD Rev 19 Tier 2 Table 3.2-3 (ML11171A425)
SGS-PL-V007B,LT008 Root Isolation Valve,Steam Generator System,SGS,Containment and Auxiliary Building,B,I,ASME III-2,,DCD Rev 19 Tier 2 Table 3.2-3 (ML11171A425)
SGS-PL-V008A,LT004 Root Isolation Valve,Steam Generator System,SGS,Containment and Auxiliary Building,B,I,ASME III-2,,DCD Rev 19 Tier 2 Table 3.2-3 (ML11171A425)
SGS-PL-V008B,LT008 Root Isolation Valve,Steam Generator System,SGS,Containment and Auxiliary Building,B,I,ASME III-2,,DCD Rev 19 Tier 2 Table 3.2-3 (ML11171A425)
SGS-PL-V010A,LT011 Root Isolation Valve,Steam Generator System,SGS,Containment and Auxiliary Building,B,I,ASME III-2,,DCD Rev 19 Tier 2 Table 3.2-3 (ML11171A425)
SGS-PL-V010B,LT013 Root Isolation Valve,Steam Generator System,SGS,Containment and Auxiliary Building,B,I,ASME III-2,,DCD Rev 19 Tier 2 Table 3.2-3 (ML11171A425)
SGS-PL-V011A,LT011 Root Isolation Valve,Steam Generator System,SGS,Containment and Auxiliary Building,B,I,ASME III-2,,DCD Rev 19 Tier 2 Table 3.2-3 (ML11171A425)
SGS-PL-V011B,LT013 Root Isolation Valve,Steam Generator System,SGS,Containment and Auxiliary Building,B,I,ASME III-2,,DCD Rev 19 Tier 2 Table 3.2-3 (ML11171A425)
SGS-PL-V012A,LT012 Root Isolation Valve,Steam Generator System,SGS,Containment and Auxiliary Building,B,I,ASME III-2,,DCD Rev 19 Tier 2 Table 3.2-3 (ML11171A425)
SGS-PL-V012B,LT014 Root Isolation Valve,Steam Generator System,SGS,Containment and Auxiliary Building,B,I,ASME III-2,,DCD Rev 19 Tier 2 Table 3.2-3 (ML11171A425)
SGS-PL-V013A,LT012 Root Isolation Valve,Steam Generator System,SGS,Containment and Auxiliary Building,B,I,ASME III-2,,DCD Rev 19 Tier 2 Table 3.2-3 (ML11171A425)
SGS-PL-V013B,LT014 Root Isolation Valve,Steam Generator System,SGS,Containment and Auxiliary Building,B,I,ASME III-2,,DCD Rev 19 Tier 2 Table 3.2-3 (ML11171A425)
SGS-PL-V014A,PORV Discharge Condensate Drain Isolation,Steam Generator System,SGS,Containment and Auxiliary Building,D,NS,ANSI B31.1,,DCD Rev 19 Tier 2 Table 3.2-3 (ML11171A425)
SGS-PL-V014B,PORV Discharge Condensate Drain Isolation,Steam Generator System,SGS,Containment and Auxiliary Building,D,NS,ANSI B31.1,,DCD Rev 19 Tier 2 Table 3.2-3 (ML11171A425)
SGS-PL-V015A,FT021 Root Isolation Valve,Steam Generator System,SGS,Containment and Auxiliary Building,B,I,ASME III-2,,DCD Rev 19 Tier 2 Table 3.2-3 (ML11171A425)
SGS-PL-V015B,FT023 Root Isolation Valve,Steam Generator System,SGS,Containment and Auxiliary Building,B,I,ASME III-2,,DCD Rev 19 Tier 2 Table 3.2-3 (ML11171A425)
SGS-PL-V016A,FT020 Root Isolation Valve,Steam Generator System,SGS,Containment and Auxiliary Building,B,I,ASME III-2,,DCD Rev 19 Tier 2 Table 3.2-3 (ML11171A425)
SGS-PL-V016B,FT022 Root Isolation Valve,Steam Generator System,SGS,Containment and Auxiliary Building,B,I,ASME III-2,,DCD Rev 19 Tier 2 Table 3.2-3 (ML11171A425)
SGS-PL-V017A,FT021 Root Isolation Valve,Steam Generator System,SGS,Containment and Auxiliary Building,B,I,ASME III-2,,DCD Rev 19 Tier 2 Table 3.2-3 (ML11171A425)
SGS-PL-V017B,FT023 Root Isolation Valve,Steam Generator System,SGS,Containment and Auxiliary Building,B,I,ASME III-2,,DCD Rev 19 Tier 2 Table 3.2-3 (ML11171A425)
SGS-PL-V018A,FT020 Root Isolation Valve,Steam Generator System,SGS,Containment and Auxiliary Building,B,I,ASME III-2,,DCD Rev 19 Tier 2 Table 3.2-3 (ML11171A425)
SGS-PL-V018B,FT022 Root Isolation Valve,Steam Generator System,SGS,Containment and Auxiliary Building,B,I,ASME III-2,,DCD Rev 19 Tier 2 Table 3.2-3 (ML11171A425)
SGS-PL-V019A,Main Steam Line Vent Isolation,Steam Generator System,SGS,Containment and Auxiliary Building,B,I,ASME III-2,,DCD Rev 19 Tier 2 Table 3.2-3 (ML11171A425)
SGS-PL-V019B,Main Steam Line Vent Isolation,Steam Generator System,SGS,Containment and Auxiliary Building,B,I,ASME III-2,,DCD Rev 19 Tier 2 Table 3.2-3 (ML11171A425)
SGS-PL-V022A,PT030 Root Isolation Valve,Steam Generator System,SGS,Containment and Auxiliary Building,B,I,ASME III-2,,DCD Rev 19 Tier 2 Table 3.2-3 (ML11171A425)
SGS-PL-V022B,PT034 Root Isolation Valve,Steam Generator System,SGS,Containment and Auxiliary Building,B,I,ASME III-2,,DCD Rev 19 Tier 2 Table 3.2-3 (ML11171A425)
SGS-PL-V023A,PT031 Root Isolation Valve,Steam Generator System,SGS,Containment and Auxiliary Building,B,I,ASME III-2,,DCD Rev 19 Tier 2 Table 3.2-3 (ML11171A425)
SGS-PL-V023B,PT035 Root Isolation Valve,Steam Generator System,SGS,Containment and Auxiliary Building,B,I,ASME III-2,,DCD Rev 19 Tier 2 Table 3.2-3 (ML11171A425)
SGS-PL-V024A,PT032 Root Isolation Valve,Steam Generator System,SGS,Containment and Auxiliary Building,B,I,ASME III-2,,DCD Rev 19 Tier 2 Table 3.2-3 (ML11171A425)
SGS-PL-V024B,PT036 Root Isolation Valve,Steam Generator System,SGS,Containment and Auxiliary Building,B,I,ASME III-2,,DCD Rev 19 Tier 2 Table 3.2-3 (ML11171A425)
SGS-PL-V025A,PT033 Root Isolation Valve,Steam Generator System,SGS,Containment and Auxiliary Building,B,I,ASME III-2,,DCD Rev 19 Tier 2 Table 3.2-3 (ML11171A425)
SGS-PL-V025B,PT037 Root Isolation Valve,Steam Generator System,SGS,Containment and Auxiliary Building,B,I,ASME III-2,,DCD Rev 19 Tier 2 Table 3.2-3 (ML11171A425)
SGS-PL-V027A,PORV Block Valve SG 01,Steam Generator System,SGS,Containment and Auxiliary Building,B,I,ASME III-2,,DCD Rev 19 Tier 2 Table 3.2-3 (ML11171A425)
SGS-PL-V027B,PORV Block Valve SG 02,Steam Generator System,SGS,Containment and Auxiliary Building,B,I,ASME III-2,,DCD Rev 19 Tier 2 Table 3.2-3 (ML11171A425)
SGS-PL-V030A,Main Steam Safety Valve SG 01,Steam Generator System,SGS,Containment and Auxiliary Building,B,I,ASME III-2,,DCD Rev 19 Tier 2 Table 3.2-3 (ML11171A425)
SGS-PL-V030B,Main Steam Safety Valve SG 02,Steam Generator System,SGS,Containment and Auxiliary Building,B,I,ASME III-2,,DCD Rev 19 Tier 2 Table 3.2-3 (ML11171A425)
SGS-PL-V031A,Main Steam Safety Valve SG 01,Steam Generator System,SGS,Containment and Auxiliary Building,B,I,ASME III-2,,DCD Rev 19 Tier 2 Table 3.2-3 (ML11171A425)
SGS-PL-V031B,Main Steam Safety Valve SG 02,Steam Generator System,SGS,Containment and Auxiliary Building,B,I,ASME III-2,,DCD Rev 19 Tier 2 Table 3.2-3 (ML11171A425)
SGS-PL-V032A,Main Steam Safety Valve SG 01,Steam Generator System,SGS,Containment and Auxiliary Building,B,I,ASME III-2,,DCD Rev 19 Tier 2 Table 3.2-3 (ML11171A425)
SGS-PL-V032B,Main Steam Safety Valve SG 02,Steam Generator System,SGS,Containment and Auxiliary Building,B,I,ASME III-2,,DCD Rev 19 Tier 2 Table 3.2-3 (ML11171A425)
SGS-PL-V033A,Main Steam Safety Valve SG 01,Steam Generator System,SGS,Containment and Auxiliary Building,B,I,ASME III-2,,DCD Rev 19 Tier 2 Table 3.2-3 (ML11171A425)
SGS-PL-V033B,Main Steam Safety Valve SG 02,Steam Generator System,SGS,Containment and Auxiliary Building,B,I,ASME III-2,,DCD Rev 19 Tier 2 Table 3.2-3 (ML11171A425)
SGS-PL-V034A,Main Steam Safety Valve SG 01,Steam Generator System,SGS,Containment and Auxiliary Building,B,I,ASME III-2,,DCD Rev 19 Tier 2 Table 3.2-3 (ML11171A425)
SGS-PL-V034B,Main Steam Safety Valve SG 02,Steam Generator System,SGS,Containment and Auxiliary Building,B,I,ASME III-2,,DCD Rev 19 Tier 2 Table 3.2-3 (ML11171A425)
SGS-PL-V035A,Main Steam Safety Valve SG 01,Steam Generator System,SGS,Containment and Auxiliary Building,B,I,ASME III-2,,DCD Rev 19 Tier 2 Table 3.2-3 (ML11171A425)
SGS-PL-V035B,Main Steam Safety Valve SG 02,Steam Generator System,SGS,Containment and Auxiliary Building,B,I,ASME III-2,,DCD Rev 19 Tier 2 Table 3.2-3 (ML11171A425)
SGS-PL-V036A,Steam Line Condensate Drain Isolation,Steam Generator System,SGS,Containment and Auxiliary Building,B,I,ASME III-2,,DCD Rev 19 Tier 2 Table 3.2-3 (ML11171A425)
SGS-PL-V036B,Steam Line Condensate Drain Isolation,Steam Generator System,SGS,Containment and Auxiliary Building,B,I,ASME III-2,,DCD Rev 19 Tier 2 Table 3.2-3 (ML11171A425)
SGS-PL-V038A,Steam Line #1 Nitrogen Supply Isolation,Steam Generator System,SGS,Containment and Auxiliary Building,B,I,ASME III-2,,DCD Rev 19 Tier 2 Table 3.2-3 (ML11171A425)
SGS-PL-V038B,Steam Line #2 Nitrogen Supply Isolation,Steam Generator System,SGS,Containment and Auxiliary Building,B,I,ASME III-2,,DCD Rev 19 Tier 2 Table 3.2-3 (ML11171A425)
SGS-PL-V040A,Main Steam Line Isolation,Steam Generator System,SGS,Containment and Auxiliary Building,B,I,ASME III-2,,DCD Rev 19 Tier 2 Table 3.2-3 (ML11171A425)
SGS-PL-V040B,Main Steam Line Isolation,Steam Generator System,SGS,Containment and Auxiliary Building,B,I,ASME III-2,,DCD Rev 19 Tier 2 Table 3.2-3 (ML11171A425)
SGS-PL-V042A,MSIV Bypass Control Isolation,Steam Generator System,SGS,Containment and Auxiliary Building,B,I,ASME III-2,,DCD Rev 19 Tier 2 Table 3.2-3 (ML11171A425)
SGS-PL-V042B,MSIV Bypass Control Isolation,Steam Generator System,SGS,Containment and Auxiliary Building,B,I,ASME III-2,,DCD Rev 19 Tier 2 Table 3.2-3 (ML11171A425)
SGS-PL-V043A,MSIV Bypass Control Isolation,Steam Generator System,SGS,Containment and Auxiliary Building,C,I,ASME III-3,,DCD Rev 19 Tier 2 Table 3.2-3 (ML11171A425)
SGS-PL-V043B,MSIV Bypass Control Isolation,Steam Generator System,SGS,Containment and Auxiliary Building,C,I,ASME III-3,,DCD Rev 19 Tier 2 Table 3.2-3 (ML11171A425)
SGS-PL-V045A,SG 1 Condensate Pipe Drain Valve,Steam Generator System,SGS,Containment and Auxiliary Building,B,I,ASME III-2,,DCD Rev 19 Tier 2 Table 3.2-3 (ML11171A425)
SGS-PL-V045B,SG 2 Condensate Pipe Drain Valve,Steam Generator System,SGS,Containment and Auxiliary Building,B,I,ASME III-2,,DCD Rev 19 Tier 2 Table 3.2-3 (ML11171A425)
SGS-PL-V046A,LT015 Root Isolation Valve,Steam Generator System,SGS,Containment and Auxiliary Building,B,I,ASME III-2,,DCD Rev 19 Tier 2 Table 3.2-3 (ML11171A425)
SGS-PL-V046B,LT017 Root Isolation Valve,Steam Generator System,SGS,Containment and Auxiliary Building,B,I,ASME III-2,,DCD Rev 19 Tier 2 Table 3.2-3 (ML11171A425)
SGS-PL-V047A,LT015 Root Isolation Valve,Steam Generator System,SGS,Containment and Auxiliary Building,B,I,ASME III-2,,DCD Rev 19 Tier 2 Table 3.2-3 (ML11171A425)
SGS-PL-V047B,LT017 Root Isolation Valve,Steam Generator System,SGS,Containment and Auxiliary Building,B,I,ASME III-2,,DCD Rev 19 Tier 2 Table 3.2-3 (ML11171A425)
SGS-PL-V048A,LT016 Root Isolation Valve,Steam Generator System,SGS,Containment and Auxiliary Building,B,I,ASME III-2,,DCD Rev 19 Tier 2 Table 3.2-3 (ML11171A425)
SGS-PL-V048B,LT018 Root Isolation Valve,Steam Generator System,SGS,Containment and Auxiliary Building,B,I,ASME III-2,,DCD Rev 19 Tier 2 Table 3.2-3 (ML11171A425)
SGS-PL-V049A,LT016 Root Isolation Valve,Steam Generator System,SGS,Containment and Auxiliary Building,B,I,ASME III-2,,DCD Rev 19 Tier 2 Table 3.2-3 (ML11171A425)
SGS-PL-V049B,LT018 Root Isolation Valve,Steam Generator System,SGS,Containment and Auxiliary Building,B,I,ASME III-2,,DCD Rev 19 Tier 2 Table 3.2-3 (ML11171A425)
SGS-PL-V050A,LT044 Root Isolation Valve,Steam Generator System,SGS,Containment and Auxiliary Building,B,I,ASME III-2,,DCD Rev 19 Tier 2 Table 3.2-3 (ML11171A425)
SGS-PL-V050B,LT046 Root Isolation Valve,Steam Generator System,SGS,Containment and Auxiliary Building,B,I,ASME III-2,,DCD Rev 19 Tier 2 Table 3.2-3 (ML11171A425)
SGS-PL-V051A,LT044 Root Isolation Valve,Steam Generator System,SGS,Containment and Auxiliary Building,B,I,ASME III-2,,DCD Rev 19 Tier 2 Table 3.2-3 (ML11171A425)
SGS-PL-V051B,LT046 Root Isolation Valve,Steam Generator System,SGS,Containment and Auxiliary Building,B,I,ASME III-2,,DCD Rev 19 Tier 2 Table 3.2-3 (ML11171A425)
SGS-PL-V052A,LT045 Root Isolation Valve,Steam Generator System,SGS,Containment and Auxiliary Building,B,I,ASME III-2,,DCD Rev 19 Tier 2 Table 3.2-3 (ML11171A425)
SGS-PL-V052B,LT047 Root Isolation Valve,Steam Generator System,SGS,Containment and Auxiliary Building,B,I,ASME III-2,,DCD Rev 19 Tier 2 Table 3.2-3 (ML11171A425)
SGS-PL-V053A,LT045 Root Isolation Valve,Steam Generator System,SGS,Containment and Auxiliary Building,B,I,ASME III-2,,DCD Rev 19 Tier 2 Table 3.2-3 (ML11171A425)
SGS-PL-V053B,LT047 Root Isolation Valve,Steam Generator System,SGS,Containment and Auxiliary Building,B,I,ASME III-2,,DCD Rev 19 Tier 2 Table 3.2-3 (ML11171A425)
SGS-PL-V056A,PT062 Root Isolation Valve,Steam Generator System,SGS,Containment and Auxiliary Building,C,I,ASME III-3,,DCD Rev 19 Tier 2 Table 3.2-3 (ML11171A425)
SGS-PL-V056B,PT063 Root Isolation Valve,Steam Generator System,SGS,Containment and Auxiliary Building,C,I,ASME III-3,,DCD Rev 19 Tier 2 Table 3.2-3 (ML11171A425)
SGS-PL-V057A,Main Feedwater Isolation,Steam Generator System,SGS,Containment and Auxiliary Building,B,I,ASME III-2,,DCD Rev 19 Tier 2 Table 3.2-3 (ML11171A425)
SGS-PL-V057B,Main Feedwater Isolation,Steam Generator System,SGS,Containment and Auxiliary Building,B,I,ASME III-2,,DCD Rev 19 Tier 2 Table 3.2-3 (ML11171A425)
SGS-PL-V058A,Main Feedwater Check,Steam Generator System,SGS,Containment and Auxiliary Building,B,I,ASME III-2,,DCD Rev 19 Tier 2 Table 3.2-3 (ML11171A425)
SGS-PL-V058B,Main Feedwater Check,Steam Generator System,SGS,Containment and Auxiliary Building,B,I,ASME III-2,,DCD Rev 19 Tier 2 Table 3.2-3 (ML11171A425)
SGS-PL-V062A,FT055A Root Isolation Valve,Steam Generator System,SGS,Containment and Auxiliary Building,C,I,ASME III-3,,DCD Rev 19 Tier 2 Table 3.2-3 (ML11171A425)
SGS-PL-V062B,FT056A Root Isolation Valve,Steam Generator System,SGS,Containment and Auxiliary Building,C,I,ASME III-3,,DCD Rev 19 Tier 2 Table 3.2-3 (ML11171A425)
SGS-PL-V063A,FT055A Root Isolation Valve,Steam Generator System,SGS,Containment and Auxiliary Building,C,I,ASME III-3,,DCD Rev 19 Tier 2 Table 3.2-3 (ML11171A425)
SGS-PL-V063B,FT056A Root Isolation Valve,Steam Generator System,SGS,Containment and Auxiliary Building,C,I,ASME III-3,,DCD Rev 19 Tier 2 Table 3.2-3 (ML11171A425)
SGS-PL-V064A,FT055A Root Isolation Valve,Steam Generator System,SGS,Containment and Auxiliary Building,C,I,ASME III-3,,DCD Rev 19 Tier 2 Table 3.2-3 (ML11171A425)
SGS-PL-V064B,FT056A Root Isolation Valve,Steam Generator System,SGS,Containment and Auxiliary Building,C,I,ASME III-3,,DCD Rev 19 Tier 2 Table 3.2-3 (ML11171A425)
SGS-PL-V065A,FT055A Root Isolation Valve,Steam Generator System,SGS,Containment and Auxiliary Building,C,I,ASME III-3,,DCD Rev 19 Tier 2 Table 3.2-3 (ML11171A425)
SGS-PL-V065B,FT056A Root Isolation Valve,Steam Generator System,SGS,Containment and Auxiliary Building,C,I,ASME III-3,,DCD Rev 19 Tier 2 Table 3.2-3 (ML11171A425)
SGS-PL-V067A,Startup Feedwater Isolation,Steam Generator System,SGS,Containment and Auxiliary Building,B,I,ASME III-2,,DCD Rev 19 Tier 2 Table 3.2-3 (ML11171A425)
SGS-PL-V067B,Startup Feedwater Isolation,Steam Generator System,SGS,Containment and Auxiliary Building,B,I,ASME III-2,,DCD Rev 19 Tier 2 Table 3.2-3 (ML11171A425)
SGS-PL-V074A,SG Blowdown Isolation,Steam Generator System,SGS,Containment and Auxiliary Building,B,I,ASME III-2,,DCD Rev 19 Tier 2 Table 3.2-3 (ML11171A425)
SGS-PL-V074B,SG Blowdown Isolation,Steam Generator System,SGS,Containment and Auxiliary Building,B,I,ASME III-2,,DCD Rev 19 Tier 2 Table 3.2-3 (ML11171A425)
SGS-PL-V075A,SG Series Blowdown Isolation,Steam Generator System,SGS,Containment and Auxiliary Building,C,I,ASME III-3,,DCD Rev 19 Tier 2 Table 3.2-3 (ML11171A425)
SGS-PL-V075B,SG Series Blowdown Isolation,Steam Generator System,SGS,Containment and Auxiliary Building,C,I,ASME III-3,,DCD Rev 19 Tier 2 Table 3.2-3 (ML11171A425)
SGS-PL-V084A,SG 1 Nitrogen Sparging Isolation,Steam Generator System,SGS,Containment and Auxiliary Building,B,I,ASME III-2,,DCD Rev 19 Tier 2 Table 3.2-3 (ML11171A425)
SGS-PL-V084B,SG 2 Nitrogen Sparging Isolation,Steam Generator System,SGS,Containment and Auxiliary Building,B,I,ASME III-2,,DCD Rev 19 Tier 2 Table 3.2-3 (ML11171A425)
SGS-PL-V086A,Steam Line Condensate Drain Control,Steam Generator System,SGS,Containment and Auxiliary Building,C,I,ASME III-3,,DCD Rev 19 Tier 2 Table 3.2-3 (ML11171A425)
SGS-PL-V086B,Steam Line Condensate Drain Control,Steam Generator System,SGS,Containment and Auxiliary Building,C,I,ASME III-3,,DCD Rev 19 Tier 2 Table 3.2-3 (ML11171A425)
SGS-PL-V093A,Orifice Isolation Valve,Steam Generator System,SGS,Containment and Auxiliary Building,C,I,ASME III-3,,DCD Rev 19 Tier 2 Table 3.2-3 (ML11171A425)
SGS-PL-V093B,Orifice Isolation Valve,Steam Generator System,SGS,Containment and Auxiliary Building,C,I,ASME III-3,,DCD Rev 19 Tier 2 Table 3.2-3 (ML11171A425)
SGS-PL-V094A,Orifice Cleanout Line Isolation Valve,Steam Generator System,SGS,Containment and Auxiliary Building,C,I,ASME III-3,,DCD Rev 19 Tier 2 Table 3.2-3 (ML11171A425)
SGS-PL-V094B,Orifice Cleanout Line Isolation Valve,Steam Generator System,SGS,Containment and Auxiliary Building,C,I,ASME III-3,,DCD Rev 19 Tier 2 Table 3.2-3 (ML11171A425)
SGS-PL-V095A,Orifice Isolation Valve,Steam Generator System,SGS,Containment and Auxiliary Building,C,I,ASME III-3,,DCD Rev 19 Tier 2 Table 3.2-3 (ML11171A425)
SGS-PL-V095B,Orifice Isolation Valve,Steam Generator System,SGS,Containment and Auxiliary Building,C,I,ASME III-3,,DCD Rev 19 Tier 2 Table 3.2-3 (ML11171A425)
SGS-PL-V096A,Steam Line Condensate Drain Level Isolation Valve,Steam Generator System,SGS,Containment and Auxiliary Building,B,I,ASME III-2,,DCD Rev 19 Tier 2 Table 3.2-3 (ML11171A425)
SGS-PL-V096B,Steam Line Condensate Drain Level Isolation Valve,Steam Generator System,SGS,Containment and Auxiliary Building,B,I,ASME III-2,,DCD Rev 19 Tier 2 Table 3.2-3 (ML11171A425)
SGS-PL-V097A,Steam Line Condensate Drain Level Isolation Valve,Steam Generator System,SGS,Containment and Auxiliary Building,B,I,ASME III-2,,DCD Rev 19 Tier 2 Table 3.2-3 (ML11171A425)
SGS-PL-V097B,Steam Line Condensate Drain Level Isolation Valve,Steam Generator System,SGS,Containment and Auxiliary Building,B,I,ASME III-2,,DCD Rev 19 Tier 2 Table 3.2-3 (ML11171A425)
SGS-PL-V233A,Power Operated Relief Valve,Steam Generator System,SGS,Containment and Auxiliary Building,C,I,ASME III-3,,DCD Rev 19 Tier 2 Table 3.2-3 (ML11171A425)
SGS-PL-V233B,Power Operated Relief Valve,Steam Generator System,SGS,Containment and Auxiliary Building,C,I,ASME III-3,,DCD Rev 19 Tier 2 Table 3.2-3 (ML11171A425)
SGS-PL-V240A,MSIV Bypass Isolation,Steam Generator System,SGS,Containment and Auxiliary Building,B,I,ASME III-2,,DCD Rev 19 Tier 2 Table 3.2-3 (ML11171A425)
SGS-PL-V240B,MSIV Bypass Isolation,Steam Generator System,SGS,Containment and Auxiliary Building,B,I,ASME III-2,,DCD Rev 19 Tier 2 Table 3.2-3 (ML11171A425)
SGS-PL-V250A,Main Feedwater Control,Steam Generator System,SGS,Containment and Auxiliary Building,C,I,ASME III-3,,DCD Rev 19 Tier 2 Table 3.2-3 (ML11171A425)
SGS-PL-V250B,Main Feedwater Control,Steam Generator System,SGS,Containment and Auxiliary Building,C,I,ASME III-3,,DCD Rev 19 Tier 2 Table 3.2-3 (ML11171A425)
SGS-PL-V255A,Startup Feedwater Control,Steam Generator System,SGS,Containment and Auxiliary Building,C,I,ASME III-3,,DCD Rev 19 Tier 2 Table 3.2-3 (ML11171A425)
SGS-PL-V255B,Startup Feedwater Control,Steam Generator System,SGS,Containment and Auxiliary Building,C,I,ASME III-3,,DCD Rev 19 Tier 2 Table 3.2-3 (ML11171A425)
SGS-PL-V256A,Startup Feedwater Check Valve,Steam Generator System,SGS,Containment and Auxiliary Building,C,I,ASME III-3,,DCD Rev 19 Tier 2 Table 3.2-3 (ML11171A425)
SGS-PL-V256B,Startup Feedwater Check Valve,Steam Generator System,SGS,Containment and Auxiliary Building,C,I,ASME III-3,,DCD Rev 19 Tier 2 Table 3.2-3 (ML11171A425)
SGS-PY-C01A,Main Steam Line A Penetration,Steam Generator System,SGS,Containment and Auxiliary Building,B,I,"ASME III, MC",,DCD Rev 19 Tier 2 Table 3.2-3 (ML11171A425)
SGS-PY-C01B,Main Steam Line B Penetration,Steam Generator System,SGS,Containment and Auxiliary Building,B,I,"ASME III, MC",,DCD Rev 19 Tier 2 Table 3.2-3 (ML11171A425)
SGS-PY-C02A,Main Feedwater Line A Penetration,Steam Generator System,SGS,Containment and Auxiliary Building,B,I,"ASME III, MC",,DCD Rev 19 Tier 2 Table 3.2-3 (ML11171A425)
SGS-PY-C02B,Main Feedwater Line B Penetration,Steam Generator System,SGS,Containment and Auxiliary Building,B,I,"ASME III, MC",,DCD Rev 19 Tier 2 Table 3.2-3 (ML11171A425)
SGS-PY-C03A,Steam Generator A Blow- down Line Penetration,Steam Generator System,SGS,Containment and Auxiliary Building,B,I,"ASME III, MC",,DCD Rev 19 Tier 2 Table 3.2-3 (ML11171A425)
SGS-PY-C03B,Steam Generator B Blow- down Line Penetration,Steam Generator System,SGS,Containment and Auxiliary Building,B,I,"ASME III, MC",[attributes inherited from paired item],DCD Rev 19 Tier 2 Table 3.2-3 (ML11171A425)
SGS-PY-C05A,Startup Feedwater Line A Penetration,Steam Generator System,SGS,Containment and Auxiliary Building,B,I,"ASME III, MC",,DCD Rev 19 Tier 2 Table 3.2-3 (ML11171A425)
SGS-PY-C05B,Startup Feedwater Line B Penetration,Steam Generator System,SGS,Containment and Auxiliary Building,B,I,"ASME III, MC",,DCD Rev 19 Tier 2 Table 3.2-3 (ML11171A425)
n/a,Service Water Cooling Tower Fans,Service Water System,SWS,Turbine Building and Yard,D,NS,Manufacturer Std.,,DCD Rev 19 Tier 2 Table 3.2-3 (ML11171A425)
n/a,Service Water Cooling Tower,Service Water System,SWS,Turbine Building and Yard,D,NS,Manufacturer Std.,,DCD Rev 19 Tier 2 Table 3.2-3 (ML11171A425)
n/a,Service Water Pumps,Service Water System,SWS,Turbine Building and Yard,D,NS,Hydraulic Institute Std.,,DCD Rev 19 Tier 2 Table 3.2-3 (ML11171A425)
n/a,Valves Providing SWS AP1000 Equipment Class D Function,Service Water System,SWS,Turbine Building and Yard,D,NS,ANSI 16.34,,DCD Rev 19 Tier 2 Table 3.2-3 (ML11171A425)
n/a,Piping and components that provide the path from the GSS and CMS to atmosphere and rad monitor,"Turbine Island Vents, Drains and Relief System",TDS,Turbine Building,D,NS,ANSI B31.1,,DCD Rev 19 Tier 2 Table 3.2-3 (ML11171A425)
n/a,CVS and RNS Pump Room Coolers,Radiologically Controlled Area Ventilation System,VAS,Auxiliary Building and Annex Building,Note 2,NS,Manufacturer Std.,,DCD Rev 19 Tier 2 Table 3.2-3 (ML11171A425)
n/a,Valves Providing VAS AP1000 Equipment Class D Function,Radiologically Controlled Area Ventilation System,VAS,Auxiliary Building and Annex Building,D,NS,ANSI 16.34,,DCD Rev 19 Tier 2 Table 3.2-3 (ML11171A425)
n/a,"Shutoff, Isolation, and Balancing Dampers",Radiologically Controlled Area Ventilation System,VAS,Auxiliary Building and Annex Building,L,NS,ANSI/AMCA-500,,DCD Rev 19 Tier 2 Table 3.2-3 (ML11171A425)
n/a,Fire Dampers,Radiologically Controlled Area Ventilation System,VAS,Auxiliary Building and Annex Building,Note 3,NS,UL-555,,DCD Rev 19 Tier 2 Table 3.2-3 (ML11171A425)
n/a,Air Handling Units,Radiologically Controlled Area Ventilation System,VAS,Auxiliary Building and Annex Building,L,NS,Manufacturer Std.,,DCD Rev 19 Tier 2 Table 3.2-3 (ML11171A425)
n/a,Filters,Radiologically Controlled Area Ventilation System,VAS,Auxiliary Building and Annex Building,L,NS,UL 900,,DCD Rev 19 Tier 2 Table 3.2-3 (ML11171A425)
n/a,"Fans, Ductwork",Radiologically Controlled Area Ventilation System,VAS,Auxiliary Building and Annex Building,L,NS,SMACNA,,DCD Rev 19 Tier 2 Table 3.2-3 (ML11171A425)
n/a,Battery Rooms Exhaust Fans,Nuclear Island Nonradioactive Ventilation System,VBS,Auxiliary Building and Annex Building,Note 2,NS,AMCA,,DCD Rev 19 Tier 2 Table 3.2-3 (ML11171A425)
n/a,PCS Room Heaters,Nuclear Island Nonradioactive Ventilation System,VBS,Auxiliary Building and Annex Building,Note 2,NS,Manufacturer Std.,,DCD Rev 19 Tier 2 Table 3.2-3 (ML11171A425)
n/a,Fire Dampers,Nuclear Island Nonradioactive Ventilation System,VBS,Auxiliary Building and Annex Building,Note 3,NS,UL-555S,,DCD Rev 19 Tier 2 Table 3.2-3 (ML11171A425)
n/a,Dampers Providing AP1000 Equipment Class D Function,Nuclear Island Nonradioactive Ventilation System,VBS,Auxiliary Building and Annex Building,Note 2,NS,ANSI/AMCA-500,,DCD Rev 19 Tier 2 Table 3.2-3 (ML11171A425)
n/a,Dampers in lines isolating radioactive contamination,Nuclear Island Nonradioactive Ventilation System,VBS,Auxiliary Building and Annex Building,R,NS,ASME-509,,DCD Rev 19 Tier 2 Table 3.2-3 (ML11171A425)
n/a,"Shutoff, Isolation, and Balancing Dampers",Nuclear Island Nonradioactive Ventilation System,VBS,Auxiliary Building and Annex Building,L,NS,ANSI/AMCA-500,,DCD Rev 19 Tier 2 Table 3.2-3 (ML11171A425)
VBS-MP-01A,Sample Pump A,Nuclear Island Nonradioactive Ventilation System,VBS,Auxiliary Building and Annex Building,C,I,Manufacturer Std.,,DCD Rev 19 Tier 2 Table 3.2-3 (ML11171A425)
VBS-MP-01B,Sample Pump B,Nuclear Island Nonradioactive Ventilation System,VBS,Auxiliary Building and Annex Building,C,I,Manufacturer Std.,,DCD Rev 19 Tier 2 Table 3.2-3 (ML11171A425)
n/a,MCR/CSA Supplemental Air Filtration Units,Nuclear Island Nonradioactive Ventilation System,VBS,Auxiliary Building and Annex Building,Note 2,NS,"ASME AG-1, Note 4",,DCD Rev 19 Tier 2 Table 3.2-3 (ML11171A425)
VBS-PL-V186,MCR Isolation Valve,Nuclear Island Nonradioactive Ventilation System,VBS,Auxiliary Building and Annex Building,C,I,ASME III-3,,DCD Rev 19 Tier 2 Table 3.2-3 (ML11171A425)
VBS-PL-V187,MCR Isolation Valve,Nuclear Island Nonradioactive Ventilation System,VBS,Auxiliary Building and Annex Building,C,I,ASME III-3,,DCD Rev 19 Tier 2 Table 3.2-3 (ML11171A425)
VBS-PL-V188,MCR Isolation Valve,Nuclear Island Nonradioactive Ventilation System,VBS,Auxiliary Building and Annex Building,C,I,ASME III-3,,DCD Rev 19 Tier 2 Table 3.2-3 (ML11171A425)
VBS-PL-V189,MCR Isolation Valve,Nuclear Island Nonradioactive Ventilation System,VBS,Auxiliary Building and Annex Building,C,I,ASME III-3,,DCD Rev 19 Tier 2 Table 3.2-3 (ML11171A425)
VBS-PL-V190,MCR Isolation Valve,Nuclear Island Nonradioactive Ventilation System,VBS,Auxiliary Building and Annex Building,C,I,ASME III-3,,DCD Rev 19 Tier 2 Table 3.2-3 (ML11171A425)
VBS-PL-V191,MCR Isolation Valve,Nuclear Island Nonradioactive Ventilation System,VBS,Auxiliary Building and Annex Building,C,I,ASME III-3,,DCD Rev 19 Tier 2 Table 3.2-3 (ML11171A425)
n/a,Valves Providing VBS AP1000 Equipment Class D Function,Nuclear Island Nonradioactive Ventilation System,VBS,Auxiliary Building and Annex Building,D,NS,ANSI 16.34,,DCD Rev 19 Tier 2 Table 3.2-3 (ML11171A425)
n/a,Other Air Handling Units,Nuclear Island Nonradioactive Ventilation System,VBS,Auxiliary Building and Annex Building,Note 2,NS,Manufacturer Std.,,DCD Rev 19 Tier 2 Table 3.2-3 (ML11171A425)
n/a,Filters,Nuclear Island Nonradioactive Ventilation System,VBS,Auxiliary Building and Annex Building,Note 2,NS,UL 900,,DCD Rev 19 Tier 2 Table 3.2-3 (ML11171A425)
n/a,"Fans, Ductwork",Nuclear Island Nonradioactive Ventilation System,VBS,Auxiliary Building and Annex Building,"Note 2, L or R",NS,SMACNA,,DCD Rev 19 Tier 2 Table 3.2-3 (ML11171A425)
VBS-MA-10A,Ancillary Fan,Nuclear Island Nonradioactive Ventilation System,VBS,Auxiliary Building and Annex Building,D,NS,"ANSI/AMCA 210, 211, 300",Equipment Anchorage is Seismic Category II,DCD Rev 19 Tier 2 Table 3.2-3 (ML11171A425)
VBS-MA-10B,Ancillary Fan,Nuclear Island Nonradioactive Ventilation System,VBS,Auxiliary Building and Annex Building,D,NS,"ANSI/AMCA 210, 211, 300",Equipment Anchorage is Seismic Category II,DCD Rev 19 Tier 2 Table 3.2-3 (ML11171A425)
VBS-MA-11,Ancillary Fan,Nuclear Island Nonradioactive Ventilation System,VBS,Auxiliary Building and Annex Building,D,NS,"ANSI/AMCA 210, 211, 300",Equipment Anchorage is Seismic Category II,DCD Rev 19 Tier 2 Table 3.2-3 (ML11171A425)
VBS-MA-12,Ancillary Fan,Nuclear Island Nonradioactive Ventilation System,VBS,Auxiliary Building and Annex Building,D,NS,"ANSI/AMCA 210, 211, 300",Equipment Anchorage is Seismic Category II,DCD Rev 19 Tier 2 Table 3.2-3 (ML11171A425)
n/a,Dampers,Containment Recirculation Cooling System,VCS,Containment,L,NS,ANSI/AMCA-500,,DCD Rev 19 Tier 2 Table 3.2-3 (ML11171A425)
n/a,Fan Coil Units,Containment Recirculation Cooling System,VCS,Containment,L,NS,Manufacturer Std.,,DCD Rev 19 Tier 2 Table 3.2-3 (ML11171A425)
n/a,"Fans, Ductwork",Containment Recirculation Cooling System,VCS,Containment,L,NS,SMACNA,,DCD Rev 19 Tier 2 Table 3.2-3 (ML11171A425)
VES-MD-D001A,Relief Damper,Main Control Room Emergency Habitability System,VES,Auxiliary Building,Note 1,I,ASME 509/510,,DCD Rev 19 Tier 2 Table 3.2-3 (ML11171A425)
VES-MD-D001B,Relief Damper,Main Control Room Emergency Habitability System,VES,Auxiliary Building,Note 1,I,ASME 509/510,,DCD Rev 19 Tier 2 Table 3.2-3 (ML11171A425)
VES-MT-01,Emergency Air Storage Tank 01,Main Control Room Emergency Habitability System,VES,Auxiliary Building,C,I,"ASME VIII, Appendix 22",,DCD Rev 19 Tier 2 Table 3.2-3 (ML11171A425)
VES-MT-02,Emergency Air Storage Tank 02,Main Control Room Emergency Habitability System,VES,Auxiliary Building,C,I,"ASME VIII, Appendix 22",,DCD Rev 19 Tier 2 Table 3.2-3 (ML11171A425)
VES-MT-03,Emergency Air Storage Tank 03,Main Control Room Emergency Habitability System,VES,Auxiliary Building,C,I,"ASME VIII, Appendix 22",,DCD Rev 19 Tier 2 Table 3.2-3 (ML11171A425)
VES-MT-04,Emergency Air Storage Tank 04,Main Control Room Emergency Habitability System,VES,Auxiliary Building,C,I,"ASME VIII, Appendix 22",,DCD Rev 19 Tier 2 Table 3.2-3 (ML11171A425)
VES-MT-05,Emergency Air Storage Tank 05,Main Control Room Emergency Habitability System,VES,Auxiliary Building,C,I,"ASME VIII, Appendix 22",,DCD Rev 19 Tier 2 Table 3.2-3 (ML11171A425)
VES-MT-06,Emergency Air Storage Tank 06,Main Control Room Emergency Habitability System,VES,Auxiliary Building,C,I,"ASME VIII, Appendix 22",,DCD Rev 19 Tier 2 Table 3.2-3 (ML11171A425)
VES-MT-07,Emergency Air Storage Tank 07,Main Control Room Emergency Habitability System,VES,Auxiliary Building,C,I,"ASME VIII, Appendix 22",,DCD Rev 19 Tier 2 Table 3.2-3 (ML11171A425)
VES-MT-08,Emergency Air Storage Tank 08,Main Control Room Emergency Habitability System,VES,Auxiliary Building,C,I,"ASME VIII, Appendix 22",,DCD Rev 19 Tier 2 Table 3.2-3 (ML11171A425)
VES-MT-09,Emergency Air Storage Tank 09,Main Control Room Emergency Habitability System,VES,Auxiliary Building,C,I,"ASME VIII, Appendix 22",,DCD Rev 19 Tier 2 Table 3.2-3 (ML11171A425)
VES-MT-10,Emergency Air Storage Tank 10,Main Control Room Emergency Habitability System,VES,Auxiliary Building,C,I,"ASME VIII, Appendix 22",,DCD Rev 19 Tier 2 Table 3.2-3 (ML11171A425)
VES-MT-11,Emergency Air Storage Tank 11,Main Control Room Emergency Habitability System,VES,Auxiliary Building,C,I,"ASME VIII, Appendix 22",,DCD Rev 19 Tier 2 Table 3.2-3 (ML11171A425)
VES-MT-12,Emergency Air Storage Tank 12,Main Control Room Emergency Habitability System,VES,Auxiliary Building,C,I,"ASME VIII, Appendix 22",,DCD Rev 19 Tier 2 Table 3.2-3 (ML11171A425)
VES-MT-13,Emergency Air Storage Tank 13,Main Control Room Emergency Habitability System,VES,Auxiliary Building,C,I,"ASME VIII, Appendix 22",,DCD Rev 19 Tier 2 Table 3.2-3 (ML11171A425)
VES-MT-14,Emergency Air Storage Tank 14,Main Control Room Emergency Habitability System,VES,Auxiliary Building,C,I,"ASME VIII, Appendix 22",,DCD Rev 19 Tier 2 Table 3.2-3 (ML11171A425)
VES-MT-15,Emergency Air Storage Tank 15,Main Control Room Emergency Habitability System,VES,Auxiliary Building,C,I,"ASME VIII, Appendix 22",,DCD Rev 19 Tier 2 Table 3.2-3 (ML11171A425)
VES-MT-16,Emergency Air Storage Tank 16,Main Control Room Emergency Habitability System,VES,Auxiliary Building,C,I,"ASME VIII, Appendix 22",,DCD Rev 19 Tier 2 Table 3.2-3 (ML11171A425)
VES-MT-17,Emergency Air Storage Tank 17,Main Control Room Emergency Habitability System,VES,Auxiliary Building,C,I,"ASME VIII, Appendix 22",,DCD Rev 19 Tier 2 Table 3.2-3 (ML11171A425)
VES-MT-18,Emergency Air Storage Tank 18,Main Control Room Emergency Habitability System,VES,Auxiliary Building,C,I,"ASME VIII, Appendix 22",,DCD Rev 19 Tier 2 Table 3.2-3 (ML11171A425)
VES-MT-19,Emergency Air Storage Tank 19,Main Control Room Emergency Habitability System,VES,Auxiliary Building,C,I,"ASME VIII, Appendix 22",,DCD Rev 19 Tier 2 Table 3.2-3 (ML11171A425)
VES-MT-20,Emergency Air Storage Tank 20,Main Control Room Emergency Habitability System,VES,Auxiliary Building,C,I,"ASME VIII, Appendix 22",,DCD Rev 19 Tier 2 Table 3.2-3 (ML11171A425)
VES-MT-21,Emergency Air Storage Tank 21,Main Control Room Emergency Habitability System,VES,Auxiliary Building,C,I,"ASME VIII, Appendix 22",,DCD Rev 19 Tier 2 Table 3.2-3 (ML11171A425)
VES-MT-22,Emergency Air Storage Tank 22,Main Control Room Emergency Habitability System,VES,Auxiliary Building,C,I,"ASME VIII, Appendix 22",,DCD Rev 19 Tier 2 Table 3.2-3 (ML11171A425)
VES-MT-23,Emergency Air Storage Tank 23,Main Control Room Emergency Habitability System,VES,Auxiliary Building,C,I,"ASME VIII, Appendix 22",,DCD Rev 19 Tier 2 Table 3.2-3 (ML11171A425)
VES-MT-24,Emergency Air Storage Tank 24,Main Control Room Emergency Habitability System,VES,Auxiliary Building,C,I,"ASME VIII, Appendix 22",,DCD Rev 19 Tier 2 Table 3.2-3 (ML11171A425)
VES-MT-25,Emergency Air Storage Tank 25,Main Control Room Emergency Habitability System,VES,Auxiliary Building,C,I,"ASME VIII, Appendix 22",,DCD Rev 19 Tier 2 Table 3.2-3 (ML11171A425)
VES-MT-26,Emergency Air Storage Tank 26,Main Control Room Emergency Habitability System,VES,Auxiliary Building,C,I,"ASME VIII, Appendix 22",,DCD Rev 19 Tier 2 Table 3.2-3 (ML11171A425)
VES-MT-27,Emergency Air Storage Tank 27,Main Control Room Emergency Habitability System,VES,Auxiliary Building,C,I,"ASME VIII, Appendix 22",,DCD Rev 19 Tier 2 Table 3.2-3 (ML11171A425)
VES-MT-28,Emergency Air Storage Tank 28,Main Control Room Emergency Habitability System,VES,Auxiliary Building,C,I,"ASME VIII, Appendix 22",,DCD Rev 19 Tier 2 Table 3.2-3 (ML11171A425)
VES-MT-29,Emergency Air Storage Tank 29,Main Control Room Emergency Habitability System,VES,Auxiliary Building,C,I,"ASME VIII, Appendix 22",,DCD Rev 19 Tier 2 Table 3.2-3 (ML11171A425)
VES-MT-30,Emergency Air Storage Tank 30,Main Control Room Emergency Habitability System,VES,Auxiliary Building,C,I,"ASME VIII, Appendix 22",,DCD Rev 19 Tier 2 Table 3.2-3 (ML11171A425)
VES-MT-31,Emergency Air Storage Tank 31,Main Control Room Emergency Habitability System,VES,Auxiliary Building,C,I,"ASME VIII, Appendix 22",,DCD Rev 19 Tier 2 Table 3.2-3 (ML11171A425)
VES-MT-32,Emergency Air Storage Tank 32,Main Control Room Emergency Habitability System,VES,Auxiliary Building,C,I,"ASME VIII, Appendix 22",,DCD Rev 19 Tier 2 Table 3.2-3 (ML11171A425)
VES-PL-V001,Air Delivery Alternate Isolation Valve,Main Control Room Emergency Habitability System,VES,Auxiliary Building,C,I,ASME III-3,,DCD Rev 19 Tier 2 Table 3.2-3 (ML11171A425)
VES-PL-V002A,Pressure Regulating Valve A,Main Control Room Emergency Habitability System,VES,Auxiliary Building,C,I,ASME III-3,,DCD Rev 19 Tier 2 Table 3.2-3 (ML11171A425)
VES-PL-V002B,Pressure Regulating Valve B,Main Control Room Emergency Habitability System,VES,Auxiliary Building,C,I,ASME III-3,,DCD Rev 19 Tier 2 Table 3.2-3 (ML11171A425)
VES-PL-V005A,Air Delivery Main Isolation Valve A,Main Control Room Emergency Habitability System,VES,Auxiliary Building,C,I,ASME III-3,,DCD Rev 19 Tier 2 Table 3.2-3 (ML11171A425)
VES-PL-V005B,Air Delivery Main Isolation Valve B,Main Control Room Emergency Habitability System,VES,Auxiliary Building,C,I,ASME III-3,,DCD Rev 19 Tier 2 Table 3.2-3 (ML11171A425)
VES-PL-V006A,Air Delivery Line Pressure Instrument Isolation Valve A,Main Control Room Emergency Habitability System,VES,Auxiliary Building,C,I,ASME III-3,,DCD Rev 19 Tier 2 Table 3.2-3 (ML11171A425)
VES-PL-V006B,Air Delivery Line Pressure Instrument Isolation Valve B,Main Control Room Emergency Habitability System,VES,Auxiliary Building,C,I,ASME III-3,,DCD Rev 19 Tier 2 Table 3.2-3 (ML11171A425)
VES-PL-V010A,Air Delivery Line Maintenance Isolation Valve A,Main Control Room Emergency Habitability System,VES,Auxiliary Building,C,I,ASME III-3,,DCD Rev 19 Tier 2 Table 3.2-3 (ML11171A425)
VES-PL-V010B,Air Delivery Line Maintenance Isolation Valve B,Main Control Room Emergency Habitability System,VES,Auxiliary Building,C,I,ASME III-3,,DCD Rev 19 Tier 2 Table 3.2-3 (ML11171A425)
VES-PL-V011A,Air Delivery Line Maintenance Isolation Valve A,Main Control Room Emergency Habitability System,VES,Auxiliary Building,C,I,ASME III-3,,DCD Rev 19 Tier 2 Table 3.2-3 (ML11171A425)
VES-PL-V011B,Air Delivery Line Maintenance Isolation Valve B,Main Control Room Emergency Habitability System,VES,Auxiliary Building,C,I,ASME III-3,,DCD Rev 19 Tier 2 Table 3.2-3 (ML11171A425)
VES-PL-V016,Temporary Instrument Isolation Valve A,Main Control Room Emergency Habitability System,VES,Auxiliary Building,C,I,ASME III-3,,DCD Rev 19 Tier 2 Table 3.2-3 (ML11171A425)
VES-PL-V018,Temporary Instrument Isolation Valve A,Main Control Room Emergency Habitability System,VES,Auxiliary Building,C,I,ASME III-3,,DCD Rev 19 Tier 2 Table 3.2-3 (ML11171A425)
VES-PL-V019,Temporary Instrument Isolation Valve B,Main Control Room Emergency Habitability System,VES,Auxiliary Building,C,I,ASME III-3,,DCD Rev 19 Tier 2 Table 3.2-3 (ML11171A425)
VES-PL-V020,Temporary Instrument Isolation Valve B,Main Control Room Emergency Habitability System,VES,Auxiliary Building,C,I,ASME III-3,,DCD Rev 19 Tier 2 Table 3.2-3 (ML11171A425)
VES-PL-V022A,Pressure Relief Isolation Valve A,Main Control Room Emergency Habitability System,VES,Auxiliary Building,C,I,ASME III-3,,DCD Rev 19 Tier 2 Table 3.2-3 (ML11171A425)
VES-PL-V022B,Pressure Relief Isolation Valve B,Main Control Room Emergency Habitability System,VES,Auxiliary Building,C,I,ASME III-3,,DCD Rev 19 Tier 2 Table 3.2-3 (ML11171A425)
VES-PL-V024A,Air Bank 1 Isolation Valve A,Main Control Room Emergency Habitability System,VES,Auxiliary Building,C,I,ASME III-3,,DCD Rev 19 Tier 2 Table 3.2-3 (ML11171A425)
VES-PL-V024B,Air Bank 2 Isolation Valve B,Main Control Room Emergency Habitability System,VES,Auxiliary Building,C,I,ASME III-3,,DCD Rev 19 Tier 2 Table 3.2-3 (ML11171A425)
VES-PL-V024C,Air Bank 3 Isolation Valve C,Main Control Room Emergency Habitability System,VES,Auxiliary Building,C,I,ASME III-3,,DCD Rev 19 Tier 2 Table 3.2-3 (ML11171A425)
VES-PL-V024D,Air Bank 4 Isolation Valve D,Main Control Room Emergency Habitability System,VES,Auxiliary Building,C,I,ASME III-3,,DCD Rev 19 Tier 2 Table 3.2-3 (ML11171A425)
VES-PL-V025A,Air Bank 1 Isolation Valve A,Main Control Room Emergency Habitability System,VES,Auxiliary Building,C,I,ASME III-3,,DCD Rev 19 Tier 2 Table 3.2-3 (ML11171A425)
VES-PL-V025B,Air Bank 2 Isolation Valve B,Main Control Room Emergency Habitability System,VES,Auxiliary Building,C,I,ASME III-3,,DCD Rev 19 Tier 2 Table 3.2-3 (ML11171A425)
VES-PL-V025C,Air Bank 3 Isolation Valve C,Main Control Room Emergency Habitability System,VES,Auxiliary Building,C,I,ASME III-3,,DCD Rev 19 Tier 2 Table 3.2-3 (ML11171A425)
VES-PL-V025D,Air Bank 4 Isolation Valve D,Main Control Room Emergency Habitability System,VES,Auxiliary Building,C,I,ASME III-3,,DCD Rev 19 Tier 2 Table 3.2-3 (ML11171A425)
VES-PL-V026A,Air Bank 1 Fill/Vent Isolation Valve A,Main Control Room Emergency Habitability System,VES,Auxiliary Building,C,I,ASME III-3,,DCD Rev 19 Tier 2 Table 3.2-3 (ML11171A425)
VES-PL-V026B,Air Bank 2 Fill/Vent Isolation Valve B,Main Control Room Emergency Habitability System,VES,Auxiliary Building,C,I,ASME III-3,,DCD Rev 19 Tier 2 Table 3.2-3 (ML11171A425)
VES-PL-V026C,Air Bank 3 Fill/Vent Isolation Valve C,Main Control Room Emergency Habitability System,VES,Auxiliary Building,C,I,ASME III-3,,DCD Rev 19 Tier 2 Table 3.2-3 (ML11171A425)
VES-PL-V026D,Air Bank 4 Fill/Vent Isolation Valve D,Main Control Room Emergency Habitability System,VES,Auxiliary Building,C,I,ASME III-3,,DCD Rev 19 Tier 2 Table 3.2-3 (ML11171A425)
VES-PL-V040A,Air Tank Safety Relief Valve A,Main Control Room Emergency Habitability System,VES,Auxiliary Building,C,I,ASME III-3,,DCD Rev 19 Tier 2 Table 3.2-3 (ML11171A425)
VES-PL-V040B,Air Tank Safety Relief Valve B,Main Control Room Emergency Habitability System,VES,Auxiliary Building,C,I,ASME III-3,,DCD Rev 19 Tier 2 Table 3.2-3 (ML11171A425)
VES-PL-V040C,Air Tank Safety Relief Valve C,Main Control Room Emergency Habitability System,VES,Auxiliary Building,C,I,ASME III-3,,DCD Rev 19 Tier 2 Table 3.2-3 (ML11171A425)
VES-PL-V040D,Air Tank Safety Relief Valve D,Main Control Room Emergency Habitability System,VES,Auxiliary Building,C,I,ASME III-3,,DCD Rev 19 Tier 2 Table 3.2-3 (ML11171A425)
VES-PL-V043A,Differential Pressure Instrument Line Isolation Valve A,Main Control Room Emergency Habitability System,VES,Auxiliary Building,C,I,ASME III-3,,DCD Rev 19 Tier 2 Table 3.2-3 (ML11171A425)
VES-PL-V043B,Differential Pressure Instrument Line Isolation Valve B,Main Control Room Emergency Habitability System,VES,Auxiliary Building,C,I,ASME III-3,,DCD Rev 19 Tier 2 Table 3.2-3 (ML11171A425)
VES-PL-V044,Main Air Flowpath Isolation Valve,Main Control Room Emergency Habitability System,VES,Auxiliary Building,C,I,ASME III-3,,DCD Rev 19 Tier 2 Table 3.2-3 (ML11171A425)
VES-PL-V045,Eductor Flow Path Isolation Valve,Main Control Room Emergency Habitability System,VES,Auxiliary Building,C,I,ASME III-3,,DCD Rev 19 Tier 2 Table 3.2-3 (ML11171A425)
VES-PL-V046,Eductor Bypass Isolation Valve,Main Control Room Emergency Habitability System,VES,Auxiliary Building,C,I,ASME III-3,,DCD Rev 19 Tier 2 Table 3.2-3 (ML11171A425)
VES-PY-N01,MCR Air Filtration Line Eductor,Main Control Room Emergency Habitability System,VES,Auxiliary Building,C,I,ASME III-3,,DCD Rev 19 Tier 2 Table 3.2-3 (ML11171A425)
VES-MY-F01,MCR Air Filtration Line Charcoal Filter,Main Control Room Emergency Habitability System,VES,Auxiliary Building,Note 1,I,ASME AG-1 Section FD,,DCD Rev 19 Tier 2 Table 3.2-3 (ML11171A425)
VES-MY-F02,MCR Air Filtration Line HEPA Filter,Main Control Room Emergency Habitability System,VES,Auxiliary Building,Note 1,I,ASME AG-1 Section FC,,DCD Rev 19 Tier 2 Table 3.2-3 (ML11171A425)
VES-MY-F03,MCR Air Filtration Line Postfilter,Main Control Room Emergency Habitability System,VES,Auxiliary Building,Note 1,I,ASME AG-1,,DCD Rev 19 Tier 2 Table 3.2-3 (ML11171A425)
VES-MD-D001A,MCR Gravity Relief Dampers,Main Control Room Emergency Habitability System,VES,Auxiliary Building,Note 1,I,ASME AG-1,,DCD Rev 19 Tier 2 Table 3.2-3 (ML11171A425)
VES-MD-D001B,MCR Gravity Relief Dampers,Main Control Room Emergency Habitability System,VES,Auxiliary Building,Note 1,I,ASME AG-1,,DCD Rev 19 Tier 2 Table 3.2-3 (ML11171A425)
VES-MD-D002,MCR Air Filtration Line Supply Damper,Main Control Room Emergency Habitability System,VES,Auxiliary Building,Note 1,I,ASME AG-1 Section DA,,DCD Rev 19 Tier 2 Table 3.2-3 (ML11171A425)
VES-MD-D003,MCR Air Filtration Line Supply Damper,Main Control Room Emergency Habitability System,VES,Auxiliary Building,Note 1,I,ASME AG-1 Section DA,,DCD Rev 19 Tier 2 Table 3.2-3 (ML11171A425)
VES-MY-Y01,MCR Air Filtration Line Silencer,Main Control Room Emergency Habitability System,VES,Auxiliary Building,Note 1,I,ASME AG-1 Section SA,,DCD Rev 19 Tier 2 Table 3.2-3 (ML11171A425)
VES-MY-Y02,MCR Air Filtration Line Silencer,Main Control Room Emergency Habitability System,VES,Auxiliary Building,Note 1,I,ASME AG-1 Section SA,,DCD Rev 19 Tier 2 Table 3.2-3 (ML11171A425)
VFS-PY-C01,Containment Supply Duct Penetration,Containment Air Filtration System,VFS,Auxiliary Building and Annex Building,B,I,"ASME III, 2",,DCD Rev 19 Tier 2 Table 3.2-3 (ML11171A425)
VFS-PY-C02,Containment Exhaust Duct Penetration,Containment Air Filtration System,VFS,Auxiliary Building and Annex Building,B,I,"ASME III, 2",,DCD Rev 19 Tier 2 Table 3.2-3 (ML11171A425)
VFS-MY-Y01,Containment Air Supply Debris Screen,Containment Air Filtration System,VFS,Auxiliary Building and Annex Building,C,I,ASME Sec. III Class 3,,DCD Rev 19 Tier 2 Table 3.2-3 (ML11171A425)
VFS-MY-Y02,Containment Air Exhaust Debris Screen,Containment Air Filtration System,VFS,Auxiliary Building and Annex Building,C,I,ASME Sec. III Class 3,,DCD Rev 19 Tier 2 Table 3.2-3 (ML11171A425)
VFS-PL-V003,Containment Purge Supply Containment Isolation Valve,Containment Air Filtration System,VFS,Auxiliary Building and Annex Building,B,I,ASME III-2,,DCD Rev 19 Tier 2 Table 3.2-3 (ML11171A425)
VFS-PL-V004,Containment Purge Supply Containment Isolation Valve,Containment Air Filtration System,VFS,Auxiliary Building and Annex Building,B,I,ASME III-2,,DCD Rev 19 Tier 2 Table 3.2-3 (ML11171A425)
VFS-PL-V008,Containment Isolation Test Connection,Containment Air Filtration System,VFS,Auxiliary Building and Annex Building,B,I,ASME III-2,,DCD Rev 19 Tier 2 Table 3.2-3 (ML11171A425)
VFS-PL-V009,Containment Purge Discharge Containment Isolation Valve,Containment Air Filtration System,VFS,Auxiliary Building and Annex Building,B,I,ASME III-2,,DCD Rev 19 Tier 2 Table 3.2-3 (ML11171A425)
VFS-PL-V010,Containment Purge Discharge Containment Isolation Valve,Containment Air Filtration System,VFS,Auxiliary Building and Annex Building,B,I,ASME III-2,,DCD Rev 19 Tier 2 Table 3.2-3 (ML11171A425)
VFS-PL-V012,Containment Isolation Test Connection,Containment Air Filtration System,VFS,Auxiliary Building and Annex Building,B,I,ASME III-2,,DCD Rev 19 Tier 2 Table 3.2-3 (ML11171A425)
VFS-PL-V015,Containment Isolation Test Connection,Containment Air Filtration System,VFS,Auxiliary Building and Annex Building,B,I,ASME III-2,,DCD Rev 19 Tier 2 Table 3.2-3 (ML11171A425)
VFS-PL-V800A,Vacuum Relief Containment Isolation A – ORC,Containment Air Filtration System,VFS,Auxiliary Building and Annex Building,B,I,ASME III-2,,DCD Rev 19 Tier 2 Table 3.2-3 (ML11171A425)
VFS-PL-V800B,Vacuum Relief Containment Isolation B – ORC,Containment Air Filtration System,VFS,Auxiliary Building and Annex Building,B,I,ASME III-2,,DCD Rev 19 Tier 2 Table 3.2-3 (ML11171A425)
VFS-PL-V803A,Vacuum Relief Containment Isolation Check Valve A – IRC,Containment Air Filtration System,VFS,Auxiliary Building and Annex Building,B,I,ASME III-2,,DCD Rev 19 Tier 2 Table 3.2-3 (ML11171A425)
VFS-PL-V803B,Vacuum Relief Containment Isolation Check Valve B – IRC,Containment Air Filtration System,VFS,Auxiliary Building and Annex Building,B,I,ASME III-2,,DCD Rev 19 Tier 2 Table 3.2-3 (ML11171A425)
n/a,Valves Providing VFS AP1000 Equipment Class D Function,Containment Air Filtration System,VFS,Auxiliary Building and Annex Building,D,NS,ANSI 16.34,,DCD Rev 19 Tier 2 Table 3.2-3 (ML11171A425)
n/a,Dampers in lines isolating radioactive contamination,Containment Air Filtration System,VFS,Auxiliary Building and Annex Building,R,NS,ASME-509,,DCD Rev 19 Tier 2 Table 3.2-3 (ML11171A425)
n/a,"Shutoff, Isolation, and Balancing Dampers",Containment Air Filtration System,VFS,Auxiliary Building and Annex Building,L,NS,ANSI/AMCA- 500,,DCD Rev 19 Tier 2 Table 3.2-3 (ML11171A425)
n/a,Fire Dampers,Containment Air Filtration System,VFS,Auxiliary Building and Annex Building,Note 3,NS,UL-555,,DCD Rev 19 Tier 2 Table 3.2-3 (ML11171A425)
n/a,Supply Air Handling Units,Containment Air Filtration System,VFS,Auxiliary Building and Annex Building,L,NS,Manufacturer Std.,,DCD Rev 19 Tier 2 Table 3.2-3 (ML11171A425)
n/a,Air Exhaust Filtration Units,Containment Air Filtration System,VFS,Auxiliary Building and Annex Building,R,NS,"ASME AG-1, Note 4",,DCD Rev 19 Tier 2 Table 3.2-3 (ML11171A425)
n/a,"Fans, Ductwork",Containment Air Filtration System,VFS,Auxiliary Building and Annex Building,L or R,NS,"SMACNA or ASME AG-1, Note 4",,DCD Rev 19 Tier 2 Table 3.2-3 (ML11171A425)
n/a,"Shutoff, Isolation, and Balancing Dampers",Health Physics and Hot Machine Shop HVAC System,VHS,Annex Building,L,NS,ANSI/AMCA- 500,,DCD Rev 19 Tier 2 Table 3.2-3 (ML11171A425)
n/a,Fire Dampers,Health Physics and Hot Machine Shop HVAC System,VHS,Annex Building,Note 3,NS,UL-555,,DCD Rev 19 Tier 2 Table 3.2-3 (ML11171A425)
n/a,Air Handling Units w/ Filters,Health Physics and Hot Machine Shop HVAC System,VHS,Annex Building,L,NS,Manufacturer Std.,,DCD Rev 19 Tier 2 Table 3.2-3 (ML11171A425)
n/a,"Fans, Ductwork",Health Physics and Hot Machine Shop HVAC System,VHS,Annex Building,L,NS,SMACNA,,DCD Rev 19 Tier 2 Table 3.2-3 (ML11171A425)
n/a,Hydrogen Igniters,Containment Hydrogen Control System,VLS,Containment,D,NS,Manufacturer Std.,Provides Hydrogen Control Following Severe Accidents,DCD Rev 19 Tier 2 Table 3.2-3 (ML11171A425)
VLS-MY-E01A,Catalytic Hydrogen Recombiner A,Containment Hydrogen Control System,VLS,Containment,D,NS,Manufacturer Std.,,DCD Rev 19 Tier 2 Table 3.2-3 (ML11171A425)
VLS-MY-E01B,Catalytic Hydrogen Recombiner B,Containment Hydrogen Control System,VLS,Containment,D,NS,Manufacturer Std.,,DCD Rev 19 Tier 2 Table 3.2-3 (ML11171A425)
n/a,"Shutoff, Isolation, and Balancing Dampers",Radwaste Building Ventilation System,VRS,Radwaste Building,L,NS,ANSI/AMCA- 500,,DCD Rev 19 Tier 2 Table 3.2-3 (ML11171A425)
n/a,Fire Damper,Radwaste Building Ventilation System,VRS,Radwaste Building,Note 3,NS,UL-555,,DCD Rev 19 Tier 2 Table 3.2-3 (ML11171A425)
n/a,Air Handling Units,Radwaste Building Ventilation System,VRS,Radwaste Building,L,NS,Manufacturer Std.,,DCD Rev 19 Tier 2 Table 3.2-3 (ML11171A425)
n/a,Filters,Radwaste Building Ventilation System,VRS,Radwaste Building,L,NS,UL 900,,DCD Rev 19 Tier 2 Table 3.2-3 (ML11171A425)
n/a,"Fans, Ductwork",Radwaste Building Ventilation System,VRS,Radwaste Building,L,NS,SMACNA,,DCD Rev 19 Tier 2 Table 3.2-3 (ML11171A425)
n/a,"Shutoff, Isolation, and Balancing Dampers",Turbine Building Ventilation System,VTS,Turbine Building,L,NS,ANSI/AMCA- 500,,DCD Rev 19 Tier 2 Table 3.2-3 (ML11171A425)
n/a,Fire Dampers,Turbine Building Ventilation System,VTS,Turbine Building,Note 3,NS,UL-555,,DCD Rev 19 Tier 2 Table 3.2-3 (ML11171A425)
n/a,Air Handling Units w/ Filters,Turbine Building Ventilation System,VTS,Turbine Building,L,NS,"Manufacturer Std., UL-900",,DCD Rev 19 Tier 2 Table 3.2-3 (ML11171A425)
n/a,"Fans, Ductwork",Turbine Building Ventilation System,VTS,Turbine Building,L,NS,SMACNA,,DCD Rev 19 Tier 2 Table 3.2-3 (ML11171A425)
VUS-PL-V015,Main Equipment Hatch Test Connection,Containment Leak Rate Test System,VUS,Auxiliary Building,B,I,ASME III-2,,DCD Rev 19 Tier 2 Table 3.2-3 (ML11171A425)
VUS-PL-V016,Maintenance Equipment Hatch Test Connection,Containment Leak Rate Test System,VUS,Auxiliary Building,B,I,ASME III-2,,DCD Rev 19 Tier 2 Table 3.2-3 (ML11171A425)
VUS-PL-V017,Personnel Hatch Test Connection,Containment Leak Rate Test System,VUS,Auxiliary Building,B,I,ASME III-2,,DCD Rev 19 Tier 2 Table 3.2-3 (ML11171A425)
VUS-PL-V018,Personnel Hatch Test Connection,Containment Leak Rate Test System,VUS,Auxiliary Building,B,I,ASME III-2,,DCD Rev 19 Tier 2 Table 3.2-3 (ML11171A425)
VUS-PL-V019,Personnel Hatch Test Connection,Containment Leak Rate Test System,VUS,Auxiliary Building,B,I,ASME III-2,,DCD Rev 19 Tier 2 Table 3.2-3 (ML11171A425)
VUS-PL-V020,Personnel Hatch Test Connection,Containment Leak Rate Test System,VUS,Auxiliary Building,B,I,ASME III-2,,DCD Rev 19 Tier 2 Table 3.2-3 (ML11171A425)
VUS-PL-V021,Personnel Hatch Test Connection,Containment Leak Rate Test System,VUS,Auxiliary Building,B,I,ASME III-2,,DCD Rev 19 Tier 2 Table 3.2-3 (ML11171A425)
VUS-PL-V022,Personnel Hatch Test Connection,Containment Leak Rate Test System,VUS,Auxiliary Building,B,I,ASME III-2,,DCD Rev 19 Tier 2 Table 3.2-3 (ML11171A425)
VUS-PL-V023,Fuel Transfer Tube Test Connection,Containment Leak Rate Test System,VUS,Auxiliary Building,B,I,ASME III-2,,DCD Rev 19 Tier 2 Table 3.2-3 (ML11171A425)
VUS-PL-V101,Electrical Penetration Test Isolation Valve,Containment Leak Rate Test System,VUS,Auxiliary Building,B,I,ASME III-2,,DCD Rev 19 Tier 2 Table 3.2-3 (ML11171A425)
VUS-PL-V102,Electrical Penetration Test Isolation Valve,Containment Leak Rate Test System,VUS,Auxiliary Building,B,I,ASME III-2,,DCD Rev 19 Tier 2 Table 3.2-3 (ML11171A425)
VUS-PL-V103,Electrical Penetration Test Isolation Valve,Containment Leak Rate Test System,VUS,Auxiliary Building,B,I,ASME III-2,,DCD Rev 19 Tier 2 Table 3.2-3 (ML11171A425)
VUS-PL-V104,Electrical Penetration Test Isolation Valve,Containment Leak Rate Test System,VUS,Auxiliary Building,B,I,ASME III-2,,DCD Rev 19 Tier 2 Table 3.2-3 (ML11171A425)
VUS-PL-V109,Electrical Penetration Test Isolation Valve,Containment Leak Rate Test System,VUS,Auxiliary Building,B,I,ASME III-2,,DCD Rev 19 Tier 2 Table 3.2-3 (ML11171A425)
VUS-PL-V110,Electrical Penetration Test Isolation Valve,Containment Leak Rate Test System,VUS,Auxiliary Building,B,I,ASME III-2,,DCD Rev 19 Tier 2 Table 3.2-3 (ML11171A425)
VUS-PL-V111,Electrical Penetration Test Isolation Valve,Containment Leak Rate Test System,VUS,Auxiliary Building,B,I,ASME III-2,,DCD Rev 19 Tier 2 Table 3.2-3 (ML11171A425)
VUS-PL-V112,Electrical Penetration Test Isolation Valve,Containment Leak Rate Test System,VUS,Auxiliary Building,B,I,ASME III-2,,DCD Rev 19 Tier 2 Table 3.2-3 (ML11171A425)
VUS-PL-V113,Electrical Penetration Test Isolation Valve,Containment Leak Rate Test System,VUS,Auxiliary Building,B,I,ASME III-2,,DCD Rev 19 Tier 2 Table 3.2-3 (ML11171A425)
VUS-PL-V114,Electrical Penetration Test Isolation Valve,Containment Leak Rate Test System,VUS,Auxiliary Building,B,I,ASME III-2,,DCD Rev 19 Tier 2 Table 3.2-3 (ML11171A425)
VUS-PL-V115,Electrical Penetration Test Isolation Valve,Containment Leak Rate Test System,VUS,Auxiliary Building,B,I,ASME III-2,,DCD Rev 19 Tier 2 Table 3.2-3 (ML11171A425)
VUS-PL-V116,Electrical Penetration Test Isolation Valve,Containment Leak Rate Test System,VUS,Auxiliary Building,B,I,ASME III-2,,DCD Rev 19 Tier 2 Table 3.2-3 (ML11171A425)
VUS-PL-V117,Electrical Penetration Test Isolation Valve,Containment Leak Rate Test System,VUS,Auxiliary Building,B,I,ASME III-2,,DCD Rev 19 Tier 2 Table 3.2-3 (ML11171A425)
VUS-PL-V118,Electrical Penetration Test Isolation Valve,Containment Leak Rate Test System,VUS,Auxiliary Building,B,I,ASME III-2,,DCD Rev 19 Tier 2 Table 3.2-3 (ML11171A425)
VUS-PL-V119,Electrical Penetration Test Isolation Valve,Containment Leak Rate Test System,VUS,Auxiliary Building,B,I,ASME III-2,,DCD Rev 19 Tier 2 Table 3.2-3 (ML11171A425)
VUS-PL-V120,Electrical Penetration Test Isolation Valve,Containment Leak Rate Test System,VUS,Auxiliary Building,B,I,ASME III-2,,DCD Rev 19 Tier 2 Table 3.2-3 (ML11171A425)
VUS-PL-V121,Electrical Penetration Test Isolation Valve,Containment Leak Rate Test System,VUS,Auxiliary Building,B,I,ASME III-2,,DCD Rev 19 Tier 2 Table 3.2-3 (ML11171A425)
VUS-PL-V122,Electrical Penetration Test Isolation Valve,Containment Leak Rate Test System,VUS,Auxiliary Building,B,I,ASME III-2,,DCD Rev 19 Tier 2 Table 3.2-3 (ML11171A425)
VUS-PL-V123,Electrical Penetration Test Isolation Valve,Containment Leak Rate Test System,VUS,Auxiliary Building,B,I,ASME III-2,,DCD Rev 19 Tier 2 Table 3.2-3 (ML11171A425)
VUS-PL-V124,Electrical Penetration Test Isolation Valve,Containment Leak Rate Test System,VUS,Auxiliary Building,B,I,ASME III-2,,DCD Rev 19 Tier 2 Table 3.2-3 (ML11171A425)
VUS-PL-V125,Electrical Penetration Test Isolation Valve,Containment Leak Rate Test System,VUS,Auxiliary Building,B,I,ASME III-2,,DCD Rev 19 Tier 2 Table 3.2-3 (ML11171A425)
VUS-PL-V140,Spare Penetration Test Connection,Containment Leak Rate Test System,VUS,Auxiliary Building,B,I,ASME III-2,,DCD Rev 19 Tier 2 Table 3.2-3 (ML11171A425)
VUS-PL-V141,Spare Penetration Test Connection,Containment Leak Rate Test System,VUS,Auxiliary Building,B,I,ASME III-2,,DCD Rev 19 Tier 2 Table 3.2-3 (ML11171A425)
VUS-PL-V142,Spare Penetration Test Connection,Containment Leak Rate Test System,VUS,Auxiliary Building,B,I,ASME III-2,,DCD Rev 19 Tier 2 Table 3.2-3 (ML11171A425)
n/a,Air Cooled Chiller,Central Chilled Water System,VWS,Various,D,NS,Manufacturer Std.,,DCD Rev 19 Tier 2 Table 3.2-3 (ML11171A425)
n/a,Pumps,Central Chilled Water System,VWS,Various,D,NS,Manufacturer Std.,,DCD Rev 19 Tier 2 Table 3.2-3 (ML11171A425)
n/a,Tanks,Central Chilled Water System,VWS,Various,D,NS,ASME VIII,,DCD Rev 19 Tier 2 Table 3.2-3 (ML11171A425)
n/a,Valves Providing VWS AP1000 Equipment Class D Function,Central Chilled Water System,VWS,Various,D,NS,ANSI 16.34,,DCD Rev 19 Tier 2 Table 3.2-3 (ML11171A425)
VWS-PY-C01,Containment Chilled Water Supply Penetration,Central Chilled Water System,VWS,Various,B,I,"ASME III, 2",,DCD Rev 19 Tier 2 Table 3.2-3 (ML11171A425)
VWS-PY-C02,Containment Chilled Water Return Penetration,Central Chilled Water System,VWS,Various,B,I,"ASME III, 2",,DCD Rev 19 Tier 2 Table 3.2-3 (ML11171A425)
VWS-PL-V058,Fan Coolers Supply Containment Isolation,Central Chilled Water System,VWS,Various,B,I,ASME III-2,,DCD Rev 19 Tier 2 Table 3.2-3 (ML11171A425)
VWS-PL-V062,Fan Coolers Supply Containment Isolation,Central Chilled Water System,VWS,Various,B,I,ASME III-2,,DCD Rev 19 Tier 2 Table 3.2-3 (ML11171A425)
VWS-PL-V080,VWS Containment Isolation Relief Valve,Central Chilled Water System,VWS,Various,B,I,ASME III-2,,DCD Rev 19 Tier 2 Table 3.2-3 (ML11171A425)
VWS-PL-V082,Fan Coolers Return Containment Isolation,Central Chilled Water System,VWS,Various,B,I,ASME III-2,,DCD Rev 19 Tier 2 Table 3.2-3 (ML11171A425)
VWS-PL-V086,Fan Coolers Return Containment Isolation,Central Chilled Water System,VWS,Various,B,I,ASME III-2,,DCD Rev 19 Tier 2 Table 3.2-3 (ML11171A425)
VWS-PL-V424,Containment Penetration Test Connection,Central Chilled Water System,VWS,Various,B,I,ASME III-2,,DCD Rev 19 Tier 2 Table 3.2-3 (ML11171A425)
VWS-PL-V425,Containment Penetration Test Connection,Central Chilled Water System,VWS,Various,B,I,ASME III-2,,DCD Rev 19 Tier 2 Table 3.2-3 (ML11171A425)
n/a,Air Handling Unit Fans Providing AP1000 Equipment Class D Function,Annex/Auxiliary Nonradioactive Ventilation System,VXS,Auxiliary Building and Annex Building,Note 2,NS,AMCA,,DCD Rev 19 Tier 2 Table 3.2-3 (ML11171A425)
n/a,Dampers Providing VXS AP1000 Equipment Class D Function,Annex/Auxiliary Nonradioactive Ventilation System,VXS,Auxiliary Building and Annex Building,Note 2,NS,ANSI/AMCA-500,,DCD Rev 19 Tier 2 Table 3.2-3 (ML11171A425)
n/a,Exhaust Fan Providing Ancillary Diesel Room Ventilation,Annex/Auxiliary Nonradioactive Ventilation System,VXS,Auxiliary Building and Annex Building,Note 2,NS,AMCA,,DCD Rev 19 Tier 2 Table 3.2-3 (ML11171A425)
n/a,Fire Dampers,Annex/Auxiliary Nonradioactive Ventilation System,VXS,Auxiliary Building and Annex Building,Note 3,NS,UL-555 or UL-555S,,DCD Rev 19 Tier 2 Table 3.2-3 (ML11171A425)
n/a,Air Handling Units,Annex/Auxiliary Nonradioactive Ventilation System,VXS,Auxiliary Building and Annex Building,L,NS,Manufacturer Std.,,DCD Rev 19 Tier 2 Table 3.2-3 (ML11171A425)
n/a,Filters,Annex/Auxiliary Nonradioactive Ventilation System,VXS,Auxiliary Building and Annex Building,L,NS,UL 900,,DCD Rev 19 Tier 2 Table 3.2-3 (ML11171A425)
n/a,"Fans, Ductwork",Annex/Auxiliary Nonradioactive Ventilation System,VXS,Auxiliary Building and Annex Building,L,NS,SMACNA,,DCD Rev 19 Tier 2 Table 3.2-3 (ML11171A425)
n/a,Unit Heaters Providing AP1000 Equipment Class D Function,Diesel Generator Building Ventilation System,VZS,Diesel Generator Building,Note 2,NS,UL-1025; NFPA 70,,DCD Rev 19 Tier 2 Table 3.2-3 (ML11171A425)
n/a,Fans Providing AP1000 Equipment Class D Function,Diesel Generator Building Ventilation System,VZS,Diesel Generator Building,Note 2,NS,AMCA,,DCD Rev 19 Tier 2 Table 3.2-3 (ML11171A425)
n/a,Dampers Providing VZS AP1000 Equipment Class D Function,Diesel Generator Building Ventilation System,VZS,Diesel Generator Building,Note 2,NS,AMCA,,DCD Rev 19 Tier 2 Table 3.2-3 (ML11171A425)
n/a,Fire Dampers,Diesel Generator Building Ventilation System,VZS,Diesel Generator Building,Note 3,NS,UL-555,,DCD Rev 19 Tier 2 Table 3.2-3 (ML11171A425)
n/a,Air Handling Units,Diesel Generator Building Ventilation System,VZS,Diesel Generator Building,L,NS,Manufacturer Std.,,DCD Rev 19 Tier 2 Table 3.2-3 (ML11171A425)
n/a,Filters,Diesel Generator Building Ventilation System,VZS,Diesel Generator Building,L,NS,UL 900,,DCD Rev 19 Tier 2 Table 3.2-3 (ML11171A425)
n/a,"Fans, Ductwork",Diesel Generator Building Ventilation System,VZS,Diesel Generator Building,L,NS,SMACNA,,DCD Rev 19 Tier 2 Table 3.2-3 (ML11171A425)
n/a,Gas Cooler,Gaseous Radwaste System,WGS,Auxiliary Building,D,NS,ASME VIII/TEMA,,DCD Rev 19 Tier 2 Table 3.2-3 (ML11171A425)
n/a,Sample Pumps,Gaseous Radwaste System,WGS,Auxiliary Building,D,NS,Manufacturer Std.,,DCD Rev 19 Tier 2 Table 3.2-3 (ML11171A425)
n/a,Guard and Delay Beds,Gaseous Radwaste System,WGS,Auxiliary Building,D,NS,ASME VIII,Design for 1/2 SSE,DCD Rev 19 Tier 2 Table 3.2-3 (ML11171A425)
n/a,Moisture Separator,Gaseous Radwaste System,WGS,Auxiliary Building,D,NS,ASME VIII,,DCD Rev 19 Tier 2 Table 3.2-3 (ML11171A425)
n/a,Valves Providing WGS AP1000 Equipment Class D Function,Gaseous Radwaste System,WGS,Auxiliary Building,D,NS,ANSI 16.34,,DCD Rev 19 Tier 2 Table 3.2-3 (ML11171A425)
n/a,"Heat Exchangers, WLS and CCS Side",Liquid Radwaste System,WLS,"Containment, Auxiliary, and Radwaste Buildings",D,NS,ASME VIII/ TEMA,,DCD Rev 19 Tier 2 Table 3.2-3 (ML11171A425)
n/a,Pumps,Liquid Radwaste System,WLS,"Containment, Auxiliary, and Radwaste Buildings",D,NS,Manufacturer Std.,,DCD Rev 19 Tier 2 Table 3.2-3 (ML11171A425)
n/a,Tanks,Liquid Radwaste System,WLS,"Containment, Auxiliary, and Radwaste Buildings",D,NS,ASME III without Code Stamp,,DCD Rev 19 Tier 2 Table 3.2-3 (ML11171A425)
n/a,Degasifier,Liquid Radwaste System,WLS,"Containment, Auxiliary, and Radwaste Buildings",D,NS,ASME VIII,,DCD Rev 19 Tier 2 Table 3.2-3 (ML11171A425)
n/a,Ion Exchangers,Liquid Radwaste System,WLS,"Containment, Auxiliary, and Radwaste Buildings",D,NS,ASME VIII,,DCD Rev 19 Tier 2 Table 3.2-3 (ML11171A425)
n/a,Filters,Liquid Radwaste System,WLS,"Containment, Auxiliary, and Radwaste Buildings",D,NS,ASME VIII,,DCD Rev 19 Tier 2 Table 3.2-3 (ML11171A425)
n/a,Valves Providing WLS AP1000 Equipment Class D Function (local drain valves in Radwaste Building),Liquid Radwaste System,WLS,"Containment, Auxiliary, and Radwaste Buildings",D,NS,ANSI 16.34,,DCD Rev 19 Tier 2 Table 3.2-3 (ML11171A425)
WLS-PL-V055,Sump Discharge Containment Isolation IRC,Liquid Radwaste System,WLS,"Containment, Auxiliary, and Radwaste Buildings",B,I,ASME III-2,,DCD Rev 19 Tier 2 Table 3.2-3 (ML11171A425)
WLS-PL-V057,Sump Discharge Containment Isolation ORC,Liquid Radwaste System,WLS,"Containment, Auxiliary, and Radwaste Buildings",B,I,ASME III-2,,DCD Rev 19 Tier 2 Table 3.2-3 (ML11171A425)
WLS-PL-V058,WLS Containment Isolation Relief Valve,Liquid Radwaste System,WLS,"Containment, Auxiliary, and Radwaste Buildings",B,I,ASME III-2,,DCD Rev 19 Tier 2 Table 3.2-3 (ML11171A425)
WLS-PL-V067,RCDT Gas Outlet Containment Isolation IRC,Liquid Radwaste System,WLS,"Containment, Auxiliary, and Radwaste Buildings",B,I,ASME III-2,,DCD Rev 19 Tier 2 Table 3.2-3 (ML11171A425)
WLS-PL-V068,RCDT Gas Outlet Containment Isolation ORC,Liquid Radwaste System,WLS,"Containment, Auxiliary, and Radwaste Buildings",B,I,ASME III-2,,DCD Rev 19 Tier 2 Table 3.2-3 (ML11171A425)
WLS-PL-V071A,CVS Compartment to Sump,Liquid Radwaste System,WLS,"Containment, Auxiliary, and Radwaste Buildings",C,I,ASME III-3,,DCD Rev 19 Tier 2 Table 3.2-3 (ML11171A425)
WLS-PL-V071B,PXS A Compartment to Sump,Liquid Radwaste System,WLS,"Containment, Auxiliary, and Radwaste Buildings",C,I,ASME III-3,,DCD Rev 19 Tier 2 Table 3.2-3 (ML11171A425)
WLS-PL-V071C,PXS B Compartment to Sump,Liquid Radwaste System,WLS,"Containment, Auxiliary, and Radwaste Buildings",C,I,ASME III-3,,DCD Rev 19 Tier 2 Table 3.2-3 (ML11171A425)
WLS-PL-V072A,CVS Compartment to Sump,Liquid Radwaste System,WLS,"Containment, Auxiliary, and Radwaste Buildings",C,I,ASME III-3,,DCD Rev 19 Tier 2 Table 3.2-3 (ML11171A425)
WLS-PL-V072B,PXS A Compartment to Sump,Liquid Radwaste System,WLS,"Containment, Auxiliary, and Radwaste Buildings",C,I,ASME III-3,,DCD Rev 19 Tier 2 Table 3.2-3 (ML11171A425)
WLS-PL-V072C,PXS B Compartment to Sump,Liquid Radwaste System,WLS,"Containment, Auxiliary, and Radwaste Buildings",C,I,ASME III-3,,DCD Rev 19 Tier 2 Table 3.2-3 (ML11171A425)
WLS-PY-C02,Reactor Coolant Drain Tank WLS Connection Penetration,Liquid Radwaste System,WLS,"Containment, Auxiliary, and Radwaste Buildings",B,I,"ASME III, 2",,DCD Rev 19 Tier 2 Table 3.2-3 (ML11171A425)
WLS-PY-C03,Containment Sump Pumps Combined Discharge Penetration,Liquid Radwaste System,WLS,"Containment, Auxiliary, and Radwaste Buildings",B,I,"ASME III, 2",,DCD Rev 19 Tier 2 Table 3.2-3 (ML11171A425)
n/a,Pumps,Radioactive Waste Drain System,WRS,Auxiliary Building,D,NS,Manufacturer Std.,,DCD Rev 19 Tier 2 Table 3.2-3 (ML11171A425)
n/a,Valves Providing WRS AP1000 Equipment Class D Function,Radioactive Waste Drain System,WRS,Auxiliary Building,D,NS,ANSI 16.34,,DCD Rev 19 Tier 2 Table 3.2-3 (ML11171A425)
n/a,Pumps,Solid Radwaste System,WSS,Auxiliary Building,D,NS,Manufacturer Std.,,DCD Rev 19 Tier 2 Table 3.2-3 (ML11171A425)
n/a,Tanks,Solid Radwaste System,WSS,Auxiliary Building,D,NS,ASME VIII,,DCD Rev 19 Tier 2 Table 3.2-3 (ML11171A425)
n/a,Filters,Solid Radwaste System,WSS,Auxiliary Building,D,NS,ASME VIII,,DCD Rev 19 Tier 2 Table 3.2-3 (ML11171A425)
n/a,Valves Providing WSS AP1000 Equipment Class D Function,Solid Radwaste System,WSS,Auxiliary Building,D,NS,ANSI 16.34,,DCD Rev 19 Tier 2 Table 3.2-3 (ML11171A425)
WWS-PL-V506,MCR WWS Isolation Valve,Waste Water System,WWS,Various,C,I,ASME III-3,,DCD Rev 19 Tier 2 Table 3.2-3 (ML11171A425)
n/a,Diesel Generator Engines,Onsite Standby Power System,ZOS,Diesel Generator Building,D,NS,Manufacturer Std.,,DCD Rev 19 Tier 2 Table 3.2-3 (ML11171A425)
n/a,Diesel Generator Starting Units,Onsite Standby Power System,ZOS,Diesel Generator Building,D,NS,Manufacturer Std.,,DCD Rev 19 Tier 2 Table 3.2-3 (ML11171A425)
n/a,Diesel Generator Radiators,Onsite Standby Power System,ZOS,Diesel Generator Building,D,NS,CAGI,,DCD Rev 19 Tier 2 Table 3.2-3 (ML11171A425)
n/a,Diesel Generator Silencers,Onsite Standby Power System,ZOS,Diesel Generator Building,D,NS,API 661,,DCD Rev 19 Tier 2 Table 3.2-3 (ML11171A425)
n/a,Valves Providing ZOS Diesel Generator Engines AP1000 Equipment Class D Function,Onsite Standby Power System,ZOS,Diesel Generator Building,D,NS,ANSI 16.34,,DCD Rev 19 Tier 2 Table 3.2-3 (ML11171A425)
