tag,description,system_code,system_name,location,buildings,ap1000_class,seismic_category,construction_code,comments,in_table_3_2_3,in_tier1,tier1_table,tier1_asme_III,tier1_seismic_cat_I,tier1_class_1E_harsh,tier1_remote_valve,tier1_active_function,tier1_safety_display,tier1_loss_power_position,tier1_location,tier1_control_pms_das,tier1_control_pms,tier1_other,source
CAS-PL-V014,Instrument Air Supply Outside Containment Isolation,CAS,Compressed and Instrument Air System,Various,Various,B,I,ASME III-2,,True,False,,,,,,,,,,,,,DCD Tier 2 Table 3.2-3 (ML11171A425)
CAS-PL-V015,Instrument Air Supply Inside Containment Isolation,CAS,Compressed and Instrument Air System,Various,Various,B,I,ASME III-2,,True,False,,,,,,,,,,,,,DCD Tier 2 Table 3.2-3 (ML11171A425)
CAS-PL-V027,Containment Penetration Test Connection Isolation,CAS,Compressed and Instrument Air System,Various,Various,B,I,ASME III-2,,True,False,,,,,,,,,,,,,DCD Tier 2 Table 3.2-3 (ML11171A425)
CAS-PL-V204,Service Air Supply Outside Containment Isolation,CAS,Compressed and Instrument Air System,Various,Various,B,I,ASME III-2,,True,False,,,,,,,,,,,,,DCD Tier 2 Table 3.2-3 (ML11171A425)
CAS-PL-V205,Service Air Supply Inside Containment Isolation,CAS,Compressed and Instrument Air System,Various,Various,B,I,ASME III-2,,True,False,,,,,,,,,,,,,DCD Tier 2 Table 3.2-3 (ML11171A425)
CAS-PL-V219,Containment Penetration Test Connection Isolation,CAS,Compressed and Instrument Air System,Various,Various,B,I,ASME III-2,,True,False,,,,,,,,,,,,,DCD Tier 2 Table 3.2-3 (ML11171A425)
CAS-PY-C02,Containment Instrument Air Inlet Penetration,CAS,Compressed and Instrument Air System,Various,Various,B,I,"ASME III, 2",,True,False,,,,,,,,,,,,,DCD Tier 2 Table 3.2-3 (ML11171A425)
CAS-PY-C03,Containment Service Air Inlet Penetration,CAS,Compressed and Instrument Air System,Various,Various,B,I,"ASME III, 2",,True,False,,,,,,,,,,,,,DCD Tier 2 Table 3.2-3 (ML11171A425)
n/a,"Heat Exchangers, CCS and SWS Side",CCS,Component Cooling Water System,Auxiliary Building and Turbine Building,Auxiliary Building; Turbine Building,D,NS,ASME VIII,,True,False,,,,,,,,,,,,,DCD Tier 2 Table 3.2-3 (ML11171A425)
n/a,Pumps,CCS,Component Cooling Water System,Auxiliary Building and Turbine Building,Auxiliary Building; Turbine Building,D,NS,Hydraulic Institute Stds.,,True,False,,,,,,,,,,,,,DCD Tier 2 Table 3.2-3 (ML11171A425)
n/a,Tanks,CCS,Component Cooling Water System,Auxiliary Building and Turbine Building,Auxiliary Building; Turbine Building,D,NS,ASME VIII,,True,False,,,,,,,,,,,,,DCD Tier 2 Table 3.2-3 (ML11171A425)
n/a,Valves Providing CCS AP1000 Equipment Class D Function,CCS,Component Cooling Water System,Auxiliary Building and Turbine Building,Auxiliary Building; Turbine Building,D,NS,ANSI 16.34,,True,False,,,,,,,,,,,,,DCD Tier 2 Table 3.2-3 (ML11171A425)
CCS-PL-V200,CCS Containment Isolation Valve - Inlet Line ORC,CCS,Component Cooling Water System,Auxiliary Building and Turbine Building,Auxiliary Building; Turbine Building,B,I,ASME III-2,,True,False,,,,,,,,,,,,,DCD Tier 2 Table 3.2-3 (ML11171A425)
CCS-PL-V201,CCS Containment Isolation Valve - Inlet Line IRC,CCS,Component Cooling Water System,Auxiliary Building and Turbine Building,Auxiliary Building; Turbine Building,B,I,ASME III-2,,True,False,,,,,,,,,,,,,DCD Tier 2 Table 3.2-3 (ML11171A425)
CCS-PL-V207,CCS Containment Isolation Valve - Outlet Line IRC,CCS,Component Cooling Water System,Auxiliary Building and Turbine Building,Auxiliary Building; Turbine Building,B,I,ASME III-2,,True,False,,,,,,,,,,,,,DCD Tier 2 Table 3.2-3 (ML11171A425)
CCS-PL-V208,CCS Containment Isolation Valve - Outlet Line ORC,CCS,Component Cooling Water System,Auxiliary Building and Turbine Building,Auxiliary Building; Turbine Building,B,I,ASME III-2,,True,False,,,,,,,,,,,,,DCD Tier 2 Table 3.2-3 (ML11171A425)
CCS-PL-V209,Containment Isolation Valve Test Connection - Outlet Line,CCS,Component Cooling Water System,Auxiliary Building and Turbine Building,Auxiliary Building; Turbine Building,B,I,ASME III-2,,True,False,,,,,,,,,,,,,DCD Tier 2 Table 3.2-3 (ML11171A425)
CCS-PL-V214,CCS Supply Containment Isolation - IRC,CCS,Component Cooling Water System,Auxiliary Building and Turbine Building,Auxiliary Building; Turbine Building,C,I,ASME III-3,,True,False,,,,,,,,,,,,,DCD Tier 2 Table 3.2-3 (ML11171A425)
CCS-PL-V215,CCS Supply Containment Isolation Valve Test Connection - IRC,CCS,Component Cooling Water System,Auxiliary Building and Turbine Building,Auxiliary Building; Turbine Building,C,I,ASME III-3,,True,False,,,,,,,,,,,,,DCD Tier 2 Table 3.2-3 (ML11171A425)
CCS-PL-V216,Containment Leak Test Outlet Line - IRC,CCS,Component Cooling Water System,Auxiliary Building and Turbine Building,Auxiliary Building; Turbine Building,C,I,ASME III-3,,True,False,,,,,,,,,,,,,DCD Tier 2 Table 3.2-3 (ML11171A425)
CCS-PL-V217,Containment Isolation Valve V207 Body Test Connection Valve,CCS,Component Cooling Water System,Auxiliary Building and Turbine Building,Auxiliary Building; Turbine Building,C,I,ASME III-3,,True,False,,,,,,,,,,,,,DCD Tier 2 Table 3.2-3 (ML11171A425)
CCS-PL-V270,CCS IRC Relief Valve,CCS,Component Cooling Water System,Auxiliary Building and Turbine Building,Auxiliary Building; Turbine Building,C,I,ASME III-3,,True,False,,,,,,,,,,,,,DCD Tier 2 Table 3.2-3 (ML11171A425)
CCS-PL-V271,CCS IRC Relief Valve,CCS,Component Cooling Water System,Auxiliary Building and Turbine Building,Auxiliary Building; Turbine Building,C,I,ASME III-3,,True,False,,,,,,,,,,,,,DCD Tier 2 Table 3.2-3 (ML11171A425)
CCS-PL-220,CCS Containment Isolation Relief Valve,CCS,Component Cooling Water System,Auxiliary Building and Turbine Building,Auxiliary Building; Turbine Building,B,I,ASME III-2,,True,False,,,,,,,,,,,,,DCD Tier 2 Table 3.2-3 (ML11171A425)
CCS-PL-V257,Containment Isolation Valve Test Connection - Inlet Line,CCS,Component Cooling Water System,Auxiliary Building and Turbine Building,Auxiliary Building; Turbine Building,B,I,ASME III-2,,True,False,,,,,,,,,,,,,DCD Tier 2 Table 3.2-3 (ML11171A425)
CCS-PY-C01,Containment Supply Header Penetration,CCS,Component Cooling Water System,Auxiliary Building and Turbine Building,Auxiliary Building; Turbine Building,B,I,"ASME III, 2",,True,False,,,,,,,,,,,,,DCD Tier 2 Table 3.2-3 (ML11171A425)
CCS-PY-C02,Containment Return Header Penetration,CCS,Component Cooling Water System,Auxiliary Building and Turbine Building,Auxiliary Building; Turbine Building,B,I,"ASME III, 2",,True,False,,,,,,,,,,,,,DCD Tier 2 Table 3.2-3 (ML11171A425)
n/a,Condenser Vacuum Breakers,CMS,Condenser Air Removal System,Turbine Building,Turbine Building,E,NS,ANSI 16.34,,True,False,,,,,,,,,,,,,DCD Tier 2 Table 3.2-3 (ML11171A425)
CNS-MV-01,Containment Vessel,CNS,Containment System,Containment,Containment,B,I,"ASME III, MC",,True,True,2.2.1-1,Yes,Yes,-/-,-,-,-,-,,-/-,,,DCD Tier 2 Table 3.2-3 (ML11171A425); Tier 1 2.2.1-1 (ML11171A310)
CNS-MY-Y01,Equipment Hatch,CNS,Containment System,Containment,Containment,B,I,"ASME III, MC",,True,True,2.2.1-1,Yes,Yes,-/-,-,-,-,-,,-/-,,,DCD Tier 2 Table 3.2-3 (ML11171A425); Tier 1 2.2.1-1 (ML11171A310)
CNS-MY-Y02,Maintenance Hatch,CNS,Containment System,Containment,Containment,B,I,"ASME III, MC",,True,True,2.2.1-1,Yes,Yes,-/-,-,-,-,-,,-/-,,,DCD Tier 2 Table 3.2-3 (ML11171A425); Tier 1 2.2.1-1 (ML11171A310)
CNS-MY-Y03,Personnel Hatch - 135′-3″,CNS,Containment System,Containment,Containment,B,I,"ASME III, MC",,True,True,2.2.1-1,Yes,Yes,-/-,-,-,-,-,,-/-,,,DCD Tier 2 Table 3.2-3 (ML11171A425); Tier 1 2.2.1-1 (ML11171A310)
CNS-MY-Y04,Personnel Hatch - 107′-2″,CNS,Containment System,Containment,Containment,B,I,"ASME III, MC",,True,True,2.2.1-1,Yes,Yes,-/-,-,-,-,-,,-/-,,,DCD Tier 2 Table 3.2-3 (ML11171A425); Tier 1 2.2.1-1 (ML11171A310)
n/a,Spare Containment Penetrations,CNS,Containment System,Containment,Containment,B,I,"ASME III, MC",,True,False,,,,,,,,,,,,,DCD Tier 2 Table 3.2-3 (ML11171A425)
n/a,"Heat Exchangers, CVS and CCS Side",CVS,Chemical and Volume Control System,"Containment, Auxiliary Building, and Annex Building",Containment; Auxiliary Building; Annex Building,D,NS,ASME VIII/ TEMA,,True,False,,,,,,,,,,,,,DCD Tier 2 Table 3.2-3 (ML11171A425)
n/a,Pumps,CVS,Chemical and Volume Control System,"Containment, Auxiliary Building, and Annex Building",Containment; Auxiliary Building; Annex Building,D,NS,Hydraulic Institute Stds.,,True,False,,,,,,,,,,,,,DCD Tier 2 Table 3.2-3 (ML11171A425)
n/a,Tank,CVS,Chemical and Volume Control System,"Containment, Auxiliary Building, and Annex Building",Containment; Auxiliary Building; Annex Building,D,NS,API 650,,True,False,,,,,,,,,,,,,DCD Tier 2 Table 3.2-3 (ML11171A425)
n/a,Demineralizers,CVS,Chemical and Volume Control System,"Containment, Auxiliary Building, and Annex Building",Containment; Auxiliary Building; Annex Building,D,NS,ASME VIII,,True,False,,,,,,,,,,,,,DCD Tier 2 Table 3.2-3 (ML11171A425)
n/a,Filters,CVS,Chemical and Volume Control System,"Containment, Auxiliary Building, and Annex Building",Containment; Auxiliary Building; Annex Building,D,NS,ASME VIII,,True,False,,,,,,,,,,,,,DCD Tier 2 Table 3.2-3 (ML11171A425)
n/a,Valves Providing CVS AP1000 Equipment Class D Function,CVS,Chemical and Volume Control System,"Containment, Auxiliary Building, and Annex Building",Containment; Auxiliary Building; Annex Building,D,NS,ANSI 16.34,,True,False,,,,,,,,,,,,,DCD Tier 2 Table 3.2-3 (ML11171A425)
CVS-PL-V001,RCS Purification Stop,CVS,Chemical and Volume Control System,"Containment, Auxiliary Building, and Annex Building",Containment; Auxiliary Building; Annex Building,A,I,ASME III-1,,True,True,2.3.2-1,Yes,Yes,Yes/Yes,Yes,Transfer Closed,Yes (Valve Position),As Is,,,Yes,,DCD Tier 2 Table 3.2-3 (ML11171A425); Tier 1 2.3.2-1 (ML11171A311)
CVS-PL-V002,RCS Purification Stop,CVS,Chemical and Volume Control System,"Containment, Auxiliary Building, and Annex Building",Containment; Auxiliary Building; Annex Building,A,I,ASME III-1,,True,True,2.3.2-1,Yes,Yes,Yes/Yes,Yes,Transfer Closed,Yes (Valve Position),As Is,,,Yes,,DCD Tier 2 Table 3.2-3 (ML11171A425); Tier 1 2.3.2-1 (ML11171A311)
CVS-PL-V003,RCS Purification Stop,CVS,Chemical and Volume Control System,"Containment, Auxiliary Building, and Annex Building",Containment; Auxiliary Building; Annex Building,C,I,ASME III-3,,True,True,2.3.2-1,Yes,Yes,Yes/Yes,Yes,Transfer Closed,Yes (Valve Position),As Is,,,Yes,,DCD Tier 2 Table 3.2-3 (ML11171A425); Tier 1 2.3.2-1 (ML11171A311)
CVS-PL-V040,Resin Flush IRC Isolation,CVS,Chemical and Volume Control System,"Containment, Auxiliary Building, and Annex Building",Containment; Auxiliary Building; Annex Building,B,I,ASME III-2,,True,True,2.3.2-1,Yes,Yes,- / -,No,-,-,-,,,-,,DCD Tier 2 Table 3.2-3 (ML11171A425); Tier 1 2.3.2-1 (ML11171A311)
CVS-PL-V041,Resin Flush ORC Isolation,CVS,Chemical and Volume Control System,"Containment, Auxiliary Building, and Annex Building",Containment; Auxiliary Building; Annex Building,B,I,ASME III-2,,True,True,2.3.2-1,Yes,Yes,- / -,No,-,-,-,,,-,,DCD Tier 2 Table 3.2-3 (ML11171A425); Tier 1 2.3.2-1 (ML11171A311)
CVS-PL-V042,Flush Line Containment Isolation Relief,CVS,Chemical and Volume Control System,"Containment, Auxiliary Building, and Annex Building",Containment; Auxiliary Building; Annex Building,B,I,ASME III-2,,True,True,2.3.2-1,Yes,Yes,- / -,No,Transfer Open/ Transfer Closed,-,-,,,-,,DCD Tier 2 Table 3.2-3 (ML11171A425); Tier 1 2.3.2-1 (ML11171A311)
CVS-PL-V045,Letdown Containment Isolation IRC,CVS,Chemical and Volume Control System,"Containment, Auxiliary Building, and Annex Building",Containment; Auxiliary Building; Annex Building,B,I,ASME III-2,,True,True,2.3.2-1,Yes,Yes,Yes/Yes,Yes,Transfer Closed,Yes (Valve Position),Closed,,,Yes,,DCD Tier 2 Table 3.2-3 (ML11171A425); Tier 1 2.3.2-1 (ML11171A311)
CVS-PL-V046,Letdown Pressure Instrument Root,CVS,Chemical and Volume Control System,"Containment, Auxiliary Building, and Annex Building",Containment; Auxiliary Building; Annex Building,B,I,ASME III-2,,True,False,,,,,,,,,,,,,DCD Tier 2 Table 3.2-3 (ML11171A425)
CVS-PL-V047,Letdown Containment Isolation ORC,CVS,Chemical and Volume Control System,"Containment, Auxiliary Building, and Annex Building",Containment; Auxiliary Building; Annex Building,B,I,ASME III-2,,True,True,2.3.2-1,Yes,Yes,Yes/No,Yes,Transfer Closed,Yes (Valve Position),Closed,,,Yes,,DCD Tier 2 Table 3.2-3 (ML11171A425); Tier 1 2.3.2-1 (ML11171A311)
CVS-PL-V058,Letdown Line Containment Isolation Relief,CVS,Chemical and Volume Control System,"Containment, Auxiliary Building, and Annex Building",Containment; Auxiliary Building; Annex Building,B,I,ASME III-2,,True,True,2.3.2-1,Yes,Yes,- / -,No,Transfer Open/ Transfer Closed,-,-,,,-,,DCD Tier 2 Table 3.2-3 (ML11171A425); Tier 1 2.3.2-1 (ML11171A311)
CVS-PL-V080,RCS Purification Return Line Check Valve,CVS,Chemical and Volume Control System,"Containment, Auxiliary Building, and Annex Building",Containment; Auxiliary Building; Annex Building,C,I,ASME III-3,,True,True,2.3.2-1,Yes,Yes,- / -,No,Transfer Closed,-,-,,,-,,DCD Tier 2 Table 3.2-3 (ML11171A425); Tier 1 2.3.2-1 (ML11171A311)
CVS-PL-V081,RCS Purification Return Line Stop Valve,CVS,Chemical and Volume Control System,"Containment, Auxiliary Building, and Annex Building",Containment; Auxiliary Building; Annex Building,A,I,ASME III-1,,True,True,2.3.2-1,Yes,Yes,- / -,No,Transfer Closed,No,-,,,-,Equipment=CVS Purification Return Line (Position Indicator); Display=Yes; Control Function=-,DCD Tier 2 Table 3.2-3 (ML11171A425); Tier 1 2.3.2-1 (ML11171A311)
CVS-PL-V082,RCS Purification Return Line Check Valve,CVS,Chemical and Volume Control System,"Containment, Auxiliary Building, and Annex Building",Containment; Auxiliary Building; Annex Building,A,I,ASME III-1,,True,True,2.3.2-1,Yes,Yes,- / -,No,Transfer Closed,-,-,,,-,,DCD Tier 2 Table 3.2-3 (ML11171A425); Tier 1 2.3.2-1 (ML11171A311)
CVS-PL-V084,Auxiliary Pressurizer Spray Line Isolation,CVS,Chemical and Volume Control System,"Containment, Auxiliary Building, and Annex Building",Containment; Auxiliary Building; Annex Building,A,I,ASME III-1,,True,True,2.3.2-1,Yes,Yes,Yes/Yes,Yes,Transfer Closed,Yes (Valve Position),Closed,,,Yes,Equipment=Auxiliary Spray Line Isolation Valve (Position Indicator); Display=Yes; Control Function=-,DCD Tier 2 Table 3.2-3 (ML11171A425); Tier 1 2.3.2-1 (ML11171A311)
CVS-PL-V085,Auxiliary Pressurizer Spray Line,CVS,Chemical and Volume Control System,"Containment, Auxiliary Building, and Annex Building",Containment; Auxiliary Building; Annex Building,A,I,ASME III-1,,True,True,2.3.2-1,Yes,Yes,Yes/Yes,No,Transfer Closed,-,-,,,-,,DCD Tier 2 Table 3.2-3 (ML11171A425); Tier 1 2.3.2-1 (ML11171A311)
CVS-PL-V090,Makeup Line Containment Isolation,CVS,Chemical and Volume Control System,"Containment, Auxiliary Building, and Annex Building",Containment; Auxiliary Building; Annex Building,B,I,ASME III-2,,True,True,2.3.2-1,Yes,Yes,Yes/No,Yes,Transfer Closed,Yes (Valve Position),As Is,,,Yes,,DCD Tier 2 Table 3.2-3 (ML11171A425); Tier 1 2.3.2-1 (ML11171A311)
CVS-PL-V091,Makeup Line Containment Isolation,CVS,Chemical and Volume Control System,"Containment, Auxiliary Building, and Annex Building",Containment; Auxiliary Building; Annex Building,B,I,ASME III-2,,True,True,2.3.2-1,Yes,Yes,Yes/Yes,Yes,Transfer Closed,Yes (Valve Position),As Is,,,Yes,,DCD Tier 2 Table 3.2-3 (ML11171A425); Tier 1 2.3.2-1 (ML11171A311)
CVS-PL-V092,Hydrogen Add Containment Isolation,CVS,Chemical and Volume Control System,"Containment, Auxiliary Building, and Annex Building",Containment; Auxiliary Building; Annex Building,B,I,ASME III-2,,True,True,2.3.2-1,Yes,Yes,Yes/No,Yes,Transfer Closed,Yes (Valve Position),Closed,,,Yes,,DCD Tier 2 Table 3.2-3 (ML11171A425); Tier 1 2.3.2-1 (ML11171A311)
CVS-PL-V094,Hydrogen Add IRC Isolation,CVS,Chemical and Volume Control System,"Containment, Auxiliary Building, and Annex Building",Containment; Auxiliary Building; Annex Building,B,I,ASME III-2,,True,True,2.3.2-1,Yes,Yes,- / -,No,Transfer Closed,-,-,,,-,,DCD Tier 2 Table 3.2-3 (ML11171A425); Tier 1 2.3.2-1 (ML11171A311)
CVS-PL-V096,Hydrogen Add Containment Isolation Test Connection,CVS,Chemical and Volume Control System,"Containment, Auxiliary Building, and Annex Building",Containment; Auxiliary Building; Annex Building,B,I,ASME III-2,,True,False,,,,,,,,,,,,,DCD Tier 2 Table 3.2-3 (ML11171A425)
CVS-PL-V100,Makeup Line Containment Isolation Relief,CVS,Chemical and Volume Control System,"Containment, Auxiliary Building, and Annex Building",Containment; Auxiliary Building; Annex Building,B,I,ASME III-2,,True,True,2.3.2-1,Yes,Yes,- / -,No,Transfer Open/ Transfer Closed,-,-,,,-,,DCD Tier 2 Table 3.2-3 (ML11171A425); Tier 1 2.3.2-1 (ML11171A311)
CVS-PL-V136A,Demineralized Water System Isolation,CVS,Chemical and Volume Control System,"Containment, Auxiliary Building, and Annex Building",Containment; Auxiliary Building; Annex Building,C,I,ASME III-3,,True,True,2.3.2-1,Yes,Yes,Yes/No,Yes,Transfer Closed,Yes (Valve Position),Closed,,,Yes,,DCD Tier 2 Table 3.2-3 (ML11171A425); Tier 1 2.3.2-1 (ML11171A311)
CVS-PL-V136B,Demineralized Water System Isolation,CVS,Chemical and Volume Control System,"Containment, Auxiliary Building, and Annex Building",Containment; Auxiliary Building; Annex Building,C,I,ASME III-3,,True,True,2.3.2-1,Yes,Yes,Yes/No,Yes,Transfer Closed,Yes (Valve Position),Closed,,,Yes,,DCD Tier 2 Table 3.2-3 (ML11171A425); Tier 1 2.3.2-1 (ML11171A311)
CVS-PY-C01,Demineralizer Resin Flush Line Containment Penetration,CVS,Chemical and Volume Control System,"Containment, Auxiliary Building, and Annex Building",Containment; Auxiliary Building; Annex Building,B,I,"ASME III, MC",,True,False,,,,,,,,,,,,,DCD Tier 2 Table 3.2-3 (ML11171A425)
CVS-PY-C02,Letdown Line Containment Penetration,CVS,Chemical and Volume Control System,"Containment, Auxiliary Building, and Annex Building",Containment; Auxiliary Building; Annex Building,B,I,"ASME III, 2",,True,False,,,,,,,,,,,,,DCD Tier 2 Table 3.2-3 (ML11171A425)
CVS-PY-C03,Makeup Line Containment Penetration,CVS,Chemical and Volume Control System,"Containment, Auxiliary Building, and Annex Building",Containment; Auxiliary Building; Annex Building,B,I,"ASME III, MC",,True,False,,,,,,,,,,,,,DCD Tier 2 Table 3.2-3 (ML11171A425)
CVS-PY-C04,Hydrogen Add Line Containment Penetration,CVS,Chemical and Volume Control System,"Containment, Auxiliary Building, and Annex Building",Containment; Auxiliary Building; Annex Building,B,I,"ASME III, 2",,True,False,,,,,,,,,,,,,DCD Tier 2 Table 3.2-3 (ML11171A425)
n/a,Fuel Oil Transfer Package,DOS,Standby Diesel Fuel Oil System,Diesel Generator Building and yard,Diesel Generator Building; Yard,D,NS,Manufacturer Std.,,True,False,,,,,,,,,,,,,DCD Tier 2 Table 3.2-3 (ML11171A425)
n/a,Fuel Oil Storage Tanks,DOS,Standby Diesel Fuel Oil System,Diesel Generator Building and yard,Diesel Generator Building; Yard,D,NS,API 650,,True,False,,,,,,,,,,,,,DCD Tier 2 Table 3.2-3 (ML11171A425)
n/a,Fuel Oil Day Tanks,DOS,Standby Diesel Fuel Oil System,Diesel Generator Building and yard,Diesel Generator Building; Yard,D,NS,ASME VIII,,True,False,,,,,,,,,,,,,DCD Tier 2 Table 3.2-3 (ML11171A425)
n/a,Valves Providing DOS AP1000 Equipment Class D Function,DOS,Standby Diesel Fuel Oil System,Diesel Generator Building and yard,Diesel Generator Building; Yard,D,NS,ANSI 16.34,,True,False,,,,,,,,,,,,,DCD Tier 2 Table 3.2-3 (ML11171A425)
n/a,Ancillary Diesel Generator Fuel Tank,DOS,Standby Diesel Fuel Oil System,Diesel Generator Building and yard,Diesel Generator Building; Yard,D,II,ASME VIII,Located in Annex Building,True,False,,,,,,,,,,,,,DCD Tier 2 Table 3.2-3 (ML11171A425)
n/a,Condensate Storage Tanks,DWS,Demineralized Water Transfer and Storage System,Various,Various,D,NS,API 650,,True,False,,,,,,,,,,,,,DCD Tier 2 Table 3.2-3 (ML11171A425)
n/a,Valves Providing DWS AP1000 Equipment Class D Function,DWS,Demineralized Water Transfer and Storage System,Various,Various,D,NS,ANSI 16.34,,True,False,,,,,,,,,,,,,DCD Tier 2 Table 3.2-3 (ML11171A425)
DWS-PL-V244,Demineralized Water Supply Containment Isolation - Outside,DWS,Demineralized Water Transfer and Storage System,Various,Various,B,I,ASME III-2,,True,False,,,,,,,,,,,,,DCD Tier 2 Table 3.2-3 (ML11171A425)
DWS-PL-V245,Demineralized Water Supply Containment Isolation - Inside,DWS,Demineralized Water Transfer and Storage System,Various,Various,B,I,ASME III-2,,True,False,,,,,,,,,,,,,DCD Tier 2 Table 3.2-3 (ML11171A425)
DWS-PL-V248,Containment Penetration Test Connection Isolation,DWS,Demineralized Water Transfer and Storage System,Various,Various,B,I,ASME III-2,,True,False,,,,,,,,,,,,,DCD Tier 2 Table 3.2-3 (ML11171A425)
DWS-PY-C01,Containment Demineralized Water Supply Penetration,DWS,Demineralized Water Transfer and Storage System,Various,Various,B,I,"ASME III, 2",,True,False,,,,,,,,,,,,,DCD Tier 2 Table 3.2-3 (ML11171A425)
n/a,Ancillary Diesel Generator Engines,ECS,Electrical Distribution System,Annex Building,Annex Building,D,NS,Manufacturer Standard,Anchorage is SCII,True,False,,,,,,,,,,,,,DCD Tier 2 Table 3.2-3 (ML11171A425)
n/a,Ancillary Diesel Generator Radiators,ECS,Electrical Distribution System,Annex Building,Annex Building,D,NS,CAGI,,True,False,,,,,,,,,,,,,DCD Tier 2 Table 3.2-3 (ML11171A425)
n/a,Ancillary Diesel Generator Silencers,ECS,Electrical Distribution System,Annex Building,Annex Building,D,NS,API661,,True,False,,,,,,,,,,,,,DCD Tier 2 Table 3.2-3 (ML11171A425)
n/a,Valve providing fuel to ECS Ancillary Diesel Generators,ECS,Electrical Distribution System,Annex Building,Annex Building,D,NS,ANSI 16.34,,True,False,,,,,,,,,,,,,DCD Tier 2 Table 3.2-3 (ML11171A425)
FHS-FH-01,Refueling Machine,FHS,Fuel Handling and Refueling System,Containment and Auxiliary Building,Containment; Auxiliary Building,D,II,AISC,,True,True,2.1.1-2,,,,,,,,Containment,,,,DCD Tier 2 Table 3.2-3 (ML11171A425); Tier 1 2.1.1-2 (ML11171A308)
FHS-FH-02,Fuel Handling Machine,FHS,Fuel Handling and Refueling System,Containment and Auxiliary Building,Containment; Auxiliary Building,D,II,AISC,,True,True,2.1.1-2,,,,,,,,Auxiliary Building,,,,DCD Tier 2 Table 3.2-3 (ML11171A425); Tier 1 2.1.1-2 (ML11171A308)
FHS-FH-04,New Fuel Elevator,FHS,Fuel Handling and Refueling System,Containment and Auxiliary Building,Containment; Auxiliary Building,D,II,AISC,,True,False,,,,,,,,,,,,,DCD Tier 2 Table 3.2-3 (ML11171A425)
FHS-FH-05,Fuel Transfer System,FHS,Fuel Handling and Refueling System,Containment and Auxiliary Building,Containment; Auxiliary Building,D,II,AISC,,True,False,,,,,,,,,,,,,DCD Tier 2 Table 3.2-3 (ML11171A425)
FHS-FH-52,Spent Fuel Assembly Handling Tool,FHS,Fuel Handling and Refueling System,Containment and Auxiliary Building,Containment; Auxiliary Building,D,II,AISC,,True,False,,,,,,,,,,,,,DCD Tier 2 Table 3.2-3 (ML11171A425)
FHS-FS-01,New Fuel Storage Rack,FHS,Fuel Handling and Refueling System,Containment and Auxiliary Building,Containment; Auxiliary Building,D,I,Manufacturer Std.,,True,True,2.1.1-2,,,,,,,,Auxiliary Building,,,,DCD Tier 2 Table 3.2-3 (ML11171A425); Tier 1 2.1.1-2 (ML11171A308)
FHS-FS-02,Spent Fuel Storage Rack,FHS,Fuel Handling and Refueling System,Containment and Auxiliary Building,Containment; Auxiliary Building,D,I,Manufacturer Std.,,True,True,2.1.1-2,,,,,,,,Auxiliary Building,,,,DCD Tier 2 Table 3.2-3 (ML11171A425); Tier 1 2.1.1-2 (ML11171A308)
FHS-FT-01,Fuel Transfer Tube,FHS,Fuel Handling and Refueling System,Containment and Auxiliary Building,Containment; Auxiliary Building,B,I,ASME III Class MC,"Jurisdictional Boundary CV Only, Remaining Portion Optional",True,True,2.1.1-2,,,,,,,,Auxiliary Building/Containment,,,,DCD Tier 2 Table 3.2-3 (ML11171A425); Tier 1 2.1.1-2 (ML11171A308)
FHS-MT-01,Spent Fuel Pool,FHS,Fuel Handling and Refueling System,Containment and Auxiliary Building,Containment; Auxiliary Building,C,I,ACI 349,ACI 349 Evaluation of Structural Boundary Only,True,False,,,,,,,,,,,,,DCD Tier 2 Table 3.2-3 (ML11171A425)
FHS-MT-02,Fuel Transfer Canal,FHS,Fuel Handling and Refueling System,Containment and Auxiliary Building,Containment; Auxiliary Building,C,I,ACI 349,ACI 349 Evaluation of Structural Boundary Only,True,False,,,,,,,,,,,,,DCD Tier 2 Table 3.2-3 (ML11171A425)
FHS-MT-05,Spent Fuel Cask Loading Pit,FHS,Fuel Handling and Refueling System,Containment and Auxiliary Building,Containment; Auxiliary Building,C,I,ACI 349,ACI 349 Evaluation of Structural Boundary Only,True,False,,,,,,,,,,,,,DCD Tier 2 Table 3.2-3 (ML11171A425)
FHS-MT-06,Spent Fuel Cask Washdown Pit,FHS,Fuel Handling and Refueling System,Containment and Auxiliary Building,Containment; Auxiliary Building,C,I,ACI 349,ACI 349 Evaluation of Structural Boundary Only,True,False,,,,,,,,,,,,,DCD Tier 2 Table 3.2-3 (ML11171A425)
FHS-MY-Y01,Spent Fuel Transfer Gate,FHS,Fuel Handling and Refueling System,Containment and Auxiliary Building,Containment; Auxiliary Building,C,I,Manufacturer Std.,,True,False,,,,,,,,,,,,,DCD Tier 2 Table 3.2-3 (ML11171A425)
FHS-MY-Y02,Spent Fuel Cask Loading Pit Gate,FHS,Fuel Handling and Refueling System,Containment and Auxiliary Building,Containment; Auxiliary Building,C,I,Manufacturer Std.,,True,False,,,,,,,,,,,,,DCD Tier 2 Table 3.2-3 (ML11171A425)
FHS-PL-V001,Fuel transfer tube Isolation Valve,FHS,Fuel Handling and Refueling System,Containment and Auxiliary Building,Containment; Auxiliary Building,C,I,ASME-III-3,,True,True,2.2.1-1,Yes,Yes,-/-,-,Transfer Closed,-,-,,-/-,,,DCD Tier 2 Table 3.2-3 (ML11171A425); Tier 1 2.2.1-1 (ML11171A310)
FHS-PY-B01,Fuel Transfer Tube Blind Flange,FHS,Fuel Handling and Refueling System,Containment and Auxiliary Building,Containment; Auxiliary Building,B,I,ASME III Class MC,,True,False,,,,,,,,,,,,,DCD Tier 2 Table 3.2-3 (ML11171A425)
FPS-PL-V050,Fire Water Containment Supply Isolation,FPS,Fire Protection System,Various,Various,B,I,ASME III-2,,True,False,,,,,,,,,,,,,DCD Tier 2 Table 3.2-3 (ML11171A425)
FPS-PL-V051,Fire Water Containment Test Connection Isolation,FPS,Fire Protection System,Various,Various,B,I,ASME III-2,,True,False,,,,,,,,,,,,,DCD Tier 2 Table 3.2-3 (ML11171A425)
FPS-PL-V052,Fire Water Containment Supply Isolation - Inside,FPS,Fire Protection System,Various,Various,B,I,ASME III-2,,True,False,,,,,,,,,,,,,DCD Tier 2 Table 3.2-3 (ML11171A425)
FPS-PY-C01,Fire Protection Containment Penetration,FPS,Fire Protection System,Various,Various,B,I,"ASME III, 2",,True,False,,,,,,,,,,,,,DCD Tier 2 Table 3.2-3 (ML11171A425)
FPS-PL-V441,Auxiliary Connection to CCS Isolation,FPS,Fire Protection System,Various,Various,D,NS,ANSI B31.1,,True,False,,,,,,,,,,,,,DCD Tier 2 Table 3.2-3 (ML11171A425)
CONTAINMENTSTANDPIPEANDSUPPRESSIONSYSTEMCOMPONENTS,Includes all FPS components Inside Rector Containment with the exception of those used for containment isolation and containment spray,FPS,Fire Protection System,Various,Various,F,NS,ANSI B31.1,Seismic Analysis Consistent with ASME Section III Class 3 Systems,True,False,,,,,,,,,,,,,DCD Tier 2 Table 3.2-3 (ML11171A425)
VARIOUS,Auxiliary Building Standpipe and Non-1E Equipment Penetration Room Preaction Sprinkler System components,FPS,Fire Protection System,Various,Various,F,NS,ANSI B31.1,Seismic Analysis Consistent with ASME Section III Class 3 Systems,True,False,,,,,,,,,,,,,DCD Tier 2 Table 3.2-3 (ML11171A425)
n/a,Startup Feedwater Pumps,FWS,Main and Startup Feedwater System,Turbine Building,Turbine Building,D,NS,Hydraulic Institute Standards,,True,False,,,,,,,,,,,,,DCD Tier 2 Table 3.2-3 (ML11171A425)
n/a,Valves Providing SFW AP1000 Equipment Class D Function,FWS,Main and Startup Feedwater System,Turbine Building,Turbine Building,D,NS,ANSI 16.34,,True,False,,,,,,,,,,,,,DCD Tier 2 Table 3.2-3 (ML11171A425)
n/a,IIS Guide Tubes,IIS,Incore Instrumentation System,Containment,Containment,A,I,ASME III-1,,True,False,,,,,,,,,,,,,DCD Tier 2 Table 3.2-3 (ML11171A425)
n/a,Thimble assemblies,IIS,Incore Instrumentation System,Containment,Containment,D,NS,Manufacturer Std.,,True,False,,,,,,,,,,,,,DCD Tier 2 Table 3.2-3 (ML11171A425)
MHS-MH-01,Containment Polar Crane,MHS,Mechanical Handling System,Various,Various,C,I,NUREG-0554 supplemented by ASME NOG-1,,True,True,2.3.5-1,,Yes,No/No,,,,,Containment,,,Safety Function=Avoid uncontrolled lowering of heavy load.,DCD Tier 2 Table 3.2-3 (ML11171A425); Tier 1 2.3.5-1 (ML11171A311)
MHS-MH-02,Cask Handling Crane,MHS,Mechanical Handling System,Various,Various,C,I,NUREG-0554 supplemented by ASME NOG-1,,True,True,2.3.5-1,,Yes,No/No,,,,,Auxiliary Building,,,Safety Function=Avoid uncontrolled lowering of heavy load.,DCD Tier 2 Table 3.2-3 (ML11171A425); Tier 1 2.3.5-1 (ML11171A311)
MHS-MH-05,Equipment Hatch Hoist,MHS,Mechanical Handling System,Various,Various,C,I,NUREG-0554 supplemented by ASME NOG-1,,True,True,2.3.5-1,,Yes,No/No,,,,,Containment,,,Safety Function=Avoid uncontrolled lowering of heavy load.,DCD Tier 2 Table 3.2-3 (ML11171A425); Tier 1 2.3.5-1 (ML11171A311)
MHS-MH-06,Maintenance Hatch Hoist,MHS,Mechanical Handling System,Various,Various,C,I,NUREG-0554 supplemented by ASME NOG-1,,True,True,2.3.5-1,,Yes,No/No,,,,,Containment,,,Safety Function=Avoid uncontrolled lowering of heavy load.,DCD Tier 2 Table 3.2-3 (ML11171A425); Tier 1 2.3.5-1 (ML11171A311)
PCS-MT-01,Passive Containment Cooling Water Storage Tank,PCS,Passive Containment Cooling System,Containment Shield Building and Auxiliary Building,Containment; Shield Building; Auxiliary Building,C,I,ACI 349,See subsection 6.2.2.2.3 for additional design requirements,True,True,2.2.2-1,No,Yes,-,-,-,-,-,Shield Building,-,,,DCD Tier 2 Table 3.2-3 (ML11171A425); Tier 1 2.2.2-1 (ML11171A310)
PCS-MT-03,Water Distribution Bucket,PCS,Passive Containment Cooling System,Containment Shield Building and Auxiliary Building,Containment; Shield Building; Auxiliary Building,C,I,Manufacturer Std.,See subsection 6.2.2.2.3 for additional design requirements,True,True,2.2.2-1,No,Yes,-,-,-,-,-,,-,,,DCD Tier 2 Table 3.2-3 (ML11171A425); Tier 1 2.2.2-1 (ML11171A310)
PCS-MT-04,Water Collection Troughs,PCS,Passive Containment Cooling System,Containment Shield Building and Auxiliary Building,Containment; Shield Building; Auxiliary Building,C,I,Manufacturer Std.,See subsection 6.2.2.2.3 for additional design requirements,True,True,2.2.2-1,No,Yes,-,-,-,-,-,,-,,,DCD Tier 2 Table 3.2-3 (ML11171A425); Tier 1 2.2.2-1 (ML11171A310)
PCS-MT-05,Passive Containment Cooling Ancillary Water Storage Tank,PCS,Passive Containment Cooling System,Containment Shield Building and Auxiliary Building,Containment; Shield Building; Auxiliary Building,D,II,API 650,,True,True,2.2.2-4,,,,,,,,Yard,,,,DCD Tier 2 Table 3.2-3 (ML11171A425); Tier 1 2.2.2-4 (ML11171A310)
PCS-PL-V001A,PCCWST Isolation,PCS,Passive Containment Cooling System,Containment Shield Building and Auxiliary Building,Containment; Shield Building; Auxiliary Building,C,I,ASME III-3,,True,True,2.2.2-1,Yes,Yes,Yes/No,Yes,Transfer Open,Yes (Valve Position),Open,,Yes/Yes,,,DCD Tier 2 Table 3.2-3 (ML11171A425); Tier 1 2.2.2-1 (ML11171A310)
PCS-PL-V001B,PCCWST Isolation,PCS,Passive Containment Cooling System,Containment Shield Building and Auxiliary Building,Containment; Shield Building; Auxiliary Building,C,I,ASME III-3,,True,True,2.2.2-1,Yes,Yes,Yes/No,Yes,Transfer Open,Yes (Valve Position),Open,,Yes/Yes,,,DCD Tier 2 Table 3.2-3 (ML11171A425); Tier 1 2.2.2-1 (ML11171A310)
PCS-PL-V001C,PCCWST Isolation,PCS,Passive Containment Cooling System,Containment Shield Building and Auxiliary Building,Containment; Shield Building; Auxiliary Building,C,I,ASME III-3,,True,True,2.2.2-1,Yes,Yes,Yes/No,Yes,Transfer Open,Yes (Valve Position),As Is,,Yes/Yes,,,DCD Tier 2 Table 3.2-3 (ML11171A425); Tier 1 2.2.2-1 (ML11171A310)
PCS-MP-01A,PCS Recirculation Pump,PCS,Passive Containment Cooling System,Containment Shield Building and Auxiliary Building,Containment; Shield Building; Auxiliary Building,D,NS,Hydraulic Institute Standards,Equipment Anchorage is Seismic Category II,True,True,2.2.2-4,,,,,,,,Auxiliary Building,,,,DCD Tier 2 Table 3.2-3 (ML11171A425); Tier 1 2.2.2-4 (ML11171A310)
PCS-MP-01B,PCS Recirculation Pump,PCS,Passive Containment Cooling System,Containment Shield Building and Auxiliary Building,Containment; Shield Building; Auxiliary Building,D,NS,Hydraulic Institute Standards,Equipment Anchorage is Seismic Category II,True,True,2.2.2-4,,,,,,,,Auxiliary Building,,,,DCD Tier 2 Table 3.2-3 (ML11171A425); Tier 1 2.2.2-4 (ML11171A310)
PCS-PL-V002A,PCCWST Series Isolation,PCS,Passive Containment Cooling System,Containment Shield Building and Auxiliary Building,Containment; Shield Building; Auxiliary Building,C,I,ASME III-3,,True,True,2.2.2-1,Yes,Yes,Yes/No,Yes,Transfer Open,Yes (Valve Position),As Is,,Yes/No,,,DCD Tier 2 Table 3.2-3 (ML11171A425); Tier 1 2.2.2-1 (ML11171A310)
PCS-PL-V002B,PCCWST Series Isolation,PCS,Passive Containment Cooling System,Containment Shield Building and Auxiliary Building,Containment; Shield Building; Auxiliary Building,C,I,ASME III-3,,True,True,2.2.2-1,Yes,Yes,Yes/No,Yes,Transfer Open,Yes (Valve Position),As Is,,Yes/No,,,DCD Tier 2 Table 3.2-3 (ML11171A425); Tier 1 2.2.2-1 (ML11171A310)
PCS-PL-V002C,PCCWST Series Isolation,PCS,Passive Containment Cooling System,Containment Shield Building and Auxiliary Building,Containment; Shield Building; Auxiliary Building,C,I,ASME III-3,,True,True,2.2.2-1,Yes,Yes,Yes/No,Yes,Transfer Open,Yes (Valve Position),As Is,,Yes/No,,,DCD Tier 2 Table 3.2-3 (ML11171A425); Tier 1 2.2.2-1 (ML11171A310)
PCS-PL-V004,Recirculation Bypass Isolation Valve,PCS,Passive Containment Cooling System,Containment Shield Building and Auxiliary Building,Containment; Shield Building; Auxiliary Building,D,NS,ANSI B16.34,Equipment Anchorage is Seismic Category II,True,False,,,,,,,,,,,,,DCD Tier 2 Table 3.2-3 (ML11171A425)
PCS-PL-V005,PCCWST Supply to FPS Isolation,PCS,Passive Containment Cooling System,Containment Shield Building and Auxiliary Building,Containment; Shield Building; Auxiliary Building,C,I,ASME III-3,,True,True,2.2.2-1,Yes,Yes,-/No,-,Transfer Close,No,-,,-,,,DCD Tier 2 Table 3.2-3 (ML11171A425); Tier 1 2.2.2-1 (ML11171A310)
PCS-PL-V009,Spent Fuel Pool Emergency Makeup Isolation Valve,PCS,Passive Containment Cooling System,Containment Shield Building and Auxiliary Building,Containment; Shield Building; Auxiliary Building,C,I,ASME III-3,,True,True,2.2.2-1,Yes,Yes,-/No,-,Transfer Open/ Transfer Close,No,-,,-,,,DCD Tier 2 Table 3.2-3 (ML11171A425); Tier 1 2.2.2-1 (ML11171A310)
PCS-PL-V010A,Flow Transmitter FT001 Root Valve,PCS,Passive Containment Cooling System,Containment Shield Building and Auxiliary Building,Containment; Shield Building; Auxiliary Building,C,I,ASME III-3,,True,False,,,,,,,,,,,,,DCD Tier 2 Table 3.2-3 (ML11171A425)
PCS-PL-V010B,Flow Transmitter FT001 Root Valve,PCS,Passive Containment Cooling System,Containment Shield Building and Auxiliary Building,Containment; Shield Building; Auxiliary Building,C,I,ASME III-3,,True,False,,,,,,,,,,,,,DCD Tier 2 Table 3.2-3 (ML11171A425)
PCS-PL-V011A,Flow Transmitter FT002 Root Valve,PCS,Passive Containment Cooling System,Containment Shield Building and Auxiliary Building,Containment; Shield Building; Auxiliary Building,C,I,ASME III-3,,True,False,,,,,,,,,,,,,DCD Tier 2 Table 3.2-3 (ML11171A425)
PCS-PL-V011B,Flow Transmitter FT002 Root Valve,PCS,Passive Containment Cooling System,Containment Shield Building and Auxiliary Building,Containment; Shield Building; Auxiliary Building,C,I,ASME III-3,,True,False,,,,,,,,,,,,,DCD Tier 2 Table 3.2-3 (ML11171A425)
PCS-PL-V012A,Flow Transmitter FT003 Root Valve,PCS,Passive Containment Cooling System,Containment Shield Building and Auxiliary Building,Containment; Shield Building; Auxiliary Building,C,I,ASME III-3,,True,False,,,,,,,,,,,,,DCD Tier 2 Table 3.2-3 (ML11171A425)
PCS-PL-V012B,Flow Transmitter FT003 Root Valve,PCS,Passive Containment Cooling System,Containment Shield Building and Auxiliary Building,Containment; Shield Building; Auxiliary Building,C,I,ASME III-3,,True,False,,,,,,,,,,,,,DCD Tier 2 Table 3.2-3 (ML11171A425)
PCS-PL-V013A,Flow Transmitter FT004 Root Valve,PCS,Passive Containment Cooling System,Containment Shield Building and Auxiliary Building,Containment; Shield Building; Auxiliary Building,C,I,ASME III-3,,True,False,,,,,,,,,,,,,DCD Tier 2 Table 3.2-3 (ML11171A425)
PCS-PL-V013B,Flow Transmitter FT004 Root Valve,PCS,Passive Containment Cooling System,Containment Shield Building and Auxiliary Building,Containment; Shield Building; Auxiliary Building,C,I,ASME III-3,,True,False,,,,,,,,,,,,,DCD Tier 2 Table 3.2-3 (ML11171A425)
PCS-PL-V015,Water Bucket Makeup Line Drain Valve,PCS,Passive Containment Cooling System,Containment Shield Building and Auxiliary Building,Containment; Shield Building; Auxiliary Building,C,I,ASME III,,True,True,2.2.2-1,Yes,Yes,-/No,-,Transfer Close,No,-,,-,,,DCD Tier 2 Table 3.2-3 (ML11171A425); Tier 1 2.2.2-1 (ML11171A310)
PCS-PL-V016,PCCWST Drain Isolation Valve,PCS,Passive Containment Cooling System,Containment Shield Building and Auxiliary Building,Containment; Shield Building; Auxiliary Building,C,I,ASME III-3,,True,False,,,,,,,,,,,,,DCD Tier 2 Table 3.2-3 (ML11171A425)
PCS-PL-V017,Chemical Addition Tank Vent Isolation Valve,PCS,Passive Containment Cooling System,Containment Shield Building and Auxiliary Building,Containment; Shield Building; Auxiliary Building,D,NS,ANSI 16.34,Equipment Anchorage is Seismic Category II,True,False,,,,,,,,,,,,,DCD Tier 2 Table 3.2-3 (ML11171A425)
PCS-PL-V018,Recirculation Pump Throttle Valve,PCS,Passive Containment Cooling System,Containment Shield Building and Auxiliary Building,Containment; Shield Building; Auxiliary Building,D,NS,ANSI 16.34,Equipment Anchorage is Seismic Category II,True,False,,,,,,,,,,,,,DCD Tier 2 Table 3.2-3 (ML11171A425)
PCS-PL-V019,Chemical Addition Tank Fill Isolation Valve,PCS,Passive Containment Cooling System,Containment Shield Building and Auxiliary Building,Containment; Shield Building; Auxiliary Building,D,NS,ANSI 16.34,Equipment Anchorage is Seismic Category II,True,False,,,,,,,,,,,,,DCD Tier 2 Table 3.2-3 (ML11171A425)
PCS-PL-V020,Water Bucket Makeup Line Isolation Valve,PCS,Passive Containment Cooling System,Containment Shield Building and Auxiliary Building,Containment; Shield Building; Auxiliary Building,C,I,ASME III-3,,True,True,2.2.2-1,Yes,Yes,-/No,-,Transfer Open,No,-,,-,,,DCD Tier 2 Table 3.2-3 (ML11171A425); Tier 1 2.2.2-1 (ML11171A310)
PCS-PL-V021,PCCWST TO Recirculation Pump Suction Isolation Valve,PCS,Passive Containment Cooling System,Containment Shield Building and Auxiliary Building,Containment; Shield Building; Auxiliary Building,D,NS,ANSI 16.34,Equipment Anchorage is Seismic Category II,True,False,,,,,,,,,,,,,DCD Tier 2 Table 3.2-3 (ML11171A425)
PCS-PL-V022,Chemical Addition Tank Drain Isolation Valve,PCS,Passive Containment Cooling System,Containment Shield Building and Auxiliary Building,Containment; Shield Building; Auxiliary Building,D,NS,ANSI 16.34,Equipment Anchorage is Seismic Category II,True,False,,,,,,,,,,,,,DCD Tier 2 Table 3.2-3 (ML11171A425)
PCS-PL-V023,PCS Recirculation Return Isolation,PCS,Passive Containment Cooling System,Containment Shield Building and Auxiliary Building,Containment; Shield Building; Auxiliary Building,C,I,ASME III-3,,True,True,2.2.2-1,Yes,Yes,-/No,-,Transfer Close,No,-,,-,,,DCD Tier 2 Table 3.2-3 (ML11171A425); Tier 1 2.2.2-1 (ML11171A310)
PCS-PL-V025,Pressure Transmitter PT 031 Root Isolation Valve,PCS,Passive Containment Cooling System,Containment Shield Building and Auxiliary Building,Containment; Shield Building; Auxiliary Building,D,NS,ANSI 16.34,Equipment Anchorage is Seismic Category II,True,False,,,,,,,,,,,,,DCD Tier 2 Table 3.2-3 (ML11171A425)
PCS-PL-V029,PCCWST Isolation Valve Leakage Detection Drain,PCS,Passive Containment Cooling System,Containment Shield Building and Auxiliary Building,Containment; Shield Building; Auxiliary Building,C,I,ASME III-3,,True,False,,,,,,,,,,,,,DCD Tier 2 Table 3.2-3 (ML11171A425)
PCS-PL-V030,PCCWST Isolation Valve Leakage Detection Crossconnect Valve,PCS,Passive Containment Cooling System,Containment Shield Building and Auxiliary Building,Containment; Shield Building; Auxiliary Building,C,I,ASME III-3,,True,False,,,,,,,,,,,,,DCD Tier 2 Table 3.2-3 (ML11171A425)
PCS-PL-V031A,Level Transmitter LT 016 & 010 Root Isolation Valve,PCS,Passive Containment Cooling System,Containment Shield Building and Auxiliary Building,Containment; Shield Building; Auxiliary Building,C,I,ASME III-3,,True,False,,,,,,,,,,,,,DCD Tier 2 Table 3.2-3 (ML11171A425)
PCS-PL-V031B,Level Transmitter LT 015 & 011 Root Isolation Valve,PCS,Passive Containment Cooling System,Containment Shield Building and Auxiliary Building,Containment; Shield Building; Auxiliary Building,C,I,ASME III-3,,True,False,,,,,,,,,,,,,DCD Tier 2 Table 3.2-3 (ML11171A425)
PCS-PL-V033,Recirculation Pump Suction from Long Term Makeup Isolation Valve,PCS,Passive Containment Cooling System,Containment Shield Building and Auxiliary Building,Containment; Shield Building; Auxiliary Building,C,I,ASME III-3,,True,False,,,,,,,,,,,,,DCD Tier 2 Table 3.2-3 (ML11171A425)
PCS-PL-V035A,Recirculation Pump Suction Isolation Valve,PCS,Passive Containment Cooling System,Containment Shield Building and Auxiliary Building,Containment; Shield Building; Auxiliary Building,D,NS,ANSI 16.34,Equipment Anchorage is Seismic Category II,True,False,,,,,,,,,,,,,DCD Tier 2 Table 3.2-3 (ML11171A425)
PCS-PL-V035B,Recirculation Pump Suction Isolation Valve,PCS,Passive Containment Cooling System,Containment Shield Building and Auxiliary Building,Containment; Shield Building; Auxiliary Building,D,NS,ANSI 16.34,Equipment Anchorage is Seismic Category II,True,False,,,,,,,,,,,,,DCD Tier 2 Table 3.2-3 (ML11171A425)
PCS-PL-V036A/B,Recirculation Pump Discharge Check Valve,PCS,Passive Containment Cooling System,Containment Shield Building and Auxiliary Building,Containment; Shield Building; Auxiliary Building,D,NS,ANSI 16.34,Equipment Anchorage is Seismic Category II,True,False,,,,,,,,,,,,,DCD Tier 2 Table 3.2-3 (ML11171A425)
PCS-PL-V037,PCCAWST Discharge Isolation Valve,PCS,Passive Containment Cooling System,Containment Shield Building and Auxiliary Building,Containment; Shield Building; Auxiliary Building,D,NS,ANSI 16.34,Equipment Anchorage is Seismic Category II,True,False,,,,,,,,,,,,,DCD Tier 2 Table 3.2-3 (ML11171A425)
PCS-PL-V038,PCCAWST Drain Isolation Valve,PCS,Passive Containment Cooling System,Containment Shield Building and Auxiliary Building,Containment; Shield Building; Auxiliary Building,D,NS,ANSI 16.34,Equipment Anchorage is Seismic Category II,True,False,,,,,,,,,,,,,DCD Tier 2 Table 3.2-3 (ML11171A425)
PCS-PL-V039,PCCWST Long-Term Makeup Check Valve,PCS,Passive Containment Cooling System,Containment Shield Building and Auxiliary Building,Containment; Shield Building; Auxiliary Building,C,I,ASME III-3,,True,True,2.2.2-1,Yes,Yes,-/No,-,Transfer Open,No,-,,-,,,DCD Tier 2 Table 3.2-3 (ML11171A425); Tier 1 2.2.2-1 (ML11171A310)
PCS-PL-V040,Recirculation Pump Suction from PCCAWST Isolation Valve,PCS,Passive Containment Cooling System,Containment Shield Building and Auxiliary Building,Containment; Shield Building; Auxiliary Building,D,NS,ANSI 16.34,Equipment Anchorage is Seismic Category II,True,False,,,,,,,,,,,,,DCD Tier 2 Table 3.2-3 (ML11171A425)
PCS-PL-V041,PCCAWST Recirculation Return Line Isolation Valve,PCS,Passive Containment Cooling System,Containment Shield Building and Auxiliary Building,Containment; Shield Building; Auxiliary Building,D,NS,ANSI 16.34,Equipment Anchorage is Seismic Category II,True,False,,,,,,,,,,,,,DCD Tier 2 Table 3.2-3 (ML11171A425)
PCS-PL-V042,PCCWST Long-Term Makeup Isolation Drain Valve,PCS,Passive Containment Cooling System,Containment Shield Building and Auxiliary Building,Containment; Shield Building; Auxiliary Building,C,I,ASME III-3,PCS-PL-V043,True,True,2.2.2-1,Yes,Yes,-/No,-,Transfer Close,No,-,,-,,,DCD Tier 2 Table 3.2-3 (ML11171A425); Tier 1 2.2.2-1 (ML11171A310)
PCS-PL-V043,PCCAWST Recirculation Return Line Drain Isolation Valve,PCS,Passive Containment Cooling System,Containment Shield Building and Auxiliary Building,Containment; Shield Building; Auxiliary Building,D,NS,ANSI 16.34,Equipment Anchorage is Seismic Category II,True,False,,,,,,,,,,,,,DCD Tier 2 Table 3.2-3 (ML11171A425)
PCS-PL-V044,PCCWST Long-Term Makeup Isolation Valve,PCS,Passive Containment Cooling System,Containment Shield Building and Auxiliary Building,Containment; Shield Building; Auxiliary Building,C,I,ASME III-3,,True,True,2.2.2-1,Yes,Yes,-/No,-,Transfer Open,No,-,,-,,,DCD Tier 2 Table 3.2-3 (ML11171A425); Tier 1 2.2.2-1 (ML11171A310)
PCS-PL-V045,Emergency Makeup to the Spent Fuel Pool Isolation Valve,PCS,Passive Containment Cooling System,Containment Shield Building and Auxiliary Building,Containment; Shield Building; Auxiliary Building,C,I,ASME III-3,,True,True,2.2.2-1,Yes,Yes,-/No,-,Transfer Open,No,-,,-,,,DCD Tier 2 Table 3.2-3 (ML11171A425); Tier 1 2.2.2-1 (ML11171A310)
PCS-PL-V046,PCCWST Recirculation Return Isolation Valve,PCS,Passive Containment Cooling System,Containment Shield Building and Auxiliary Building,Containment; Shield Building; Auxiliary Building,C,I,ASME III-3,,True,True,2.2.2-1,Yes,Yes,-/No,-,Transfer Close,No,-,,-,,,DCD Tier 2 Table 3.2-3 (ML11171A425); Tier 1 2.2.2-1 (ML11171A310)
PCS-PL-V047A/B,PCS Recirculation Pump Discharge Isolation Valve,PCS,Passive Containment Cooling System,Containment Shield Building and Auxiliary Building,Containment; Shield Building; Auxiliary Building,D,NS,ANSI B16.34,Equipment Anchorage is Seismic Category II,True,False,,,,,,,,,,,,,DCD Tier 2 Table 3.2-3 (ML11171A425)
PCS-PL-V048,Recirculation Pump Fire Suction Isolation Valve,PCS,Passive Containment Cooling System,Containment Shield Building and Auxiliary Building,Containment; Shield Building; Auxiliary Building,D,NS,ANSI 16.34,Seismically Analyzed for Operability,True,False,,,,,,,,,,,,,DCD Tier 2 Table 3.2-3 (ML11171A425)
PCS-PL-V049,Emergency Makeup to the Spent Fuel Pool Drain Isolation Valve,PCS,Passive Containment Cooling System,Containment Shield Building and Auxiliary Building,Containment; Shield Building; Auxiliary Building,C,I,ASME III-3,,True,True,2.2.2-1,Yes,Yes,-/No,-,Transfer Close,No,-,,-,,,DCD Tier 2 Table 3.2-3 (ML11171A425); Tier 1 2.2.2-1 (ML11171A310)
PCS-PL-V050,Spent Fuel Pool Long Term Makeup Isolation Valve,PCS,Passive Containment Cooling System,Containment Shield Building and Auxiliary Building,Containment; Shield Building; Auxiliary Building,C,I,ASME III-3,,True,True,2.2.2-1,Yes,Yes,-/No,-,Transfer Open/Close,No,-,,-,,,DCD Tier 2 Table 3.2-3 (ML11171A425); Tier 1 2.2.2-1 (ML11171A310)
PCS-PL-V051,Spent Fuel Pool Emergency Makeup Lower Isolation,PCS,Passive Containment Cooling System,Containment Shield Building and Auxiliary Building,Containment; Shield Building; Auxiliary Building,C,I,ASME III-3,,True,True,2.2.2-1,Yes,Yes,-/No,-,Transfer Open/Close,No,-,,-,,,DCD Tier 2 Table 3.2-3 (ML11171A425); Tier 1 2.2.2-1 (ML11171A310)
PCS-PL-V052,Spent Fuel Pool Emergency Makeup Isolation Valve,PCS,Passive Containment Cooling System,Containment Shield Building and Auxiliary Building,Containment; Shield Building; Auxiliary Building,C,I,ASME III-3,,True,False,,,,,,,,,,,,,DCD Tier 2 Table 3.2-3 (ML11171A425)
PCS-PL-V100,Temporary Containment Washdown Isolation Valve,PCS,Passive Containment Cooling System,Containment Shield Building and Auxiliary Building,Containment; Shield Building; Auxiliary Building,D,NS,ANSI 16.34,Equipment Anchorage is Seismic Category II,True,False,,,,,,,,,,,,,DCD Tier 2 Table 3.2-3 (ML11171A425)
PCS-PY-B01,Spent Fuel Pool Emergency Makeup Isolation,PCS,Passive Containment Cooling System,Containment Shield Building and Auxiliary Building,Containment; Shield Building; Auxiliary Building,C,I,ASME III-3,,True,False,,,,,,,,,,,,,DCD Tier 2 Table 3.2-3 (ML11171A425)
PCS-PY-C01,Containment Pressure Instrument Line Penetration,PCS,Passive Containment Cooling System,Containment Shield Building and Auxiliary Building,Containment; Shield Building; Auxiliary Building,B,I,"ASME, MC",,True,True,2.2.1-1,Yes,Yes,-/-,-,-,-,-,,-/-,,,DCD Tier 2 Table 3.2-3 (ML11171A425); Tier 1 2.2.1-1 (ML11171A310)
PCS-PY-C02,Containment Pressure Instrument Line Penetration,PCS,Passive Containment Cooling System,Containment Shield Building and Auxiliary Building,Containment; Shield Building; Auxiliary Building,B,I,"ASME, MC",,True,True,2.2.1-1,Yes,Yes,-/-,-,-,-,-,,-/-,,,DCD Tier 2 Table 3.2-3 (ML11171A425); Tier 1 2.2.1-1 (ML11171A310)
PCS-PY-C03,Containment Pressure Instrument Line Penetration,PCS,Passive Containment Cooling System,Containment Shield Building and Auxiliary Building,Containment; Shield Building; Auxiliary Building,B,I,"ASME, MC",,True,True,2.2.1-1,Yes,Yes,-/-,-,-,-,-,,-/-,,,DCD Tier 2 Table 3.2-3 (ML11171A425); Tier 1 2.2.1-1 (ML11171A310)
PCS-PY-C04,Containment Pressure Instrument Line Penetration,PCS,Passive Containment Cooling System,Containment Shield Building and Auxiliary Building,Containment; Shield Building; Auxiliary Building,B,I,"ASME, MC",,True,True,2.2.1-1,Yes,Yes,-/-,-,-,-,-,,-/-,,,DCD Tier 2 Table 3.2-3 (ML11171A425); Tier 1 2.2.1-1 (ML11171A310)
n/a,Grab Sample Unit,PSS,Primary Sampling System,Containment and Auxiliary Building,Containment; Auxiliary Building,D,NS,Manufacturer Std.,,True,False,,,,,,,,,,,,,DCD Tier 2 Table 3.2-3 (ML11171A425)
n/a,"Sample Cooler, PSS and CCS Side",PSS,Primary Sampling System,Containment and Auxiliary Building,Containment; Auxiliary Building,D,NS,ASME VIII/ TEMA,,True,False,,,,,,,,,,,,,DCD Tier 2 Table 3.2-3 (ML11171A425)
n/a,Valves Providing PSS AP1000 Equipment Class D Function,PSS,Primary Sampling System,Containment and Auxiliary Building,Containment; Auxiliary Building,D,NS,ANSI 16.34,,True,False,,,,,,,,,,,,,DCD Tier 2 Table 3.2-3 (ML11171A425)
PSS-PL-V001A,Hot Leg Sample Isolation,PSS,Primary Sampling System,Containment and Auxiliary Building,Containment; Auxiliary Building,B,I,ASME III-2,,True,True,2.3.13-2,,,,,,,,,,,Control Function=Transfer Open/Transfer Closed,DCD Tier 2 Table 3.2-3 (ML11171A425); Tier 1 2.3.13-2 (ML11171A311)
PSS-PL-V001B,Hot Leg Sample Isolation,PSS,Primary Sampling System,Containment and Auxiliary Building,Containment; Auxiliary Building,B,I,ASME III-2,,True,True,2.3.13-2,,,,,,,,,,,Control Function=Transfer Open/Transfer Closed,DCD Tier 2 Table 3.2-3 (ML11171A425); Tier 1 2.3.13-2 (ML11171A311)
PSS-PL-V003,Pressurizer Liquid Isolation,PSS,Primary Sampling System,Containment and Auxiliary Building,Containment; Auxiliary Building,B,I,ASME III-2,,True,False,,,,,,,,,,,,,DCD Tier 2 Table 3.2-3 (ML11171A425)
PSS-PL-V004A,PXS Accumulator Sample Isolation,PSS,Primary Sampling System,Containment and Auxiliary Building,Containment; Auxiliary Building,C,I,ASME III-3,,True,False,,,,,,,,,,,,,DCD Tier 2 Table 3.2-3 (ML11171A425)
PSS-PL-V004B,PXS Accumulator Sample Isolation,PSS,Primary Sampling System,Containment and Auxiliary Building,Containment; Auxiliary Building,C,I,ASME III-3,,True,False,,,,,,,,,,,,,DCD Tier 2 Table 3.2-3 (ML11171A425)
PSS-PL-V005A,PXS CMT A Sample Isolation,PSS,Primary Sampling System,Containment and Auxiliary Building,Containment; Auxiliary Building,B,I,ASME III-2,,True,False,,,,,,,,,,,,,DCD Tier 2 Table 3.2-3 (ML11171A425)
PSS-PL-V005B,PXS CMT B Sample Isolation,PSS,Primary Sampling System,Containment and Auxiliary Building,Containment; Auxiliary Building,B,I,ASME III-2,,True,False,,,,,,,,,,,,,DCD Tier 2 Table 3.2-3 (ML11171A425)
PSS-PL-V005C,PXS CMT A Sample Isolation,PSS,Primary Sampling System,Containment and Auxiliary Building,Containment; Auxiliary Building,B,I,ASME III-2,,True,False,,,,,,,,,,,,,DCD Tier 2 Table 3.2-3 (ML11171A425)
PSS-PL-V005D,PXS CMT B Sample Isolation,PSS,Primary Sampling System,Containment and Auxiliary Building,Containment; Auxiliary Building,B,I,ASME III-2,,True,False,,,,,,,,,,,,,DCD Tier 2 Table 3.2-3 (ML11171A425)
PSS-PL-V008,Containment Air Sample Containment Isolation IRC,PSS,Primary Sampling System,Containment and Auxiliary Building,Containment; Auxiliary Building,B,I,ASME III-2,,True,True,2.3.13-1,Yes,Yes,Yes/Yes,Yes,Transfer Closed,Yes (Valve Position),Closed,,Yes/No,,,DCD Tier 2 Table 3.2-3 (ML11171A425); Tier 1 2.3.13-1 (ML11171A311)
PSS-PL-V010A,Liquid Sample Line Containment Isolation IRC,PSS,Primary Sampling System,Containment and Auxiliary Building,Containment; Auxiliary Building,B,I,ASME III-2,,True,True,2.3.13-1,Yes,Yes,Yes/Yes,Yes,Transfer Closed,Yes (Valve Position),Closed,,Yes/No,,,DCD Tier 2 Table 3.2-3 (ML11171A425); Tier 1 2.3.13-1 (ML11171A311)
PSS-PL-V010B,Liquid Sample Line Containment Isolation IRC,PSS,Primary Sampling System,Containment and Auxiliary Building,Containment; Auxiliary Building,B,I,ASME III-2,,True,True,2.3.13-1,Yes,Yes,Yes/Yes,Yes,Transfer Closed,Yes (Valve Position),Closed,,Yes/No,,,DCD Tier 2 Table 3.2-3 (ML11171A425); Tier 1 2.3.13-1 (ML11171A311)
PSS-PL-V011,Liquid Sample Line Containment Isolation ORC,PSS,Primary Sampling System,Containment and Auxiliary Building,Containment; Auxiliary Building,B,I,ASME III-2,,True,True,2.3.13-1,Yes,Yes,Yes/No,Yes,Transfer Closed,Yes (Valve Position),Closed,,Yes/No,,,DCD Tier 2 Table 3.2-3 (ML11171A425); Tier 1 2.3.13-1 (ML11171A311)
PSS-PL-V012A,Liquid Sample Check Valve,PSS,Primary Sampling System,Containment and Auxiliary Building,Containment; Auxiliary Building,C,I,ASME III-3,,True,False,,,,,,,,,,,,,DCD Tier 2 Table 3.2-3 (ML11171A425)
PSS-PL-V012B,Liquid Sample Check Valve,PSS,Primary Sampling System,Containment and Auxiliary Building,Containment; Auxiliary Building,C,I,ASME III-3,,True,False,,,,,,,,,,,,,DCD Tier 2 Table 3.2-3 (ML11171A425)
PSS-PL-V023,Sample Return Line Containment Isolation ORC,PSS,Primary Sampling System,Containment and Auxiliary Building,Containment; Auxiliary Building,B,I,ASME III-2,,True,True,2.3.13-1,Yes,Yes,Yes/No,Yes,Transfer Closed,Yes (Valve Position),Closed,,Yes/No,,,DCD Tier 2 Table 3.2-3 (ML11171A425); Tier 1 2.3.13-1 (ML11171A311)
PSS-PL-V024,Sample Return Containment Isolation Check IRC,PSS,Primary Sampling System,Containment and Auxiliary Building,Containment; Auxiliary Building,B,I,ASME III-2,,True,True,2.3.13-1,Yes,Yes,-/-,No,Transfer Closed,No,Closed,,-/-,,,DCD Tier 2 Table 3.2-3 (ML11171A425); Tier 1 2.3.13-1 (ML11171A311)
PSS-PL-V046,Air Sample Line Containment Isolation ORC,PSS,Primary Sampling System,Containment and Auxiliary Building,Containment; Auxiliary Building,B,I,ASME III-2,,True,True,2.3.13-1,Yes,Yes,Yes/No,Yes,Transfer Closed,Yes (Valve Position),Closed,,Yes/No,,,DCD Tier 2 Table 3.2-3 (ML11171A425); Tier 1 2.3.13-1 (ML11171A311)
PSS-PL-V076A,Containment Testing Boundary Isolation Valve,PSS,Primary Sampling System,Containment and Auxiliary Building,Containment; Auxiliary Building,C,I,ASME III-3,,True,False,,,,,,,,,,,,,DCD Tier 2 Table 3.2-3 (ML11171A425)
PSS-PL-V076B,Containment Testing Boundary Isolation Valve,PSS,Primary Sampling System,Containment and Auxiliary Building,Containment; Auxiliary Building,C,I,ASME III-3,,True,False,,,,,,,,,,,,,DCD Tier 2 Table 3.2-3 (ML11171A425)
PSS-PL-V082,Containment Isolation Test Connection Isolation Valve,PSS,Primary Sampling System,Containment and Auxiliary Building,Containment; Auxiliary Building,C,I,ASME III-3,,True,False,,,,,,,,,,,,,DCD Tier 2 Table 3.2-3 (ML11171A425)
PSS-PL-V083,Containment Isolation Test Connection Isolation Valve,PSS,Primary Sampling System,Containment and Auxiliary Building,Containment; Auxiliary Building,C,I,ASME III-3,,True,False,,,,,,,,,,,,,DCD Tier 2 Table 3.2-3 (ML11171A425)
PSS-PL-V085,Containment Isolation Test Connection Isolation Valve,PSS,Primary Sampling System,Containment and Auxiliary Building,Containment; Auxiliary Building,B,I,ASME III-2,,True,False,,,,,,,,,,,,,DCD Tier 2 Table 3.2-3 (ML11171A425)
PSS-PL-V086,Containment Isolation Test Connection Isolation Valve,PSS,Primary Sampling System,Containment and Auxiliary Building,Containment; Auxiliary Building,C,I,ASME III-3,,True,False,,,,,,,,,,,,,DCD Tier 2 Table 3.2-3 (ML11171A425)
PSS-PY-C01,Common Primary Sample Line Penetration,PSS,Primary Sampling System,Containment and Auxiliary Building,Containment; Auxiliary Building,B,I,"ASME III, MC",,True,False,,,,,,,,,,,,,DCD Tier 2 Table 3.2-3 (ML11171A425)
PSS-PY-C02,Containment Atmosphere Sample Line Penetration,PSS,Primary Sampling System,Containment and Auxiliary Building,Containment; Auxiliary Building,B,I,"ASME III, MC",,True,False,,,,,,,,,,,,,DCD Tier 2 Table 3.2-3 (ML11171A425)
PSS-PY-C03,Containment Atmosphere Sample Line Penetration,PSS,Primary Sampling System,Containment and Auxiliary Building,Containment; Auxiliary Building,B,I,"ASME III, 2",,True,False,,,,,,,,,,,,,DCD Tier 2 Table 3.2-3 (ML11171A425)
PWS-PL-V418,PWS MCR Isolation Valve,PWS,Potable Water System,Various,Various,C,I,ASME III-3,,True,True,2.7.1-1,Yes,Yes,-/-,No,Transfer Closed,No,-,,No,,,DCD Tier 2 Table 3.2-3 (ML11171A425); Tier 1 2.7.1-1 (ML11171A316)
PWS-PL-V420,PWS MCR Isolation Valve,PWS,Potable Water System,Various,Various,C,I,ASME III-3,,True,True,2.7.1-1,Yes,Yes,-/-,No,Transfer Closed,No,-,,No,,,DCD Tier 2 Table 3.2-3 (ML11171A425); Tier 1 2.7.1-1 (ML11171A316)
PWS-PL-V498,PWS MCR Vacuum Relief,PWS,Potable Water System,Various,Various,C,I,ASME III-3,,True,True,2.7.1-1,Yes,Yes,-/-,No,Transfer Open,No,-,,No,,,DCD Tier 2 Table 3.2-3 (ML11171A425); Tier 1 2.7.1-1 (ML11171A316)
PXS-ME-01,Passive Residual Heat Removal Heat Exchanger,PXS,Passive Core Cooling System,Containment,Containment,A,I,ASME III-1,,True,True,2.2.3-1,Yes,Yes,- / -,-,-,-,-,Containment Building,- / -,,,DCD Tier 2 Table 3.2-3 (ML11171A425); Tier 1 2.2.3-1 (ML11171A310)
PXS-MT-01A,Accumulator Tank A,PXS,Passive Core Cooling System,Containment,Containment,C,I,ASME III-3,,True,True,2.2.3-1,Yes,Yes,- / -,-,-,-,-,Containment Building,- / -,,,DCD Tier 2 Table 3.2-3 (ML11171A425); Tier 1 2.2.3-1 (ML11171A310)
PXS-MT-01B,Accumulator Tank B,PXS,Passive Core Cooling System,Containment,Containment,C,I,ASME III-3,,True,True,2.2.3-1,Yes,Yes,- / -,-,-,-,-,Containment Building,- / -,,,DCD Tier 2 Table 3.2-3 (ML11171A425); Tier 1 2.2.3-1 (ML11171A310)
PXS-MT-02A,Core Makeup Tank A,PXS,Passive Core Cooling System,Containment,Containment,A,I,ASME III-1,,True,True,2.2.3-1,Yes,Yes,- / -,-,-,-,-,Containment Building,- / -,,,DCD Tier 2 Table 3.2-3 (ML11171A425); Tier 1 2.2.3-1 (ML11171A310)
PXS-MT-02B,Core Makeup Tank B,PXS,Passive Core Cooling System,Containment,Containment,A,I,ASME III-1,,True,True,2.2.3-1,Yes,Yes,- / -,-,-,-,-,Containment Building,- / -,,,DCD Tier 2 Table 3.2-3 (ML11171A425); Tier 1 2.2.3-1 (ML11171A310)
PXS-MT-03,In-Containment Refueling Water Storage Tank,PXS,Passive Core Cooling System,Containment,Containment,C,I,ACI 349/AISC N690,ACI 349 is used for Evaluation of Structural Boundary,True,True,2.2.3-1,No,Yes,- / -,-,-,-,-,Containment Building,- / -,,,DCD Tier 2 Table 3.2-3 (ML11171A425); Tier 1 2.2.3-1 (ML11171A310)
PXS-MT-04,IRWST Gutter,PXS,Passive Core Cooling System,Containment,Containment,C,I,Manufacturer Std.,,True,False,,,,,,,,,,,,,DCD Tier 2 Table 3.2-3 (ML11171A425)
PXS-MW-01A,Reactor Coolant Depressurization Sparger A,PXS,Passive Core Cooling System,Containment,Containment,C,I,ASME III-3,,True,True,2.1.2-1,Yes,Yes,-/-,-,-,-,-,Containment,-/-,,,DCD Tier 2 Table 3.2-3 (ML11171A425); Tier 1 2.1.2-1 (ML11171A308)
PXS-MW-01B,Reactor Coolant Depressurization Sparger B,PXS,Passive Core Cooling System,Containment,Containment,C,I,ASME III-3,,True,True,2.1.2-1,Yes,Yes,-/-,-,-,-,-,Containment,-/-,,,DCD Tier 2 Table 3.2-3 (ML11171A425); Tier 1 2.1.2-1 (ML11171A308)
PXS-MY-Y01A,IRWST Screen A,PXS,Passive Core Cooling System,Containment,Containment,C,I,Manufacturer Std.,"Structural frame and attachment use ASME III, Subsection NF criteria. Screen modules use manufacturer std.",True,True,2.2.3-1,No,Yes,- / -,-,-,-,-,Containment Building,- / -,,,DCD Tier 2 Table 3.2-3 (ML11171A425); Tier 1 2.2.3-1 (ML11171A310)
PXS-MY-Y01B,IRWST Screen B,PXS,Passive Core Cooling System,Containment,Containment,C,I,Manufacturer Std.,"Structural frame and attachment use ASME III, Subsection NF criteria. Screen modules use manufacturer std.",True,True,2.2.3-1,No,Yes,- / -,-,-,-,-,Containment Building,- / -,,,DCD Tier 2 Table 3.2-3 (ML11171A425); Tier 1 2.2.3-1 (ML11171A310)
PXS-MY-Y01C,IRWST Screen C,PXS,Passive Core Cooling System,Containment,Containment,C,I,Manufacturer Std.,"Structural frame and attachment use ASME III, Subsection NF criteria. Screen modules use manufacturer std.",True,True,2.2.3-1,No,Yes,- / -,-,-,-,-,Containment Building,- / -,,,DCD Tier 2 Table 3.2-3 (ML11171A425); Tier 1 2.2.3-1 (ML11171A310)
PXS-MY-Y02A,Containment Recirculation Screen A,PXS,Passive Core Cooling System,Containment,Containment,C,I,Manufacturer Std.,"Structural frame and attachment use ASME III, Subsection NF criteria. Screen modules use manufacturer std.",True,True,2.2.3-1,No,Yes,- / -,-,-,-,-,Containment Building,- / -,,,DCD Tier 2 Table 3.2-3 (ML11171A425); Tier 1 2.2.3-1 (ML11171A310)
PXS-MY-Y02B,Containment Recirculation Screen B,PXS,Passive Core Cooling System,Containment,Containment,C,I,Manufacturer Std.,"Structural frame and attachment use ASME III, Subsection NF criteria. Screen modules use manufacturer std.",True,True,2.2.3-1,No,Yes,- / -,-,-,-,-,Containment Building,- / -,,,DCD Tier 2 Table 3.2-3 (ML11171A425); Tier 1 2.2.3-1 (ML11171A310)
PXS-MY-Y03A,pH Adjustment Basket A,PXS,Passive Core Cooling System,Containment,Containment,C,I,Manufacturer Std.,,True,True,2.2.3-1,No,Yes,- / -,-,-,-,-,Containment Building,- / -,,,DCD Tier 2 Table 3.2-3 (ML11171A425); Tier 1 2.2.3-1 (ML11171A310)
PXS-MY-Y03B,pH Adjustment Basket B,PXS,Passive Core Cooling System,Containment,Containment,C,I,Manufacturer Std.,,True,True,2.2.3-1,No,Yes,- / -,-,-,-,-,Containment Building,- / -,,,DCD Tier 2 Table 3.2-3 (ML11171A425); Tier 1 2.2.3-1 (ML11171A310)
PXS-MY-Y03C,pH Adjustment Basket C,PXS,Passive Core Cooling System,Containment,Containment,C,I,Manufacturer Std.,,True,False,,,,,,,,,,,,,DCD Tier 2 Table 3.2-3 (ML11171A425)
PXS-MY-Y03D,pH Adjustment Basket D,PXS,Passive Core Cooling System,Containment,Containment,C,I,Manufacturer Std.,,True,False,,,,,,,,,,,,,DCD Tier 2 Table 3.2-3 (ML11171A425)
PXS-PL-V002A,CMT A CL Inlet Isolation,PXS,Passive Core Cooling System,Containment,Containment,A,I,ASME III-1,,True,True,2.2.3-1,Yes,Yes,Yes/Yes,Yes,None,Yes (Position),As Is,,Yes/No,,,DCD Tier 2 Table 3.2-3 (ML11171A425); Tier 1 2.2.3-1 (ML11171A310)
PXS-PL-V002B,CMT B CL Inlet Isolation,PXS,Passive Core Cooling System,Containment,Containment,A,I,ASME III-1,,True,True,2.2.3-1,Yes,Yes,Yes/Yes,Yes,None,Yes (Position),As Is,,Yes/No,,,DCD Tier 2 Table 3.2-3 (ML11171A425); Tier 1 2.2.3-1 (ML11171A310)
PXS-PL-V010A,CMT A Upper Sample,PXS,Passive Core Cooling System,Containment,Containment,B,I,ASME III-2,,True,False,,,,,,,,,,,,,DCD Tier 2 Table 3.2-3 (ML11171A425)
PXS-PL-V010B,CMT B Upper Sample,PXS,Passive Core Cooling System,Containment,Containment,B,I,ASME III-2,,True,False,,,,,,,,,,,,,DCD Tier 2 Table 3.2-3 (ML11171A425)
PXS-PL-V011A,CMT A Lower Sample,PXS,Passive Core Cooling System,Containment,Containment,B,I,ASME III-2,,True,False,,,,,,,,,,,,,DCD Tier 2 Table 3.2-3 (ML11171A425)
PXS-PL-V011B,CMT B Lower Sample,PXS,Passive Core Cooling System,Containment,Containment,B,I,ASME III-2,,True,False,,,,,,,,,,,,,DCD Tier 2 Table 3.2-3 (ML11171A425)
PXS-PL-V012A,CMT A Drain,PXS,Passive Core Cooling System,Containment,Containment,A,I,ASME III-1,,True,False,,,,,,,,,,,,,DCD Tier 2 Table 3.2-3 (ML11171A425)
PXS-PL-V012B,CMT B Drain,PXS,Passive Core Cooling System,Containment,Containment,A,I,ASME III-1,,True,False,,,,,,,,,,,,,DCD Tier 2 Table 3.2-3 (ML11171A425)
PXS-PL-V013A,CMT A Discharge Manual Isolation,PXS,Passive Core Cooling System,Containment,Containment,A,I,ASME III-1,,True,False,,,,,,,,,,,,,DCD Tier 2 Table 3.2-3 (ML11171A425)
PXS-PL-V013B,CMT B Discharge Manual Isolation,PXS,Passive Core Cooling System,Containment,Containment,A,I,ASME III-1,,True,False,,,,,,,,,,,,,DCD Tier 2 Table 3.2-3 (ML11171A425)
PXS-PL-V014A,CMT A Discharge Isolation,PXS,Passive Core Cooling System,Containment,Containment,A,I,ASME III-1,,True,True,2.2.3-1,Yes,Yes,Yes/Yes,Yes,Transfer Open,Yes (Position),Open,,Yes/Yes,,Equipment=CMT A Discharge Isolation Valve (Position); Display=Yes (Position); Control Function=-,DCD Tier 2 Table 3.2-3 (ML11171A425); Tier 1 2.2.3-1 (ML11171A310)
PXS-PL-V014B,CMT B Discharge Isolation,PXS,Passive Core Cooling System,Containment,Containment,A,I,ASME III-1,,True,True,2.2.3-1,Yes,Yes,Yes/Yes,Yes,Transfer Open,Yes (Position),Open,,Yes/Yes,,Equipment=CMT B Discharge Isolation Valve (Position); Display=Yes (Position); Control Function=-,DCD Tier 2 Table 3.2-3 (ML11171A425); Tier 1 2.2.3-1 (ML11171A310)
PXS-PL-V015A,CMT A Discharge Isolation,PXS,Passive Core Cooling System,Containment,Containment,A,I,ASME III-1,,True,True,2.2.3-1,Yes,Yes,Yes/Yes,Yes,Transfer Open,Yes (Position),Open,,Yes/Yes,,Equipment=CMT A Discharge Isolation Valve (Position); Display=Yes (Position); Control Function=-,DCD Tier 2 Table 3.2-3 (ML11171A425); Tier 1 2.2.3-1 (ML11171A310)
PXS-PL-V015B,CMT B Discharge Isolation,PXS,Passive Core Cooling System,Containment,Containment,A,I,ASME III-1,,True,True,2.2.3-1,Yes,Yes,Yes/Yes,Yes,Transfer Open,Yes (Position),Open,,Yes/Yes,,Equipment=CMT B Discharge Isolation Valve (Position); Display=Yes (Position); Control Function=-,DCD Tier 2 Table 3.2-3 (ML11171A425); Tier 1 2.2.3-1 (ML11171A310)
PXS-PL-V016A,CMT A Discharge Check,PXS,Passive Core Cooling System,Containment,Containment,A,I,ASME III-1,,True,True,2.2.3-1,Yes,Yes,- / -,No,Transfer Open/ Transfer Closed,No,-,,- / -,,,DCD Tier 2 Table 3.2-3 (ML11171A425); Tier 1 2.2.3-1 (ML11171A310)
PXS-PL-V016B,CMT B Discharge Check,PXS,Passive Core Cooling System,Containment,Containment,A,I,ASME III-1,,True,True,2.2.3-1,Yes,Yes,- / -,No,Transfer Open/ Transfer Closed,No,-,,- / -,,,DCD Tier 2 Table 3.2-3 (ML11171A425); Tier 1 2.2.3-1 (ML11171A310)
PXS-PL-V017A,CMT A Discharge Check,PXS,Passive Core Cooling System,Containment,Containment,A,I,ASME III-1,,True,True,2.2.3-1,Yes,Yes,- / -,No,Transfer Open/ Transfer Closed,No,-,,- / -,,Equipment=Containment Recirculation A Isolation Valve; Display=Yes (Position); Control Function=-,DCD Tier 2 Table 3.2-3 (ML11171A425); Tier 1 2.2.3-1 (ML11171A310)
PXS-PL-V017B,CMT B Discharge Check,PXS,Passive Core Cooling System,Containment,Containment,A,I,ASME III-1,,True,True,2.2.3-1,Yes,Yes,- / -,No,Transfer Open/ Transfer Closed,No,-,,- / -,,Equipment=Containment Recirculation B Isolation Valve; Display=Yes (Position); Control Function=-,DCD Tier 2 Table 3.2-3 (ML11171A425); Tier 1 2.2.3-1 (ML11171A310)
PXS-PL-V019A,RNS to CMT Injection Line A Drain,PXS,Passive Core Cooling System,Containment,Containment,B,I,ASME III-2,,True,False,,,,,,,,,,,,,DCD Tier 2 Table 3.2-3 (ML11171A425)
PXS-PL-V019B,RNS to CMT Injection Line B Drain,PXS,Passive Core Cooling System,Containment,Containment,B,I,ASME III-2,,True,False,,,,,,,,,,,,,DCD Tier 2 Table 3.2-3 (ML11171A425)
PXS-PL-V020A,IRWST Injection Line A Drain,PXS,Passive Core Cooling System,Containment,Containment,B,I,ASME III-2,,True,False,,,,,,,,,,,,,DCD Tier 2 Table 3.2-3 (ML11171A425)
PXS-PL-V020B,IRWST Injection Line B Drain,PXS,Passive Core Cooling System,Containment,Containment,B,I,ASME III-2,,True,False,,,,,,,,,,,,,DCD Tier 2 Table 3.2-3 (ML11171A425)
PXS-PL-V021A,Accumulator A Nitrogen Vent,PXS,Passive Core Cooling System,Containment,Containment,C,I,ASME III-3,,True,True,2.2.3-3,,,,,,,,,,,Equipment=Accumulator A Nitrogen Vent Valve (Position); Display=Yes (Position); Control Function=-,DCD Tier 2 Table 3.2-3 (ML11171A425); Tier 1 2.2.3-3 (ML11171A310)
PXS-PL-V021B,Accumulator B Nitrogen Vent,PXS,Passive Core Cooling System,Containment,Containment,C,I,ASME III-3,,True,True,2.2.3-3,,,,,,,,,,,Equipment=Accumulator B Nitrogen Vent Valve (Position); Display=Yes (Position); Control Function=-,DCD Tier 2 Table 3.2-3 (ML11171A425); Tier 1 2.2.3-3 (ML11171A310)
PXS-PL-V022A,Accumulator A Pressure Relief,PXS,Passive Core Cooling System,Containment,Containment,C,I,ASME III-3,,True,True,2.2.3-1,Yes,Yes,- / -,No,Transfer Open/ Transfer Closed,No,-,,- / -,,,DCD Tier 2 Table 3.2-3 (ML11171A425); Tier 1 2.2.3-1 (ML11171A310)
PXS-PL-V022B,Accumulator B Pressure Relief,PXS,Passive Core Cooling System,Containment,Containment,C,I,ASME III-3,,True,True,2.2.3-1,Yes,Yes,- / -,No,Transfer Open/ Transfer Closed,No,-,,- / -,,,DCD Tier 2 Table 3.2-3 (ML11171A425); Tier 1 2.2.3-1 (ML11171A310)
PXS-PL-V023A,Accumulator A Pressure Transmitter B Isolation,PXS,Passive Core Cooling System,Containment,Containment,C,I,ASME III-3,,True,False,,,,,,,,,,,,,DCD Tier 2 Table 3.2-3 (ML11171A425)
PXS-PL-V023B,Accumulator B Pressure Transmitter B Isolation,PXS,Passive Core Cooling System,Containment,Containment,C,I,ASME III-3,,True,False,,,,,,,,,,,,,DCD Tier 2 Table 3.2-3 (ML11171A425)
PXS-PL-V024A,Accumulator A Pressure Transmitter A Isolation,PXS,Passive Core Cooling System,Containment,Containment,C,I,ASME III-3,,True,False,,,,,,,,,,,,,DCD Tier 2 Table 3.2-3 (ML11171A425)
PXS-PL-V024B,Accumulator B Pressure Transmitter A Isolation,PXS,Passive Core Cooling System,Containment,Containment,C,I,ASME III-3,,True,False,,,,,,,,,,,,,DCD Tier 2 Table 3.2-3 (ML11171A425)
PXS-PL-V025A,Accumulator A Sample,PXS,Passive Core Cooling System,Containment,Containment,C,I,ASME III-3,,True,False,,,,,,,,,,,,,DCD Tier 2 Table 3.2-3 (ML11171A425)
PXS-PL-V025B,Accumulator B Sample,PXS,Passive Core Cooling System,Containment,Containment,C,I,ASME III-3,,True,False,,,,,,,,,,,,,DCD Tier 2 Table 3.2-3 (ML11171A425)
PXS-PL-V026A,Accumulator A Drain,PXS,Passive Core Cooling System,Containment,Containment,C,I,ASME III-3,,True,False,,,,,,,,,,,,,DCD Tier 2 Table 3.2-3 (ML11171A425)
PXS-PL-V026B,Accumulator B Drain,PXS,Passive Core Cooling System,Containment,Containment,C,I,ASME III-3,,True,False,,,,,,,,,,,,,DCD Tier 2 Table 3.2-3 (ML11171A425)
PXS-PL-V027A,Accumulator A Discharge Isolation,PXS,Passive Core Cooling System,Containment,Containment,C,I,ASME III-3,,True,True,2.2.3-1,Yes,Yes,- / -,Yes,None,Yes,As Is,,- /No,,Equipment=Accumulator A Discharge Isolation Valve (Position); Display=Yes (Position); Control Function=-,DCD Tier 2 Table 3.2-3 (ML11171A425); Tier 1 2.2.3-1 (ML11171A310)
PXS-PL-V027B,Accumulator B Discharge Isolation,PXS,Passive Core Cooling System,Containment,Containment,C,I,ASME III-3,,True,True,2.2.3-1,Yes,Yes,- / -,Yes,None,Yes,As Is,,- /No,,Equipment=Accumulator B Discharge Isolation Valve (Position); Display=Yes (Position); Control Function=-,DCD Tier 2 Table 3.2-3 (ML11171A425); Tier 1 2.2.3-1 (ML11171A310)
PXS-PL-V028A,Accumulator A Discharge Check,PXS,Passive Core Cooling System,Containment,Containment,A,I,ASME III-1,,True,True,2.2.3-1,Yes,Yes,- / -,No,Transfer Open/ Close,No,-,,- / -,,,DCD Tier 2 Table 3.2-3 (ML11171A425); Tier 1 2.2.3-1 (ML11171A310)
PXS-PL-V028B,Accumulator B Discharge Check,PXS,Passive Core Cooling System,Containment,Containment,A,I,ASME III-1,,True,True,2.2.3-1,Yes,Yes,- / -,No,Transfer Open/ Close,No,-,,- / -,,,DCD Tier 2 Table 3.2-3 (ML11171A425); Tier 1 2.2.3-1 (ML11171A310)
PXS-PL-V029A,Accumulator A Discharge Check,PXS,Passive Core Cooling System,Containment,Containment,A,I,ASME III-1,,True,True,2.2.3-1,Yes,Yes,- / -,No,Transfer Open/ Close,No,-,,- / -,,,DCD Tier 2 Table 3.2-3 (ML11171A425); Tier 1 2.2.3-1 (ML11171A310)
PXS-PL-V029B,Accumulator B Discharge Check,PXS,Passive Core Cooling System,Containment,Containment,A,I,ASME III-1,,True,True,2.2.3-1,Yes,Yes,- / -,No,Transfer Open/ Close,No,-,,- / -,,,DCD Tier 2 Table 3.2-3 (ML11171A425); Tier 1 2.2.3-1 (ML11171A310)
PXS-PL-V030A,CMT A Highpoint Vent,PXS,Passive Core Cooling System,Containment,Containment,B,I,ASME III-2,,True,False,,,,,,,,,,,,,DCD Tier 2 Table 3.2-3 (ML11171A425)
PXS-PL-V030B,CMT B Highpoint Vent,PXS,Passive Core Cooling System,Containment,Containment,B,I,ASME III-2,,True,False,,,,,,,,,,,,,DCD Tier 2 Table 3.2-3 (ML11171A425)
PXS-PL-V031A,CMT A Highpoint Vent,PXS,Passive Core Cooling System,Containment,Containment,B,I,ASME III-2,,True,False,,,,,,,,,,,,,DCD Tier 2 Table 3.2-3 (ML11171A425)
PXS-PL-V031B,CMT B Highpoint Vent,PXS,Passive Core Cooling System,Containment,Containment,B,I,ASME III-2,,True,False,,,,,,,,,,,,,DCD Tier 2 Table 3.2-3 (ML11171A425)
PXS-PL-V033A,Accumulator A Check Valve Drain,PXS,Passive Core Cooling System,Containment,Containment,B,I,ASME III-2,,True,False,,,,,,,,,,,,,DCD Tier 2 Table 3.2-3 (ML11171A425)
PXS-PL-V033B,Accumulator B Check Valve Drain,PXS,Passive Core Cooling System,Containment,Containment,B,I,ASME III-2,,True,False,,,,,,,,,,,,,DCD Tier 2 Table 3.2-3 (ML11171A425)
PXS-PL-V042,Nitrogen Supply Containment Isolation ORC,PXS,Passive Core Cooling System,Containment,Containment,B,I,ASME III-2,,True,True,2.2.3-1,Yes,Yes,Yes/No,Yes,Transfer Closed,Yes (position),Close,,Yes/No,,,DCD Tier 2 Table 3.2-3 (ML11171A425); Tier 1 2.2.3-1 (ML11171A310)
PXS-PL-V043,Nitrogen Supply Containment Isolation IRC,PXS,Passive Core Cooling System,Containment,Containment,B,I,ASME III-2,,True,True,2.2.3-1,Yes,Yes,- / -,No,Transfer Closed,No,-,,- / -,,,DCD Tier 2 Table 3.2-3 (ML11171A425); Tier 1 2.2.3-1 (ML11171A310)
PXS-PL-V052,Accumulator Nitrogen Containment Penetration TC,PXS,Passive Core Cooling System,Containment,Containment,B,I,ASME III-2,,True,False,,,,,,,,,,,,,DCD Tier 2 Table 3.2-3 (ML11171A425)
PXS-PL-V080A,CMT A WR Level Isolation,PXS,Passive Core Cooling System,Containment,Containment,B,I,ASME III-2,,True,False,,,,,,,,,,,,,DCD Tier 2 Table 3.2-3 (ML11171A425)
PXS-PL-V080B,CMT B WR Level Isolation,PXS,Passive Core Cooling System,Containment,Containment,B,I,ASME III-2,,True,False,,,,,,,,,,,,,DCD Tier 2 Table 3.2-3 (ML11171A425)
PXS-PL-V081A,CMT A WR Level Isolation,PXS,Passive Core Cooling System,Containment,Containment,B,I,ASME III-2,,True,False,,,,,,,,,,,,,DCD Tier 2 Table 3.2-3 (ML11171A425)
PXS-PL-V081B,CMT B WR Level Isolation,PXS,Passive Core Cooling System,Containment,Containment,B,I,ASME III-2,,True,False,,,,,,,,,,,,,DCD Tier 2 Table 3.2-3 (ML11171A425)
PXS-PL-V082A,CMT A Upper Level A Isolation 1,PXS,Passive Core Cooling System,Containment,Containment,B,I,ASME III-2,,True,False,,,,,,,,,,,,,DCD Tier 2 Table 3.2-3 (ML11171A425)
PXS-PL-V082B,CMT B Upper Level A Isolation 1,PXS,Passive Core Cooling System,Containment,Containment,B,I,ASME III-2,,True,False,,,,,,,,,,,,,DCD Tier 2 Table 3.2-3 (ML11171A425)
PXS-PL-V083A,CMT A Upper Level A Isolation 2,PXS,Passive Core Cooling System,Containment,Containment,B,I,ASME III-2,,True,False,,,,,,,,,,,,,DCD Tier 2 Table 3.2-3 (ML11171A425)
PXS-PL-V083B,CMT B Upper Level A Isolation 2,PXS,Passive Core Cooling System,Containment,Containment,B,I,ASME III-2,,True,False,,,,,,,,,,,,,DCD Tier 2 Table 3.2-3 (ML11171A425)
PXS-PL-V084A,CMT A Upper Level A Vent,PXS,Passive Core Cooling System,Containment,Containment,B,I,ASME III-2,,True,False,,,,,,,,,,,,,DCD Tier 2 Table 3.2-3 (ML11171A425)
PXS-PL-V084B,CMT B Upper Level A Vent,PXS,Passive Core Cooling System,Containment,Containment,B,I,ASME III-2,,True,False,,,,,,,,,,,,,DCD Tier 2 Table 3.2-3 (ML11171A425)
PXS-PL-V085A,CMT A Upper Level A Drain,PXS,Passive Core Cooling System,Containment,Containment,B,I,ASME III-2,,True,False,,,,,,,,,,,,,DCD Tier 2 Table 3.2-3 (ML11171A425)
PXS-PL-V085B,CMT B Upper Level A Drain,PXS,Passive Core Cooling System,Containment,Containment,B,I,ASME III-2,,True,False,,,,,,,,,,,,,DCD Tier 2 Table 3.2-3 (ML11171A425)
PXS-PL-V086A,CMT A Upper Level B Isolation 1,PXS,Passive Core Cooling System,Containment,Containment,B,I,ASME III-2,,True,False,,,,,,,,,,,,,DCD Tier 2 Table 3.2-3 (ML11171A425)
PXS-PL-V086B,CMT B Upper Level B Isolation 1,PXS,Passive Core Cooling System,Containment,Containment,B,I,ASME III-2,,True,False,,,,,,,,,,,,,DCD Tier 2 Table 3.2-3 (ML11171A425)
PXS-PL-V087A,CMT A Upper Level B Isolation 2,PXS,Passive Core Cooling System,Containment,Containment,B,I,ASME III-2,,True,False,,,,,,,,,,,,,DCD Tier 2 Table 3.2-3 (ML11171A425)
PXS-PL-V087B,CMT B Upper Level B Isolation 2,PXS,Passive Core Cooling System,Containment,Containment,B,I,ASME III-2,,True,False,,,,,,,,,,,,,DCD Tier 2 Table 3.2-3 (ML11171A425)
PXS-PL-V088A,CMT A Upper Level B Vent,PXS,Passive Core Cooling System,Containment,Containment,B,I,ASME III-2,,True,False,,,,,,,,,,,,,DCD Tier 2 Table 3.2-3 (ML11171A425)
PXS-PL-V088B,CMT B Upper Level B Vent,PXS,Passive Core Cooling System,Containment,Containment,B,I,ASME III-2,,True,False,,,,,,,,,,,,,DCD Tier 2 Table 3.2-3 (ML11171A425)
PXS-PL-V089A,CMT A Upper Level B Drain,PXS,Passive Core Cooling System,Containment,Containment,B,I,ASME III-2,,True,False,,,,,,,,,,,,,DCD Tier 2 Table 3.2-3 (ML11171A425)
PXS-PL-V089B,CMT B Upper Level B Drain,PXS,Passive Core Cooling System,Containment,Containment,B,I,ASME III-2,,True,False,,,,,,,,,,,,,DCD Tier 2 Table 3.2-3 (ML11171A425)
PXS-PL-V092A,CMT A Lower Level A Isolation 1,PXS,Passive Core Cooling System,Containment,Containment,B,I,ASME III-2,,True,False,,,,,,,,,,,,,DCD Tier 2 Table 3.2-3 (ML11171A425)
PXS-PL-V092B,CMT B Lower Level A Isolation 1,PXS,Passive Core Cooling System,Containment,Containment,B,I,ASME III-2,,True,False,,,,,,,,,,,,,DCD Tier 2 Table 3.2-3 (ML11171A425)
PXS-PL-V093A,CMT A Lower Level A Isolation 2,PXS,Passive Core Cooling System,Containment,Containment,B,I,ASME III-2,,True,False,,,,,,,,,,,,,DCD Tier 2 Table 3.2-3 (ML11171A425)
PXS-PL-V093B,CMT B Lower Level A Isolation 2,PXS,Passive Core Cooling System,Containment,Containment,B,I,ASME III-2,,True,False,,,,,,,,,,,,,DCD Tier 2 Table 3.2-3 (ML11171A425)
PXS-PL-V094A,CMT A Lower Level A Vent,PXS,Passive Core Cooling System,Containment,Containment,B,I,ASME III-2,,True,False,,,,,,,,,,,,,DCD Tier 2 Table 3.2-3 (ML11171A425)
PXS-PL-V094B,CMT B Lower Level A Vent,PXS,Passive Core Cooling System,Containment,Containment,B,I,ASME III-2,,True,False,,,,,,,,,,,,,DCD Tier 2 Table 3.2-3 (ML11171A425)
PXS-PL-V095A,CMT A Lower Level A Drain,PXS,Passive Core Cooling System,Containment,Containment,B,I,ASME III-2,,True,False,,,,,,,,,,,,,DCD Tier 2 Table 3.2-3 (ML11171A425)
PXS-PL-V095B,CMT B Lower Level A Drain,PXS,Passive Core Cooling System,Containment,Containment,B,I,ASME III-2,,True,False,,,,,,,,,,,,,DCD Tier 2 Table 3.2-3 (ML11171A425)
PXS-PL-V096A,CMT A Lower Level B Isolation 1,PXS,Passive Core Cooling System,Containment,Containment,B,I,ASME III-2,,True,False,,,,,,,,,,,,,DCD Tier 2 Table 3.2-3 (ML11171A425)
PXS-PL-V096B,CMT B Lower Level B Isolation 1,PXS,Passive Core Cooling System,Containment,Containment,B,I,ASME III-2,,True,False,,,,,,,,,,,,,DCD Tier 2 Table 3.2-3 (ML11171A425)
PXS-PL-V097A,CMT A Lower Level B Isolation 2,PXS,Passive Core Cooling System,Containment,Containment,B,I,ASME III-2,,True,False,,,,,,,,,,,,,DCD Tier 2 Table 3.2-3 (ML11171A425)
PXS-PL-V097B,CMT B Lower Level B Isolation 2,PXS,Passive Core Cooling System,Containment,Containment,B,I,ASME III-2,,True,False,,,,,,,,,,,,,DCD Tier 2 Table 3.2-3 (ML11171A425)
PXS-PL-V098A,CMT A Lower Level B Vent,PXS,Passive Core Cooling System,Containment,Containment,B,I,ASME III-2,,True,False,,,,,,,,,,,,,DCD Tier 2 Table 3.2-3 (ML11171A425)
PXS-PL-V098B,CMT B Lower Level B Vent,PXS,Passive Core Cooling System,Containment,Containment,B,I,ASME III-2,,True,False,,,,,,,,,,,,,DCD Tier 2 Table 3.2-3 (ML11171A425)
PXS-PL-V099A,CMT A Lower Level B Drain,PXS,Passive Core Cooling System,Containment,Containment,B,I,ASME III-2,,True,False,,,,,,,,,,,,,DCD Tier 2 Table 3.2-3 (ML11171A425)
PXS-PL-V099B,CMT B Lower Level B Drain,PXS,Passive Core Cooling System,Containment,Containment,B,I,ASME III-2,,True,False,,,,,,,,,,,,,DCD Tier 2 Table 3.2-3 (ML11171A425)
PXS-PL-V101,PRHR HX Inlet Isolation,PXS,Passive Core Cooling System,Containment,Containment,A,I,ASME III-1,,True,True,2.2.3-1,Yes,Yes,Yes/Yes,Yes,None,Yes (position),As Is,,Yes/No,,,DCD Tier 2 Table 3.2-3 (ML11171A425); Tier 1 2.2.3-1 (ML11171A310)
PXS-PL-V102A,PRHR HX Inlet Head Vent,PXS,Passive Core Cooling System,Containment,Containment,B,I,ASME III-2,,True,False,,,,,,,,,,,,,DCD Tier 2 Table 3.2-3 (ML11171A425)
PXS-PL-V102B,PRHR HX Inlet Head Drain,PXS,Passive Core Cooling System,Containment,Containment,B,I,ASME III-2,,True,False,,,,,,,,,,,,,DCD Tier 2 Table 3.2-3 (ML11171A425)
PXS-PL-V103A,PRHR HX Outlet Head Vent,PXS,Passive Core Cooling System,Containment,Containment,B,I,ASME III-2,,True,False,,,,,,,,,,,,,DCD Tier 2 Table 3.2-3 (ML11171A425)
PXS-PL-V103B,PRHR HX Outlet Head Drain,PXS,Passive Core Cooling System,Containment,Containment,B,I,ASME III-2,,True,False,,,,,,,,,,,,,DCD Tier 2 Table 3.2-3 (ML11171A425)
PXS-PL-V104A,PRHR HX Flow Transmitter A Isolation,PXS,Passive Core Cooling System,Containment,Containment,B,I,ASME III-2,,True,False,,,,,,,,,,,,,DCD Tier 2 Table 3.2-3 (ML11171A425)
PXS-PL-V104B,PRHR HX Flow Transmitter B Isolation,PXS,Passive Core Cooling System,Containment,Containment,B,I,ASME III-2,,True,False,,,,,,,,,,,,,DCD Tier 2 Table 3.2-3 (ML11171A425)
PXS-PL-V105A,PRHR HX Flow Transmitter A Isolation,PXS,Passive Core Cooling System,Containment,Containment,B,I,ASME III-2,,True,False,,,,,,,,,,,,,DCD Tier 2 Table 3.2-3 (ML11171A425)
PXS-PL-V105B,PRHR HX Flow Transmitter B Isolation,PXS,Passive Core Cooling System,Containment,Containment,B,I,ASME III-2,,True,False,,,,,,,,,,,,,DCD Tier 2 Table 3.2-3 (ML11171A425)
PXS-PL-V106,Containment Recirculation A Highpoint Vent,PXS,Passive Core Cooling System,Containment,Containment,C,I,ASME III-3,,True,False,,,,,,,,,,,,,DCD Tier 2 Table 3.2-3 (ML11171A425)
PXS-PL-V107,Containment Recirculation A Highpoint Vent,PXS,Passive Core Cooling System,Containment,Containment,C,I,ASME III-3,,True,False,,,,,,,,,,,,,DCD Tier 2 Table 3.2-3 (ML11171A425)
PXS-PL-V108A,PRHR HX Control,PXS,Passive Core Cooling System,Containment,Containment,A,I,ASME III-1,,True,True,2.2.3-1,Yes,Yes,Yes/Yes,Yes,Transfer Open,Yes (Position),Open,,Yes/Yes,,Equipment=PRHR HX Control Valve (Position); Display=Yes (Position); Control Function=-,DCD Tier 2 Table 3.2-3 (ML11171A425); Tier 1 2.2.3-1 (ML11171A310)
PXS-PL-V108B,PRHR HX Control,PXS,Passive Core Cooling System,Containment,Containment,A,I,ASME III-1,,True,True,2.2.3-1,Yes,Yes,Yes/Yes,Yes,Transfer Open,Yes (Position),Open,,Yes/Yes,,Equipment=PRHR HX Control Valve (Position); Display=Yes (Position); Control Function=-,DCD Tier 2 Table 3.2-3 (ML11171A425); Tier 1 2.2.3-1 (ML11171A310)
PXS-PL-V109,PRHR HX/RCS Return Isolation,PXS,Passive Core Cooling System,Containment,Containment,A,I,ASME III-1,,True,False,,,,,,,,,,,,,DCD Tier 2 Table 3.2-3 (ML11171A425)
PXS-PL-V111A,PRHR HX Highpoint Vent,PXS,Passive Core Cooling System,Containment,Containment,B,I,ASME III-2,,True,False,,,,,,,,,,,,,DCD Tier 2 Table 3.2-3 (ML11171A425)
PXS-PL-V111B,PRHR HX Highpoint Vent,PXS,Passive Core Cooling System,Containment,Containment,B,I,ASME III-2,,True,False,,,,,,,,,,,,,DCD Tier 2 Table 3.2-3 (ML11171A425)
PXS-PL-V113,PRHR HX Pressure Transmitter Isolation,PXS,Passive Core Cooling System,Containment,Containment,B,I,ASME III-2,,True,False,,,,,,,,,,,,,DCD Tier 2 Table 3.2-3 (ML11171A425)
PXS-PL-V115A,Containment Recirculation A Drain,PXS,Passive Core Cooling System,Containment,Containment,C,I,ASME III-3,,True,False,,,,,,,,,,,,,DCD Tier 2 Table 3.2-3 (ML11171A425)
PXS-PL-V115B,Containment Recirculation B Drain,PXS,Passive Core Cooling System,Containment,Containment,C,I,ASME III-3,,True,False,,,,,,,,,,,,,DCD Tier 2 Table 3.2-3 (ML11171A425)
PXS-PL-V116A,Containment Recirculation A Drain,PXS,Passive Core Cooling System,Containment,Containment,C,I,ASME III-3,,True,False,,,,,,,,,,,,,DCD Tier 2 Table 3.2-3 (ML11171A425)
PXS-PL-V116B,Containment Recirculation B Drain,PXS,Passive Core Cooling System,Containment,Containment,C,I,ASME III-3,,True,False,,,,,,,,,,,,,DCD Tier 2 Table 3.2-3 (ML11171A425)
PXS-PL-V117A,Containment Recirculation A Isolation,PXS,Passive Core Cooling System,Containment,Containment,C,I,ASME III-3,,True,True,2.2.3-1,Yes,Yes,Yes/Yes,Yes,None,Yes (position),As Is,,Yes/Yes,,,DCD Tier 2 Table 3.2-3 (ML11171A425); Tier 1 2.2.3-1 (ML11171A310)
PXS-PL-V117B,Containment Recirculation B Isolation,PXS,Passive Core Cooling System,Containment,Containment,C,I,ASME III-3,,True,True,2.2.3-1,Yes,Yes,Yes/Yes,Yes,None,Yes (position),As Is,,Yes/Yes,,,DCD Tier 2 Table 3.2-3 (ML11171A425); Tier 1 2.2.3-1 (ML11171A310)
PXS-PL-V118A,Containment Recirculation A Isolation,PXS,Passive Core Cooling System,Containment,Containment,C,I,ASME III-3,,True,True,2.2.3-1,Yes,Yes,Yes/Yes,Yes,Transfer Open,Yes (Position),As Is,,Yes/Yes,,Equipment=Containment Recirculation A Isolation Valve (Position); Display=Yes (Position); Control Function=-,DCD Tier 2 Table 3.2-3 (ML11171A425); Tier 1 2.2.3-1 (ML11171A310)
PXS-PL-V118B,Containment Recirculation B Isolation,PXS,Passive Core Cooling System,Containment,Containment,C,I,ASME III-3,,True,True,2.2.3-1,Yes,Yes,Yes/Yes,Yes,Transfer Open,Yes (Position),As Is,,Yes/Yes,,Equipment=Containment Recirculation B Isolation Valve (Position); Display=Yes (Position); Control Function=-,DCD Tier 2 Table 3.2-3 (ML11171A425); Tier 1 2.2.3-1 (ML11171A310)
PXS-PL-V119A,Containment Recirculation A Check,PXS,Passive Core Cooling System,Containment,Containment,C,I,ASME III-3,,True,True,2.2.3-1,Yes,Yes,- / -,No,Transfer Open/ Transfer Closed,No,-,,- / -,,,DCD Tier 2 Table 3.2-3 (ML11171A425); Tier 1 2.2.3-1 (ML11171A310)
PXS-PL-V119B,Containment Recirculation B Check,PXS,Passive Core Cooling System,Containment,Containment,C,I,ASME III-3,,True,True,2.2.3-1,Yes,Yes,- / -,No,Transfer Open/ Transfer Closed,No,-,,- / -,,,DCD Tier 2 Table 3.2-3 (ML11171A425); Tier 1 2.2.3-1 (ML11171A310)
PXS-PL-V120A,Containment Recirculation A Isolation,PXS,Passive Core Cooling System,Containment,Containment,C,I,ASME III-3,,True,True,2.2.3-1,Yes,Yes,Yes/Yes,Yes,Transfer Open,Yes (Position),As Is,,Yes/Yes,,Equipment=Containment Recirculation A Isolation Valve (Position); Display=Yes (Position); Control Function=-,DCD Tier 2 Table 3.2-3 (ML11171A425); Tier 1 2.2.3-1 (ML11171A310)
PXS-PL-V120B,Containment Recirculation B Isolation,PXS,Passive Core Cooling System,Containment,Containment,C,I,ASME III-3,,True,True,2.2.3-1,Yes,Yes,Yes/Yes,Yes,Transfer Open,Yes (Position),As Is,,Yes/Yes,,Equipment=Containment Recirculation B Isolation Valve (Position); Display=Yes (Position); Control Function=-,DCD Tier 2 Table 3.2-3 (ML11171A425); Tier 1 2.2.3-1 (ML11171A310)
PXS-PL-V121A,IRWST Line A Isolation,PXS,Passive Core Cooling System,Containment,Containment,C,I,ASME III-3,,True,True,2.2.3-3,,,,,,,,,,,Equipment=IRWST Line A Isolation Valve (Position); Display=Yes (Position); Control Function=-,DCD Tier 2 Table 3.2-3 (ML11171A425); Tier 1 2.2.3-3 (ML11171A310)
PXS-PL-V121B,IRWST Line B Isolation,PXS,Passive Core Cooling System,Containment,Containment,C,I,ASME III-3,,True,True,2.2.3-3,,,,,,,,,,,Equipment=IRWST Line B Isolation Valve (Position); Display=Yes (Position); Control Function=-,DCD Tier 2 Table 3.2-3 (ML11171A425); Tier 1 2.2.3-3 (ML11171A310)
PXS-PL-V122A,IRWST Injection A Check,PXS,Passive Core Cooling System,Containment,Containment,A,I,ASME III-1,,True,True,2.2.3-1,Yes,Yes,- / -,No,Transfer Open/ Transfer Closed,No,-,,- / -,,,DCD Tier 2 Table 3.2-3 (ML11171A425); Tier 1 2.2.3-1 (ML11171A310)
PXS-PL-V122B,IRWST Injection B Check,PXS,Passive Core Cooling System,Containment,Containment,A,I,ASME III-1,,True,True,2.2.3-1,Yes,Yes,- / -,No,Transfer Open/ Transfer Closed,No,-,,- / -,,,DCD Tier 2 Table 3.2-3 (ML11171A425); Tier 1 2.2.3-1 (ML11171A310)
PXS-PL-V123A,IRWST Injection A Isolation,PXS,Passive Core Cooling System,Containment,Containment,A,I,ASME III-1,,True,True,2.2.3-1,Yes,Yes,Yes/Yes,Yes,Transfer Open,Yes (Position),As Is,,Yes/Yes,,Equipment=IRWST Injection A Isolation Squib (Position); Display=Yes (Position); Control Function=-,DCD Tier 2 Table 3.2-3 (ML11171A425); Tier 1 2.2.3-1 (ML11171A310)
PXS-PL-V123B,IRWST Injection B Isolation,PXS,Passive Core Cooling System,Containment,Containment,A,I,ASME III-1,,True,True,2.2.3-1,Yes,Yes,Yes/Yes,Yes,Transfer Open,Yes (Position),As Is,,Yes/Yes,,Equipment=IRWST Injection B Isolation Squib (Position); Display=Yes (Position); Control Function=-,DCD Tier 2 Table 3.2-3 (ML11171A425); Tier 1 2.2.3-1 (ML11171A310)
PXS-PL-V124A,IRWST Injection A Check,PXS,Passive Core Cooling System,Containment,Containment,A,I,ASME III-1,,True,True,2.2.3-1,Yes,Yes,- / -,No,Transfer Open/ Transfer Closed,No,-,,- / -,,,DCD Tier 2 Table 3.2-3 (ML11171A425); Tier 1 2.2.3-1 (ML11171A310)
PXS-PL-V124B,IRWST Injection B Check,PXS,Passive Core Cooling System,Containment,Containment,A,I,ASME III-1,,True,True,2.2.3-1,Yes,Yes,- / -,No,Transfer Open/ Transfer Closed,No,-,,- / -,,,DCD Tier 2 Table 3.2-3 (ML11171A425); Tier 1 2.2.3-1 (ML11171A310)
PXS-PL-V125A,IRWST Injection A Isolation,PXS,Passive Core Cooling System,Containment,Containment,A,I,ASME III-1,,True,True,2.2.3-1,Yes,Yes,Yes/Yes,Yes,Transfer Open,Yes (Position),As Is,,Yes/Yes,,Equipment=IRWST Injection A Isolation Squib (Position); Display=Yes (Position); Control Function=-,DCD Tier 2 Table 3.2-3 (ML11171A425); Tier 1 2.2.3-1 (ML11171A310)
PXS-PL-V125B,IRWST Injection B Isolation,PXS,Passive Core Cooling System,Containment,Containment,A,I,ASME III-1,,True,True,2.2.3-1,Yes,Yes,Yes/Yes,Yes,Transfer Open,Yes (Position),As Is,,Yes/Yes,,Equipment=IRWST Injection B Isolation Squib (Position); Display=Yes (Position); Control Function=-,DCD Tier 2 Table 3.2-3 (ML11171A425); Tier 1 2.2.3-1 (ML11171A310)
PXS-PL-V126A,IRWST Injection Check Test,PXS,Passive Core Cooling System,Containment,Containment,C,I,ASME III-3,,True,False,,,,,,,,,,,,,DCD Tier 2 Table 3.2-3 (ML11171A425)
PXS-PL-V126B,IRWST Injection Check Test,PXS,Passive Core Cooling System,Containment,Containment,C,I,ASME III-3,,True,False,,,,,,,,,,,,,DCD Tier 2 Table 3.2-3 (ML11171A425)
PXS-PL-V127,IRWST Injection Line A Drain,PXS,Passive Core Cooling System,Containment,Containment,C,I,ASME III-3,,True,False,,,,,,,,,,,,,DCD Tier 2 Table 3.2-3 (ML11171A425)
PXS-PL-V128A,IRWST Injection Check Test,PXS,Passive Core Cooling System,Containment,Containment,A,I,ASME III-1,,True,False,,,,,,,,,,,,,DCD Tier 2 Table 3.2-3 (ML11171A425)
PXS-PL-V128B,IRWST Injection Check Test,PXS,Passive Core Cooling System,Containment,Containment,A,I,ASME III-1,,True,False,,,,,,,,,,,,,DCD Tier 2 Table 3.2-3 (ML11171A425)
PXS-PL-V129A,IRWST Injection Check Test,PXS,Passive Core Cooling System,Containment,Containment,A,I,ASME III-1,,True,False,,,,,,,,,,,,,DCD Tier 2 Table 3.2-3 (ML11171A425)
PXS-PL-V129B,IRWST Injection Check Test,PXS,Passive Core Cooling System,Containment,Containment,A,I,ASME III-1,,True,False,,,,,,,,,,,,,DCD Tier 2 Table 3.2-3 (ML11171A425)
PXS-PL-V130A,IRWST Gutter Bypass A Isolation,PXS,Passive Core Cooling System,Containment,Containment,C,I,ASME III-3,,True,True,2.2.3-1,Yes,Yes,Yes/Yes,Yes,Transfer Closed,Yes (Position),Closed,,Yes/Yes,,Equipment=IRWST Gutter Bypass Isolation Valve (Position); Display=Yes (Position); Control Function=-,DCD Tier 2 Table 3.2-3 (ML11171A425); Tier 1 2.2.3-1 (ML11171A310)
PXS-PL-V130B,IRWST Gutter Bypass B Isolation,PXS,Passive Core Cooling System,Containment,Containment,C,I,ASME III-3,,True,True,2.2.3-1,Yes,Yes,Yes/Yes,Yes,Transfer Closed,Yes (Position),Closed,,Yes/Yes,,Equipment=IRWST Gutter Bypass Isolation Valve (Position); Display=Yes (Position); Control Function=-,DCD Tier 2 Table 3.2-3 (ML11171A425); Tier 1 2.2.3-1 (ML11171A310)
PXS-PL-V131A,IRWST Injection Line A Drain,PXS,Passive Core Cooling System,Containment,Containment,B,I,ASME III-2,,True,False,,,,,,,,,,,,,DCD Tier 2 Table 3.2-3 (ML11171A425)
PXS-PL-V131B,IRWST Injection Line B Drain,PXS,Passive Core Cooling System,Containment,Containment,B,I,ASME III-2,,True,False,,,,,,,,,,,,,DCD Tier 2 Table 3.2-3 (ML11171A425)
PXS-PL-V132A,IRWST Injection Line A Drain,PXS,Passive Core Cooling System,Containment,Containment,B,I,ASME III-2,,True,False,,,,,,,,,,,,,DCD Tier 2 Table 3.2-3 (ML11171A425)
PXS-PL-V132B,IRWST Injection Line B Drain,PXS,Passive Core Cooling System,Containment,Containment,B,I,ASME III-2,,True,False,,,,,,,,,,,,,DCD Tier 2 Table 3.2-3 (ML11171A425)
PXS-PL-V133A,IRWST Injection Line A Highpoint Vent,PXS,Passive Core Cooling System,Containment,Containment,B,I,ASME III-2,,True,False,,,,,,,,,,,,,DCD Tier 2 Table 3.2-3 (ML11171A425)
PXS-PL-V133B,IRWST Injection Line B Highpoint Vent,PXS,Passive Core Cooling System,Containment,Containment,B,I,ASME III-2,,True,False,,,,,,,,,,,,,DCD Tier 2 Table 3.2-3 (ML11171A425)
PXS-PL-V134A,IRWST Injection Line A Highpoint Vent,PXS,Passive Core Cooling System,Containment,Containment,B,I,ASME III-2,,True,False,,,,,,,,,,,,,DCD Tier 2 Table 3.2-3 (ML11171A425)
PXS-PL-V134B,IRWST Injection Line B Highpoint Vent,PXS,Passive Core Cooling System,Containment,Containment,B,I,ASME III-2,,True,False,,,,,,,,,,,,,DCD Tier 2 Table 3.2-3 (ML11171A425)
PXS-PL-V135A,IRWST Injection Line A Highpoint Vent Isolation,PXS,Passive Core Cooling System,Containment,Containment,B,I,ASME III-2,,True,False,,,,,,,,,,,,,DCD Tier 2 Table 3.2-3 (ML11171A425)
PXS-PL-V135B,IRWST Injection Line B Highpoint Vent Isolation,PXS,Passive Core Cooling System,Containment,Containment,B,I,ASME III-2,,True,False,,,,,,,,,,,,,DCD Tier 2 Table 3.2-3 (ML11171A425)
PXS-PL-V149,RNS Suction Pump Line Drain,PXS,Passive Core Cooling System,Containment,Containment,C,I,ASME III-3,,True,False,,,,,,,,,,,,,DCD Tier 2 Table 3.2-3 (ML11171A425)
PXS-PL-V150A,IRWST Level Transmitter A Isolation,PXS,Passive Core Cooling System,Containment,Containment,C,I,ASME III-3,,True,False,,,,,,,,,,,,,DCD Tier 2 Table 3.2-3 (ML11171A425)
PXS-PL-V150B,IRWST Level Transmitter B Isolation,PXS,Passive Core Cooling System,Containment,Containment,C,I,ASME III-3,,True,False,,,,,,,,,,,,,DCD Tier 2 Table 3.2-3 (ML11171A425)
PXS-PL-V150C,IRWST Level Transmitter C Isolation,PXS,Passive Core Cooling System,Containment,Containment,C,I,ASME III-3,,True,False,,,,,,,,,,,,,DCD Tier 2 Table 3.2-3 (ML11171A425)
PXS-PL-V150D,IRWST Level Transmitter D Isolation,PXS,Passive Core Cooling System,Containment,Containment,C,I,ASME III-3,,True,False,,,,,,,,,,,,,DCD Tier 2 Table 3.2-3 (ML11171A425)
PXS-PL-V151A,IRWST Level Transmitter A Isolation,PXS,Passive Core Cooling System,Containment,Containment,C,I,ASME III-3,,True,False,,,,,,,,,,,,,DCD Tier 2 Table 3.2-3 (ML11171A425)
PXS-PL-V151B,IRWST Level Transmitter B Isolation,PXS,Passive Core Cooling System,Containment,Containment,C,I,ASME III-3,,True,False,,,,,,,,,,,,,DCD Tier 2 Table 3.2-3 (ML11171A425)
PXS-PL-V151C,IRWST Level Transmitter C Isolation,PXS,Passive Core Cooling System,Containment,Containment,C,I,ASME III-3,,True,False,,,,,,,,,,,,,DCD Tier 2 Table 3.2-3 (ML11171A425)
PXS-PL-V151D,IRWST Level Transmitter D Isolation,PXS,Passive Core Cooling System,Containment,Containment,C,I,ASME III-3,,True,False,,,,,,,,,,,,,DCD Tier 2 Table 3.2-3 (ML11171A425)
PXS-PL-V201A,Accumulator A Leak Test,PXS,Passive Core Cooling System,Containment,Containment,B,I,ASME III-2,,True,False,,,,,,,,,,,,,DCD Tier 2 Table 3.2-3 (ML11171A425)
PXS-PL-V201B,Accumulator B Leak Test,PXS,Passive Core Cooling System,Containment,Containment,B,I,ASME III-2,,True,False,,,,,,,,,,,,,DCD Tier 2 Table 3.2-3 (ML11171A425)
PXS-PL-V202A,Accumulator A Leak Test,PXS,Passive Core Cooling System,Containment,Containment,C,I,ASME III-3,,True,False,,,,,,,,,,,,,DCD Tier 2 Table 3.2-3 (ML11171A425)
PXS-PL-V202B,Accumulator B Leak Test,PXS,Passive Core Cooling System,Containment,Containment,C,I,ASME III-3,,True,False,,,,,,,,,,,,,DCD Tier 2 Table 3.2-3 (ML11171A425)
PXS-PL-V205A,RNS Discharge Leak Test,PXS,Passive Core Cooling System,Containment,Containment,B,I,ASME III-2,,True,False,,,,,,,,,,,,,DCD Tier 2 Table 3.2-3 (ML11171A425)
PXS-PL-V205B,RNS Discharge Leak Test,PXS,Passive Core Cooling System,Containment,Containment,B,I,ASME III-2,,True,False,,,,,,,,,,,,,DCD Tier 2 Table 3.2-3 (ML11171A425)
PXS-PL-V206,RNS Discharge Leak Test,PXS,Passive Core Cooling System,Containment,Containment,C,I,ASME III-3,,True,False,,,,,,,,,,,,,DCD Tier 2 Table 3.2-3 (ML11171A425)
PXS-PL-V207A,RNS Suction Leak Test,PXS,Passive Core Cooling System,Containment,Containment,B,I,ASME III-2,,True,False,,,,,,,,,,,,,DCD Tier 2 Table 3.2-3 (ML11171A425)
PXS-PL-V207B,RNS Suction Leak Test,PXS,Passive Core Cooling System,Containment,Containment,B,I,ASME III-2,,True,False,,,,,,,,,,,,,DCD Tier 2 Table 3.2-3 (ML11171A425)
PXS-PL-V208A,RNS Suction Leak Test,PXS,Passive Core Cooling System,Containment,Containment,B,I,ASME III-2,,True,True,2.2.3-1,Yes,Yes,- / -,No,-,No,-,,-/-,,,DCD Tier 2 Table 3.2-3 (ML11171A425); Tier 1 2.2.3-1 (ML11171A310)
PXS-PL-V217,PXS Leak Test Line Isolation,PXS,Passive Core Cooling System,Containment,Containment,D,NS,ANSI B31.1,,True,False,,,,,,,,,,,,,DCD Tier 2 Table 3.2-3 (ML11171A425)
PXS-PL-V221,Test Header to IRWST,PXS,Passive Core Cooling System,Containment,Containment,D,NS,ANSI B31.1,,True,False,,,,,,,,,,,,,DCD Tier 2 Table 3.2-3 (ML11171A425)
PXS-PL-V230A,CMT A Fill Isolation,PXS,Passive Core Cooling System,Containment,Containment,B,I,ASME III-2,,True,False,,,,,,,,,,,,,DCD Tier 2 Table 3.2-3 (ML11171A425)
PXS-PL-V230B,CMT B Fill Isolation,PXS,Passive Core Cooling System,Containment,Containment,B,I,ASME III-2,,True,False,,,,,,,,,,,,,DCD Tier 2 Table 3.2-3 (ML11171A425)
PXS-PL-V231A,CMT A Fill Check,PXS,Passive Core Cooling System,Containment,Containment,B,I,ASME III-2,,True,False,,,,,,,,,,,,,DCD Tier 2 Table 3.2-3 (ML11171A425)
PXS-PL-V231B,CMT B Fill Check,PXS,Passive Core Cooling System,Containment,Containment,B,I,ASME III-2,,True,False,,,,,,,,,,,,,DCD Tier 2 Table 3.2-3 (ML11171A425)
PXS-PL-V232A,Accumulator A Fill/Drain Isolation,PXS,Passive Core Cooling System,Containment,Containment,C,I,ASME III-3,,True,False,,,,,,,,,,,,,DCD Tier 2 Table 3.2-3 (ML11171A425)
PXS-PL-V232B,Accumulator B Fill/Drain Isolation,PXS,Passive Core Cooling System,Containment,Containment,C,I,ASME III-3,,True,False,,,,,,,,,,,,,DCD Tier 2 Table 3.2-3 (ML11171A425)
PXS-PL-V250A,CMT A Check Valve Test Valve,PXS,Passive Core Cooling System,Containment,Containment,A,I,ASME III-1,,True,False,,,,,,,,,,,,,DCD Tier 2 Table 3.2-3 (ML11171A425)
PXS-PL-V250B,CMT B Check Valve Test Valve,PXS,Passive Core Cooling System,Containment,Containment,A,I,ASME III-1,,True,False,,,,,,,,,,,,,DCD Tier 2 Table 3.2-3 (ML11171A425)
PXS-PL-V251A,CMT A Check Valve Test Valve,PXS,Passive Core Cooling System,Containment,Containment,A,I,ASME III-1,,True,False,,,,,,,,,,,,,DCD Tier 2 Table 3.2-3 (ML11171A425)
PXS-PL-V251B,CMT B Check Valve Test Valve,PXS,Passive Core Cooling System,Containment,Containment,A,I,ASME III-1,,True,False,,,,,,,,,,,,,DCD Tier 2 Table 3.2-3 (ML11171A425)
PXS-PL-V252A,CMT A Check Valve Test Valve,PXS,Passive Core Cooling System,Containment,Containment,A,I,ASME III-1,,True,False,,,,,,,,,,,,,DCD Tier 2 Table 3.2-3 (ML11171A425)
PXS-PL-V252B,CMT B Check Valve Test Valve,PXS,Passive Core Cooling System,Containment,Containment,A,I,ASME III-1,,True,False,,,,,,,,,,,,,DCD Tier 2 Table 3.2-3 (ML11171A425)
PXS-PY-C01,Nitrogen Makeup Containment Penetration,PXS,Passive Core Cooling System,Containment,Containment,B,I,"ASME III, 2",,True,False,,,,,,,,,,,,,DCD Tier 2 Table 3.2-3 (ML11171A425)
RCS-MB-01,Steam Generator 1,RCS,Reactor Coolant System,Containment,Containment,A,I,ASME III-1,,True,True,2.1.2-1,Yes,Yes,-/-,-,-,-,-,Containment,-,,,DCD Tier 2 Table 3.2-3 (ML11171A425); Tier 1 2.1.2-1 (ML11171A308)
RCS-MB-02,Steam Generator 2,RCS,Reactor Coolant System,Containment,Containment,A,I,ASME III-1,,True,True,2.1.2-1,Yes,Yes,-/-,-,-,-,-,Containment,-,,,DCD Tier 2 Table 3.2-3 (ML11171A425); Tier 1 2.1.2-1 (ML11171A308)
RCS-MP-01A/B,SG 1A(B) Reactor Coolant Pump,RCS,Reactor Coolant System,Containment,Containment,A,I,ASME III-1,Pump Motor – Class D,True,False,,,,,,,,,,,,,DCD Tier 2 Table 3.2-3 (ML11171A425)
n/a,Rotor Shaft,RCS,Reactor Coolant System,Containment,Containment,C,I,Manufacturer Std,,True,False,,,,,,,,,,,,,DCD Tier 2 Table 3.2-3 (ML11171A425)
n/a,Impeller,RCS,Reactor Coolant System,Containment,Containment,C,I,Manufacturer Std,,True,False,,,,,,,,,,,,,DCD Tier 2 Table 3.2-3 (ML11171A425)
n/a,Flywheel,RCS,Reactor Coolant System,Containment,Containment,C,I,Manufacturer Std,,True,False,,,,,,,,,,,,,DCD Tier 2 Table 3.2-3 (ML11171A425)
n/a,RCP Heat Exchanger (Tube Side),RCS,Reactor Coolant System,Containment,Containment,A,I,ASME III-1,"Shellside – Class D, ASME VIII, Div. 1",True,False,,,,,,,,,,,,,DCD Tier 2 Table 3.2-3 (ML11171A425)
n/a,Pump Motor Cooling Water to HX Inlet Connector,RCS,Reactor Coolant System,Containment,Containment,A,I,ASME III-1,,True,False,,,,,,,,,,,,,DCD Tier 2 Table 3.2-3 (ML11171A425)
n/a,Pump Motor Cooling Water from HX Outlet Connector,RCS,Reactor Coolant System,Containment,Containment,A,I,ASME III-1,,True,False,,,,,,,,,,,,,DCD Tier 2 Table 3.2-3 (ML11171A425)
RCS-MP-02A/B,SG 2A(B) Reactor Coolant Pump,RCS,Reactor Coolant System,Containment,Containment,A,I,ASME III-1,Pump Motor – Class D,True,False,,,,,,,,,,,,,DCD Tier 2 Table 3.2-3 (ML11171A425)
n/a,Rotor Shaft,RCS,Reactor Coolant System,Containment,Containment,C,I,Manufacturer Std,,True,False,,,,,,,,,,,,,DCD Tier 2 Table 3.2-3 (ML11171A425)
n/a,Impeller,RCS,Reactor Coolant System,Containment,Containment,C,I,Manufacturer Std,,True,False,,,,,,,,,,,,,DCD Tier 2 Table 3.2-3 (ML11171A425)
n/a,Flywheel,RCS,Reactor Coolant System,Containment,Containment,C,I,Manufacturer Std,,True,False,,,,,,,,,,,,,DCD Tier 2 Table 3.2-3 (ML11171A425)
n/a,RCP Heat Exchanger (Tube Side),RCS,Reactor Coolant System,Containment,Containment,A,I,ASME III-1,"Shellside – Class D, ASME VIII, Div. 1",True,False,,,,,,,,,,,,,DCD Tier 2 Table 3.2-3 (ML11171A425)
n/a,Pump Motor Cooling Water to HX Inlet Connector,RCS,Reactor Coolant System,Containment,Containment,A,I,ASME III-1,,True,False,,,,,,,,,,,,,DCD Tier 2 Table 3.2-3 (ML11171A425)
n/a,Pump Motor Cooling Water from HX Outlet Connector,RCS,Reactor Coolant System,Containment,Containment,A,I,ASME III-1,,True,False,,,,,,,,,,,,,DCD Tier 2 Table 3.2-3 (ML11171A425)
RCS-MV-01,Reactor Vessel,RCS,Reactor Coolant System,Containment,Containment,A,I,ASME III-1,,True,False,,,,,,,,,,,,,DCD Tier 2 Table 3.2-3 (ML11171A425)
RCS-MV-02,Pressurizer,RCS,Reactor Coolant System,Containment,Containment,A,I,ASME III-1,,True,True,2.1.2-1,Yes,Yes,No/No (heaters),-,No,-,-,Containment,Yes/No (heater trip),,,DCD Tier 2 Table 3.2-3 (ML11171A425); Tier 1 2.1.2-1 (ML11171A308)
RCS-MY-Y11,SG 1 Shell,RCS,Reactor Coolant System,Containment,Containment,B,I,ASME III-1,,True,False,,,,,,,,,,,,,DCD Tier 2 Table 3.2-3 (ML11171A425)
RCS-MY-Y12,SG 1 Channel Head Divider Plate,RCS,Reactor Coolant System,Containment,Containment,B,I,ASME III-1,,True,False,,,,,,,,,,,,,DCD Tier 2 Table 3.2-3 (ML11171A425)
RCS-MY-Y13,SG 1 Tube Bundle Support Assembly,RCS,Reactor Coolant System,Containment,Containment,C,I,"ASME III, NG",,True,False,,,,,,,,,,,,,DCD Tier 2 Table 3.2-3 (ML11171A425)
RCS-MY-Y14,SG 1 Steam Flow Limiting Venturi,RCS,Reactor Coolant System,Containment,Containment,B,I,"ASME III, NG",,True,False,,,,,,,,,,,,,DCD Tier 2 Table 3.2-3 (ML11171A425)
RCS-MY-Y15,SG 1 Feedwater Distribution Ring Supports,RCS,Reactor Coolant System,Containment,Containment,B,I,"ASME III, NG",,True,False,,,,,,,,,,,,,DCD Tier 2 Table 3.2-3 (ML11171A425)
RCS-MY-Y21,SG 2 Shell,RCS,Reactor Coolant System,Containment,Containment,B,I,ASME III-1,,True,False,,,,,,,,,,,,,DCD Tier 2 Table 3.2-3 (ML11171A425)
RCS-MY-Y22,SG 2 Channel Head Divider Plate,RCS,Reactor Coolant System,Containment,Containment,B,I,ASME III-1,,True,False,,,,,,,,,,,,,DCD Tier 2 Table 3.2-3 (ML11171A425)
RCS-MY-Y23,SG 2 Tube Bundle Support Assembly,RCS,Reactor Coolant System,Containment,Containment,C,I,"ASME III, NG",,True,False,,,,,,,,,,,,,DCD Tier 2 Table 3.2-3 (ML11171A425)
RCS-MY-Y24,SG 2 Steam Flow Limiting Venturi,RCS,Reactor Coolant System,Containment,Containment,B,I,"ASME III, NG",,True,False,,,,,,,,,,,,,DCD Tier 2 Table 3.2-3 (ML11171A425)
RCS-MY-Y25,SG 2 Feedwater Distribution Ring Supports,RCS,Reactor Coolant System,Containment,Containment,B,I,"ASME III, NG",,True,False,,,,,,,,,,,,,DCD Tier 2 Table 3.2-3 (ML11171A425)
RCS-PL-V001A,First Stage ADS,RCS,Reactor Coolant System,Containment,Containment,A,I,ASME III-1,,True,True,2.1.2-1,Yes,Yes,Yes/Yes,Yes,Transfer Open,Yes (Valve Position),As Is,,Yes/Yes,,,DCD Tier 2 Table 3.2-3 (ML11171A425); Tier 1 2.1.2-1 (ML11171A308)
RCS-PL-V001B,First Stage ADS,RCS,Reactor Coolant System,Containment,Containment,A,I,ASME III-1,,True,True,2.1.2-1,Yes,Yes,Yes/Yes,Yes,Transfer Open,Yes (Valve Position),As Is,,Yes/Yes,,,DCD Tier 2 Table 3.2-3 (ML11171A425); Tier 1 2.1.2-1 (ML11171A308)
RCS-PL-V002A,Second Stage ADS,RCS,Reactor Coolant System,Containment,Containment,A,I,ASME III-1,,True,True,2.1.2-1,Yes,Yes,Yes/Yes,Yes,Transfer Open,Yes (Valve Position),As Is,,Yes/Yes,,,DCD Tier 2 Table 3.2-3 (ML11171A425); Tier 1 2.1.2-1 (ML11171A308)
RCS-PL-V002B,Second Stage ADS,RCS,Reactor Coolant System,Containment,Containment,A,I,ASME III-1,,True,True,2.1.2-1,Yes,Yes,Yes/Yes,Yes,Transfer Open,Yes (Valve Position),As Is,,Yes/Yes,,,DCD Tier 2 Table 3.2-3 (ML11171A425); Tier 1 2.1.2-1 (ML11171A308)
RCS-PL-V003A,Third Stage ADS,RCS,Reactor Coolant System,Containment,Containment,A,I,ASME III-1,,True,True,2.1.2-1,Yes,Yes,Yes/Yes,Yes,Transfer Open,Yes (Valve Position),As Is,,Yes/Yes,,,DCD Tier 2 Table 3.2-3 (ML11171A425); Tier 1 2.1.2-1 (ML11171A308)
RCS-PL-V003B,Third Stage ADS,RCS,Reactor Coolant System,Containment,Containment,A,I,ASME III-1,,True,True,2.1.2-1,Yes,Yes,Yes/Yes,Yes,Transfer Open,Yes (Valve Position),As Is,,Yes/Yes,,,DCD Tier 2 Table 3.2-3 (ML11171A425); Tier 1 2.1.2-1 (ML11171A308)
RCS-PL-V004A,Fourth Stage ADS,RCS,Reactor Coolant System,Containment,Containment,A,I,ASME III-1,,True,True,2.1.2-1,Yes,Yes,Yes/Yes,Yes,Transfer Open,Yes (Valve Position),As Is,,Yes/Yes,,Equipment=Fourth-stage ADS Squib Valve (Position Indication); Display=Yes; Control Function=-,DCD Tier 2 Table 3.2-3 (ML11171A425); Tier 1 2.1.2-1 (ML11171A308)
RCS-PL-V004B,Fourth Stage ADS,RCS,Reactor Coolant System,Containment,Containment,A,I,ASME III-1,,True,True,2.1.2-1,Yes,Yes,Yes/Yes,Yes,Transfer Open,Yes (Valve Position),As Is,,Yes/Yes,,Equipment=Fourth-stage ADS Squib Valve (Position Indication); Display=Yes; Control Function=-,DCD Tier 2 Table 3.2-3 (ML11171A425); Tier 1 2.1.2-1 (ML11171A308)
RCS-PL-V004C,Fourth Stage ADS,RCS,Reactor Coolant System,Containment,Containment,A,I,ASME III-1,,True,True,2.1.2-1,Yes,Yes,Yes/Yes,Yes,Transfer Open,Yes (Valve Position),As Is,,Yes/Yes,,Equipment=Fourth-stage ADS Squib Valve (Position Indication); Display=Yes; Control Function=-,DCD Tier 2 Table 3.2-3 (ML11171A425); Tier 1 2.1.2-1 (ML11171A308)
RCS-PL-V004D,Fourth Stage ADS,RCS,Reactor Coolant System,Containment,Containment,A,I,ASME III-1,,True,True,2.1.2-1,Yes,Yes,Yes/Yes,Yes,Transfer Open,Yes (Valve Position),As Is,,Yes/Yes,,Equipment=Fourth-stage ADS Squib Valve (Position Indication); Display=Yes; Control Function=-,DCD Tier 2 Table 3.2-3 (ML11171A425); Tier 1 2.1.2-1 (ML11171A308)
RCS-PL-V005A,Pressurizer Safety Valve,RCS,Reactor Coolant System,Containment,Containment,A,I,ASME III-1,,True,True,2.1.2-1,Yes,Yes,-/-,No,Transfer Open/ Transfer Closed,No,-,,-/-,,Equipment=Pressurizer Safety Valve (Position Indication); Display=Yes; Control Function=-,DCD Tier 2 Table 3.2-3 (ML11171A425); Tier 1 2.1.2-1 (ML11171A308)
RCS-PL-V005B,Pressurizer Safety Valve,RCS,Reactor Coolant System,Containment,Containment,A,I,ASME III-1,,True,True,2.1.2-1,Yes,Yes,-/-,No,Transfer Open/ Transfer Closed,No,-,,-/-,,Equipment=Pressurizer Safety Valve (Position Indication); Display=Yes; Control Function=-,DCD Tier 2 Table 3.2-3 (ML11171A425); Tier 1 2.1.2-1 (ML11171A308)
RCS-PL-V007A,ADS Test Valve,RCS,Reactor Coolant System,Containment,Containment,B,I,ASME III-2,,True,False,,,,,,,,,,,,,DCD Tier 2 Table 3.2-3 (ML11171A425)
RCS-PL-V007B,ADS Test Valve,RCS,Reactor Coolant System,Containment,Containment,B,I,ASME III-2,,True,False,,,,,,,,,,,,,DCD Tier 2 Table 3.2-3 (ML11171A425)
RCS-PL-V010A,ADS Discharge Header A Vacuum Relief,RCS,Reactor Coolant System,Containment,Containment,C,I,ASME III-3,,True,True,2.1.2-1,Yes,Yes,Yes/Yes,No,Transfer Open,No,-,,No/No,,,DCD Tier 2 Table 3.2-3 (ML11171A425); Tier 1 2.1.2-1 (ML11171A308)
RCS-PL-V010B,ADS Discharge Header B Vacuum Relief,RCS,Reactor Coolant System,Containment,Containment,C,I,ASME III-3,,True,True,2.1.2-1,Yes,Yes,Yes/Yes,No,Transfer Open,No,-,,No/No,,,DCD Tier 2 Table 3.2-3 (ML11171A425); Tier 1 2.1.2-1 (ML11171A308)
RCS-PL-V011A,First Stage ADS Isolation,RCS,Reactor Coolant System,Containment,Containment,A,I,ASME III-1,,True,True,2.1.2-1,Yes,Yes,Yes/Yes,Yes,Transfer Open,Yes (Valve Position),As Is,,Yes/Yes,,,DCD Tier 2 Table 3.2-3 (ML11171A425); Tier 1 2.1.2-1 (ML11171A308)
RCS-PL-V011B,First Stage ADS Isolation,RCS,Reactor Coolant System,Containment,Containment,A,I,ASME III-1,,True,True,2.1.2-1,Yes,Yes,Yes/Yes,Yes,Transfer Open,Yes (Valve Position),As Is,,Yes/Yes,,,DCD Tier 2 Table 3.2-3 (ML11171A425); Tier 1 2.1.2-1 (ML11171A308)
RCS-PL-V012A,Second Stage ADS Isolation,RCS,Reactor Coolant System,Containment,Containment,A,I,ASME III-1,,True,True,2.1.2-1,Yes,Yes,Yes/Yes,Yes,Transfer Open,Yes (Valve Position),As Is,,Yes/Yes,,,DCD Tier 2 Table 3.2-3 (ML11171A425); Tier 1 2.1.2-1 (ML11171A308)
RCS-PL-V012B,Second Stage ADS Isolation,RCS,Reactor Coolant System,Containment,Containment,A,I,ASME III-1,,True,True,2.1.2-1,Yes,Yes,Yes/Yes,Yes,Transfer Open,Yes (Valve Position),As Is,,Yes/Yes,,,DCD Tier 2 Table 3.2-3 (ML11171A425); Tier 1 2.1.2-1 (ML11171A308)
RCS-PL-V013A,Third Stage ADS Isolation,RCS,Reactor Coolant System,Containment,Containment,A,I,ASME III-1,,True,True,2.1.2-1,Yes,Yes,Yes/Yes,Yes,Transfer Open,Yes (Valve Position),As Is,,Yes/Yes,,,DCD Tier 2 Table 3.2-3 (ML11171A425); Tier 1 2.1.2-1 (ML11171A308)
RCS-PL-V013B,Third Stage ADS Isolation,RCS,Reactor Coolant System,Containment,Containment,A,I,ASME III-1,,True,True,2.1.2-1,Yes,Yes,Yes/Yes,Yes,Transfer Open,Yes (Valve Position),As Is,,Yes/Yes,,,DCD Tier 2 Table 3.2-3 (ML11171A425); Tier 1 2.1.2-1 (ML11171A308)
RCS-PL-V014A,Fourth Stage ADS Isolation,RCS,Reactor Coolant System,Containment,Containment,A,I,ASME III-1,,True,True,2.1.2-1,Yes,Yes,Yes/Yes,Yes,None,Yes (Valve Position),As Is,,Yes/No,,,DCD Tier 2 Table 3.2-3 (ML11171A425); Tier 1 2.1.2-1 (ML11171A308)
RCS-PL-V014B,Fourth Stage ADS Isolation,RCS,Reactor Coolant System,Containment,Containment,A,I,ASME III-1,,True,True,2.1.2-1,Yes,Yes,Yes/Yes,Yes,None,Yes (Valve Position),As Is,,Yes/No,,,DCD Tier 2 Table 3.2-3 (ML11171A425); Tier 1 2.1.2-1 (ML11171A308)
RCS-PL-V014C,Fourth Stage ADS Isolation,RCS,Reactor Coolant System,Containment,Containment,A,I,ASME III-1,,True,True,2.1.2-1,Yes,Yes,Yes/Yes,Yes,None,Yes (Valve Position),As Is,,Yes/No,,,DCD Tier 2 Table 3.2-3 (ML11171A425); Tier 1 2.1.2-1 (ML11171A308)
RCS-PL-V014D,Fourth Stage ADS Isolation,RCS,Reactor Coolant System,Containment,Containment,A,I,ASME III-1,,True,True,2.1.2-1,Yes,Yes,Yes/Yes,Yes,None,Yes (Valve Position),As Is,,Yes/No,,,DCD Tier 2 Table 3.2-3 (ML11171A425); Tier 1 2.1.2-1 (ML11171A308)
RCS-PL-V095,Hot Leg 2 Level Instrument Root,RCS,Reactor Coolant System,Containment,Containment,B,I,ASME III-2,,True,False,,,,,,,,,,,,,DCD Tier 2 Table 3.2-3 (ML11171A425)
RCS-PL-V096,Hot Leg 2 Level Instrument Root,RCS,Reactor Coolant System,Containment,Containment,B,I,ASME III-2,ADS Test Valve,True,False,,,,,,,,,,,,,DCD Tier 2 Table 3.2-3 (ML11171A425)
RCS-PL-V097,Hot Leg 1 Level Instrument Root,RCS,Reactor Coolant System,Containment,Containment,B,I,ASME III-2,,True,False,,,,,,,,,,,,,DCD Tier 2 Table 3.2-3 (ML11171A425)
RCS-PL-V098,Hot Leg 1 Level Instrument Root,RCS,Reactor Coolant System,Containment,Containment,B,I,ASME III-2,,True,False,,,,,,,,,,,,,DCD Tier 2 Table 3.2-3 (ML11171A425)
RCS-PL-V101A,Hot Leg 1 Flow Instrument Root,RCS,Reactor Coolant System,Containment,Containment,B,I,ASME III-2,,True,False,,,,,,,,,,,,,DCD Tier 2 Table 3.2-3 (ML11171A425)
RCS-PL-V101B,Hot Leg 1 Flow Instrument Root,RCS,Reactor Coolant System,Containment,Containment,B,I,ASME III-2,,True,False,,,,,,,,,,,,,DCD Tier 2 Table 3.2-3 (ML11171A425)
RCS-PL-V101C,Hot Leg 1 Flow Instrument Root,RCS,Reactor Coolant System,Containment,Containment,B,I,ASME III-2,,True,False,,,,,,,,,,,,,DCD Tier 2 Table 3.2-3 (ML11171A425)
RCS-PL-V101D,Hot Leg 1 Flow Instrument Root,RCS,Reactor Coolant System,Containment,Containment,B,I,ASME III-2,,True,False,,,,,,,,,,,,,DCD Tier 2 Table 3.2-3 (ML11171A425)
RCS-PL-V101E,Hot Leg 1 Flow Instrument Root,RCS,Reactor Coolant System,Containment,Containment,B,I,ASME III-2,,True,False,,,,,,,,,,,,,DCD Tier 2 Table 3.2-3 (ML11171A425)
RCS-PL-V101F,Hot Leg 1 Flow Instrument Root,RCS,Reactor Coolant System,Containment,Containment,B,I,ASME III-2,,True,False,,,,,,,,,,,,,DCD Tier 2 Table 3.2-3 (ML11171A425)
RCS-PL-V102A,Hot Leg 2 Flow Instrument Root,RCS,Reactor Coolant System,Containment,Containment,B,I,ASME III-2,,True,False,,,,,,,,,,,,,DCD Tier 2 Table 3.2-3 (ML11171A425)
RCS-PL-V102B,Hot Leg 2 Flow Instrument Root,RCS,Reactor Coolant System,Containment,Containment,B,I,ASME III-2,,True,False,,,,,,,,,,,,,DCD Tier 2 Table 3.2-3 (ML11171A425)
RCS-PL-V102C,Hot Leg 2 Flow Instrument Root,RCS,Reactor Coolant System,Containment,Containment,B,I,ASME III-2,,True,False,,,,,,,,,,,,,DCD Tier 2 Table 3.2-3 (ML11171A425)
RCS-PL-V102D,Hot Leg 2 Flow Instrument Root,RCS,Reactor Coolant System,Containment,Containment,B,I,ASME III-2,,True,False,,,,,,,,,,,,,DCD Tier 2 Table 3.2-3 (ML11171A425)
RCS-PL-V102E,Hot Leg 2 Flow Instrument Root,RCS,Reactor Coolant System,Containment,Containment,B,I,ASME III-2,,True,False,,,,,,,,,,,,,DCD Tier 2 Table 3.2-3 (ML11171A425)
RCS-PL-V102F,Hot Leg 2 Flow Instrument Root,RCS,Reactor Coolant System,Containment,Containment,B,I,ASME III-2,,True,False,,,,,,,,,,,,,DCD Tier 2 Table 3.2-3 (ML11171A425)
RCS-PL-V103,PRHR HX Outlet Line Drain,RCS,Reactor Coolant System,Containment,Containment,B,I,ASME III-2,,True,False,,,,,,,,,,,,,DCD Tier 2 Table 3.2-3 (ML11171A425)
RCS-PL-V171A,Cold Leg 1A Bend Instrument Root,RCS,Reactor Coolant System,Containment,Containment,B,I,ASME III-2,,True,False,,,,,,,,,,,,,DCD Tier 2 Table 3.2-3 (ML11171A425)
RCS-PL-V171B,Cold Leg 1A Bend Instrument Root,RCS,Reactor Coolant System,Containment,Containment,B,I,ASME III-2,,True,False,,,,,,,,,,,,,DCD Tier 2 Table 3.2-3 (ML11171A425)
RCS-PL-V172A,Cold Leg 1B Bend Instrument Root,RCS,Reactor Coolant System,Containment,Containment,B,I,ASME III-2,,True,False,,,,,,,,,,,,,DCD Tier 2 Table 3.2-3 (ML11171A425)
RCS-PL-V172B,Cold Leg 1B Bend Instrument Root,RCS,Reactor Coolant System,Containment,Containment,B,I,ASME III-2,,True,False,,,,,,,,,,,,,DCD Tier 2 Table 3.2-3 (ML11171A425)
RCS-PL-V173A,Cold Leg 2A Bend Instrument Root,RCS,Reactor Coolant System,Containment,Containment,B,I,ASME III-2,,True,False,,,,,,,,,,,,,DCD Tier 2 Table 3.2-3 (ML11171A425)
RCS-PL-V173B,Cold Leg 2A Bend Instrument Root,RCS,Reactor Coolant System,Containment,Containment,B,I,ASME III-2,,True,False,,,,,,,,,,,,,DCD Tier 2 Table 3.2-3 (ML11171A425)
RCS-PL-V174A,Cold Leg 2B Bend Instrument Root,RCS,Reactor Coolant System,Containment,Containment,B,I,ASME III-2,,True,False,,,,,,,,,,,,,DCD Tier 2 Table 3.2-3 (ML11171A425)
RCS-PL-V174B,Cold Leg 2B Bend Instrument Root,RCS,Reactor Coolant System,Containment,Containment,B,I,ASME III-2,,True,False,,,,,,,,,,,,,DCD Tier 2 Table 3.2-3 (ML11171A425)
RCS-PL-V108A,Hot Leg 1 Sample Isolation,RCS,Reactor Coolant System,Containment,Containment,B,I,ASME III-2,,True,False,,,,,,,,,,,,,DCD Tier 2 Table 3.2-3 (ML11171A425)
RCS-PL-V108B,Hot Leg 2 Sample Isolation,RCS,Reactor Coolant System,Containment,Containment,B,I,ASME III-2,,True,False,,,,,,,,,,,,,DCD Tier 2 Table 3.2-3 (ML11171A425)
RCS-PL-V110A,Pressurizer Spray Valve,RCS,Reactor Coolant System,Containment,Containment,A,I,ASME III-1,,True,True,2.1.2-3,,,,,,,,,,,Equipment=Pressurizer Spray Valve (Position Indication); Display=Yes; Control Function=-,DCD Tier 2 Table 3.2-3 (ML11171A425); Tier 1 2.1.2-3 (ML11171A308)
RCS-PL-V110B,Pressurizer Spray Valve,RCS,Reactor Coolant System,Containment,Containment,A,I,ASME III-1,,True,True,2.1.2-3,,,,,,,,,,,Equipment=Pressurizer Spray Valve (Position Indication); Display=Yes; Control Function=-,DCD Tier 2 Table 3.2-3 (ML11171A425); Tier 1 2.1.2-3 (ML11171A308)
RCS-PL-V111A,Pressurizer Spray Block Valve,RCS,Reactor Coolant System,Containment,Containment,A,I,ASME III-1,,True,False,,,,,,,,,,,,,DCD Tier 2 Table 3.2-3 (ML11171A425)
RCS-PL-V111B,Pressurizer Spray Block Valve,RCS,Reactor Coolant System,Containment,Containment,A,I,ASME III-1,,True,False,,,,,,,,,,,,,DCD Tier 2 Table 3.2-3 (ML11171A425)
RCS-PL-V120,Reactor Vessel Flange Leakoff,RCS,Reactor Coolant System,Containment,Containment,D,NS,ANSI B31.1,,True,False,,,,,,,,,,,,,DCD Tier 2 Table 3.2-3 (ML11171A425)
RCS-PL-V121,Reactor Vessel Flange Leakoff,RCS,Reactor Coolant System,Containment,Containment,D,NS,ANSI B31.1,,True,False,,,,,,,,,,,,,DCD Tier 2 Table 3.2-3 (ML11171A425)
RCS-PL-V122A,Reactor Vessel Flange Leakoff,RCS,Reactor Coolant System,Containment,Containment,D,NS,ANSI B31.1,,True,False,,,,,,,,,,,,,DCD Tier 2 Table 3.2-3 (ML11171A425)
RCS-PL-V122B,Reactor Vessel Flange Leakoff,RCS,Reactor Coolant System,Containment,Containment,D,NS,ANSI B31.1,,True,False,,,,,,,,,,,,,DCD Tier 2 Table 3.2-3 (ML11171A425)
RCS-PL-V150A,Reactor Vessel Head Vent,RCS,Reactor Coolant System,Containment,Containment,A,I,ASME III-1,,True,True,2.1.2-1,Yes,Yes,Yes/Yes,Yes,Transfer Open,Yes (Valve Position),Closed,,Yes/No,,Equipment=Reactor Vessel Head Vent Valve (Position Indication); Display=Yes; Control Function=-,DCD Tier 2 Table 3.2-3 (ML11171A425); Tier 1 2.1.2-1 (ML11171A308)
RCS-PL-V150B,Reactor Vessel Head Vent,RCS,Reactor Coolant System,Containment,Containment,A,I,ASME III-1,,True,True,2.1.2-1,Yes,Yes,Yes/Yes,Yes,Transfer Open,Yes (Valve Position),Closed,,Yes/No,,Equipment=Reactor Vessel Head Vent Valve (Position Indication); Display=Yes; Control Function=-,DCD Tier 2 Table 3.2-3 (ML11171A425); Tier 1 2.1.2-1 (ML11171A308)
RCS-PL-V150C,Reactor Vessel Head Vent,RCS,Reactor Coolant System,Containment,Containment,A,I,ASME III-1,,True,True,2.1.2-1,Yes,Yes,Yes/Yes,Yes,Transfer Open,Yes (Valve Position),Closed,,Yes/No,,Equipment=Reactor Vessel Head Vent Valve (Position Indication); Display=Yes; Control Function=-,DCD Tier 2 Table 3.2-3 (ML11171A425); Tier 1 2.1.2-1 (ML11171A308)
RCS-PL-V150D,Reactor Vessel Head Vent,RCS,Reactor Coolant System,Containment,Containment,A,I,ASME III-1,,True,True,2.1.2-1,Yes,Yes,Yes/Yes,Yes,Transfer Open,Yes (Valve Position),Closed,,Yes/No,,Equipment=Reactor Vessel Head Vent Valve (Position Indication); Display=Yes; Control Function=-,DCD Tier 2 Table 3.2-3 (ML11171A425); Tier 1 2.1.2-1 (ML11171A308)
RCS-PL-V204,Pressurizer Manual Vent,RCS,Reactor Coolant System,Containment,Containment,A,I,ASME III-1,,True,False,,,,,,,,,,,,,DCD Tier 2 Table 3.2-3 (ML11171A425)
RCS-PL-V205,Pressurizer Manual Vent,RCS,Reactor Coolant System,Containment,Containment,A,I,ASME III-1,,True,False,,,,,,,,,,,,,DCD Tier 2 Table 3.2-3 (ML11171A425)
RCS-PL-V210A,Pressurizer Spray Bypass,RCS,Reactor Coolant System,Containment,Containment,B,I,ASME III-2,,True,False,,,,,,,,,,,,,DCD Tier 2 Table 3.2-3 (ML11171A425)
RCS-PL-V210B,Pressurizer Spray Bypass,RCS,Reactor Coolant System,Containment,Containment,B,I,ASME III-2,,True,False,,,,,,,,,,,,,DCD Tier 2 Table 3.2-3 (ML11171A425)
RCS-PL-V225A,Pressurizer Level Steam Space Instrument Root,RCS,Reactor Coolant System,Containment,Containment,B,I,ASME III-2,,True,False,,,,,,,,,,,,,DCD Tier 2 Table 3.2-3 (ML11171A425)
RCS-PL-V225B,Pressurizer Level Steam Space Instrument Root,RCS,Reactor Coolant System,Containment,Containment,B,I,ASME III-2,,True,False,,,,,,,,,,,,,DCD Tier 2 Table 3.2-3 (ML11171A425)
RCS-PL-V225C,Pressurizer Level Steam Space Instrument Root,RCS,Reactor Coolant System,Containment,Containment,B,I,ASME III-2,,True,False,,,,,,,,,,,,,DCD Tier 2 Table 3.2-3 (ML11171A425)
RCS-PL-V225D,Pressurizer Level Steam Space Instrument Root,RCS,Reactor Coolant System,Containment,Containment,B,I,ASME III-2,,True,False,,,,,,,,,,,,,DCD Tier 2 Table 3.2-3 (ML11171A425)
RCS-PL-V226A,Pressurizer Level Liquid Space Instrument Root,RCS,Reactor Coolant System,Containment,Containment,B,I,ASME III-2,,True,False,,,,,,,,,,,,,DCD Tier 2 Table 3.2-3 (ML11171A425)
RCS-PL-V226B,Pressurizer Level Liquid Space Instrument Root,RCS,Reactor Coolant System,Containment,Containment,B,I,ASME III-2,,True,False,,,,,,,,,,,,,DCD Tier 2 Table 3.2-3 (ML11171A425)
RCS-PL-V226C,Pressurizer Level Liquid Space Instrument Root,RCS,Reactor Coolant System,Containment,Containment,B,I,ASME III-2,,True,False,,,,,,,,,,,,,DCD Tier 2 Table 3.2-3 (ML11171A425)
RCS-PL-V226D,Pressurizer Level Liquid Space Instrument Root,RCS,Reactor Coolant System,Containment,Containment,B,I,ASME III-2,,True,False,,,,,,,,,,,,,DCD Tier 2 Table 3.2-3 (ML11171A425)
RCS-PL-V228,Wide Range Pressurizer Level Steam Space Instrument Root,RCS,Reactor Coolant System,Containment,Containment,B,I,ASME III-2,,True,False,,,,,,,,,,,,,DCD Tier 2 Table 3.2-3 (ML11171A425)
RCS-PL-V229,Wide Range Pressurizer Level Liquid Space Instrument Root,RCS,Reactor Coolant System,Containment,Containment,B,I,ASME III-2,,True,False,,,,,,,,,,,,,DCD Tier 2 Table 3.2-3 (ML11171A425)
RCS-PL-V232,Manual Head Vent,RCS,Reactor Coolant System,Containment,Containment,C,I,ASME III-3,,True,False,,,,,,,,,,,,,DCD Tier 2 Table 3.2-3 (ML11171A425)
RCS-PL-V233,Head Vent Isolation,RCS,Reactor Coolant System,Containment,Containment,C,I,ASME III-3,,True,False,,,,,,,,,,,,,DCD Tier 2 Table 3.2-3 (ML11171A425)
RCS-PL-V241,ADS Valve Discharge Header Drain Isolation,RCS,Reactor Coolant System,Containment,Containment,C,I,ASME III-3,,True,False,,,,,,,,,,,,,DCD Tier 2 Table 3.2-3 (ML11171A425)
RCS-PL-V242,ADS Valve Discharge Header Drain Check,RCS,Reactor Coolant System,Containment,Containment,D,NS,ANSI 16.34,,True,False,,,,,,,,,,,,,DCD Tier 2 Table 3.2-3 (ML11171A425)
RCS-PL-V261A,RCP 1A Drain,RCS,Reactor Coolant System,Containment,Containment,A,I,ASME III-1,,True,False,,,,,,,,,,,,,DCD Tier 2 Table 3.2-3 (ML11171A425)
RCS-PL-V261B,RCP 1B Drain,RCS,Reactor Coolant System,Containment,Containment,A,I,ASME III-1,,True,False,,,,,,,,,,,,,DCD Tier 2 Table 3.2-3 (ML11171A425)
RCS-PL-V261C,RCP 2A Drain,RCS,Reactor Coolant System,Containment,Containment,A,I,ASME III-1,,True,False,,,,,,,,,,,,,DCD Tier 2 Table 3.2-3 (ML11171A425)
RCS-PL-V261D,RCP 2B Drain,RCS,Reactor Coolant System,Containment,Containment,A,I,ASME III-1,,True,False,,,,,,,,,,,,,DCD Tier 2 Table 3.2-3 (ML11171A425)
RCS-PL-V260A,RCP 1A Vent,RCS,Reactor Coolant System,Containment,Containment,A,I,ASME III-1,,True,False,,,,,,,,,,,,,DCD Tier 2 Table 3.2-3 (ML11171A425)
RCS-PL-V260B,RCP 1B Vent,RCS,Reactor Coolant System,Containment,Containment,A,I,ASME III-1,,True,False,,,,,,,,,,,,,DCD Tier 2 Table 3.2-3 (ML11171A425)
RCS-PL-V260C,RCP 2A Vent,RCS,Reactor Coolant System,Containment,Containment,A,I,ASME III-1,,True,False,,,,,,,,,,,,,DCD Tier 2 Table 3.2-3 (ML11171A425)
RCS-PL-V260D,RCP 2B Vent,RCS,Reactor Coolant System,Containment,Containment,A,I,ASME III-1,,True,False,,,,,,,,,,,,,DCD Tier 2 Table 3.2-3 (ML11171A425)
RCS-PY-K03,Safety Valve Discharge Chamber Rupture Disk,RCS,Reactor Coolant System,Containment,Containment,C,I,ASME III-3,,True,False,,,,,,,,,,,,,DCD Tier 2 Table 3.2-3 (ML11171A425)
RCS-PY-K04,Safety Valve Discharge Chamber Rupture Disk,RCS,Reactor Coolant System,Containment,Containment,C,I,ASME III-3,,True,False,,,,,,,,,,,,,DCD Tier 2 Table 3.2-3 (ML11171A425)
RNS-ME-01A,Normal Residual Heat Removal Heat Exchanger A (Tube Side),RNS,Normal Residual Heat Removal System,Containment and Auxiliary Building,Containment; Auxiliary Building,C,I,ASME III-3,"Shellside – Class D ASME VIII, Div. 1",True,True,2.3.6-1,Yes,Yes,-/-,-,-,-,-,Auxiliary Building,,-,,DCD Tier 2 Table 3.2-3 (ML11171A425); Tier 1 2.3.6-1 (ML11171A311)
RNS-ME-01B,Normal Residual Heat Removal Heat Exchanger B (Tube Side),RNS,Normal Residual Heat Removal System,Containment and Auxiliary Building,Containment; Auxiliary Building,C,I,ASME III-3,"Shellside – Class D ASME VIII, Div. 1",True,True,2.3.6-1,Yes,Yes,-/-,-,-,-,-,Auxiliary Building,,-,,DCD Tier 2 Table 3.2-3 (ML11171A425); Tier 1 2.3.6-1 (ML11171A311)
RNS-MP-01A,Residual Heat Removal Pump A,RNS,Normal Residual Heat Removal System,Containment and Auxiliary Building,Containment; Auxiliary Building,C,I,ASME III-3,Pump Motor - Class D,True,True,2.3.6-1,Yes,Yes,-/-,-,No,-,-,Auxiliary Building,,-,Display=Yes (Run Status); Control Function=Start,DCD Tier 2 Table 3.2-3 (ML11171A425); Tier 1 2.3.6-1 (ML11171A311)
RNS-MP-01B,Residual Heat Removal Pump B,RNS,Normal Residual Heat Removal System,Containment and Auxiliary Building,Containment; Auxiliary Building,C,I,ASME III-3,Pump Motor - Class D,True,True,2.3.6-1,Yes,Yes,-/-,-,No,-,-,Auxiliary Building,,-,Display=Yes (Run Status); Control Function=Start,DCD Tier 2 Table 3.2-3 (ML11171A425); Tier 1 2.3.6-1 (ML11171A311)
RNS-PL-V001A,RNS HL Suction Isolation - Inner,RNS,Normal Residual Heat Removal System,Containment and Auxiliary Building,Containment; Auxiliary Building,A,I,ASME III-1,,True,True,2.3.6-1,Yes,Yes,Yes/Yes,Yes,Transfer Closed,Yes (Valve Position),As Is,,,Yes,,DCD Tier 2 Table 3.2-3 (ML11171A425); Tier 1 2.3.6-1 (ML11171A311)
RNS-PL-V001B,RNS HL Suction Isolation - Inner,RNS,Normal Residual Heat Removal System,Containment and Auxiliary Building,Containment; Auxiliary Building,A,I,ASME III-1,,True,True,2.3.6-1,Yes,Yes,Yes/Yes,Yes,Transfer Closed,Yes (Valve Position),As Is,,,Yes,,DCD Tier 2 Table 3.2-3 (ML11171A425); Tier 1 2.3.6-1 (ML11171A311)
RNS-PL-V002A,RNS HL Suction and Containment Isolation - Outer,RNS,Normal Residual Heat Removal System,Containment and Auxiliary Building,Containment; Auxiliary Building,A,I,ASME III-1,,True,True,2.3.6-1,Yes,Yes,Yes/Yes,Yes,Transfer Closed,Yes (Valve Position),As Is,,,Yes,,DCD Tier 2 Table 3.2-3 (ML11171A425); Tier 1 2.3.6-1 (ML11171A311)
RNS-PL-V002B,RNS HL Suction and Containment Isolation - Outer,RNS,Normal Residual Heat Removal System,Containment and Auxiliary Building,Containment; Auxiliary Building,A,I,ASME III-1,,True,True,2.3.6-1,Yes,Yes,Yes/Yes,Yes,Transfer Closed,Yes (Valve Position),As Is,,,Yes,,DCD Tier 2 Table 3.2-3 (ML11171A425); Tier 1 2.3.6-1 (ML11171A311)
RNS-PL-V003A,RCS Pressure Boundary Valve Thermal Relief,RNS,Normal Residual Heat Removal System,Containment and Auxiliary Building,Containment; Auxiliary Building,B,I,ASME III-2,,True,True,2.3.6-1,Yes,Yes,-/-,No,Transfer Open/ Transfer Closed,No,-,,,-,,DCD Tier 2 Table 3.2-3 (ML11171A425); Tier 1 2.3.6-1 (ML11171A311)
RNS-PL-V003B,RCS Pressure Boundary Valve Thermal Relief,RNS,Normal Residual Heat Removal System,Containment and Auxiliary Building,Containment; Auxiliary Building,B,I,ASME III-2,,True,True,2.3.6-1,Yes,Yes,-/-,No,Transfer Open/ Transfer Closed,No,-,,,-,,DCD Tier 2 Table 3.2-3 (ML11171A425); Tier 1 2.3.6-1 (ML11171A311)
RNS-PL-V004A,RCS Pressure Boundary Valve Thermal Relief Isolation,RNS,Normal Residual Heat Removal System,Containment and Auxiliary Building,Containment; Auxiliary Building,B,I,ASME III-2,,True,False,,,,,,,,,,,,,DCD Tier 2 Table 3.2-3 (ML11171A425)
RNS-PL-V004B,RCS Pressure Boundary Valve Thermal Relief Isolation,RNS,Normal Residual Heat Removal System,Containment and Auxiliary Building,Containment; Auxiliary Building,B,I,ASME III-2,,True,False,,,,,,,,,,,,,DCD Tier 2 Table 3.2-3 (ML11171A425)
RNS-PL-V005A,RNS Pump A Suction Isolation,RNS,Normal Residual Heat Removal System,Containment and Auxiliary Building,Containment; Auxiliary Building,C,I,ASME III-3,,True,False,,,,,,,,,,,,,DCD Tier 2 Table 3.2-3 (ML11171A425)
RNS-PL-V005B,RNS Pump B Suction Isolation,RNS,Normal Residual Heat Removal System,Containment and Auxiliary Building,Containment; Auxiliary Building,C,I,ASME III-3,,True,False,,,,,,,,,,,,,DCD Tier 2 Table 3.2-3 (ML11171A425)
RNS-PL-V006A,RNS HX A Outlet Flow Control,RNS,Normal Residual Heat Removal System,Containment and Auxiliary Building,Containment; Auxiliary Building,C,I,ASME III-3,,True,False,,,,,,,,,,,,,DCD Tier 2 Table 3.2-3 (ML11171A425)
RNS-PL-V006B,RNS HX B Outlet Flow Control,RNS,Normal Residual Heat Removal System,Containment and Auxiliary Building,Containment; Auxiliary Building,C,I,ASME III-3,,True,False,,,,,,,,,,,,,DCD Tier 2 Table 3.2-3 (ML11171A425)
RNS-PL-V007A,RNS Pump A Discharge Isolation,RNS,Normal Residual Heat Removal System,Containment and Auxiliary Building,Containment; Auxiliary Building,C,I,ASME III-3,,True,False,,,,,,,,,,,,,DCD Tier 2 Table 3.2-3 (ML11171A425)
RNS-PL-V007B,RNS Pump B Discharge Isolation,RNS,Normal Residual Heat Removal System,Containment and Auxiliary Building,Containment; Auxiliary Building,C,I,ASME III-3,,True,False,,,,,,,,,,,,,DCD Tier 2 Table 3.2-3 (ML11171A425)
RNS-PL-V008A,RNS HX A Bypass Flow Control,RNS,Normal Residual Heat Removal System,Containment and Auxiliary Building,Containment; Auxiliary Building,C,I,ASME III-3,,True,False,,,,,,,,,,,,,DCD Tier 2 Table 3.2-3 (ML11171A425)
RNS-PL-V008B,RNS HX B Bypass Flow Control,RNS,Normal Residual Heat Removal System,Containment and Auxiliary Building,Containment; Auxiliary Building,C,I,ASME III-3,,True,False,,,,,,,,,,,,,DCD Tier 2 Table 3.2-3 (ML11171A425)
RNS-PL-V010,RNS Discharge Containment Isolation Valve Test,RNS,Normal Residual Heat Removal System,Containment and Auxiliary Building,Containment; Auxiliary Building,C,I,ASME III-3,,True,False,,,,,,,,,,,,,DCD Tier 2 Table 3.2-3 (ML11171A425)
RNS-PL-V011,RNS Discharge Containment Isolation Valve - ORC,RNS,Normal Residual Heat Removal System,Containment and Auxiliary Building,Containment; Auxiliary Building,B,I,ASME III-2,,True,True,2.3.6-1,Yes,Yes,Yes/No,Yes,Transfer Closed,Yes (Valve Position),As Is,,,Yes,,DCD Tier 2 Table 3.2-3 (ML11171A425); Tier 1 2.3.6-1 (ML11171A311)
RNS-PL-V012,RNS Discharge Containment Isolation Valve Test Connection ORC,RNS,Normal Residual Heat Removal System,Containment and Auxiliary Building,Containment; Auxiliary Building,B,I,ASME III-2,,True,True,2.3.6-1,Yes,Yes,-/-,No,Transfer Open,No,-,,,No,,DCD Tier 2 Table 3.2-3 (ML11171A425); Tier 1 2.3.6-1 (ML11171A311)
RNS-PL-V013,RNS Discharge Containment Isolation - IRC,RNS,Normal Residual Heat Removal System,Containment and Auxiliary Building,Containment; Auxiliary Building,B,I,ASME III-2,,True,True,2.3.6-1,Yes,Yes,-/-,No,Transfer Open/ Transfer Closed,No,-,,,-,,DCD Tier 2 Table 3.2-3 (ML11171A425); Tier 1 2.3.6-1 (ML11171A311)
RNS-PL-V014,RNS Discharge Containment Isolation Valve Test Connection,RNS,Normal Residual Heat Removal System,Containment and Auxiliary Building,Containment; Auxiliary Building,C,I,ASME III-3,,True,False,,,,,,,,,,,,,DCD Tier 2 Table 3.2-3 (ML11171A425)
RNS-PL-V015A,RNS Discharge RCS Pressure Boundary,RNS,Normal Residual Heat Removal System,Containment and Auxiliary Building,Containment; Auxiliary Building,A,I,ASME III-1,,True,True,2.3.6-1,Yes,Yes,-/-,No,Transfer Open/ Transfer Closed,No,-,,,-,,DCD Tier 2 Table 3.2-3 (ML11171A425); Tier 1 2.3.6-1 (ML11171A311)
RNS-PL-V015B,RNS Discharge RCS Pressure Boundary,RNS,Normal Residual Heat Removal System,Containment and Auxiliary Building,Containment; Auxiliary Building,A,I,ASME III-1,,True,True,2.3.6-1,Yes,Yes,-/-,No,Transfer Open/ Transfer Closed,No,-,,,-,,DCD Tier 2 Table 3.2-3 (ML11171A425); Tier 1 2.3.6-1 (ML11171A311)
RNS-PL-V016,RNS Discharge Containment Penetration Isolation Valves Test,RNS,Normal Residual Heat Removal System,Containment and Auxiliary Building,Containment; Auxiliary Building,C,I,ASME III-3,,True,False,,,,,,,,,,,,,DCD Tier 2 Table 3.2-3 (ML11171A425)
RNS-PL-V017A,RNS Discharge RCS Pressure Boundary,RNS,Normal Residual Heat Removal System,Containment and Auxiliary Building,Containment; Auxiliary Building,A,I,ASME III-1,,True,True,2.3.6-1,Yes,Yes,-/-,No,Transfer Open/ Transfer Closed,No,-,,,-,,DCD Tier 2 Table 3.2-3 (ML11171A425); Tier 1 2.3.6-1 (ML11171A311)
RNS-PL-V017B,RNS Discharge RCS Pressure Boundary,RNS,Normal Residual Heat Removal System,Containment and Auxiliary Building,Containment; Auxiliary Building,A,I,ASME III-1,,True,True,2.3.6-1,Yes,Yes,-/-,No,Transfer Open/ Transfer Closed,No,-,,,-,,DCD Tier 2 Table 3.2-3 (ML11171A425); Tier 1 2.3.6-1 (ML11171A311)
RNS-PL-V021,RNS HL Suction Pressure Relief,RNS,Normal Residual Heat Removal System,Containment and Auxiliary Building,Containment; Auxiliary Building,B,I,ASME III-2,,True,True,2.3.6-1,Yes,Yes,-/-,No,Transfer Open/ Transfer Closed,No,-,,,-,,DCD Tier 2 Table 3.2-3 (ML11171A425); Tier 1 2.3.6-1 (ML11171A311)
RNS-PL-V022,RNS Suction Header Containment Isolation - ORC,RNS,Normal Residual Heat Removal System,Containment and Auxiliary Building,Containment; Auxiliary Building,B,I,ASME III-2,,True,True,2.3.6-1,Yes,Yes,Yes/No,Yes,Transfer Closed,Yes (Valve Position),As Is,,,Yes,,DCD Tier 2 Table 3.2-3 (ML11171A425); Tier 1 2.3.6-1 (ML11171A311)
RNS-PL-V023,RNS Suction from IRWST - Containment Isolation,RNS,Normal Residual Heat Removal System,Containment and Auxiliary Building,Containment; Auxiliary Building,B,I,ASME III-2,,True,True,2.3.6-1,Yes,Yes,Yes/Yes,Yes,Transfer Closed,Yes (Valve Position),As Is,,,Yes,,DCD Tier 2 Table 3.2-3 (ML11171A425); Tier 1 2.3.6-1 (ML11171A311)
RNS-PL-V024,RNS Discharge to IRWST Isolation,RNS,Normal Residual Heat Removal System,Containment and Auxiliary Building,Containment; Auxiliary Building,C,I,ASME III-3,,True,True,2.3.6-1,Yes,Yes,-/-,Yes,No,No,As Is,,,No,,DCD Tier 2 Table 3.2-3 (ML11171A425); Tier 1 2.3.6-1 (ML11171A311)
RNS-PL-V029,RNS Discharge to CVS,RNS,Normal Residual Heat Removal System,Containment and Auxiliary Building,Containment; Auxiliary Building,C,I,ASME III-3,,True,False,,,,,,,,,,,,,DCD Tier 2 Table 3.2-3 (ML11171A425)
RNS-PL-V030A,RNS HX A Shell Drain,RNS,Normal Residual Heat Removal System,Containment and Auxiliary Building,Containment; Auxiliary Building,D,NS,ANSI B31.1,,True,False,,,,,,,,,,,,,DCD Tier 2 Table 3.2-3 (ML11171A425)
RNS-PL-V030B,RNS HX B Shell Drain,RNS,Normal Residual Heat Removal System,Containment and Auxiliary Building,Containment; Auxiliary Building,D,NS,ANSI B31.1,,True,False,,,,,,,,,,,,,DCD Tier 2 Table 3.2-3 (ML11171A425)
RNS-PL-V031A,RNS Train A Discharge Flow Instrument Isolation,RNS,Normal Residual Heat Removal System,Containment and Auxiliary Building,Containment; Auxiliary Building,C,I,ASME III-3,,True,False,,,,,,,,,,,,,DCD Tier 2 Table 3.2-3 (ML11171A425)
RNS-PL-V031B,RNS Train B Discharge Flow Instrument Isolation,RNS,Normal Residual Heat Removal System,Containment and Auxiliary Building,Containment; Auxiliary Building,C,I,ASME III-3,,True,False,,,,,,,,,,,,,DCD Tier 2 Table 3.2-3 (ML11171A425)
RNS-PL-V032A,RNS Train A Discharge Flow Instrument Isolation,RNS,Normal Residual Heat Removal System,Containment and Auxiliary Building,Containment; Auxiliary Building,C,I,ASME III-3,,True,False,,,,,,,,,,,,,DCD Tier 2 Table 3.2-3 (ML11171A425)
RNS-PL-V032B,RNS Train B Discharge Flow Instrument Isolation,RNS,Normal Residual Heat Removal System,Containment and Auxiliary Building,Containment; Auxiliary Building,C,I,ASME III-3,,True,False,,,,,,,,,,,,,DCD Tier 2 Table 3.2-3 (ML11171A425)
RNS-PL-V033A,RNS Pump A Suction Pressure Instrument Isolation,RNS,Normal Residual Heat Removal System,Containment and Auxiliary Building,Containment; Auxiliary Building,C,I,ASME III-3,,True,False,,,,,,,,,,,,,DCD Tier 2 Table 3.2-3 (ML11171A425)
RNS-PL-V033B,RNS Pump B Suction Pressure Instrument Isolation,RNS,Normal Residual Heat Removal System,Containment and Auxiliary Building,Containment; Auxiliary Building,C,I,ASME III-3,,True,False,,,,,,,,,,,,,DCD Tier 2 Table 3.2-3 (ML11171A425)
RNS-PL-V034A,RNS Pump A Discharge Pressure Instrument Isolation,RNS,Normal Residual Heat Removal System,Containment and Auxiliary Building,Containment; Auxiliary Building,C,I,ASME III-3,,True,False,,,,,,,,,,,,,DCD Tier 2 Table 3.2-3 (ML11171A425)
RNS-PL-V034B,RNS Pump B Discharge Pressure Instrument Isolation,RNS,Normal Residual Heat Removal System,Containment and Auxiliary Building,Containment; Auxiliary Building,C,I,ASME III-3,,True,False,,,,,,,,,,,,,DCD Tier 2 Table 3.2-3 (ML11171A425)
RNS-PL-V035A,RNS HX A Shell Vent,RNS,Normal Residual Heat Removal System,Containment and Auxiliary Building,Containment; Auxiliary Building,D,NS,ANSI 16.34,,True,False,,,,,,,,,,,,,DCD Tier 2 Table 3.2-3 (ML11171A425)
RNS-PL-V035B,RNS HX B Shell Vent,RNS,Normal Residual Heat Removal System,Containment and Auxiliary Building,Containment; Auxiliary Building,D,NS,ANSI 16.34,,True,False,,,,,,,,,,,,,DCD Tier 2 Table 3.2-3 (ML11171A425)
RNS-PL-V036A,RNS Pump A Suction Piping Drain. Isolation,RNS,Normal Residual Heat Removal System,Containment and Auxiliary Building,Containment; Auxiliary Building,C,I,ASME III-3,,True,False,,,,,,,,,,,,,DCD Tier 2 Table 3.2-3 (ML11171A425)
RNS-PL-V036B,RNS Pump B Suction Piping Drain. Isolation,RNS,Normal Residual Heat Removal System,Containment and Auxiliary Building,Containment; Auxiliary Building,C,I,ASME III-3,,True,False,,,,,,,,,,,,,DCD Tier 2 Table 3.2-3 (ML11171A425)
RNS-PL-V045,RNS Pump Discharge Relief,RNS,Normal Residual Heat Removal System,Containment and Auxiliary Building,Containment; Auxiliary Building,C,I,ASME III-3,,True,True,2.3.6-1,Yes,Yes,-/-,No,Transfer Open/ Transfer Closed,No,-,,,-,,DCD Tier 2 Table 3.2-3 (ML11171A425); Tier 1 2.3.6-1 (ML11171A311)
RNS-PL-V046A,RNS HX A Channel Head Drain. Isolation,RNS,Normal Residual Heat Removal System,Containment and Auxiliary Building,Containment; Auxiliary Building,C,I,ASME III-3,,True,False,,,,,,,,,,,,,DCD Tier 2 Table 3.2-3 (ML11171A425)
RNS-PL-V046B,RNS HX B Channel Head Drain. Isolation,RNS,Normal Residual Heat Removal System,Containment and Auxiliary Building,Containment; Auxiliary Building,C,I,ASME III-3,,True,False,,,,,,,,,,,,,DCD Tier 2 Table 3.2-3 (ML11171A425)
RNS-PL-V050,RNS Pump A Casing Drain. Isolation,RNS,Normal Residual Heat Removal System,Containment and Auxiliary Building,Containment; Auxiliary Building,C,I,ASME III-3,,True,False,,,,,,,,,,,,,DCD Tier 2 Table 3.2-3 (ML11171A425)
RNS-PL-V051,RNS Pump B Casing Drain. Isolation,RNS,Normal Residual Heat Removal System,Containment and Auxiliary Building,Containment; Auxiliary Building,C,I,ASME III-3,,True,False,,,,,,,,,,,,,DCD Tier 2 Table 3.2-3 (ML11171A425)
RNS-PL-V052,RNS Pump Suction From Spent Fuel Pool Isolation,RNS,Normal Residual Heat Removal System,Containment and Auxiliary Building,Containment; Auxiliary Building,C,I,ASME III-3,,True,False,,,,,,,,,,,,,DCD Tier 2 Table 3.2-3 (ML11171A425)
RNS-PL-V053,RNS Pump Discharge to Spent Fuel Pool Isolation,RNS,Normal Residual Heat Removal System,Containment and Auxiliary Building,Containment; Auxiliary Building,C,I,ASME III-3,,True,False,,,,,,,,,,,,,DCD Tier 2 Table 3.2-3 (ML11171A425)
RNS-PL-V055,RNS Pump Suction to Cask Loading Pit Isolation,RNS,Normal Residual Heat Removal System,Containment and Auxiliary Building,Containment; Auxiliary Building,C,I,ASME III-3,,True,True,2.3.6-1,Yes,Yes,No/No,Yes,No,No,As Is,,,No,Display=Yes; Control Function=-,DCD Tier 2 Table 3.2-3 (ML11171A425); Tier 1 2.3.6-1 (ML11171A311)
RNS-PL-V056,RNS Pump Suction to Cask Loading Pit Isolation,RNS,Normal Residual Heat Removal System,Containment and Auxiliary Building,Containment; Auxiliary Building,C,I,ASME III-3,,True,True,2.3.6-1,Yes,Yes,-/-,No,No,No,-,,,-,,DCD Tier 2 Table 3.2-3 (ML11171A425); Tier 1 2.3.6-1 (ML11171A311)
RNS-PL-V057A,RNS Pump A Miniflow Isolation,RNS,Normal Residual Heat Removal System,Containment and Auxiliary Building,Containment; Auxiliary Building,C,I,ASME III-3,,True,True,2.3.6-1,Yes,Yes,No/No,Yes,No,No,Open,,,No,Display=Yes; Control Function=-,DCD Tier 2 Table 3.2-3 (ML11171A425); Tier 1 2.3.6-1 (ML11171A311)
RNS-PL-V057B,RNS Pump B Miniflow Isolation,RNS,Normal Residual Heat Removal System,Containment and Auxiliary Building,Containment; Auxiliary Building,C,I,ASME III-3,,True,True,2.3.6-1,Yes,Yes,No/No,Yes,No,No,Open,,,No,Display=Yes; Control Function=-,DCD Tier 2 Table 3.2-3 (ML11171A425); Tier 1 2.3.6-1 (ML11171A311)
RNS-PL-V059,RNS Pump Suction Containment Isolation Test Connection,RNS,Normal Residual Heat Removal System,Containment and Auxiliary Building,Containment; Auxiliary Building,C,I,ASME III-3,,True,False,,,,,,,,,,,,,DCD Tier 2 Table 3.2-3 (ML11171A425)
RNS-PL-V061,RNS Return from CVS - Containment Isolation,RNS,Normal Residual Heat Removal System,Containment and Auxiliary Building,Containment; Auxiliary Building,B,I,ASME III-2,,True,True,2.3.6-1,Yes,Yes,Yes/No,Yes,Transfer Closed,Yes (Valve Position),Closed,,,Yes,,DCD Tier 2 Table 3.2-3 (ML11171A425); Tier 1 2.3.6-1 (ML11171A311)
RNS-PL-V066A,RNS Discharge to DVI Line A Drain,RNS,Normal Residual Heat Removal System,Containment and Auxiliary Building,Containment; Auxiliary Building,C,I,ASME III-3,,True,False,,,,,,,,,,,,,DCD Tier 2 Table 3.2-3 (ML11171A425)
RNS-PL-V066B,RNS Discharge to DVI Line B Drain,RNS,Normal Residual Heat Removal System,Containment and Auxiliary Building,Containment; Auxiliary Building,C,I,ASME III-3,,True,False,,,,,,,,,,,,,DCD Tier 2 Table 3.2-3 (ML11171A425)
RNS-PL-V067A,RNS Discharge to DVI Line A Drain,RNS,Normal Residual Heat Removal System,Containment and Auxiliary Building,Containment; Auxiliary Building,B,I,ASME III-2,,True,False,,,,,,,,,,,,,DCD Tier 2 Table 3.2-3 (ML11171A425)
RNS-PL-V067B,RNS Discharge to DVI Line B Drain,RNS,Normal Residual Heat Removal System,Containment and Auxiliary Building,Containment; Auxiliary Building,B,I,ASME III-2,,True,False,,,,,,,,,,,,,DCD Tier 2 Table 3.2-3 (ML11171A425)
RNS-PL-V068,RNS Discharge to IRWST Drain,RNS,Normal Residual Heat Removal System,Containment and Auxiliary Building,Containment; Auxiliary Building,C,I,ASME III-3,,True,False,,,,,,,,,,,,,DCD Tier 2 Table 3.2-3 (ML11171A425)
RNS-PY-C01,Normal Residual Heat Removal Suction Line Penetration,RNS,Normal Residual Heat Removal System,Containment and Auxiliary Building,Containment; Auxiliary Building,B,I,"ASME III, MC",,True,False,,,,,,,,,,,,,DCD Tier 2 Table 3.2-3 (ML11171A425)
RNS-PY-C02,Normal Residual Heat Removal Discharge Line Penetration,RNS,Normal Residual Heat Removal System,Containment and Auxiliary Building,Containment; Auxiliary Building,B,I,"ASME III, MC",,True,False,,,,,,,,,,,,,DCD Tier 2 Table 3.2-3 (ML11171A425)
n/a,Fuel Assemblies,RXS,Reactor System,Containment,Containment,C,I,Manufacturer Std.,,True,False,,,,,,,,,,,,,DCD Tier 2 Table 3.2-3 (ML11171A425)
RXS-FR-B06,Control Rod Cluster B6,RXS,Reactor System,Containment,Containment,B,I,Manufacturer Std.,,True,False,,,,,,,,,,,,,DCD Tier 2 Table 3.2-3 (ML11171A425)
RXS-FR-B10,Control Rod Cluster B10,RXS,Reactor System,Containment,Containment,B,I,Manufacturer Std.,,True,False,,,,,,,,,,,,,DCD Tier 2 Table 3.2-3 (ML11171A425)
RXS-FR-C05,Control Rod Cluster C5,RXS,Reactor System,Containment,Containment,B,I,Manufacturer Std.,,True,False,,,,,,,,,,,,,DCD Tier 2 Table 3.2-3 (ML11171A425)
RXS-FR-C07,Control Rod Cluster C7,RXS,Reactor System,Containment,Containment,B,I,Manufacturer Std.,,True,False,,,,,,,,,,,,,DCD Tier 2 Table 3.2-3 (ML11171A425)
RXS-FR-C09,Control Rod Cluster C9,RXS,Reactor System,Containment,Containment,B,I,Manufacturer Std.,,True,False,,,,,,,,,,,,,DCD Tier 2 Table 3.2-3 (ML11171A425)
RXS-FR-C11,Control Rod Cluster C11,RXS,Reactor System,Containment,Containment,B,I,Manufacturer Std.,,True,False,,,,,,,,,,,,,DCD Tier 2 Table 3.2-3 (ML11171A425)
RXS-FR-D06,Control Rod Cluster D6,RXS,Reactor System,Containment,Containment,B,I,Manufacturer Std.,,True,False,,,,,,,,,,,,,DCD Tier 2 Table 3.2-3 (ML11171A425)
RXS-FR-D08,Control Rod Cluster D8,RXS,Reactor System,Containment,Containment,B,I,Manufacturer Std.,,True,False,,,,,,,,,,,,,DCD Tier 2 Table 3.2-3 (ML11171A425)
RXS-FR-D10,Control Rod Cluster D10,RXS,Reactor System,Containment,Containment,B,I,Manufacturer Std.,,True,False,,,,,,,,,,,,,DCD Tier 2 Table 3.2-3 (ML11171A425)
RXS-FR-E03,Control Rod Cluster E3,RXS,Reactor System,Containment,Containment,B,I,Manufacturer Std.,,True,False,,,,,,,,,,,,,DCD Tier 2 Table 3.2-3 (ML11171A425)
RXS-FR-E05,Control Rod Cluster E5,RXS,Reactor System,Containment,Containment,B,I,Manufacturer Std.,,True,False,,,,,,,,,,,,,DCD Tier 2 Table 3.2-3 (ML11171A425)
RXS-FR-E07,Control Rod Cluster E7,RXS,Reactor System,Containment,Containment,B,I,Manufacturer Std.,,True,False,,,,,,,,,,,,,DCD Tier 2 Table 3.2-3 (ML11171A425)
RXS-FR-E09,Control Rod Cluster E9,RXS,Reactor System,Containment,Containment,B,I,Manufacturer Std.,,True,False,,,,,,,,,,,,,DCD Tier 2 Table 3.2-3 (ML11171A425)
RXS-FR-E11,Control Rod Cluster E11,RXS,Reactor System,Containment,Containment,B,I,Manufacturer Std.,,True,False,,,,,,,,,,,,,DCD Tier 2 Table 3.2-3 (ML11171A425)
RXS-FR-E13,Control Rod Cluster E13,RXS,Reactor System,Containment,Containment,B,I,Manufacturer Std.,,True,False,,,,,,,,,,,,,DCD Tier 2 Table 3.2-3 (ML11171A425)
RXS-FR-F02,Control Rod Cluster F2,RXS,Reactor System,Containment,Containment,B,I,Manufacturer Std.,,True,False,,,,,,,,,,,,,DCD Tier 2 Table 3.2-3 (ML11171A425)
RXS-FR-F04,Control Rod Cluster F4,RXS,Reactor System,Containment,Containment,B,I,Manufacturer Std.,,True,False,,,,,,,,,,,,,DCD Tier 2 Table 3.2-3 (ML11171A425)
RXS-FR-F12,Control Rod Cluster F12,RXS,Reactor System,Containment,Containment,B,I,Manufacturer Std.,,True,False,,,,,,,,,,,,,DCD Tier 2 Table 3.2-3 (ML11171A425)
RXS-FR-F14,Control Rod Cluster F14,RXS,Reactor System,Containment,Containment,B,I,Manufacturer Std,,True,False,,,,,,,,,,,,,DCD Tier 2 Table 3.2-3 (ML11171A425)
RXS-FR-G03,Control Rod Cluster G3,RXS,Reactor System,Containment,Containment,B,I,Manufacturer Std.,,True,False,,,,,,,,,,,,,DCD Tier 2 Table 3.2-3 (ML11171A425)
RXS-FR-G05,Control Rod Cluster G5,RXS,Reactor System,Containment,Containment,B,I,Manufacturer Std.,,True,False,,,,,,,,,,,,,DCD Tier 2 Table 3.2-3 (ML11171A425)
RXS-FR-G07,Control Rod Cluster G7,RXS,Reactor System,Containment,Containment,B,I,Manufacturer Std.,,True,False,,,,,,,,,,,,,DCD Tier 2 Table 3.2-3 (ML11171A425)
RXS-FR-G09,Control Rod Cluster G9,RXS,Reactor System,Containment,Containment,B,I,Manufacturer Std.,,True,False,,,,,,,,,,,,,DCD Tier 2 Table 3.2-3 (ML11171A425)
RXS-FR-G11,Control Rod Cluster G11,RXS,Reactor System,Containment,Containment,B,I,Manufacturer Std.,,True,False,,,,,,,,,,,,,DCD Tier 2 Table 3.2-3 (ML11171A425)
RXS-FR-G13,Control Rod Cluster G13,RXS,Reactor System,Containment,Containment,B,I,Manufacturer Std.,,True,False,,,,,,,,,,,,,DCD Tier 2 Table 3.2-3 (ML11171A425)
RXS-FR-H04,Control Rod Cluster H4,RXS,Reactor System,Containment,Containment,B,I,Manufacturer Std.,,True,False,,,,,,,,,,,,,DCD Tier 2 Table 3.2-3 (ML11171A425)
RXS-FR-H08,Control Rod Cluster H8,RXS,Reactor System,Containment,Containment,B,I,Manufacturer Std.,,True,False,,,,,,,,,,,,,DCD Tier 2 Table 3.2-3 (ML11171A425)
RXS-FR-H12,Control Rod Cluster H12,RXS,Reactor System,Containment,Containment,B,I,Manufacturer Std.,,True,False,,,,,,,,,,,,,DCD Tier 2 Table 3.2-3 (ML11171A425)
RXS-FR-J03,Control Rod Cluster J3,RXS,Reactor System,Containment,Containment,B,I,Manufacturer Std.,,True,False,,,,,,,,,,,,,DCD Tier 2 Table 3.2-3 (ML11171A425)
RXS-FR-J05,Control Rod Cluster J5,RXS,Reactor System,Containment,Containment,B,I,Manufacturer Std.,,True,False,,,,,,,,,,,,,DCD Tier 2 Table 3.2-3 (ML11171A425)
RXS-FR-J07,Control Rod Cluster J7,RXS,Reactor System,Containment,Containment,B,I,Manufacturer Std.,,True,False,,,,,,,,,,,,,DCD Tier 2 Table 3.2-3 (ML11171A425)
RXS-FR-J09,Control Rod Cluster J9,RXS,Reactor System,Containment,Containment,B,I,Manufacturer Std.,,True,False,,,,,,,,,,,,,DCD Tier 2 Table 3.2-3 (ML11171A425)
RXS-FR-J11,Control Rod Cluster J11,RXS,Reactor System,Containment,Containment,B,I,Manufacturer Std.,,True,False,,,,,,,,,,,,,DCD Tier 2 Table 3.2-3 (ML11171A425)
RXS-FR-J13,Control Rod Cluster J13,RXS,Reactor System,Containment,Containment,B,I,Manufacturer Std.,,True,False,,,,,,,,,,,,,DCD Tier 2 Table 3.2-3 (ML11171A425)
RXS-FR-K02,Control Rod Cluster K2,RXS,Reactor System,Containment,Containment,B,I,Manufacturer Std.,,True,False,,,,,,,,,,,,,DCD Tier 2 Table 3.2-3 (ML11171A425)
RXS-FR-K04,Control Rod Cluster K4,RXS,Reactor System,Containment,Containment,B,I,Manufacturer Std.,,True,False,,,,,,,,,,,,,DCD Tier 2 Table 3.2-3 (ML11171A425)
RXS-FR-K12,Control Rod Cluster K12,RXS,Reactor System,Containment,Containment,B,I,Manufacturer Std.,,True,False,,,,,,,,,,,,,DCD Tier 2 Table 3.2-3 (ML11171A425)
RXS-FR-K14,Control Rod Cluster K14,RXS,Reactor System,Containment,Containment,B,I,Manufacturer Std.,,True,False,,,,,,,,,,,,,DCD Tier 2 Table 3.2-3 (ML11171A425)
RXS-FR-L03,Control Rod Cluster L3,RXS,Reactor System,Containment,Containment,B,I,Manufacturer Std.,,True,False,,,,,,,,,,,,,DCD Tier 2 Table 3.2-3 (ML11171A425)
RXS-FR-L05,Control Rod Cluster L5,RXS,Reactor System,Containment,Containment,B,I,Manufacturer Std.,,True,False,,,,,,,,,,,,,DCD Tier 2 Table 3.2-3 (ML11171A425)
RXS-FR-L07,Control Rod Cluster L7,RXS,Reactor System,Containment,Containment,B,I,Manufacturer Std.,,True,False,,,,,,,,,,,,,DCD Tier 2 Table 3.2-3 (ML11171A425)
RXS-FR-L09,Control Rod Cluster L9,RXS,Reactor System,Containment,Containment,B,I,Manufacturer Std.,,True,False,,,,,,,,,,,,,DCD Tier 2 Table 3.2-3 (ML11171A425)
RXS-FR-L11,Control Rod Cluster L11,RXS,Reactor System,Containment,Containment,B,I,Manufacturer Std.,,True,False,,,,,,,,,,,,,DCD Tier 2 Table 3.2-3 (ML11171A425)
RXS-FR-L13,Control Rod Cluster L13,RXS,Reactor System,Containment,Containment,B,I,Manufacturer Std.,,True,False,,,,,,,,,,,,,DCD Tier 2 Table 3.2-3 (ML11171A425)
RXS-FR-M06,Control Rod Cluster M6,RXS,Reactor System,Containment,Containment,B,I,Manufacturer Std.,,True,False,,,,,,,,,,,,,DCD Tier 2 Table 3.2-3 (ML11171A425)
RXS-FR-M08,Control Rod Cluster M8,RXS,Reactor System,Containment,Containment,B,I,Manufacturer Std.,,True,False,,,,,,,,,,,,,DCD Tier 2 Table 3.2-3 (ML11171A425)
RXS-FR-M10,Control Rod Cluster M10,RXS,Reactor System,Containment,Containment,B,I,Manufacturer Std.,,True,False,,,,,,,,,,,,,DCD Tier 2 Table 3.2-3 (ML11171A425)
RXS-FR-N5,Control Rod Cluster N5,RXS,Reactor System,Containment,Containment,B,I,Manufacturer Std.,,True,False,,,,,,,,,,,,,DCD Tier 2 Table 3.2-3 (ML11171A425)
RXS-FR-N7,Control Rod Cluster N7,RXS,Reactor System,Containment,Containment,B,I,Manufacturer Std.,,True,False,,,,,,,,,,,,,DCD Tier 2 Table 3.2-3 (ML11171A425)
RXS-FR-N9,Control Rod Cluster N9,RXS,Reactor System,Containment,Containment,B,I,Manufacturer Std.,,True,False,,,,,,,,,,,,,DCD Tier 2 Table 3.2-3 (ML11171A425)
RXS-FR-N11,Control Rod Cluster N11,RXS,Reactor System,Containment,Containment,B,I,Manufacturer Std.,,True,False,,,,,,,,,,,,,DCD Tier 2 Table 3.2-3 (ML11171A425)
RXS-FR-P6,Control Rod Cluster P6,RXS,Reactor System,Containment,Containment,B,I,Manufacturer Std.,,True,False,,,,,,,,,,,,,DCD Tier 2 Table 3.2-3 (ML11171A425)
RXS-FR-P10,Control Rod Cluster P10,RXS,Reactor System,Containment,Containment,B,I,Manufacturer Std.,,True,False,,,,,,,,,,,,,DCD Tier 2 Table 3.2-3 (ML11171A425)
RXS-MI-01,Reactor Upper Internals,RXS,Reactor System,Containment,Containment,C,I,"ASME III, CS",,True,True,2.1.3-1,Yes,Yes,-,,,-,,Containment,,,,DCD Tier 2 Table 3.2-3 (ML11171A425); Tier 1 2.1.3-1 (ML11171A308)
RXS-MI-02,Reactor Lower Internals,RXS,Reactor System,Containment,Containment,C,I,"ASME III, CS",,True,True,2.1.3-1,Yes,Yes,-,,,-,,Containment,,,,DCD Tier 2 Table 3.2-3 (ML11171A425); Tier 1 2.1.3-1 (ML11171A308)
RXS-MI-10,Non-Threaded Fasteners,RXS,Reactor System,Containment,Containment,D,NS,"ASME III, CS",,True,False,,,,,,,,,,,,,DCD Tier 2 Table 3.2-3 (ML11171A425)
RXS-MI-11,Threaded Structural Fasteners,RXS,Reactor System,Containment,Containment,C,I,"ASME III, CS",,True,False,,,,,,,,,,,,,DCD Tier 2 Table 3.2-3 (ML11171A425)
RXS-MI-20,Lower Core Support Plate,RXS,Reactor System,Containment,Containment,C,I,"ASME III, CS",,True,False,,,,,,,,,,,,,DCD Tier 2 Table 3.2-3 (ML11171A425)
RXS-MI-22,Vortex Suppression Plate,RXS,Reactor System,Containment,Containment,D,II,"ASME III, CS",,True,False,,,,,,,,,,,,,DCD Tier 2 Table 3.2-3 (ML11171A425)
RXS-MI-23,Core Shroud Assembly,RXS,Reactor System,Containment,Containment,C,II,"ASME III, CS",,True,False,,,,,,,,,,,,,DCD Tier 2 Table 3.2-3 (ML11171A425)
RXS-MI-24,Radial Supports [4],RXS,Reactor System,Containment,Containment,C,I,"ASME III, CS",,True,False,,,,,,,,,,,,,DCD Tier 2 Table 3.2-3 (ML11171A425)
RXS-MI-25,Core Barrel,RXS,Reactor System,Containment,Containment,C,I,"ASME III, CS",,True,False,,,,,,,,,,,,,DCD Tier 2 Table 3.2-3 (ML11171A425)
RXS-MI-26,Core Barrel Nozzle,RXS,Reactor System,Containment,Containment,C,I,"ASME III, CS",,True,False,,,,,,,,,,,,,DCD Tier 2 Table 3.2-3 (ML11171A425)
RXS-MI-27,Head and Vessel Pins,RXS,Reactor System,Containment,Containment,D,II,"ASME III, CS",,True,False,,,,,,,,,,,,,DCD Tier 2 Table 3.2-3 (ML11171A425)
RXS-MI-28,Lower Support Plate Fuel Alignment Pins,RXS,Reactor System,Containment,Containment,C,I,"ASME III, CS",,True,False,,,,,,,,,,,,,DCD Tier 2 Table 3.2-3 (ML11171A425)
RXS-MI-29,Core Barrel Hold Down Spring,RXS,Reactor System,Containment,Containment,C,I,"ASME III, CS",,True,False,,,,,,,,,,,,,DCD Tier 2 Table 3.2-3 (ML11171A425)
RXS-MI-50,Upper Support,RXS,Reactor System,Containment,Containment,C,I,"ASME III, CS",,True,False,,,,,,,,,,,,,DCD Tier 2 Table 3.2-3 (ML11171A425)
RXS-MI-51,Upper Core Plate,RXS,Reactor System,Containment,Containment,C,I,"ASME III, CS",,True,False,,,,,,,,,,,,,DCD Tier 2 Table 3.2-3 (ML11171A425)
RXS-MI-52,Support Columns [42],RXS,Reactor System,Containment,Containment,C,I,"ASME III, CS",,True,False,,,,,,,,,,,,,DCD Tier 2 Table 3.2-3 (ML11171A425)
RXS-MI-53,Guide Tube Assemblies [69],RXS,Reactor System,Containment,Containment,C,I,"ASME III, CS",,True,False,,,,,,,,,,,,,DCD Tier 2 Table 3.2-3 (ML11171A425)
RXS-MI-54,Upper Support Plate Fuel Alignment Pins,RXS,Reactor System,Containment,Containment,C,I,"ASME III, CS",,True,False,,,,,,,,,,,,,DCD Tier 2 Table 3.2-3 (ML11171A425)
RXS-MI-55,Upper Core Plate Inserts,RXS,Reactor System,Containment,Containment,C,I,"ASME III, CS",,True,False,,,,,,,,,,,,,DCD Tier 2 Table 3.2-3 (ML11171A425)
RXS-MI-56,Safety Injection Deflector,RXS,Reactor System,Containment,Containment,D,II,ANSI B31.1,,True,False,,,,,,,,,,,,,DCD Tier 2 Table 3.2-3 (ML11171A425)
RXS-MI-57,Irradiation Specimen Guide Tubes,RXS,Reactor System,Containment,Containment,D,II,ANSI B31.1,,True,False,,,,,,,,,,,,,DCD Tier 2 Table 3.2-3 (ML11171A425)
RXS-MI-58,Head Cooling Nozzles,RXS,Reactor System,Containment,Containment,D,II,ANSI B31.1,,True,False,,,,,,,,,,,,,DCD Tier 2 Table 3.2-3 (ML11171A425)
n/a,Neutron Pad,RXS,Reactor System,Containment,Containment,D,II,Manufacturer Std.,,True,False,,,,,,,,,,,,,DCD Tier 2 Table 3.2-3 (ML11171A425)
RXS-MI-80,Reactor Vessel Flow Skirt,RXS,Reactor System,Containment,Containment,D,II,Manufacturer Std.,,True,False,,,,,,,,,,,,,DCD Tier 2 Table 3.2-3 (ML11171A425)
RXS-MN-01,Reactor Vessel Cavity Reflective Insulation,RXS,Reactor System,Containment,Containment,D,II,Manufacturer Std.,,True,False,,,,,,,,,,,,,DCD Tier 2 Table 3.2-3 (ML11171A425)
RXS-MV-10,Reactor Integrated Head Package,RXS,Reactor System,Containment,Containment,C,I,AISC-690,,True,False,,,,,,,,,,,,,DCD Tier 2 Table 3.2-3 (ML11171A425)
RXS-MV-10A,Integrated Head Package Shroud,RXS,Reactor System,Containment,Containment,C,I,ASME-NF,,True,False,,,,,,,,,,,,,DCD Tier 2 Table 3.2-3 (ML11171A425)
RXS-MV-10B,Integrated Head Package Seismic Support System,RXS,Reactor System,Containment,Containment,C,I,ASME-NF,,True,False,,,,,,,,,,,,,DCD Tier 2 Table 3.2-3 (ML11171A425)
RXS-MV-11B06,CRDM Latch Assembly B6,RXS,Reactor System,Containment,Containment,D,NS,Manufacturer Std.,,True,False,,,,,,,,,,,,,DCD Tier 2 Table 3.2-3 (ML11171A425)
RXS-MV-11B06,CRDM Drive Rod Assembly B6,RXS,Reactor System,Containment,Containment,D,NS,Manufacturer Std.,,True,False,,,,,,,,,,,,,DCD Tier 2 Table 3.2-3 (ML11171A425)
RXS-MV-11B06,CRDM Coil Stack Assembly B6,RXS,Reactor System,Containment,Containment,D,NS,Manufacturer Std.,,True,False,,,,,,,,,,,,,DCD Tier 2 Table 3.2-3 (ML11171A425)
RXS-MV-11B06L,CRDM Latch Housing B6,RXS,Reactor System,Containment,Containment,A,I,ASME III-1,,True,False,,,,,,,,,,,,,DCD Tier 2 Table 3.2-3 (ML11171A425)
RXS-MV-11B06R,CRDM Rod Travel Housing B6,RXS,Reactor System,Containment,Containment,A,I,ASME III-1,,True,False,,,,,,,,,,,,,DCD Tier 2 Table 3.2-3 (ML11171A425)
RXS-MV-11B08,CRDM Latch Assembly B8,RXS,Reactor System,Containment,Containment,D,NS,Manufacturer Std.,,True,False,,,,,,,,,,,,,DCD Tier 2 Table 3.2-3 (ML11171A425)
RXS-MV-11B08,CRDM Drive Rod Assembly B8,RXS,Reactor System,Containment,Containment,D,NS,Manufacturer Std.,,True,False,,,,,,,,,,,,,DCD Tier 2 Table 3.2-3 (ML11171A425)
RXS-MV-11B08,CRDM Coil Stack Assembly B8,RXS,Reactor System,Containment,Containment,D,NS,Manufacturer Std.,,True,False,,,,,,,,,,,,,DCD Tier 2 Table 3.2-3 (ML11171A425)
RXS-MV-11B08L,CRDM Latch Housing B8,RXS,Reactor System,Containment,Containment,A,I,ASME III-1,,True,False,,,,,,,,,,,,,DCD Tier 2 Table 3.2-3 (ML11171A425)
RXS-MV-11B08R,CRDM Rod Travel Housing B8,RXS,Reactor System,Containment,Containment,A,I,ASME III-1,,True,False,,,,,,,,,,,,,DCD Tier 2 Table 3.2-3 (ML11171A425)
RXS-MV-11B10,CRDM Latch Assembly B10,RXS,Reactor System,Containment,Containment,D,NS,Manufacturer Std.,,True,False,,,,,,,,,,,,,DCD Tier 2 Table 3.2-3 (ML11171A425)
RXS-MV-11B10,CRDM Drive Rod Assembly B10,RXS,Reactor System,Containment,Containment,D,NS,Manufacturer Std.,,True,False,,,,,,,,,,,,,DCD Tier 2 Table 3.2-3 (ML11171A425)
RXS-MV-11B10,CRDM Coil Stack Assembly B10,RXS,Reactor System,Containment,Containment,D,NS,Manufacturer Std.,,True,False,,,,,,,,,,,,,DCD Tier 2 Table 3.2-3 (ML11171A425)
RXS-MV-11B10L,CRDM Latch Housing B10,RXS,Reactor System,Containment,Containment,A,I,ASME III-1,,True,False,,,,,,,,,,,,,DCD Tier 2 Table 3.2-3 (ML11171A425)
RXS-MV-11B10R,CRDM Rod Travel Housing B10,RXS,Reactor System,Containment,Containment,A,I,ASME III-1,,True,False,,,,,,,,,,,,,DCD Tier 2 Table 3.2-3 (ML11171A425)
RXS-MV-11C05,CRDM Latch Assembly C5,RXS,Reactor System,Containment,Containment,D,NS,Manufacturer Std.,,True,False,,,,,,,,,,,,,DCD Tier 2 Table 3.2-3 (ML11171A425)
RXS-MV-11C05,CRDM Drive Rod Assembly C5,RXS,Reactor System,Containment,Containment,D,NS,Manufacturer Std.,,True,False,,,,,,,,,,,,,DCD Tier 2 Table 3.2-3 (ML11171A425)
RXS-MV-11C05,CRDM Coil Stack Assembly C5,RXS,Reactor System,Containment,Containment,D,NS,Manufacturer Std.,,True,False,,,,,,,,,,,,,DCD Tier 2 Table 3.2-3 (ML11171A425)
RXS-MV-11C05L,CRDM Latch Housing C5,RXS,Reactor System,Containment,Containment,A,I,ASME III-1,,True,False,,,,,,,,,,,,,DCD Tier 2 Table 3.2-3 (ML11171A425)
RXS-MV-11C05R,CRDM Rod Travel Housing C5,RXS,Reactor System,Containment,Containment,A,I,ASME III-1,,True,False,,,,,,,,,,,,,DCD Tier 2 Table 3.2-3 (ML11171A425)
RXS-MV-11C07,CRDM Latch Assembly C7,RXS,Reactor System,Containment,Containment,D,NS,Manufacturer Std.,,True,False,,,,,,,,,,,,,DCD Tier 2 Table 3.2-3 (ML11171A425)
RXS-MV-11C07,CRDM Drive Rod Assembly C7,RXS,Reactor System,Containment,Containment,D,NS,Manufacturer Std.,,True,False,,,,,,,,,,,,,DCD Tier 2 Table 3.2-3 (ML11171A425)
RXS-MV-11C07,CRDM Coil Stack Assembly C7,RXS,Reactor System,Containment,Containment,D,NS,Manufacturer Std.,,True,False,,,,,,,,,,,,,DCD Tier 2 Table 3.2-3 (ML11171A425)
RXS-MV-11C07L,CRDM Latch Housing C7,RXS,Reactor System,Containment,Containment,A,I,ASME III-1,,True,False,,,,,,,,,,,,,DCD Tier 2 Table 3.2-3 (ML11171A425)
RXS-MV-11C07R,CRDM Rod Travel Housing C7,RXS,Reactor System,Containment,Containment,A,I,ASME III-1,,True,False,,,,,,,,,,,,,DCD Tier 2 Table 3.2-3 (ML11171A425)
RXS-MV-11C09,CRDM Latch Assembly C9,RXS,Reactor System,Containment,Containment,D,NS,Manufacturer Std.,,True,False,,,,,,,,,,,,,DCD Tier 2 Table 3.2-3 (ML11171A425)
RXS-MV-11C09,CRDM Drive Rod Assembly C9,RXS,Reactor System,Containment,Containment,D,NS,Manufacturer Std.,,True,False,,,,,,,,,,,,,DCD Tier 2 Table 3.2-3 (ML11171A425)
RXS-MV-11C09,CRDM Coil Stack Assembly C9,RXS,Reactor System,Containment,Containment,D,NS,Manufacturer Std.,,True,False,,,,,,,,,,,,,DCD Tier 2 Table 3.2-3 (ML11171A425)
RXS-MV-11C09L,CRDM Latch Housing C9,RXS,Reactor System,Containment,Containment,A,I,ASME III-1,,True,False,,,,,,,,,,,,,DCD Tier 2 Table 3.2-3 (ML11171A425)
RXS-MV-11C09R,CRDM Rod Travel Housing C9,RXS,Reactor System,Containment,Containment,A,I,ASME III-1,,True,False,,,,,,,,,,,,,DCD Tier 2 Table 3.2-3 (ML11171A425)
RXS-MV-11C11,CRDM Latch Assembly C11,RXS,Reactor System,Containment,Containment,D,NS,Manufacturer Std.,,True,False,,,,,,,,,,,,,DCD Tier 2 Table 3.2-3 (ML11171A425)
RXS-MV-11C11,CRDM Drive Rod Assembly C11,RXS,Reactor System,Containment,Containment,D,NS,Manufacturer Std.,,True,False,,,,,,,,,,,,,DCD Tier 2 Table 3.2-3 (ML11171A425)
RXS-MV-11C11,CRDM Coil Stack Assembly C11,RXS,Reactor System,Containment,Containment,D,NS,Manufacturer Std.,,True,False,,,,,,,,,,,,,DCD Tier 2 Table 3.2-3 (ML11171A425)
RXS-MV-11C11L,CRDM Latch Housing C11,RXS,Reactor System,Containment,Containment,A,I,ASME III-1,,True,False,,,,,,,,,,,,,DCD Tier 2 Table 3.2-3 (ML11171A425)
RXS-MV-11C11R,CRDM Rod Travel Housing C11,RXS,Reactor System,Containment,Containment,A,I,ASME III-1,,True,False,,,,,,,,,,,,,DCD Tier 2 Table 3.2-3 (ML11171A425)
RXS-MV-11D04,CRDM Latch Assembly D4,RXS,Reactor System,Containment,Containment,D,NS,Manufacturer Std.,,True,False,,,,,,,,,,,,,DCD Tier 2 Table 3.2-3 (ML11171A425)
RXS-MV-11D04,CRDM Drive Rod Assembly D4,RXS,Reactor System,Containment,Containment,D,NS,Manufacturer Std.,,True,False,,,,,,,,,,,,,DCD Tier 2 Table 3.2-3 (ML11171A425)
RXS-MV-11D04,CRDM Coil Stack Assembly D4,RXS,Reactor System,Containment,Containment,D,NS,Manufacturer Std.,,True,False,,,,,,,,,,,,,DCD Tier 2 Table 3.2-3 (ML11171A425)
RXS-MV-11D04L,CRDM Latch Housing D4,RXS,Reactor System,Containment,Containment,A,I,ASME III-1,,True,False,,,,,,,,,,,,,DCD Tier 2 Table 3.2-3 (ML11171A425)
RXS-MV-11D04R,CRDM Rod Travel Housing D4,RXS,Reactor System,Containment,Containment,A,I,ASME III-1,,True,False,,,,,,,,,,,,,DCD Tier 2 Table 3.2-3 (ML11171A425)
RXS-MV-11D06,CRDM Latch Assembly D6,RXS,Reactor System,Containment,Containment,D,NS,Manufacturer Std.,,True,False,,,,,,,,,,,,,DCD Tier 2 Table 3.2-3 (ML11171A425)
RXS-MV-11D06,CRDM Drive Rod Assembly D6,RXS,Reactor System,Containment,Containment,D,NS,Manufacturer Std.,,True,False,,,,,,,,,,,,,DCD Tier 2 Table 3.2-3 (ML11171A425)
RXS-MV-11D06,CRDM Coil Stack Assembly D6,RXS,Reactor System,Containment,Containment,D,NS,Manufacturer Std.,,True,False,,,,,,,,,,,,,DCD Tier 2 Table 3.2-3 (ML11171A425)
RXS-MV-11D06L,CRDM Latch Housing D6,RXS,Reactor System,Containment,Containment,A,I,ASME III-1,,True,False,,,,,,,,,,,,,DCD Tier 2 Table 3.2-3 (ML11171A425)
RXS-MV-11D06R,CRDM Rod Travel Housing D6,RXS,Reactor System,Containment,Containment,A,I,ASME III-1,,True,False,,,,,,,,,,,,,DCD Tier 2 Table 3.2-3 (ML11171A425)
RXS-MV-11D08,CRDM Latch Assembly D8,RXS,Reactor System,Containment,Containment,D,NS,Manufacturer Std.,,True,False,,,,,,,,,,,,,DCD Tier 2 Table 3.2-3 (ML11171A425)
RXS-MV-11D08,CRDM Drive Rod Assembly D8,RXS,Reactor System,Containment,Containment,D,NS,Manufacturer Std.,,True,False,,,,,,,,,,,,,DCD Tier 2 Table 3.2-3 (ML11171A425)
RXS-MV-11D08,CRDM Coil Stack Assembly D8,RXS,Reactor System,Containment,Containment,D,NS,Manufacturer Std.,,True,False,,,,,,,,,,,,,DCD Tier 2 Table 3.2-3 (ML11171A425)
RXS-MV-11D08L,CRDM Latch Housing D8,RXS,Reactor System,Containment,Containment,A,I,ASME III-1,,True,False,,,,,,,,,,,,,DCD Tier 2 Table 3.2-3 (ML11171A425)
RXS-MV-11D08R,CRDM Rod Travel Housing D8,RXS,Reactor System,Containment,Containment,A,I,ASME III-1,,True,False,,,,,,,,,,,,,DCD Tier 2 Table 3.2-3 (ML11171A425)
RXS-MV-11D10,CRDM Latch Assembly D10,RXS,Reactor System,Containment,Containment,D,NS,Manufacturer Std.,,True,False,,,,,,,,,,,,,DCD Tier 2 Table 3.2-3 (ML11171A425)
RXS-MV-11D10,CRDM Drive Rod Assembly D10,RXS,Reactor System,Containment,Containment,D,NS,Manufacturer Std.,,True,False,,,,,,,,,,,,,DCD Tier 2 Table 3.2-3 (ML11171A425)
RXS-MV-11D10,CRDM Coil Stack Assembly D10,RXS,Reactor System,Containment,Containment,D,NS,Manufacturer Std.,,True,False,,,,,,,,,,,,,DCD Tier 2 Table 3.2-3 (ML11171A425)
RXS-MV-11D10L,CRDM Latch Housing D10,RXS,Reactor System,Containment,Containment,A,I,ASME III-1,,True,False,,,,,,,,,,,,,DCD Tier 2 Table 3.2-3 (ML11171A425)
RXS-MV-11D10R,CRDM Rod Travel Housing D10,RXS,Reactor System,Containment,Containment,A,I,ASME III-1,,True,False,,,,,,,,,,,,,DCD Tier 2 Table 3.2-3 (ML11171A425)
RXS-MV-11D12,CRDM Latch Assembly D12,RXS,Reactor System,Containment,Containment,D,NS,Manufacturer Std.,,True,False,,,,,,,,,,,,,DCD Tier 2 Table 3.2-3 (ML11171A425)
RXS-MV-11D12,CRDM Drive Rod Assembly D12,RXS,Reactor System,Containment,Containment,D,NS,Manufacturer Std.,,True,False,,,,,,,,,,,,,DCD Tier 2 Table 3.2-3 (ML11171A425)
RXS-MV-11D12,CRDM Coil Stack Assembly D12,RXS,Reactor System,Containment,Containment,D,NS,Manufacturer Std.,,True,False,,,,,,,,,,,,,DCD Tier 2 Table 3.2-3 (ML11171A425)
RXS-MV-11D12L,CRDM Latch Housing D12,RXS,Reactor System,Containment,Containment,A,I,ASME III-1,,True,False,,,,,,,,,,,,,DCD Tier 2 Table 3.2-3 (ML11171A425)
RXS-MV-11D12R,CRDM Rod Travel Housing D12,RXS,Reactor System,Containment,Containment,A,I,ASME III-1,,True,False,,,,,,,,,,,,,DCD Tier 2 Table 3.2-3 (ML11171A425)
RXS-MV-11E03,CRDM Latch Assembly E3,RXS,Reactor System,Containment,Containment,D,NS,Manufacturer Std.,,True,False,,,,,,,,,,,,,DCD Tier 2 Table 3.2-3 (ML11171A425)
RXS-MV-11E03,CRDM Drive Rod Assembly E3,RXS,Reactor System,Containment,Containment,D,NS,Manufacturer Std.,,True,False,,,,,,,,,,,,,DCD Tier 2 Table 3.2-3 (ML11171A425)
RXS-MV-11E03,CRDM Coil Stack Assembly E3,RXS,Reactor System,Containment,Containment,D,NS,Manufacturer Std.,,True,False,,,,,,,,,,,,,DCD Tier 2 Table 3.2-3 (ML11171A425)
RXS-MV-11E03L,CRDM Latch Housing E3,RXS,Reactor System,Containment,Containment,A,I,ASME III-1,,True,False,,,,,,,,,,,,,DCD Tier 2 Table 3.2-3 (ML11171A425)
RXS-MV-11E03R,CRDM Rod Travel Housing E3,RXS,Reactor System,Containment,Containment,A,I,ASME III-1,,True,False,,,,,,,,,,,,,DCD Tier 2 Table 3.2-3 (ML11171A425)
RXS-MV-11E05,CRDM Latch Assembly E5,RXS,Reactor System,Containment,Containment,D,NS,Manufacturer Std.,,True,False,,,,,,,,,,,,,DCD Tier 2 Table 3.2-3 (ML11171A425)
RXS-MV-11E05,CRDM Drive Rod Assembly E5,RXS,Reactor System,Containment,Containment,D,NS,Manufacturer Std.,,True,False,,,,,,,,,,,,,DCD Tier 2 Table 3.2-3 (ML11171A425)
RXS-MV-11E05,CRDM Coil Stack Assembly E5,RXS,Reactor System,Containment,Containment,D,NS,Manufacturer Std.,,True,False,,,,,,,,,,,,,DCD Tier 2 Table 3.2-3 (ML11171A425)
RXS-MV-11E05L,CRDM Latch Housing E5,RXS,Reactor System,Containment,Containment,A,I,ASME III-1,,True,False,,,,,,,,,,,,,DCD Tier 2 Table 3.2-3 (ML11171A425)
RXS-MV-11E05R,CRDM Rod Travel Housing E5,RXS,Reactor System,Containment,Containment,A,I,ASME III-1,,True,False,,,,,,,,,,,,,DCD Tier 2 Table 3.2-3 (ML11171A425)
RXS-MV-11E07,CRDM Latch Assembly E7,RXS,Reactor System,Containment,Containment,D,NS,Manufacturer Std.,,True,False,,,,,,,,,,,,,DCD Tier 2 Table 3.2-3 (ML11171A425)
RXS-MV-11E07,CRDM Drive Rod Assembly E7,RXS,Reactor System,Containment,Containment,D,NS,Manufacturer Std.,,True,False,,,,,,,,,,,,,DCD Tier 2 Table 3.2-3 (ML11171A425)
RXS-MV-11E07,CRDM Coil Stack Assembly E7,RXS,Reactor System,Containment,Containment,D,NS,Manufacturer Std.,,True,False,,,,,,,,,,,,,DCD Tier 2 Table 3.2-3 (ML11171A425)
RXS-MV-11E07L,CRDM Latch Housing E7,RXS,Reactor System,Containment,Containment,A,I,ASME III-1,,True,False,,,,,,,,,,,,,DCD Tier 2 Table 3.2-3 (ML11171A425)
RXS-MV-11E07R,CRDM Rod Travel Housing E7,RXS,Reactor System,Containment,Containment,A,I,ASME III-1,,True,False,,,,,,,,,,,,,DCD Tier 2 Table 3.2-3 (ML11171A425)
RXS-MV-11E09,CRDM Latch Assembly E9,RXS,Reactor System,Containment,Containment,D,NS,Manufacturer Std.,,True,False,,,,,,,,,,,,,DCD Tier 2 Table 3.2-3 (ML11171A425)
RXS-MV-11E09,CRDM Drive Rod Assembly E9,RXS,Reactor System,Containment,Containment,D,NS,Manufacturer Std.,,True,False,,,,,,,,,,,,,DCD Tier 2 Table 3.2-3 (ML11171A425)
RXS-MV-11E09,CRDM Coil Stack Assembly E9,RXS,Reactor System,Containment,Containment,D,NS,Manufacturer Std.,,True,False,,,,,,,,,,,,,DCD Tier 2 Table 3.2-3 (ML11171A425)
RXS-MV-11E09L,CRDM Latch Housing E9,RXS,Reactor System,Containment,Containment,A,I,ASME III-1,,True,False,,,,,,,,,,,,,DCD Tier 2 Table 3.2-3 (ML11171A425)
RXS-MV-11E09R,CRDM Rod Travel Housing E9,RXS,Reactor System,Containment,Containment,A,I,ASME III-1,,True,False,,,,,,,,,,,,,DCD Tier 2 Table 3.2-3 (ML11171A425)
RXS-MV-11E11,CRDM Latch Assembly E11,RXS,Reactor System,Containment,Containment,D,NS,Manufacturer Std.,,True,False,,,,,,,,,,,,,DCD Tier 2 Table 3.2-3 (ML11171A425)
RXS-MV-11E11,CRDM Drive Rod Assembly E11,RXS,Reactor System,Containment,Containment,D,NS,Manufacturer Std.,,True,False,,,,,,,,,,,,,DCD Tier 2 Table 3.2-3 (ML11171A425)
RXS-MV-11E11,CRDM Coil Stack Assembly E11,RXS,Reactor System,Containment,Containment,D,NS,Manufacturer Std.,,True,False,,,,,,,,,,,,,DCD Tier 2 Table 3.2-3 (ML11171A425)
RXS-MV-11E11L,CRDM Latch Housing E11,RXS,Reactor System,Containment,Containment,A,I,ASME III-1,,True,False,,,,,,,,,,,,,DCD Tier 2 Table 3.2-3 (ML11171A425)
RXS-MV-11E11R,CRDM Rod Travel Housing E11,RXS,Reactor System,Containment,Containment,A,I,ASME III-1,,True,False,,,,,,,,,,,,,DCD Tier 2 Table 3.2-3 (ML11171A425)
RXS-MV-11E13,CRDM Latch Assembly E13,RXS,Reactor System,Containment,Containment,D,NS,Manufacturer Std.,,True,False,,,,,,,,,,,,,DCD Tier 2 Table 3.2-3 (ML11171A425)
RXS-MV-11E13,CRDM Drive Rod Assembly E13,RXS,Reactor System,Containment,Containment,D,NS,Manufacturer Std.,,True,False,,,,,,,,,,,,,DCD Tier 2 Table 3.2-3 (ML11171A425)
RXS-MV-11E13,CRDM Coil Stack Assembly E13,RXS,Reactor System,Containment,Containment,D,NS,Manufacturer Std.,,True,False,,,,,,,,,,,,,DCD Tier 2 Table 3.2-3 (ML11171A425)
RXS-MV-11E13L,CRDM Latch Housing E13,RXS,Reactor System,Containment,Containment,A,I,ASME III-1,,True,False,,,,,,,,,,,,,DCD Tier 2 Table 3.2-3 (ML11171A425)
RXSMV-11E13R,CRDM Rod Travel Housing E13,RXS,Reactor System,Containment,Containment,A,I,ASME III-1,,True,False,,,,,,,,,,,,,DCD Tier 2 Table 3.2-3 (ML11171A425)
RXS-MV-11F02,CRDM Latch Assembly F2,RXS,Reactor System,Containment,Containment,D,NS,Manufacturer Std.,,True,False,,,,,,,,,,,,,DCD Tier 2 Table 3.2-3 (ML11171A425)
RXS-MV-11F02,CRDM Drive Rod Assembly F2,RXS,Reactor System,Containment,Containment,D,NS,Manufacturer Std.,,True,False,,,,,,,,,,,,,DCD Tier 2 Table 3.2-3 (ML11171A425)
RXS-MV-11F02,CRDM Coil Stack Assembly F2,RXS,Reactor System,Containment,Containment,D,NS,Manufacturer Std.,,True,False,,,,,,,,,,,,,DCD Tier 2 Table 3.2-3 (ML11171A425)
RXS-MV-11F02L,CRDM Latch Housing F2,RXS,Reactor System,Containment,Containment,A,I,ASME III-1,,True,False,,,,,,,,,,,,,DCD Tier 2 Table 3.2-3 (ML11171A425)
RXS-MV-11F02R,CRDM Rod Travel Housing F2,RXS,Reactor System,Containment,Containment,A,I,ASME III-1,,True,False,,,,,,,,,,,,,DCD Tier 2 Table 3.2-3 (ML11171A425)
RXS-MV-11F04,CRDM Latch Assembly F4,RXS,Reactor System,Containment,Containment,D,NS,Manufacturer Std.,,True,False,,,,,,,,,,,,,DCD Tier 2 Table 3.2-3 (ML11171A425)
RXS-MV-11F04,CRDM Drive Rod Assembly F4,RXS,Reactor System,Containment,Containment,D,NS,Manufacturer Std.,,True,False,,,,,,,,,,,,,DCD Tier 2 Table 3.2-3 (ML11171A425)
RXS-MV-11F04,CRDM Coil Stack Assembly F4,RXS,Reactor System,Containment,Containment,D,NS,Manufacturer Std.,,True,False,,,,,,,,,,,,,DCD Tier 2 Table 3.2-3 (ML11171A425)
RXS-MV-11F04L,CRDM Latch Housing F4,RXS,Reactor System,Containment,Containment,A,I,ASME III-1,,True,False,,,,,,,,,,,,,DCD Tier 2 Table 3.2-3 (ML11171A425)
RXS-MV-11F04R,CRDM Rod Travel Housing F4,RXS,Reactor System,Containment,Containment,A,I,ASME III-1,,True,False,,,,,,,,,,,,,DCD Tier 2 Table 3.2-3 (ML11171A425)
RXS-MV-11F06,CRDM Latch Assembly F6,RXS,Reactor System,Containment,Containment,D,NS,Manufacturer Std.,,True,False,,,,,,,,,,,,,DCD Tier 2 Table 3.2-3 (ML11171A425)
RXS-MV-11F06,CRDM Drive Rod Assembly F6,RXS,Reactor System,Containment,Containment,D,NS,Manufacturer Std.,,True,False,,,,,,,,,,,,,DCD Tier 2 Table 3.2-3 (ML11171A425)
RXS-MV-11F06,CRDM Coil Stack Assembly F6,RXS,Reactor System,Containment,Containment,D,NS,Manufacturer Std.,,True,False,,,,,,,,,,,,,DCD Tier 2 Table 3.2-3 (ML11171A425)
RXS-MV-11F06L,CRDM Latch Housing F6,RXS,Reactor System,Containment,Containment,A,I,ASME III-1,,True,False,,,,,,,,,,,,,DCD Tier 2 Table 3.2-3 (ML11171A425)
RXS-MV-11F06R,CRDM Rod Travel Housing F6,RXS,Reactor System,Containment,Containment,A,I,ASME III-1,,True,False,,,,,,,,,,,,,DCD Tier 2 Table 3.2-3 (ML11171A425)
RXS-MV-11F08,CRDM Latch Assembly F8,RXS,Reactor System,Containment,Containment,D,NS,Manufacturer Std.,,True,False,,,,,,,,,,,,,DCD Tier 2 Table 3.2-3 (ML11171A425)
RXS-MV-11F08,CRDM Drive Rod Assembly F8,RXS,Reactor System,Containment,Containment,D,NS,Manufacturer Std.,,True,False,,,,,,,,,,,,,DCD Tier 2 Table 3.2-3 (ML11171A425)
RXS-MV-11F08,CRDM Coil Stack Assembly F8,RXS,Reactor System,Containment,Containment,D,NS,Manufacturer Std.,,True,False,,,,,,,,,,,,,DCD Tier 2 Table 3.2-3 (ML11171A425)
RXS-MV-11F08L,CRDM Latch Housing F8,RXS,Reactor System,Containment,Containment,A,I,ASME III-1,,True,False,,,,,,,,,,,,,DCD Tier 2 Table 3.2-3 (ML11171A425)
RXS-MV-11F08R,CRDM Rod Travel Housing F8,RXS,Reactor System,Containment,Containment,A,I,ASME III-1,,True,False,,,,,,,,,,,,,DCD Tier 2 Table 3.2-3 (ML11171A425)
RXS-MV-11F10,CRDM Latch Assembly F10,RXS,Reactor System,Containment,Containment,D,NS,Manufacturer Std.,,True,False,,,,,,,,,,,,,DCD Tier 2 Table 3.2-3 (ML11171A425)
RXS-MV-11F10,CRDM Drive Rod Assembly F10,RXS,Reactor System,Containment,Containment,D,NS,Manufacturer Std.,,True,False,,,,,,,,,,,,,DCD Tier 2 Table 3.2-3 (ML11171A425)
RXS-MV-11F10,CRDM Coil Stack Assembly F10,RXS,Reactor System,Containment,Containment,D,NS,Manufacturer Std.,,True,False,,,,,,,,,,,,,DCD Tier 2 Table 3.2-3 (ML11171A425)
RXS-MV-11F10L,CRDM Latch Housing F10,RXS,Reactor System,Containment,Containment,A,I,ASME III-1,,True,False,,,,,,,,,,,,,DCD Tier 2 Table 3.2-3 (ML11171A425)
RXS-MV-11F10R,CRDM Rod Travel Housing F10,RXS,Reactor System,Containment,Containment,A,I,ASME III-1,,True,False,,,,,,,,,,,,,DCD Tier 2 Table 3.2-3 (ML11171A425)
RXS-MV-11F12,CRDM Latch Assembly F12,RXS,Reactor System,Containment,Containment,D,NS,Manufacturer Std.,,True,False,,,,,,,,,,,,,DCD Tier 2 Table 3.2-3 (ML11171A425)
RXS-MV-11F12,CRDM Drive Rod Assembly F12,RXS,Reactor System,Containment,Containment,D,NS,Manufacturer Std.,,True,False,,,,,,,,,,,,,DCD Tier 2 Table 3.2-3 (ML11171A425)
RXS-MV-11F12,CRDM Coil Stack Assembly F12,RXS,Reactor System,Containment,Containment,D,NS,Manufacturer Std.,,True,False,,,,,,,,,,,,,DCD Tier 2 Table 3.2-3 (ML11171A425)
RXS-MV-11F12L,CRDM Latch Housing F12,RXS,Reactor System,Containment,Containment,A,I,ASME III-1,,True,False,,,,,,,,,,,,,DCD Tier 2 Table 3.2-3 (ML11171A425)
RXS-MV-11F12R,CRDM Rod Travel Housing F12,RXS,Reactor System,Containment,Containment,A,I,ASME III-1,,True,False,,,,,,,,,,,,,DCD Tier 2 Table 3.2-3 (ML11171A425)
RXS-MV-11F14,CRDM Latch Assembly F14,RXS,Reactor System,Containment,Containment,D,NS,Manufacturer Std.,,True,False,,,,,,,,,,,,,DCD Tier 2 Table 3.2-3 (ML11171A425)
RXS-MV-11F14,CRDM Drive Rod Assembly F14,RXS,Reactor System,Containment,Containment,D,NS,Manufacturer Std.,,True,False,,,,,,,,,,,,,DCD Tier 2 Table 3.2-3 (ML11171A425)
RXS-MV-11F14,CRDM Coil Stack Assembly F14,RXS,Reactor System,Containment,Containment,D,NS,Manufacturer Std.,,True,False,,,,,,,,,,,,,DCD Tier 2 Table 3.2-3 (ML11171A425)
RXS-MV-11F14L,CRDM Latch Housing F14,RXS,Reactor System,Containment,Containment,A,I,ASME III-1,,True,False,,,,,,,,,,,,,DCD Tier 2 Table 3.2-3 (ML11171A425)
RXS-MV-11F14R,CRDM Rod Travel Housing F14,RXS,Reactor System,Containment,Containment,A,I,ASME III-1,,True,False,,,,,,,,,,,,,DCD Tier 2 Table 3.2-3 (ML11171A425)
RXS-MV-11G03,CRDM Latch Assembly G3,RXS,Reactor System,Containment,Containment,D,NS,Manufacturer Std.,,True,False,,,,,,,,,,,,,DCD Tier 2 Table 3.2-3 (ML11171A425)
RXS-MV-11G03,CRDM Drive Rod Assembly G3,RXS,Reactor System,Containment,Containment,D,NS,Manufacturer Std.,,True,False,,,,,,,,,,,,,DCD Tier 2 Table 3.2-3 (ML11171A425)
RXS-MV-11G03,CRDM Coil Stack Assembly G3,RXS,Reactor System,Containment,Containment,D,NS,Manufacturer Std.,,True,False,,,,,,,,,,,,,DCD Tier 2 Table 3.2-3 (ML11171A425)
RXS-MV-11G03L,CRDM Latch Housing G3,RXS,Reactor System,Containment,Containment,A,I,ASME III-1,,True,False,,,,,,,,,,,,,DCD Tier 2 Table 3.2-3 (ML11171A425)
RXS-MV-11G03R,CRDM Rod Travel Housing G3,RXS,Reactor System,Containment,Containment,A,I,ASME III-1,,True,False,,,,,,,,,,,,,DCD Tier 2 Table 3.2-3 (ML11171A425)
RXS-MV-11G05,CRDM Latch Assembly G5,RXS,Reactor System,Containment,Containment,D,NS,Manufacturer Std.,,True,False,,,,,,,,,,,,,DCD Tier 2 Table 3.2-3 (ML11171A425)
RXS-MV-11G05,CRDM Drive Rod Assembly G5,RXS,Reactor System,Containment,Containment,D,NS,Manufacturer Std.,,True,False,,,,,,,,,,,,,DCD Tier 2 Table 3.2-3 (ML11171A425)
RXS-MV-11G05,CRDM Coil Stack Assembly G5,RXS,Reactor System,Containment,Containment,D,NS,Manufacturer Std.,,True,False,,,,,,,,,,,,,DCD Tier 2 Table 3.2-3 (ML11171A425)
RXS-MV-11G05L,CRDM Latch Housing G5,RXS,Reactor System,Containment,Containment,A,I,ASME III-1,,True,False,,,,,,,,,,,,,DCD Tier 2 Table 3.2-3 (ML11171A425)
RXS-MV-11G05R,CRDM Rod Travel Housing G5,RXS,Reactor System,Containment,Containment,A,I,ASME III-1,,True,False,,,,,,,,,,,,,DCD Tier 2 Table 3.2-3 (ML11171A425)
RXS-MV-11G07,CRDM Latch Assembly G7,RXS,Reactor System,Containment,Containment,D,NS,Manufacturer Std.,,True,False,,,,,,,,,,,,,DCD Tier 2 Table 3.2-3 (ML11171A425)
RXS-MV-11G07,CRDM Drive Rod Assembly G7,RXS,Reactor System,Containment,Containment,D,NS,Manufacturer Std.,,True,False,,,,,,,,,,,,,DCD Tier 2 Table 3.2-3 (ML11171A425)
RXS-MV-11G07,CRDM Coil Stack Assembly G7,RXS,Reactor System,Containment,Containment,D,NS,Manufacturer Std.,,True,False,,,,,,,,,,,,,DCD Tier 2 Table 3.2-3 (ML11171A425)
RXS-MV-11G07L,CRDM Latch Housing G7,RXS,Reactor System,Containment,Containment,A,I,ASME III-1,,True,False,,,,,,,,,,,,,DCD Tier 2 Table 3.2-3 (ML11171A425)
RXS-MV-11G07R,CRDM Rod Travel Housing G7,RXS,Reactor System,Containment,Containment,A,I,ASME III-1,,True,False,,,,,,,,,,,,,DCD Tier 2 Table 3.2-3 (ML11171A425)
RXS-MV-11G09,CRDM Latch Assembly G9,RXS,Reactor System,Containment,Containment,D,NS,Manufacturer Std.,,True,False,,,,,,,,,,,,,DCD Tier 2 Table 3.2-3 (ML11171A425)
RXS-MV-11G09,CRDM Drive Rod Assembly G9,RXS,Reactor System,Containment,Containment,D,NS,Manufacturer Std.,,True,False,,,,,,,,,,,,,DCD Tier 2 Table 3.2-3 (ML11171A425)
RXS-MV-11G09,CRDM Coil Stack Assembly G9,RXS,Reactor System,Containment,Containment,D,NS,Manufacturer Std.,,True,False,,,,,,,,,,,,,DCD Tier 2 Table 3.2-3 (ML11171A425)
RXS-MV-11G09L,CRDM Latch Housing G9,RXS,Reactor System,Containment,Containment,A,I,ASME III-1,,True,False,,,,,,,,,,,,,DCD Tier 2 Table 3.2-3 (ML11171A425)
RXS-MV-11G09R,CRDM Rod Travel Housing G9,RXS,Reactor System,Containment,Containment,A,I,ASME III-1,,True,False,,,,,,,,,,,,,DCD Tier 2 Table 3.2-3 (ML11171A425)
RXS-MV-11G11,CRDM Latch Assembly G11,RXS,Reactor System,Containment,Containment,D,NS,Manufacturer Std.,,True,False,,,,,,,,,,,,,DCD Tier 2 Table 3.2-3 (ML11171A425)
RXS-MV-11G11,CRDM Drive Rod Assembly G11,RXS,Reactor System,Containment,Containment,D,NS,Manufacturer Std.,,True,False,,,,,,,,,,,,,DCD Tier 2 Table 3.2-3 (ML11171A425)
RXS-MV-11G11,CRDM Coil Stack Assembly G11,RXS,Reactor System,Containment,Containment,D,NS,Manufacturer Std.,,True,False,,,,,,,,,,,,,DCD Tier 2 Table 3.2-3 (ML11171A425)
RXS-MV-11G11L,CRDM Latch Housing G11,RXS,Reactor System,Containment,Containment,A,I,ASME III-1,,True,False,,,,,,,,,,,,,DCD Tier 2 Table 3.2-3 (ML11171A425)
RXS-MV-11G11R,CRDM Rod Travel Housing G11,RXS,Reactor System,Containment,Containment,A,I,ASME III-1,,True,False,,,,,,,,,,,,,DCD Tier 2 Table 3.2-3 (ML11171A425)
RXS-MV-11G13,CRDM Latch Assembly G13,RXS,Reactor System,Containment,Containment,D,NS,Manufacturer Std.,,True,False,,,,,,,,,,,,,DCD Tier 2 Table 3.2-3 (ML11171A425)
RXS-MV-11G13,CRDM Drive Rod Assembly G13,RXS,Reactor System,Containment,Containment,D,NS,Manufacturer Std.,,True,False,,,,,,,,,,,,,DCD Tier 2 Table 3.2-3 (ML11171A425)
RXS-MV-11G13,CRDM Coil Stack Assembly G13,RXS,Reactor System,Containment,Containment,D,NS,Manufacturer Std.,,True,False,,,,,,,,,,,,,DCD Tier 2 Table 3.2-3 (ML11171A425)
RXS-MV-11G13L,CRDM Latch Housing G13,RXS,Reactor System,Containment,Containment,A,I,ASME III-1,,True,False,,,,,,,,,,,,,DCD Tier 2 Table 3.2-3 (ML11171A425)
RXS-MV-11G13R,CRDM Rod Travel Housing G13,RXS,Reactor System,Containment,Containment,A,I,ASME III-1,,True,False,,,,,,,,,,,,,DCD Tier 2 Table 3.2-3 (ML11171A425)
RXS-MV-11H02,CRDM Latch Assembly H2,RXS,Reactor System,Containment,Containment,D,NS,Manufacturer Std.,,True,False,,,,,,,,,,,,,DCD Tier 2 Table 3.2-3 (ML11171A425)
RXS-MV-11H02,CRDM Drive Rod Assembly H2,RXS,Reactor System,Containment,Containment,D,NS,Manufacturer Std.,,True,False,,,,,,,,,,,,,DCD Tier 2 Table 3.2-3 (ML11171A425)
RXS-MV-11H02,CRDM Coil Stack Assembly H2,RXS,Reactor System,Containment,Containment,D,NS,Manufacturer Std.,,True,False,,,,,,,,,,,,,DCD Tier 2 Table 3.2-3 (ML11171A425)
RXS-MV-11H02L,CRDM Latch Housing H2,RXS,Reactor System,Containment,Containment,A,I,ASME III-1,,True,False,,,,,,,,,,,,,DCD Tier 2 Table 3.2-3 (ML11171A425)
RXS-MV-11H02R,CRDM Rod Travel Housing H2,RXS,Reactor System,Containment,Containment,A,I,ASME III-1,,True,False,,,,,,,,,,,,,DCD Tier 2 Table 3.2-3 (ML11171A425)
RXS-MV-11H04,CRDM Latch Assembly H4,RXS,Reactor System,Containment,Containment,D,NS,Manufacturer Std.,,True,False,,,,,,,,,,,,,DCD Tier 2 Table 3.2-3 (ML11171A425)
RXS-MV-11H04,CRDM Drive Rod Assembly H4,RXS,Reactor System,Containment,Containment,D,NS,Manufacturer Std.,,True,False,,,,,,,,,,,,,DCD Tier 2 Table 3.2-3 (ML11171A425)
RXS-MV-11H04,CRDM Coil Stack Assembly H4,RXS,Reactor System,Containment,Containment,D,NS,Manufacturer Std.,,True,False,,,,,,,,,,,,,DCD Tier 2 Table 3.2-3 (ML11171A425)
RXS-MV-11H04L,CRDM Latch Housing H4,RXS,Reactor System,Containment,Containment,A,I,ASME III-1,,True,False,,,,,,,,,,,,,DCD Tier 2 Table 3.2-3 (ML11171A425)
RXS-MV-11H04R,CRDM Rod Travel Housing H4,RXS,Reactor System,Containment,Containment,A,I,ASME III-1,,True,False,,,,,,,,,,,,,DCD Tier 2 Table 3.2-3 (ML11171A425)
RXS-MV-11H06,CRDM Latch Assembly H6,RXS,Reactor System,Containment,Containment,D,NS,Manufacturer Std.,,True,False,,,,,,,,,,,,,DCD Tier 2 Table 3.2-3 (ML11171A425)
RXS-MV-11H06,CRDM Drive Rod Assembly H6,RXS,Reactor System,Containment,Containment,D,NS,Manufacturer Std.,,True,False,,,,,,,,,,,,,DCD Tier 2 Table 3.2-3 (ML11171A425)
RXS-MV-11H06,CRDM Coil Stack Assembly H6,RXS,Reactor System,Containment,Containment,D,NS,Manufacturer Std.,,True,False,,,,,,,,,,,,,DCD Tier 2 Table 3.2-3 (ML11171A425)
RXS-MV-11H06L,CRDM Latch Housing H6,RXS,Reactor System,Containment,Containment,A,I,ASME III-1,,True,False,,,,,,,,,,,,,DCD Tier 2 Table 3.2-3 (ML11171A425)
RXS-MV-11H06R,CRDM Rod Travel Housing H6,RXS,Reactor System,Containment,Containment,A,I,ASME III-1,,True,False,,,,,,,,,,,,,DCD Tier 2 Table 3.2-3 (ML11171A425)
RXS-MV-11H08,CRDM Latch Assembly H8,RXS,Reactor System,Containment,Containment,D,NS,Manufacturer Std.,,True,False,,,,,,,,,,,,,DCD Tier 2 Table 3.2-3 (ML11171A425)
RXS-MV-11H08,CRDM Drive Rod Assembly H8,RXS,Reactor System,Containment,Containment,D,NS,Manufacturer Std.,,True,False,,,,,,,,,,,,,DCD Tier 2 Table 3.2-3 (ML11171A425)
RXS-MV-11H08,CRDM Coil Stack Assembly H8,RXS,Reactor System,Containment,Containment,D,NS,Manufacturer Std.,,True,False,,,,,,,,,,,,,DCD Tier 2 Table 3.2-3 (ML11171A425)
RXS-MV-11H08L,CRDM Latch Housing H8,RXS,Reactor System,Containment,Containment,A,I,ASME III-1,,True,False,,,,,,,,,,,,,DCD Tier 2 Table 3.2-3 (ML11171A425)
RXS-MV-11H08R,CRDM Rod Travel Housing H8,RXS,Reactor System,Containment,Containment,A,I,ASME III-1,,True,False,,,,,,,,,,,,,DCD Tier 2 Table 3.2-3 (ML11171A425)
RXS-MV-11H10,CRDM Latch Assembly H10,RXS,Reactor System,Containment,Containment,D,NS,Manufacturer Std.,,True,False,,,,,,,,,,,,,DCD Tier 2 Table 3.2-3 (ML11171A425)
RXS-MV-11H10,CRDM Drive Rod Assembly H10,RXS,Reactor System,Containment,Containment,D,NS,Manufacturer Std.,,True,False,,,,,,,,,,,,,DCD Tier 2 Table 3.2-3 (ML11171A425)
RXS-MV-11H10,CRDM Coil Stack Assembly H10,RXS,Reactor System,Containment,Containment,D,NS,Manufacturer Std.,,True,False,,,,,,,,,,,,,DCD Tier 2 Table 3.2-3 (ML11171A425)
RXS-MV-11H10L,CRDM Latch Housing H10,RXS,Reactor System,Containment,Containment,A,I,ASME III-1,,True,False,,,,,,,,,,,,,DCD Tier 2 Table 3.2-3 (ML11171A425)
RXS-MV-11H10R,CRDM Rod Travel Housing H10,RXS,Reactor System,Containment,Containment,A,I,ASME III-1,,True,False,,,,,,,,,,,,,DCD Tier 2 Table 3.2-3 (ML11171A425)
RXS-MV-11H12,CRDM Latch Assembly H12,RXS,Reactor System,Containment,Containment,D,NS,Manufacturer Std.,,True,False,,,,,,,,,,,,,DCD Tier 2 Table 3.2-3 (ML11171A425)
RXS-MV-11H12,CRDM Drive Rod Assembly H12,RXS,Reactor System,Containment,Containment,D,NS,Manufacturer Std.,,True,False,,,,,,,,,,,,,DCD Tier 2 Table 3.2-3 (ML11171A425)
RXS-MV-11H12,CRDM Coil Stack Assembly H12,RXS,Reactor System,Containment,Containment,D,NS,Manufacturer Std.,,True,False,,,,,,,,,,,,,DCD Tier 2 Table 3.2-3 (ML11171A425)
RXS-MV-11H12L,CRDM Latch Housing H12,RXS,Reactor System,Containment,Containment,A,I,ASME III-1,,True,False,,,,,,,,,,,,,DCD Tier 2 Table 3.2-3 (ML11171A425)
RXS-MV-11H12R,CRDM Rod Travel Housing H12,RXS,Reactor System,Containment,Containment,A,I,ASME III-1,,True,False,,,,,,,,,,,,,DCD Tier 2 Table 3.2-3 (ML11171A425)
RXS-MV-11H14,CRDM Latch Assembly H14,RXS,Reactor System,Containment,Containment,D,NS,Manufacturer Std.,,True,False,,,,,,,,,,,,,DCD Tier 2 Table 3.2-3 (ML11171A425)
RXS-MV-11H14,CRDM Drive Rod Assembly H14,RXS,Reactor System,Containment,Containment,D,NS,Manufacturer Std.,,True,False,,,,,,,,,,,,,DCD Tier 2 Table 3.2-3 (ML11171A425)
RXS-MV-11H14,CRDM Coil Stack Assembly H14,RXS,Reactor System,Containment,Containment,D,NS,Manufacturer Std.,,True,False,,,,,,,,,,,,,DCD Tier 2 Table 3.2-3 (ML11171A425)
RXS-MV-11H14L,CRDM Latch Housing H14,RXS,Reactor System,Containment,Containment,A,I,ASME III-1,,True,False,,,,,,,,,,,,,DCD Tier 2 Table 3.2-3 (ML11171A425)
RXS-MV-11H14R,CRDM Rod Travel Housing H14,RXS,Reactor System,Containment,Containment,A,I,ASME III-1,,True,False,,,,,,,,,,,,,DCD Tier 2 Table 3.2-3 (ML11171A425)
RXS-MV-11J03,CRDM Latch Assembly J3,RXS,Reactor System,Containment,Containment,D,NS,Manufacturer Std.,,True,False,,,,,,,,,,,,,DCD Tier 2 Table 3.2-3 (ML11171A425)
RXS-MV-11J03,CRDM Drive Rod Assembly J3,RXS,Reactor System,Containment,Containment,D,NS,Manufacturer Std.,,True,False,,,,,,,,,,,,,DCD Tier 2 Table 3.2-3 (ML11171A425)
RXS-MV-11J03,CRDM Coil Stack Assembly J3,RXS,Reactor System,Containment,Containment,D,NS,Manufacturer Std.,,True,False,,,,,,,,,,,,,DCD Tier 2 Table 3.2-3 (ML11171A425)
RXS-MV-11J03L,CRDM Latch Housing J3,RXS,Reactor System,Containment,Containment,A,I,ASME III-1,,True,False,,,,,,,,,,,,,DCD Tier 2 Table 3.2-3 (ML11171A425)
RXS-MV-11J03R,CRDM Rod Travel Housing J3,RXS,Reactor System,Containment,Containment,A,I,ASME III-1,,True,False,,,,,,,,,,,,,DCD Tier 2 Table 3.2-3 (ML11171A425)
RXS-MV-11J05,CRDM Latch Assembly J5,RXS,Reactor System,Containment,Containment,D,NS,Manufacturer Std.,,True,False,,,,,,,,,,,,,DCD Tier 2 Table 3.2-3 (ML11171A425)
RXS-MV-11J05,CRDM Drive Rod Assembly J5,RXS,Reactor System,Containment,Containment,D,NS,Manufacturer Std.,,True,False,,,,,,,,,,,,,DCD Tier 2 Table 3.2-3 (ML11171A425)
RXS-MV-11J05,CRDM Coil Stack Assembly J5,RXS,Reactor System,Containment,Containment,D,NS,Manufacturer Std.,,True,False,,,,,,,,,,,,,DCD Tier 2 Table 3.2-3 (ML11171A425)
RXS-MV-11J05L,CRDM Latch Housing J5,RXS,Reactor System,Containment,Containment,A,I,ASME III-1,,True,False,,,,,,,,,,,,,DCD Tier 2 Table 3.2-3 (ML11171A425)
RXS-MV-11J05R,CRDM Rod Travel Housing J5,RXS,Reactor System,Containment,Containment,A,I,ASME III-1,,True,False,,,,,,,,,,,,,DCD Tier 2 Table 3.2-3 (ML11171A425)
RXS-MV-11J07,CRDM Latch Assembly J7,RXS,Reactor System,Containment,Containment,D,NS,Manufacturer Std.,,True,False,,,,,,,,,,,,,DCD Tier 2 Table 3.2-3 (ML11171A425)
RXS-MV-11J07,CRDM Drive Rod Assembly J7,RXS,Reactor System,Containment,Containment,D,NS,Manufacturer Std.,,True,False,,,,,,,,,,,,,DCD Tier 2 Table 3.2-3 (ML11171A425)
RXS-MV-11J07,CRDM Coil Stack Assembly J7,RXS,Reactor System,Containment,Containment,D,NS,Manufacturer Std.,,True,False,,,,,,,,,,,,,DCD Tier 2 Table 3.2-3 (ML11171A425)
RXS-MV-11J07L,CRDM Latch Housing J7,RXS,Reactor System,Containment,Containment,A,I,ASME III-1,,True,False,,,,,,,,,,,,,DCD Tier 2 Table 3.2-3 (ML11171A425)
RXS-MV-11J07R,CRDM Rod Travel Housing J7,RXS,Reactor System,Containment,Containment,A,I,ASME III-1,,True,False,,,,,,,,,,,,,DCD Tier 2 Table 3.2-3 (ML11171A425)
RXS-MV-11J09,CRDM Latch Assembly J9,RXS,Reactor System,Containment,Containment,D,NS,Manufacturer Std.,,True,False,,,,,,,,,,,,,DCD Tier 2 Table 3.2-3 (ML11171A425)
RXS-MV-11J09,CRDM Drive Rod Assembly J9,RXS,Reactor System,Containment,Containment,D,NS,Manufacturer Std.,,True,False,,,,,,,,,,,,,DCD Tier 2 Table 3.2-3 (ML11171A425)
RXS-MV-11J09,CRDM Coil Stack Assembly J9,RXS,Reactor System,Containment,Containment,D,NS,Manufacturer Std.,,True,False,,,,,,,,,,,,,DCD Tier 2 Table 3.2-3 (ML11171A425)
RXS-MV-11J09L,CRDM Latch Housing J9,RXS,Reactor System,Containment,Containment,A,I,ASME III-1,,True,False,,,,,,,,,,,,,DCD Tier 2 Table 3.2-3 (ML11171A425)
RXS-MV-11J09R,CRDM Rod Travel Housing J9,RXS,Reactor System,Containment,Containment,A,I,ASME III-1,,True,False,,,,,,,,,,,,,DCD Tier 2 Table 3.2-3 (ML11171A425)
RXS-MV-11J11,CRDM Latch Assembly J11,RXS,Reactor System,Containment,Containment,D,NS,Manufacturer Std.,,True,False,,,,,,,,,,,,,DCD Tier 2 Table 3.2-3 (ML11171A425)
RXS-MV-11J11,CRDM Drive Rod Assembly J11,RXS,Reactor System,Containment,Containment,D,NS,Manufacturer Std.,,True,False,,,,,,,,,,,,,DCD Tier 2 Table 3.2-3 (ML11171A425)
RXS-MV-11J11,CRDM Coil Stack Assembly J11,RXS,Reactor System,Containment,Containment,D,NS,Manufacturer Std.,,True,False,,,,,,,,,,,,,DCD Tier 2 Table 3.2-3 (ML11171A425)
RXS-MV-11J11L,CRDM Latch Housing J11,RXS,Reactor System,Containment,Containment,A,I,ASME III-1,,True,False,,,,,,,,,,,,,DCD Tier 2 Table 3.2-3 (ML11171A425)
RXS-MV-11J11R,CRDM Rod Travel Housing J11,RXS,Reactor System,Containment,Containment,A,I,ASME III-1,,True,False,,,,,,,,,,,,,DCD Tier 2 Table 3.2-3 (ML11171A425)
RXS-MV-11J13,CRDM Latch Assembly J13,RXS,Reactor System,Containment,Containment,D,NS,Manufacturer Std.,,True,False,,,,,,,,,,,,,DCD Tier 2 Table 3.2-3 (ML11171A425)
RXS-MV-11J13,CRDM Drive Rod Assembly J13,RXS,Reactor System,Containment,Containment,D,NS,Manufacturer Std.,,True,False,,,,,,,,,,,,,DCD Tier 2 Table 3.2-3 (ML11171A425)
RXS-MV-11J13,CRDM Coil Stack Assembly J13,RXS,Reactor System,Containment,Containment,D,NS,Manufacturer Std.,,True,False,,,,,,,,,,,,,DCD Tier 2 Table 3.2-3 (ML11171A425)
RXS-MV-11J13L,CRDM Latch Housing J13,RXS,Reactor System,Containment,Containment,A,I,ASME III-1,,True,False,,,,,,,,,,,,,DCD Tier 2 Table 3.2-3 (ML11171A425)
RXS-MV-11J13R,CRDM Rod Travel Housing J13,RXS,Reactor System,Containment,Containment,A,I,ASME III-1,,True,False,,,,,,,,,,,,,DCD Tier 2 Table 3.2-3 (ML11171A425)
RXS-MV-11K02,CRDM Latch Assembly K2,RXS,Reactor System,Containment,Containment,D,NS,Manufacturer Std.,,True,False,,,,,,,,,,,,,DCD Tier 2 Table 3.2-3 (ML11171A425)
RXS-MV-11K02,CRDM Drive Rod Assembly K2,RXS,Reactor System,Containment,Containment,D,NS,Manufacturer Std.,,True,False,,,,,,,,,,,,,DCD Tier 2 Table 3.2-3 (ML11171A425)
RXS-MV-11K02,CRDM Coil Stack Assembly K2,RXS,Reactor System,Containment,Containment,D,NS,Manufacturer Std.,,True,False,,,,,,,,,,,,,DCD Tier 2 Table 3.2-3 (ML11171A425)
RXS-MV-11K02L,CRDM Latch Housing K2,RXS,Reactor System,Containment,Containment,A,I,ASME III-1,,True,False,,,,,,,,,,,,,DCD Tier 2 Table 3.2-3 (ML11171A425)
RXS-MV-11K02R,CRDM Rod Travel Housing K2,RXS,Reactor System,Containment,Containment,A,I,ASME III-1,,True,False,,,,,,,,,,,,,DCD Tier 2 Table 3.2-3 (ML11171A425)
RXS-MV-11K04,CRDM Latch Assembly K4,RXS,Reactor System,Containment,Containment,D,NS,Manufacturer Std.,,True,False,,,,,,,,,,,,,DCD Tier 2 Table 3.2-3 (ML11171A425)
RXS-MV-11K04,CRDM Drive Rod Assembly K4,RXS,Reactor System,Containment,Containment,D,NS,Manufacturer Std.,,True,False,,,,,,,,,,,,,DCD Tier 2 Table 3.2-3 (ML11171A425)
RXS-MV-11K04,CRDM Coil Stack Assembly K4,RXS,Reactor System,Containment,Containment,D,NS,Manufacturer Std.,,True,False,,,,,,,,,,,,,DCD Tier 2 Table 3.2-3 (ML11171A425)
RXS-MV-11K04L,CRDM Latch Housing K4,RXS,Reactor System,Containment,Containment,A,I,ASME III-1,,True,False,,,,,,,,,,,,,DCD Tier 2 Table 3.2-3 (ML11171A425)
RXS-MV-11K04R,CRDM Rod Travel Housing K4,RXS,Reactor System,Containment,Containment,A,I,ASME III-1,,True,False,,,,,,,,,,,,,DCD Tier 2 Table 3.2-3 (ML11171A425)
RXS-MV-11K06,CRDM Latch Assembly K6,RXS,Reactor System,Containment,Containment,D,NS,Manufacturer Std.,,True,False,,,,,,,,,,,,,DCD Tier 2 Table 3.2-3 (ML11171A425)
RXS-MV-11K06,CRDM Drive Rod Assembly K6,RXS,Reactor System,Containment,Containment,D,NS,Manufacturer Std.,,True,False,,,,,,,,,,,,,DCD Tier 2 Table 3.2-3 (ML11171A425)
RXS-MV-11K06,CRDM Coil Stack Assembly K6,RXS,Reactor System,Containment,Containment,D,NS,Manufacturer Std.,,True,False,,,,,,,,,,,,,DCD Tier 2 Table 3.2-3 (ML11171A425)
RXS-MV-11K06L,CRDM Latch Housing K6,RXS,Reactor System,Containment,Containment,A,I,ASME III-1,,True,False,,,,,,,,,,,,,DCD Tier 2 Table 3.2-3 (ML11171A425)
RXS-MV-11K06R,CRDM Rod Travel Housing K6,RXS,Reactor System,Containment,Containment,A,I,ASME III-1,,True,False,,,,,,,,,,,,,DCD Tier 2 Table 3.2-3 (ML11171A425)
RXS-MV-11K08,CRDM Latch Assembly K8,RXS,Reactor System,Containment,Containment,D,NS,Manufacturer Std.,,True,False,,,,,,,,,,,,,DCD Tier 2 Table 3.2-3 (ML11171A425)
RXS-MV-11K08,CRDM Drive Rod Assembly K8,RXS,Reactor System,Containment,Containment,D,NS,Manufacturer Std.,,True,False,,,,,,,,,,,,,DCD Tier 2 Table 3.2-3 (ML11171A425)
RXS-MV-11K08,CRDM Coil Stack Assembly K8,RXS,Reactor System,Containment,Containment,D,NS,Manufacturer Std.,,True,False,,,,,,,,,,,,,DCD Tier 2 Table 3.2-3 (ML11171A425)
RXS-MV-11K08L,CRDM Latch Housing K8,RXS,Reactor System,Containment,Containment,A,I,ASME III-1,,True,False,,,,,,,,,,,,,DCD Tier 2 Table 3.2-3 (ML11171A425)
RXS-MV-11K08R,CRDM Rod Travel Housing K8,RXS,Reactor System,Containment,Containment,A,I,ASME III-1,,True,False,,,,,,,,,,,,,DCD Tier 2 Table 3.2-3 (ML11171A425)
RXS-MV-11K10,CRDM Latch Assembly K10,RXS,Reactor System,Containment,Containment,D,NS,Manufacturer Std.,,True,False,,,,,,,,,,,,,DCD Tier 2 Table 3.2-3 (ML11171A425)
RXS-MV-11K10,CRDM Drive Rod Assembly K10,RXS,Reactor System,Containment,Containment,D,NS,Manufacturer Std.,,True,False,,,,,,,,,,,,,DCD Tier 2 Table 3.2-3 (ML11171A425)
RXS-MV-11K10,CRDM Coil Stack Assembly K10,RXS,Reactor System,Containment,Containment,D,NS,Manufacturer Std.,,True,False,,,,,,,,,,,,,DCD Tier 2 Table 3.2-3 (ML11171A425)
RXS-MV-11K10L,CRDM Latch Housing K10,RXS,Reactor System,Containment,Containment,A,I,ASME III-1,,True,False,,,,,,,,,,,,,DCD Tier 2 Table 3.2-3 (ML11171A425)
RXS-MV-11K10R,CRDM Rod Travel Housing K10,RXS,Reactor System,Containment,Containment,A,I,ASME III-1,,True,False,,,,,,,,,,,,,DCD Tier 2 Table 3.2-3 (ML11171A425)
RXS-MV-11K12,CRDM Latch Assembly K12,RXS,Reactor System,Containment,Containment,D,NS,Manufacturer Std.,,True,False,,,,,,,,,,,,,DCD Tier 2 Table 3.2-3 (ML11171A425)
RXS-MV-11K12,CRDM Drive Rod Assembly K12,RXS,Reactor System,Containment,Containment,D,NS,Manufacturer Std.,,True,False,,,,,,,,,,,,,DCD Tier 2 Table 3.2-3 (ML11171A425)
RXS-MV-11K12,CRDM Coil Stack Assembly K12,RXS,Reactor System,Containment,Containment,D,NS,Manufacturer Std.,,True,False,,,,,,,,,,,,,DCD Tier 2 Table 3.2-3 (ML11171A425)
RXS-MV-11K12L,CRDM Latch Housing K12,RXS,Reactor System,Containment,Containment,A,I,ASME III-1,,True,False,,,,,,,,,,,,,DCD Tier 2 Table 3.2-3 (ML11171A425)
RXS-MV-11K12R,CRDM Rod Travel Housing K12,RXS,Reactor System,Containment,Containment,A,I,ASME III-1,,True,False,,,,,,,,,,,,,DCD Tier 2 Table 3.2-3 (ML11171A425)
RXS-MV-11K14,CRDM Latch Assembly K14,RXS,Reactor System,Containment,Containment,D,NS,Manufacturer Std.,,True,False,,,,,,,,,,,,,DCD Tier 2 Table 3.2-3 (ML11171A425)
RXS-MV-11K14,CRDM Drive Rod Assembly K14,RXS,Reactor System,Containment,Containment,D,NS,Manufacturer Std.,,True,False,,,,,,,,,,,,,DCD Tier 2 Table 3.2-3 (ML11171A425)
RXS-MV-11K14,CRDM Coil Stack Assembly K14,RXS,Reactor System,Containment,Containment,D,NS,Manufacturer Std.,,True,False,,,,,,,,,,,,,DCD Tier 2 Table 3.2-3 (ML11171A425)
RXS-MV-11K14L,CRDM Latch Housing K14,RXS,Reactor System,Containment,Containment,A,I,ASME III-1,,True,False,,,,,,,,,,,,,DCD Tier 2 Table 3.2-3 (ML11171A425)
RXS-MV-11K14R,CRDM Rod Travel Housing K14,RXS,Reactor System,Containment,Containment,A,I,ASME III-1,,True,False,,,,,,,,,,,,,DCD Tier 2 Table 3.2-3 (ML11171A425)
RXS-MV-11L03,CRDM Latch Assembly L3,RXS,Reactor System,Containment,Containment,D,NS,Manufacturer Std.,,True,False,,,,,,,,,,,,,DCD Tier 2 Table 3.2-3 (ML11171A425)
RXS-MV-11L03,CRDM Drive Rod Assembly L3,RXS,Reactor System,Containment,Containment,D,NS,Manufacturer Std.,,True,False,,,,,,,,,,,,,DCD Tier 2 Table 3.2-3 (ML11171A425)
RXS-MV-11L03,CRDM Coil Stack Assembly L3,RXS,Reactor System,Containment,Containment,D,NS,Manufacturer Std.,,True,False,,,,,,,,,,,,,DCD Tier 2 Table 3.2-3 (ML11171A425)
RXS-MV-11L03L,CRDM Latch Housing L3,RXS,Reactor System,Containment,Containment,A,I,ASME III-1,,True,False,,,,,,,,,,,,,DCD Tier 2 Table 3.2-3 (ML11171A425)
RXS-MV-11L03R,CRDM Rod Travel Housing L3,RXS,Reactor System,Containment,Containment,A,I,ASME III-1,,True,False,,,,,,,,,,,,,DCD Tier 2 Table 3.2-3 (ML11171A425)
RXS-MV-11L05,CRDM Latch Assembly L5,RXS,Reactor System,Containment,Containment,D,NS,Manufacturer Std.,,True,False,,,,,,,,,,,,,DCD Tier 2 Table 3.2-3 (ML11171A425)
RXS-MV-11L05,CRDM Drive Rod Assembly L5,RXS,Reactor System,Containment,Containment,D,NS,Manufacturer Std.,,True,False,,,,,,,,,,,,,DCD Tier 2 Table 3.2-3 (ML11171A425)
RXS-MV-11L05,CRDM Coil Stack Assembly L5,RXS,Reactor System,Containment,Containment,D,NS,Manufacturer Std.,,True,False,,,,,,,,,,,,,DCD Tier 2 Table 3.2-3 (ML11171A425)
RXS-MV-11L05L,CRDM Latch Housing L5,RXS,Reactor System,Containment,Containment,A,I,ASME III-1,,True,False,,,,,,,,,,,,,DCD Tier 2 Table 3.2-3 (ML11171A425)
RXS-MV-11L05R,CRDM Rod Travel Housing L5,RXS,Reactor System,Containment,Containment,A,I,ASME III-1,,True,False,,,,,,,,,,,,,DCD Tier 2 Table 3.2-3 (ML11171A425)
RXS-MV-11L07,CRDM Latch Assembly L7,RXS,Reactor System,Containment,Containment,D,NS,Manufacturer Std.,,True,False,,,,,,,,,,,,,DCD Tier 2 Table 3.2-3 (ML11171A425)
RXS-MV-11L07,CRDM Drive Rod Assembly L7,RXS,Reactor System,Containment,Containment,D,NS,Manufacturer Std.,,True,False,,,,,,,,,,,,,DCD Tier 2 Table 3.2-3 (ML11171A425)
RXS-MV-11L07,CRDM Coil Stack Assembly L7,RXS,Reactor System,Containment,Containment,D,NS,Manufacturer Std.,,True,False,,,,,,,,,,,,,DCD Tier 2 Table 3.2-3 (ML11171A425)
RXS-MV-11L07L,CRDM Latch Housing L7,RXS,Reactor System,Containment,Containment,A,I,ASME III-1,,True,False,,,,,,,,,,,,,DCD Tier 2 Table 3.2-3 (ML11171A425)
RXS-MV-11L07R,CRDM Rod Travel Housing L7,RXS,Reactor System,Containment,Containment,A,I,ASME III-1,,True,False,,,,,,,,,,,,,DCD Tier 2 Table 3.2-3 (ML11171A425)
RXS-MV-11L09,CRDM Latch Assembly L9,RXS,Reactor System,Containment,Containment,D,NS,Manufacturer Std.,,True,False,,,,,,,,,,,,,DCD Tier 2 Table 3.2-3 (ML11171A425)
RXS-MV-11L09,CRDM Drive Rod Assembly L9,RXS,Reactor System,Containment,Containment,D,NS,Manufacturer Std.,,True,False,,,,,,,,,,,,,DCD Tier 2 Table 3.2-3 (ML11171A425)
RXS-MV-11L09,CRDM Coil Stack Assembly L9,RXS,Reactor System,Containment,Containment,D,NS,Manufacturer Std.,,True,False,,,,,,,,,,,,,DCD Tier 2 Table 3.2-3 (ML11171A425)
RXS-MV-11L09L,CRDM Latch Housing L9,RXS,Reactor System,Containment,Containment,A,I,ASME III-1,,True,False,,,,,,,,,,,,,DCD Tier 2 Table 3.2-3 (ML11171A425)
RXS-MV-11L09R,CRDM Rod Travel Housing L9,RXS,Reactor System,Containment,Containment,A,I,ASME III-1,,True,False,,,,,,,,,,,,,DCD Tier 2 Table 3.2-3 (ML11171A425)
RXS-MV-11L11,CRDM Latch Assembly L11,RXS,Reactor System,Containment,Containment,D,NS,Manufacturer Std.,,True,False,,,,,,,,,,,,,DCD Tier 2 Table 3.2-3 (ML11171A425)
RXS-MV-11L11,CRDM Drive Rod Assembly L11,RXS,Reactor System,Containment,Containment,D,NS,Manufacturer Std.,,True,False,,,,,,,,,,,,,DCD Tier 2 Table 3.2-3 (ML11171A425)
RXS-MV-11L11,CRDM Coil Stack Assembly L11,RXS,Reactor System,Containment,Containment,D,NS,Manufacturer Std.,,True,False,,,,,,,,,,,,,DCD Tier 2 Table 3.2-3 (ML11171A425)
RXS-MV-11L11L,CRDM Latch Housing L11,RXS,Reactor System,Containment,Containment,A,I,ASME III-1,,True,False,,,,,,,,,,,,,DCD Tier 2 Table 3.2-3 (ML11171A425)
RXS-MV-11L11R,CRDM Rod Travel Housing L11,RXS,Reactor System,Containment,Containment,A,I,ASME III-1,,True,False,,,,,,,,,,,,,DCD Tier 2 Table 3.2-3 (ML11171A425)
RXS-MV-11L13,CRDM Latch Assembly L13,RXS,Reactor System,Containment,Containment,D,NS,Manufacturer Std.,,True,False,,,,,,,,,,,,,DCD Tier 2 Table 3.2-3 (ML11171A425)
RXS-MV-11L13,CRDM Drive Rod Assembly L13,RXS,Reactor System,Containment,Containment,D,NS,Manufacturer Std.,,True,False,,,,,,,,,,,,,DCD Tier 2 Table 3.2-3 (ML11171A425)
RXS-MV-11L13,CRDM Coil Stack Assembly L13,RXS,Reactor System,Containment,Containment,D,NS,Manufacturer Std.,,True,False,,,,,,,,,,,,,DCD Tier 2 Table 3.2-3 (ML11171A425)
RXS-MV-11L13L,CRDM Latch Housing L13,RXS,Reactor System,Containment,Containment,A,I,ASME III-1,,True,False,,,,,,,,,,,,,DCD Tier 2 Table 3.2-3 (ML11171A425)
RXS-MV-11L13R,CRDM Rod Travel Housing L13,RXS,Reactor System,Containment,Containment,A,I,ASME III-1,,True,False,,,,,,,,,,,,,DCD Tier 2 Table 3.2-3 (ML11171A425)
RXS-MV-11M04,CRDM Latch Assembly M4,RXS,Reactor System,Containment,Containment,D,NS,Manufacturer Std.,,True,False,,,,,,,,,,,,,DCD Tier 2 Table 3.2-3 (ML11171A425)
RXS-MV-11M04,CRDM Drive Rod Assembly M4,RXS,Reactor System,Containment,Containment,D,NS,Manufacturer Std.,,True,False,,,,,,,,,,,,,DCD Tier 2 Table 3.2-3 (ML11171A425)
RXS-MV-11M04,CRDM Coil Stack Assembly M4,RXS,Reactor System,Containment,Containment,D,NS,Manufacturer Std.,,True,False,,,,,,,,,,,,,DCD Tier 2 Table 3.2-3 (ML11171A425)
RXS-MV-11M04L,CRDM Latch Housing M4,RXS,Reactor System,Containment,Containment,A,I,ASME III-1,,True,False,,,,,,,,,,,,,DCD Tier 2 Table 3.2-3 (ML11171A425)
RXS-MV-11M04R,CRDM Rod Travel Housing M4,RXS,Reactor System,Containment,Containment,A,I,ASME III-1,,True,False,,,,,,,,,,,,,DCD Tier 2 Table 3.2-3 (ML11171A425)
RXS-MV-11M06,CRDM Latch Assembly M6,RXS,Reactor System,Containment,Containment,D,NS,Manufacturer Std.,,True,False,,,,,,,,,,,,,DCD Tier 2 Table 3.2-3 (ML11171A425)
RXS-MV-11M06,CRDM Drive Rod Assembly M6,RXS,Reactor System,Containment,Containment,D,NS,Manufacturer Std.,,True,False,,,,,,,,,,,,,DCD Tier 2 Table 3.2-3 (ML11171A425)
RXS-MV-11M06,CRDM Coil Stack Assembly M6,RXS,Reactor System,Containment,Containment,D,NS,Manufacturer Std.,,True,False,,,,,,,,,,,,,DCD Tier 2 Table 3.2-3 (ML11171A425)
RXS-MV-11M06L,CRDM Latch Housing M6,RXS,Reactor System,Containment,Containment,A,I,ASME III-1,,True,False,,,,,,,,,,,,,DCD Tier 2 Table 3.2-3 (ML11171A425)
RXS-MV-11M06R,CRDM Rod Travel Housing M6,RXS,Reactor System,Containment,Containment,A,I,ASME III-1,,True,False,,,,,,,,,,,,,DCD Tier 2 Table 3.2-3 (ML11171A425)
RXS-MV-11M08,CRDM Latch Assembly M8,RXS,Reactor System,Containment,Containment,D,NS,Manufacturer Std.,,True,False,,,,,,,,,,,,,DCD Tier 2 Table 3.2-3 (ML11171A425)
RXS-MV-11M08,CRDM Drive Rod Assembly M8,RXS,Reactor System,Containment,Containment,D,NS,Manufacturer Std.,,True,False,,,,,,,,,,,,,DCD Tier 2 Table 3.2-3 (ML11171A425)
RXS-MV-11M08,CRDM Coil Stack Assembly M8,RXS,Reactor System,Containment,Containment,D,NS,Manufacturer Std.,,True,False,,,,,,,,,,,,,DCD Tier 2 Table 3.2-3 (ML11171A425)
RXS-MV-11M08L,CRDM Latch Housing M8,RXS,Reactor System,Containment,Containment,A,I,ASME III-1,,True,False,,,,,,,,,,,,,DCD Tier 2 Table 3.2-3 (ML11171A425)
RXS-MV-11M08R,CRDM Rod Travel Housing M8,RXS,Reactor System,Containment,Containment,A,I,ASME III-1,,True,False,,,,,,,,,,,,,DCD Tier 2 Table 3.2-3 (ML11171A425)
RXS-MV-11M10,CRDM Latch Assembly M10,RXS,Reactor System,Containment,Containment,D,NS,Manufacturer Std.,,True,False,,,,,,,,,,,,,DCD Tier 2 Table 3.2-3 (ML11171A425)
RXS-MV-11M10,CRDM Drive Rod Assembly M10,RXS,Reactor System,Containment,Containment,D,NS,Manufacturer Std.,,True,False,,,,,,,,,,,,,DCD Tier 2 Table 3.2-3 (ML11171A425)
RXS-MV-11M10,CRDM Coil Stack Assembly M10,RXS,Reactor System,Containment,Containment,D,NS,Manufacturer Std.,,True,False,,,,,,,,,,,,,DCD Tier 2 Table 3.2-3 (ML11171A425)
RXS-MV-11M10L,CRDM Latch Housing M10,RXS,Reactor System,Containment,Containment,A,I,ASME III-1,,True,False,,,,,,,,,,,,,DCD Tier 2 Table 3.2-3 (ML11171A425)
RXS-MV-11M10R,CRDM Rod Travel Housing M10,RXS,Reactor System,Containment,Containment,A,I,ASME III-1,,True,False,,,,,,,,,,,,,DCD Tier 2 Table 3.2-3 (ML11171A425)
RXS-MV-11M12,CRDM Latch Assembly M12,RXS,Reactor System,Containment,Containment,D,NS,Manufacturer Std.,,True,False,,,,,,,,,,,,,DCD Tier 2 Table 3.2-3 (ML11171A425)
RXS-MV-11M12,CRDM Drive Rod Assembly M12,RXS,Reactor System,Containment,Containment,D,NS,Manufacturer Std.,,True,False,,,,,,,,,,,,,DCD Tier 2 Table 3.2-3 (ML11171A425)
RXS-MV-11M12,CRDM Coil Stack Assembly M12,RXS,Reactor System,Containment,Containment,D,NS,Manufacturer Std.,,True,False,,,,,,,,,,,,,DCD Tier 2 Table 3.2-3 (ML11171A425)
RXS-MV-11M12L,CRDM Latch Housing M12,RXS,Reactor System,Containment,Containment,A,I,ASME III-1,,True,False,,,,,,,,,,,,,DCD Tier 2 Table 3.2-3 (ML11171A425)
RXS-MV-11M12R,CRDM Rod Travel Housing M12,RXS,Reactor System,Containment,Containment,A,I,ASME III-1,,True,False,,,,,,,,,,,,,DCD Tier 2 Table 3.2-3 (ML11171A425)
RRXS-MV-11N05,CRDM Latch Assembly N5,RXS,Reactor System,Containment,Containment,D,NS,Manufacturer Std.,,True,False,,,,,,,,,,,,,DCD Tier 2 Table 3.2-3 (ML11171A425)
RXS-MV-11N05,CRDM Drive Rod Assembly N5,RXS,Reactor System,Containment,Containment,D,NS,Manufacturer Std.,,True,False,,,,,,,,,,,,,DCD Tier 2 Table 3.2-3 (ML11171A425)
RXS-MV-11N05,CRDM Coil Stack Assembly N5,RXS,Reactor System,Containment,Containment,D,NS,Manufacturer Std.,,True,False,,,,,,,,,,,,,DCD Tier 2 Table 3.2-3 (ML11171A425)
RXS-MV-11N05L,CRDM Latch Housing N5,RXS,Reactor System,Containment,Containment,A,I,ASME III-1,,True,False,,,,,,,,,,,,,DCD Tier 2 Table 3.2-3 (ML11171A425)
RXS-MV-11N05R,CRDM Rod Travel Housing N5,RXS,Reactor System,Containment,Containment,A,I,ASME III-1,,True,False,,,,,,,,,,,,,DCD Tier 2 Table 3.2-3 (ML11171A425)
RXS-MV-11N07,CRDM Latch Assembly N7,RXS,Reactor System,Containment,Containment,D,NS,Manufacturer Std.,,True,False,,,,,,,,,,,,,DCD Tier 2 Table 3.2-3 (ML11171A425)
RXS-MV-11N07,CRDM Drive Rod Assembly N7,RXS,Reactor System,Containment,Containment,D,NS,Manufacturer Std.,,True,False,,,,,,,,,,,,,DCD Tier 2 Table 3.2-3 (ML11171A425)
RXS-MV-11N07,CRDM Coil Stack Assembly N7,RXS,Reactor System,Containment,Containment,D,NS,Manufacturer Std.,,True,False,,,,,,,,,,,,,DCD Tier 2 Table 3.2-3 (ML11171A425)
RXS-MV-11N07L,CRDM Latch Housing N7,RXS,Reactor System,Containment,Containment,A,I,ASME III-1,,True,False,,,,,,,,,,,,,DCD Tier 2 Table 3.2-3 (ML11171A425)
RXS-MV-11N07R,CRDM Rod Travel Housing N7,RXS,Reactor System,Containment,Containment,A,I,ASME III-1,,True,False,,,,,,,,,,,,,DCD Tier 2 Table 3.2-3 (ML11171A425)
RXS-MV-11N09,CRDM Latch Assembly N9,RXS,Reactor System,Containment,Containment,D,NS,Manufacturer Std.,,True,False,,,,,,,,,,,,,DCD Tier 2 Table 3.2-3 (ML11171A425)
RXS-MV-11N09,CRDM Drive Rod Assembly N9,RXS,Reactor System,Containment,Containment,D,NS,Manufacturer Std.,,True,False,,,,,,,,,,,,,DCD Tier 2 Table 3.2-3 (ML11171A425)
RXS-MV-11N09,CRDM Coil Stack Assembly N9,RXS,Reactor System,Containment,Containment,D,NS,Manufacturer Std.,,True,False,,,,,,,,,,,,,DCD Tier 2 Table 3.2-3 (ML11171A425)
RXS-MV-11N09L,CRDM Latch Housing N9,RXS,Reactor System,Containment,Containment,A,I,ASME III-1,,True,False,,,,,,,,,,,,,DCD Tier 2 Table 3.2-3 (ML11171A425)
RXS-MV-11N09R,CRDM Rod Travel Housing N9,RXS,Reactor System,Containment,Containment,A,I,ASME III-1,,True,False,,,,,,,,,,,,,DCD Tier 2 Table 3.2-3 (ML11171A425)
RXS-MV-11N11,CRDM Latch Assembly N11,RXS,Reactor System,Containment,Containment,D,NS,Manufacturer Std.,,True,False,,,,,,,,,,,,,DCD Tier 2 Table 3.2-3 (ML11171A425)
RXS-MV-11N11,CRDM Drive Rod Assembly N11,RXS,Reactor System,Containment,Containment,D,NS,Manufacturer Std.,,True,False,,,,,,,,,,,,,DCD Tier 2 Table 3.2-3 (ML11171A425)
RXS-MV-11N11,CRDM Coil Stack Assembly N11,RXS,Reactor System,Containment,Containment,D,NS,Manufacturer Std.,,True,False,,,,,,,,,,,,,DCD Tier 2 Table 3.2-3 (ML11171A425)
RXS-MV-11N11L,CRDM Latch Housing N11,RXS,Reactor System,Containment,Containment,A,I,ASME III-1,,True,False,,,,,,,,,,,,,DCD Tier 2 Table 3.2-3 (ML11171A425)
RXS-MV-11N11R,CRDM Rod Travel Housing N11,RXS,Reactor System,Containment,Containment,A,I,ASME III-1,,True,False,,,,,,,,,,,,,DCD Tier 2 Table 3.2-3 (ML11171A425)
RXS-MV-11P06,CRDM Latch Assembly P6,RXS,Reactor System,Containment,Containment,D,NS,Manufacturer Std.,,True,False,,,,,,,,,,,,,DCD Tier 2 Table 3.2-3 (ML11171A425)
RXS-MV-11P06,CRDM Drive Rod Assembly P6,RXS,Reactor System,Containment,Containment,D,NS,Manufacturer Std.,,True,False,,,,,,,,,,,,,DCD Tier 2 Table 3.2-3 (ML11171A425)
RXS-MV-11P06,CRDM Coil Stack Assembly P6,RXS,Reactor System,Containment,Containment,D,NS,Manufacturer Std.,,True,False,,,,,,,,,,,,,DCD Tier 2 Table 3.2-3 (ML11171A425)
RXS-MV-11P06L,CRDM Latch Housing P6,RXS,Reactor System,Containment,Containment,A,I,ASME III-1,,True,False,,,,,,,,,,,,,DCD Tier 2 Table 3.2-3 (ML11171A425)
RXS-MV-11P06R,CRDM Rod Travel Housing P6,RXS,Reactor System,Containment,Containment,A,I,ASME III-1,,True,False,,,,,,,,,,,,,DCD Tier 2 Table 3.2-3 (ML11171A425)
RXS-MV-11P08,CRDM Latch Assembly P8,RXS,Reactor System,Containment,Containment,D,NS,Manufacturer Std.,,True,False,,,,,,,,,,,,,DCD Tier 2 Table 3.2-3 (ML11171A425)
RXS-MV-11P08,CRDM Drive Rod Assembly P8,RXS,Reactor System,Containment,Containment,D,NS,Manufacturer Std.,,True,False,,,,,,,,,,,,,DCD Tier 2 Table 3.2-3 (ML11171A425)
RXS-MV-11P08,CRDM Coil Stack Assembly P8,RXS,Reactor System,Containment,Containment,D,NS,Manufacturer Std.,,True,False,,,,,,,,,,,,,DCD Tier 2 Table 3.2-3 (ML11171A425)
RXS-MV-11P08L,CRDM Latch Housing P8,RXS,Reactor System,Containment,Containment,A,I,ASME III-1,,True,False,,,,,,,,,,,,,DCD Tier 2 Table 3.2-3 (ML11171A425)
RXS-MV-11P08R,CRDM Rod Travel Housing P8,RXS,Reactor System,Containment,Containment,A,I,ASME III-1,,True,False,,,,,,,,,,,,,DCD Tier 2 Table 3.2-3 (ML11171A425)
RXS-MV-11P10,CRDM Latch Assembly P10,RXS,Reactor System,Containment,Containment,D,NS,Manufacturer Std.,,True,False,,,,,,,,,,,,,DCD Tier 2 Table 3.2-3 (ML11171A425)
RXS-MV-11P10,CRDM Drive Rod Assembly P10,RXS,Reactor System,Containment,Containment,D,NS,Manufacturer Std.,,True,False,,,,,,,,,,,,,DCD Tier 2 Table 3.2-3 (ML11171A425)
RXS-MV-11P10,CRDM Coil Stack Assembly P10,RXS,Reactor System,Containment,Containment,D,NS,Manufacturer Std.,,True,False,,,,,,,,,,,,,DCD Tier 2 Table 3.2-3 (ML11171A425)
RXS-MV-11P10L,CRDM Latch Housing P10,RXS,Reactor System,Containment,Containment,A,I,ASME III-1,,True,False,,,,,,,,,,,,,DCD Tier 2 Table 3.2-3 (ML11171A425)
RXS-MV-11P10R,CRDM Rod Travel Housing P10,RXS,Reactor System,Containment,Containment,A,I,ASME III-1,,True,False,,,,,,,,,,,,,DCD Tier 2 Table 3.2-3 (ML11171A425)
RXS-MY-Y01,Irradiation Tube Plug Seat Jack,RXS,Reactor System,Containment,Containment,D,NS,Manufacturer Std.,,True,False,,,,,,,,,,,,,DCD Tier 2 Table 3.2-3 (ML11171A425)
SDS-PL-V001,SDS MCR Isolation Valve,SDS,Sanitary Drainage System,Various,Various,C,I,ASME III-3,,True,True,2.7.1-1,Yes,Yes,Yes/No,Yes,Transfer Closed,Yes (Valve Position),As Is,,Yes/No,,,DCD Tier 2 Table 3.2-3 (ML11171A425); Tier 1 2.7.1-1 (ML11171A316)
SDS-PL-V002,SDS MCR Isolation Valve,SDS,Sanitary Drainage System,Various,Various,C,I,ASME III-3,,True,True,2.7.1-1,Yes,Yes,Yes/No,Yes,Transfer Closed,Yes (Valve Position),As Is,,Yes/No,,,DCD Tier 2 Table 3.2-3 (ML11171A425); Tier 1 2.7.1-1 (ML11171A316)
n/a,"Heat Exchangers, SFS and CCS Side",SFS,Spent Fuel Pool Cooling System,"Auxiliary Building, Containment",Containment; Auxiliary Building,D,NS,ASME VIII,,True,False,,,,,,,,,,,,,DCD Tier 2 Table 3.2-3 (ML11171A425)
n/a,Pumps,SFS,Spent Fuel Pool Cooling System,"Auxiliary Building, Containment",Containment; Auxiliary Building,D,NS,Hydraulic Institute Std.,,True,False,,,,,,,,,,,,,DCD Tier 2 Table 3.2-3 (ML11171A425)
n/a,Demineralizers,SFS,Spent Fuel Pool Cooling System,"Auxiliary Building, Containment",Containment; Auxiliary Building,D,NS,ASME VIII,,True,False,,,,,,,,,,,,,DCD Tier 2 Table 3.2-3 (ML11171A425)
n/a,Filters,SFS,Spent Fuel Pool Cooling System,"Auxiliary Building, Containment",Containment; Auxiliary Building,D,NS,ASME VIII,,True,False,,,,,,,,,,,,,DCD Tier 2 Table 3.2-3 (ML11171A425)
n/a,Valves Providing SFS AP1000 Equipment Class D Function,SFS,Spent Fuel Pool Cooling System,"Auxiliary Building, Containment",Containment; Auxiliary Building,D,NS,ANSI 16.34,,True,False,,,,,,,,,,,,,DCD Tier 2 Table 3.2-3 (ML11171A425)
SFS-PL-V024A,Spent Fuel Pool Level Instrument Isolation,SFS,Spent Fuel Pool Cooling System,"Auxiliary Building, Containment",Containment; Auxiliary Building,C,I,ASME III-3,,True,False,,,,,,,,,,,,,DCD Tier 2 Table 3.2-3 (ML11171A425)
SFS-PL-V024B,Spent Fuel Pool Level Instrument Isolation,SFS,Spent Fuel Pool Cooling System,"Auxiliary Building, Containment",Containment; Auxiliary Building,C,I,ASME III-3,,True,False,,,,,,,,,,,,,DCD Tier 2 Table 3.2-3 (ML11171A425)
SFS-PL-V024C,Spent Fuel Pool Level Instrument Isolation,SFS,Spent Fuel Pool Cooling System,"Auxiliary Building, Containment",Containment; Auxiliary Building,C,I,ASME III-3,,True,False,,,,,,,,,,,,,DCD Tier 2 Table 3.2-3 (ML11171A425)
SFS-PL-V028,Cask Washdown Pit Level Instrument Isolation,SFS,Spent Fuel Pool Cooling System,"Auxiliary Building, Containment",Containment; Auxiliary Building,C,I,ASME III-3,,True,False,,,,,,,,,,,,,DCD Tier 2 Table 3.2-3 (ML11171A425)
SFS-PL-V031,SFS Refueling Cavity Drain to SGS Compartment Isolation,SFS,Spent Fuel Pool Cooling System,"Auxiliary Building, Containment",Containment; Auxiliary Building,C,I,ASME III-3,,True,True,2.3.7-1,Yes,Yes,-/-,No,-,Yes,-,,,-,,DCD Tier 2 Table 3.2-3 (ML11171A425); Tier 1 2.3.7-1 (ML11171A311)
SFS-PL-V032,SFS Refueling Cavity Suction Isolation,SFS,Spent Fuel Pool Cooling System,"Auxiliary Building, Containment",Containment; Auxiliary Building,C,I,ASME III-3,,True,True,2.3.7-1,Yes,Yes,-/-,No,-,No,-,,,-,,DCD Tier 2 Table 3.2-3 (ML11171A425); Tier 1 2.3.7-1 (ML11171A311)
SFS-PL-V033,SFS Refueling Cavity Drain to Containment Sump Isolation,SFS,Spent Fuel Pool Cooling System,"Auxiliary Building, Containment",Containment; Auxiliary Building,C,I,ASME III-3,,True,True,2.3.7-1,Yes,Yes,-/-,No,-,Yes,-,,,-,,DCD Tier 2 Table 3.2-3 (ML11171A425); Tier 1 2.3.7-1 (ML11171A311)
SFS-PL-V034,SFS Suction Line Containment Isolation,SFS,Spent Fuel Pool Cooling System,"Auxiliary Building, Containment",Containment; Auxiliary Building,B,I,ASME III-2,,True,False,,,,,,,,,,,,,DCD Tier 2 Table 3.2-3 (ML11171A425)
SFS-PL-V035,SFS Suction Line Containment Isolation,SFS,Spent Fuel Pool Cooling System,"Auxiliary Building, Containment",Containment; Auxiliary Building,B,I,ASME III-2,,True,False,,,,,,,,,,,,,DCD Tier 2 Table 3.2-3 (ML11171A425)
SFS-PL-V037,SFS Discharge Line Containment Isolation,SFS,Spent Fuel Pool Cooling System,"Auxiliary Building, Containment",Containment; Auxiliary Building,B,I,ASME III-2,,True,False,,,,,,,,,,,,,DCD Tier 2 Table 3.2-3 (ML11171A425)
SFS-PL-V038,SFS Discharge Line Containment Isolation,SFS,Spent Fuel Pool Cooling System,"Auxiliary Building, Containment",Containment; Auxiliary Building,B,I,ASME III-2,,True,False,,,,,,,,,,,,,DCD Tier 2 Table 3.2-3 (ML11171A425)
SFS-PL-V039,SFS Suction Line from IRWST Isolation,SFS,Spent Fuel Pool Cooling System,"Auxiliary Building, Containment",Containment; Auxiliary Building,C,I,ASME III-3,,True,True,2.3.7-1,Yes,Yes,-/-,No,-,No,-,,,-,,DCD Tier 2 Table 3.2-3 (ML11171A425); Tier 1 2.3.7-1 (ML11171A311)
SFS-PL-V040,SFS Fuel Transfer Canal Drain Isolation,SFS,Spent Fuel Pool Cooling System,"Auxiliary Building, Containment",Containment; Auxiliary Building,C,I,ASME III-3,,True,True,2.3.7-1,Yes,Yes,-/-,No,-,No,-,,,-,,DCD Tier 2 Table 3.2-3 (ML11171A425); Tier 1 2.3.7-1 (ML11171A311)
SFS-PL-V041,SFS Cask Loading Pit Drain Isolation,SFS,Spent Fuel Pool Cooling System,"Auxiliary Building, Containment",Containment; Auxiliary Building,C,I,ASME III-3,,True,True,2.3.7-1,Yes,Yes,-/-,No,-,No,-,,,-,,DCD Tier 2 Table 3.2-3 (ML11171A425); Tier 1 2.3.7-1 (ML11171A311)
SFS-PL-V042,Cask Loading Pit to Pump Suction Isolation,SFS,Spent Fuel Pool Cooling System,"Auxiliary Building, Containment",Containment; Auxiliary Building,C,I,ASME III-3,,True,True,2.3.7-1,Yes,Yes,-/-,No,Transfer Closed,No,-,,,-,,DCD Tier 2 Table 3.2-3 (ML11171A425); Tier 1 2.3.7-1 (ML11171A311)
SFS-PL-V043,SFS CVS Makeup Reverse Flow Prevention,SFS,Spent Fuel Pool Cooling System,"Auxiliary Building, Containment",Containment; Auxiliary Building,C,I,ASME III-3,,True,False,,,,,,,,,,,,,DCD Tier 2 Table 3.2-3 (ML11171A425)
SFS-PL-V045,SFS Discharge to Cask Loading Pit Isolation,SFS,Spent Fuel Pool Cooling System,"Auxiliary Building, Containment",Containment; Auxiliary Building,C,I,ASME III-3,,True,True,2.3.7-1,Yes,Yes,-/-,No,Transfer Closed,No,-,,,-,,DCD Tier 2 Table 3.2-3 (ML11171A425); Tier 1 2.3.7-1 (ML11171A311)
SFS-PL-V047,SFS Demineralized Water Makeup to SFP Reverse Flow Prevent,SFS,Spent Fuel Pool Cooling System,"Auxiliary Building, Containment",Containment; Auxiliary Building,D,NS,ASME III-3,,True,False,,,,,,,,,,,,,DCD Tier 2 Table 3.2-3 (ML11171A425)
SFS-PL-V048,SFS Containment Penetration Test Connection,SFS,Spent Fuel Pool Cooling System,"Auxiliary Building, Containment",Containment; Auxiliary Building,B,I,ASME III-2,,True,False,,,,,,,,,,,,,DCD Tier 2 Table 3.2-3 (ML11171A425)
SFS-PL-V049,SFS Cask Loading Pit Drain to WLS Isolation,SFS,Spent Fuel Pool Cooling System,"Auxiliary Building, Containment",Containment; Auxiliary Building,C,I,ASME III-3,,True,True,2.3.7-1,Yes,Yes,-/-,No,Transfer Closed,No,-,,,-,,DCD Tier 2 Table 3.2-3 (ML11171A425); Tier 1 2.3.7-1 (ML11171A311)
SFS-PL-V056,SFS Containment Penetration Test Connection Isolation,SFS,Spent Fuel Pool Cooling System,"Auxiliary Building, Containment",Containment; Auxiliary Building,B,I,ASME III-2,,True,False,,,,,,,,,,,,,DCD Tier 2 Table 3.2-3 (ML11171A425)
SFS-PL-V058,SFS Containment Isolation Valve V034 Test,SFS,Spent Fuel Pool Cooling System,"Auxiliary Building, Containment",Containment; Auxiliary Building,C,I,ASME III-3,,True,False,,,,,,,,,,,,,DCD Tier 2 Table 3.2-3 (ML11171A425)
SFS-PL-V066,Spent Fuel Pool to Cask Washdown Pit Isolation,SFS,Spent Fuel Pool Cooling System,"Auxiliary Building, Containment",Containment; Auxiliary Building,C,I,ASME III-3,,True,True,2.3.7-1,Yes,Yes,-/-,No,Transfer Open,No,-,,,-,,DCD Tier 2 Table 3.2-3 (ML11171A425); Tier 1 2.3.7-1 (ML11171A311)
SFS-PL-V067,SFS Containment Isolation Relief Valve,SFS,Spent Fuel Pool Cooling System,"Auxiliary Building, Containment",Containment; Auxiliary Building,B,I,ASME III-2,,True,False,,,,,,,,,,,,,DCD Tier 2 Table 3.2-3 (ML11171A425)
SFS-PL-V068,Cask Washdown Pit Drain Isolation,SFS,Spent Fuel Pool Cooling System,"Auxiliary Building, Containment",Containment; Auxiliary Building,C,I,ASME III-3,,True,True,2.3.7-1,Yes,Yes,-/-,No,Transfer Open,No,-,,,-,,DCD Tier 2 Table 3.2-3 (ML11171A425); Tier 1 2.3.7-1 (ML11171A311)
SFS-PL-V071,Refueling Cavity Overflow to SG Compartment,SFS,Spent Fuel Pool Cooling System,"Auxiliary Building, Containment",Containment; Auxiliary Building,C,I,ASME III-3,,True,True,2.3.7-1,Yes,Yes,-/-,No,Transfer Open Transfer Closed,No,-,,,-,,DCD Tier 2 Table 3.2-3 (ML11171A425); Tier 1 2.3.7-1 (ML11171A311)
SFS-PL-V072,Refueling Cavity Overflow to SG Compartment,SFS,Spent Fuel Pool Cooling System,"Auxiliary Building, Containment",Containment; Auxiliary Building,C,I,ASME III-3,,True,True,2.3.7-1,Yes,Yes,-/-,No,Transfer Open Transfer Closed,No,-,,,-,,DCD Tier 2 Table 3.2-3 (ML11171A425); Tier 1 2.3.7-1 (ML11171A311)
SFS-PL-V075,SFS Containment Floodup Isolation Valve,SFS,Spent Fuel Pool Cooling System,"Auxiliary Building, Containment",Containment; Auxiliary Building,C,I,ASME III-3,,True,True,2.3.7-1,Yes,Yes,-/-,No,-,Yes,-,,,-,,DCD Tier 2 Table 3.2-3 (ML11171A425); Tier 1 2.3.7-1 (ML11171A311)
SFS-PY-C01,Spent Fuel Cooling Pump Discharge to IRWST,SFS,Spent Fuel Pool Cooling System,"Auxiliary Building, Containment",Containment; Auxiliary Building,B,I,"ASME III, MC",,True,False,,,,,,,,,,,,,DCD Tier 2 Table 3.2-3 (ML11171A425)
SFS-PY-C02,Spent Fuel Cooling Pump Suction from IRWST,SFS,Spent Fuel Pool Cooling System,"Auxiliary Building, Containment",Containment; Auxiliary Building,B,I,"ASME III, MC",,True,False,,,,,,,,,,,,,DCD Tier 2 Table 3.2-3 (ML11171A425)
SGS-MY-Y01A,Steam Generator A PORV Silencer,SGS,Steam Generator System,Containment and Auxiliary Building,Containment; Auxiliary Building,D,NS,Manufacturer Std.,,True,False,,,,,,,,,,,,,DCD Tier 2 Table 3.2-3 (ML11171A425)
SGS-MY-Y01B,Steam Generator B PORV Silencer,SGS,Steam Generator System,Containment and Auxiliary Building,Containment; Auxiliary Building,D,NS,Manufacturer Std.,,True,False,,,,,,,,,,,,,DCD Tier 2 Table 3.2-3 (ML11171A425)
SGS-PL-V001A,LT001 Root Isolation Valve,SGS,Steam Generator System,Containment and Auxiliary Building,Containment; Auxiliary Building,B,I,ASME III-2,,True,False,,,,,,,,,,,,,DCD Tier 2 Table 3.2-3 (ML11171A425)
SGS-PL-V001B,LT005 Root Isolation Valve,SGS,Steam Generator System,Containment and Auxiliary Building,Containment; Auxiliary Building,B,I,ASME III-2,,True,False,,,,,,,,,,,,,DCD Tier 2 Table 3.2-3 (ML11171A425)
SGS-PL-V002A,LT001 Root Isolation Valve,SGS,Steam Generator System,Containment and Auxiliary Building,Containment; Auxiliary Building,B,I,ASME III-2,,True,False,,,,,,,,,,,,,DCD Tier 2 Table 3.2-3 (ML11171A425)
SGS-PL-V002B,LT005 Root Isolation Valve,SGS,Steam Generator System,Containment and Auxiliary Building,Containment; Auxiliary Building,B,I,ASME III-2,,True,False,,,,,,,,,,,,,DCD Tier 2 Table 3.2-3 (ML11171A425)
SGS-PL-V003A,LT002 Root Isolation Valve,SGS,Steam Generator System,Containment and Auxiliary Building,Containment; Auxiliary Building,B,I,ASME III-2,,True,False,,,,,,,,,,,,,DCD Tier 2 Table 3.2-3 (ML11171A425)
SGS-PL-V003B,LT006 Root Isolation Valve,SGS,Steam Generator System,Containment and Auxiliary Building,Containment; Auxiliary Building,B,I,ASME III-2,,True,False,,,,,,,,,,,,,DCD Tier 2 Table 3.2-3 (ML11171A425)
SGS-PL-V004A,LT002 Root Isolation Valve,SGS,Steam Generator System,Containment and Auxiliary Building,Containment; Auxiliary Building,B,I,ASME III-2,,True,False,,,,,,,,,,,,,DCD Tier 2 Table 3.2-3 (ML11171A425)
SGS-PL-V004B,LT006 Root Isolation Valve,SGS,Steam Generator System,Containment and Auxiliary Building,Containment; Auxiliary Building,B,I,ASME III-2,,True,False,,,,,,,,,,,,,DCD Tier 2 Table 3.2-3 (ML11171A425)
SGS-PL-V005A,LT003 Root Isolation Valve,SGS,Steam Generator System,Containment and Auxiliary Building,Containment; Auxiliary Building,B,I,ASME III-2,,True,False,,,,,,,,,,,,,DCD Tier 2 Table 3.2-3 (ML11171A425)
SGS-PL-V005B,LT007 Root Isolation Valve,SGS,Steam Generator System,Containment and Auxiliary Building,Containment; Auxiliary Building,B,I,ASME III-2,,True,False,,,,,,,,,,,,,DCD Tier 2 Table 3.2-3 (ML11171A425)
SGS-PL-V006A,LT003 Root Isolation Valve,SGS,Steam Generator System,Containment and Auxiliary Building,Containment; Auxiliary Building,B,I,ASME III-2,,True,False,,,,,,,,,,,,,DCD Tier 2 Table 3.2-3 (ML11171A425)
SGS-PL-V006B,LT007 Root Isolation Valve,SGS,Steam Generator System,Containment and Auxiliary Building,Containment; Auxiliary Building,B,I,ASME III-2,,True,False,,,,,,,,,,,,,DCD Tier 2 Table 3.2-3 (ML11171A425)
SGS-PL-V007A,LT004 Root Isolation Valve,SGS,Steam Generator System,Containment and Auxiliary Building,Containment; Auxiliary Building,B,I,ASME III-2,,True,False,,,,,,,,,,,,,DCD Tier 2 Table 3.2-3 (ML11171A425)
SGS-PL-V007B,LT008 Root Isolation Valve,SGS,Steam Generator System,Containment and Auxiliary Building,Containment; Auxiliary Building,B,I,ASME III-2,,True,False,,,,,,,,,,,,,DCD Tier 2 Table 3.2-3 (ML11171A425)
SGS-PL-V008A,LT004 Root Isolation Valve,SGS,Steam Generator System,Containment and Auxiliary Building,Containment; Auxiliary Building,B,I,ASME III-2,,True,False,,,,,,,,,,,,,DCD Tier 2 Table 3.2-3 (ML11171A425)
SGS-PL-V008B,LT008 Root Isolation Valve,SGS,Steam Generator System,Containment and Auxiliary Building,Containment; Auxiliary Building,B,I,ASME III-2,,True,False,,,,,,,,,,,,,DCD Tier 2 Table 3.2-3 (ML11171A425)
SGS-PL-V010A,LT011 Root Isolation Valve,SGS,Steam Generator System,Containment and Auxiliary Building,Containment; Auxiliary Building,B,I,ASME III-2,,True,False,,,,,,,,,,,,,DCD Tier 2 Table 3.2-3 (ML11171A425)
SGS-PL-V010B,LT013 Root Isolation Valve,SGS,Steam Generator System,Containment and Auxiliary Building,Containment; Auxiliary Building,B,I,ASME III-2,,True,False,,,,,,,,,,,,,DCD Tier 2 Table 3.2-3 (ML11171A425)
SGS-PL-V011A,LT011 Root Isolation Valve,SGS,Steam Generator System,Containment and Auxiliary Building,Containment; Auxiliary Building,B,I,ASME III-2,,True,False,,,,,,,,,,,,,DCD Tier 2 Table 3.2-3 (ML11171A425)
SGS-PL-V011B,LT013 Root Isolation Valve,SGS,Steam Generator System,Containment and Auxiliary Building,Containment; Auxiliary Building,B,I,ASME III-2,,True,False,,,,,,,,,,,,,DCD Tier 2 Table 3.2-3 (ML11171A425)
SGS-PL-V012A,LT012 Root Isolation Valve,SGS,Steam Generator System,Containment and Auxiliary Building,Containment; Auxiliary Building,B,I,ASME III-2,,True,False,,,,,,,,,,,,,DCD Tier 2 Table 3.2-3 (ML11171A425)
SGS-PL-V012B,LT014 Root Isolation Valve,SGS,Steam Generator System,Containment and Auxiliary Building,Containment; Auxiliary Building,B,I,ASME III-2,,True,False,,,,,,,,,,,,,DCD Tier 2 Table 3.2-3 (ML11171A425)
SGS-PL-V013A,LT012 Root Isolation Valve,SGS,Steam Generator System,Containment and Auxiliary Building,Containment; Auxiliary Building,B,I,ASME III-2,,True,False,,,,,,,,,,,,,DCD Tier 2 Table 3.2-3 (ML11171A425)
SGS-PL-V013B,LT014 Root Isolation Valve,SGS,Steam Generator System,Containment and Auxiliary Building,Containment; Auxiliary Building,B,I,ASME III-2,,True,False,,,,,,,,,,,,,DCD Tier 2 Table 3.2-3 (ML11171A425)
SGS-PL-V014A,PORV Discharge Condensate Drain Isolation,SGS,Steam Generator System,Containment and Auxiliary Building,Containment; Auxiliary Building,D,NS,ANSI B31.1,,True,False,,,,,,,,,,,,,DCD Tier 2 Table 3.2-3 (ML11171A425)
SGS-PL-V014B,PORV Discharge Condensate Drain Isolation,SGS,Steam Generator System,Containment and Auxiliary Building,Containment; Auxiliary Building,D,NS,ANSI B31.1,,True,False,,,,,,,,,,,,,DCD Tier 2 Table 3.2-3 (ML11171A425)
SGS-PL-V015A,FT021 Root Isolation Valve,SGS,Steam Generator System,Containment and Auxiliary Building,Containment; Auxiliary Building,B,I,ASME III-2,,True,False,,,,,,,,,,,,,DCD Tier 2 Table 3.2-3 (ML11171A425)
SGS-PL-V015B,FT023 Root Isolation Valve,SGS,Steam Generator System,Containment and Auxiliary Building,Containment; Auxiliary Building,B,I,ASME III-2,,True,False,,,,,,,,,,,,,DCD Tier 2 Table 3.2-3 (ML11171A425)
SGS-PL-V016A,FT020 Root Isolation Valve,SGS,Steam Generator System,Containment and Auxiliary Building,Containment; Auxiliary Building,B,I,ASME III-2,,True,False,,,,,,,,,,,,,DCD Tier 2 Table 3.2-3 (ML11171A425)
SGS-PL-V016B,FT022 Root Isolation Valve,SGS,Steam Generator System,Containment and Auxiliary Building,Containment; Auxiliary Building,B,I,ASME III-2,,True,False,,,,,,,,,,,,,DCD Tier 2 Table 3.2-3 (ML11171A425)
SGS-PL-V017A,FT021 Root Isolation Valve,SGS,Steam Generator System,Containment and Auxiliary Building,Containment; Auxiliary Building,B,I,ASME III-2,,True,False,,,,,,,,,,,,,DCD Tier 2 Table 3.2-3 (ML11171A425)
SGS-PL-V017B,FT023 Root Isolation Valve,SGS,Steam Generator System,Containment and Auxiliary Building,Containment; Auxiliary Building,B,I,ASME III-2,,True,False,,,,,,,,,,,,,DCD Tier 2 Table 3.2-3 (ML11171A425)
SGS-PL-V018A,FT020 Root Isolation Valve,SGS,Steam Generator System,Containment and Auxiliary Building,Containment; Auxiliary Building,B,I,ASME III-2,,True,False,,,,,,,,,,,,,DCD Tier 2 Table 3.2-3 (ML11171A425)
SGS-PL-V018B,FT022 Root Isolation Valve,SGS,Steam Generator System,Containment and Auxiliary Building,Containment; Auxiliary Building,B,I,ASME III-2,,True,False,,,,,,,,,,,,,DCD Tier 2 Table 3.2-3 (ML11171A425)
SGS-PL-V019A,Main Steam Line Vent Isolation,SGS,Steam Generator System,Containment and Auxiliary Building,Containment; Auxiliary Building,B,I,ASME III-2,,True,False,,,,,,,,,,,,,DCD Tier 2 Table 3.2-3 (ML11171A425)
SGS-PL-V019B,Main Steam Line Vent Isolation,SGS,Steam Generator System,Containment and Auxiliary Building,Containment; Auxiliary Building,B,I,ASME III-2,,True,False,,,,,,,,,,,,,DCD Tier 2 Table 3.2-3 (ML11171A425)
SGS-PL-V022A,PT030 Root Isolation Valve,SGS,Steam Generator System,Containment and Auxiliary Building,Containment; Auxiliary Building,B,I,ASME III-2,,True,False,,,,,,,,,,,,,DCD Tier 2 Table 3.2-3 (ML11171A425)
SGS-PL-V022B,PT034 Root Isolation Valve,SGS,Steam Generator System,Containment and Auxiliary Building,Containment; Auxiliary Building,B,I,ASME III-2,,True,False,,,,,,,,,,,,,DCD Tier 2 Table 3.2-3 (ML11171A425)
SGS-PL-V023A,PT031 Root Isolation Valve,SGS,Steam Generator System,Containment and Auxiliary Building,Containment; Auxiliary Building,B,I,ASME III-2,,True,False,,,,,,,,,,,,,DCD Tier 2 Table 3.2-3 (ML11171A425)
SGS-PL-V023B,PT035 Root Isolation Valve,SGS,Steam Generator System,Containment and Auxiliary Building,Containment; Auxiliary Building,B,I,ASME III-2,,True,False,,,,,,,,,,,,,DCD Tier 2 Table 3.2-3 (ML11171A425)
SGS-PL-V024A,PT032 Root Isolation Valve,SGS,Steam Generator System,Containment and Auxiliary Building,Containment; Auxiliary Building,B,I,ASME III-2,,True,False,,,,,,,,,,,,,DCD Tier 2 Table 3.2-3 (ML11171A425)
SGS-PL-V024B,PT036 Root Isolation Valve,SGS,Steam Generator System,Containment and Auxiliary Building,Containment; Auxiliary Building,B,I,ASME III-2,,True,False,,,,,,,,,,,,,DCD Tier 2 Table 3.2-3 (ML11171A425)
SGS-PL-V025A,PT033 Root Isolation Valve,SGS,Steam Generator System,Containment and Auxiliary Building,Containment; Auxiliary Building,B,I,ASME III-2,,True,False,,,,,,,,,,,,,DCD Tier 2 Table 3.2-3 (ML11171A425)
SGS-PL-V025B,PT037 Root Isolation Valve,SGS,Steam Generator System,Containment and Auxiliary Building,Containment; Auxiliary Building,B,I,ASME III-2,,True,False,,,,,,,,,,,,,DCD Tier 2 Table 3.2-3 (ML11171A425)
SGS-PL-V027A,PORV Block Valve SG 01,SGS,Steam Generator System,Containment and Auxiliary Building,Containment; Auxiliary Building,B,I,ASME III-2,,True,True,2.2.4-1,Yes,Yes,Yes/Yes,Yes,Transfer Closed,Yes (Valve Position),As Is,,,Yes,,DCD Tier 2 Table 3.2-3 (ML11171A425); Tier 1 2.2.4-1 (ML11171A310)
SGS-PL-V027B,PORV Block Valve SG 02,SGS,Steam Generator System,Containment and Auxiliary Building,Containment; Auxiliary Building,B,I,ASME III-2,,True,True,2.2.4-1,Yes,Yes,Yes/Yes,Yes,Transfer Closed,Yes (Valve Position),As Is,,,Yes,,DCD Tier 2 Table 3.2-3 (ML11171A425); Tier 1 2.2.4-1 (ML11171A310)
SGS-PL-V030A,Main Steam Safety Valve SG 01,SGS,Steam Generator System,Containment and Auxiliary Building,Containment; Auxiliary Building,B,I,ASME III-2,,True,True,2.2.4-1,Yes,Yes,-/-,-,Transfer Open/ Transfer Closed,No,-,,,-,,DCD Tier 2 Table 3.2-3 (ML11171A425); Tier 1 2.2.4-1 (ML11171A310)
SGS-PL-V030B,Main Steam Safety Valve SG 02,SGS,Steam Generator System,Containment and Auxiliary Building,Containment; Auxiliary Building,B,I,ASME III-2,,True,True,2.2.4-1,Yes,Yes,-/-,-,Transfer Open/ Transfer Closed,No,-,,,-,,DCD Tier 2 Table 3.2-3 (ML11171A425); Tier 1 2.2.4-1 (ML11171A310)
SGS-PL-V031A,Main Steam Safety Valve SG 01,SGS,Steam Generator System,Containment and Auxiliary Building,Containment; Auxiliary Building,B,I,ASME III-2,,True,True,2.2.4-1,Yes,Yes,-/-,-,Transfer Open/ Transfer Closed,No,-,,,-,,DCD Tier 2 Table 3.2-3 (ML11171A425); Tier 1 2.2.4-1 (ML11171A310)
SGS-PL-V031B,Main Steam Safety Valve SG 02,SGS,Steam Generator System,Containment and Auxiliary Building,Containment; Auxiliary Building,B,I,ASME III-2,,True,True,2.2.4-1,Yes,Yes,-/-,-,Transfer Open/ Transfer Closed,No,-,,,-,,DCD Tier 2 Table 3.2-3 (ML11171A425); Tier 1 2.2.4-1 (ML11171A310)
SGS-PL-V032A,Main Steam Safety Valve SG 01,SGS,Steam Generator System,Containment and Auxiliary Building,Containment; Auxiliary Building,B,I,ASME III-2,,True,True,2.2.4-1,Yes,Yes,-/-,-,Transfer Open/ Transfer Closed,No,-,,,-,,DCD Tier 2 Table 3.2-3 (ML11171A425); Tier 1 2.2.4-1 (ML11171A310)
SGS-PL-V032B,Main Steam Safety Valve SG 02,SGS,Steam Generator System,Containment and Auxiliary Building,Containment; Auxiliary Building,B,I,ASME III-2,,True,True,2.2.4-1,Yes,Yes,-/-,-,Transfer Open/ Transfer Closed,No,-,,,-,,DCD Tier 2 Table 3.2-3 (ML11171A425); Tier 1 2.2.4-1 (ML11171A310)
SGS-PL-V033A,Main Steam Safety Valve SG 01,SGS,Steam Generator System,Containment and Auxiliary Building,Containment; Auxiliary Building,B,I,ASME III-2,,True,True,2.2.4-1,Yes,Yes,-/-,-,Transfer Open/ Transfer Closed,No,-,,,-,,DCD Tier 2 Table 3.2-3 (ML11171A425); Tier 1 2.2.4-1 (ML11171A310)
SGS-PL-V033B,Main Steam Safety Valve SG 02,SGS,Steam Generator System,Containment and Auxiliary Building,Containment; Auxiliary Building,B,I,ASME III-2,,True,False,,,,,,,,,,,,,DCD Tier 2 Table 3.2-3 (ML11171A425)
SGS-PL-V034A,Main Steam Safety Valve SG 01,SGS,Steam Generator System,Containment and Auxiliary Building,Containment; Auxiliary Building,B,I,ASME III-2,,True,False,,,,,,,,,,,,,DCD Tier 2 Table 3.2-3 (ML11171A425)
SGS-PL-V034B,Main Steam Safety Valve SG 02,SGS,Steam Generator System,Containment and Auxiliary Building,Containment; Auxiliary Building,B,I,ASME III-2,,True,False,,,,,,,,,,,,,DCD Tier 2 Table 3.2-3 (ML11171A425)
SGS-PL-V035A,Main Steam Safety Valve SG 01,SGS,Steam Generator System,Containment and Auxiliary Building,Containment; Auxiliary Building,B,I,ASME III-2,,True,False,,,,,,,,,,,,,DCD Tier 2 Table 3.2-3 (ML11171A425)
SGS-PL-V035B,Main Steam Safety Valve SG 02,SGS,Steam Generator System,Containment and Auxiliary Building,Containment; Auxiliary Building,B,I,ASME III-2,,True,False,,,,,,,,,,,,,DCD Tier 2 Table 3.2-3 (ML11171A425)
SGS-PL-V036A,Steam Line Condensate Drain Isolation,SGS,Steam Generator System,Containment and Auxiliary Building,Containment; Auxiliary Building,B,I,ASME III-2,,True,True,2.2.4-1,Yes,Yes,Yes/Yes,Yes,Transfer Closed,Yes (Valve Position),Closed,,,Yes,,DCD Tier 2 Table 3.2-3 (ML11171A425); Tier 1 2.2.4-1 (ML11171A310)
SGS-PL-V036B,Steam Line Condensate Drain Isolation,SGS,Steam Generator System,Containment and Auxiliary Building,Containment; Auxiliary Building,B,I,ASME III-2,,True,True,2.2.4-1,Yes,Yes,Yes/Yes,Yes,Transfer Closed,Yes (Valve Position),Closed,,,Yes,,DCD Tier 2 Table 3.2-3 (ML11171A425); Tier 1 2.2.4-1 (ML11171A310)
SGS-PL-V038A,Steam Line #1 Nitrogen Supply Isolation,SGS,Steam Generator System,Containment and Auxiliary Building,Containment; Auxiliary Building,B,I,ASME III-2,,True,False,,,,,,,,,,,,,DCD Tier 2 Table 3.2-3 (ML11171A425)
SGS-PL-V038B,Steam Line #2 Nitrogen Supply Isolation,SGS,Steam Generator System,Containment and Auxiliary Building,Containment; Auxiliary Building,B,I,ASME III-2,,True,False,,,,,,,,,,,,,DCD Tier 2 Table 3.2-3 (ML11171A425)
SGS-PL-V040A,Main Steam Line Isolation,SGS,Steam Generator System,Containment and Auxiliary Building,Containment; Auxiliary Building,B,I,ASME III-2,,True,True,2.2.4-1,Yes,Yes,Yes/Yes,Yes,Transfer Closed,Yes (Valve Position),As Is,Auxiliary Building,,Yes,,DCD Tier 2 Table 3.2-3 (ML11171A425); Tier 1 2.2.4-1 (ML11171A310)
SGS-PL-V040B,Main Steam Line Isolation,SGS,Steam Generator System,Containment and Auxiliary Building,Containment; Auxiliary Building,B,I,ASME III-2,,True,True,2.2.4-1,Yes,Yes,Yes/Yes,Yes,Transfer Closed,Yes (Valve Position),As Is,Auxiliary Building,,Yes,,DCD Tier 2 Table 3.2-3 (ML11171A425); Tier 1 2.2.4-1 (ML11171A310)
SGS-PL-V042A,MSIV Bypass Control Isolation,SGS,Steam Generator System,Containment and Auxiliary Building,Containment; Auxiliary Building,B,I,ASME III-2,,True,False,,,,,,,,,,,,,DCD Tier 2 Table 3.2-3 (ML11171A425)
SGS-PL-V042B,MSIV Bypass Control Isolation,SGS,Steam Generator System,Containment and Auxiliary Building,Containment; Auxiliary Building,B,I,ASME III-2,,True,False,,,,,,,,,,,,,DCD Tier 2 Table 3.2-3 (ML11171A425)
SGS-PL-V043A,MSIV Bypass Control Isolation,SGS,Steam Generator System,Containment and Auxiliary Building,Containment; Auxiliary Building,C,I,ASME III-3,,True,False,,,,,,,,,,,,,DCD Tier 2 Table 3.2-3 (ML11171A425)
SGS-PL-V043B,MSIV Bypass Control Isolation,SGS,Steam Generator System,Containment and Auxiliary Building,Containment; Auxiliary Building,C,I,ASME III-3,,True,False,,,,,,,,,,,,,DCD Tier 2 Table 3.2-3 (ML11171A425)
SGS-PL-V045A,SG 1 Condensate Pipe Drain Valve,SGS,Steam Generator System,Containment and Auxiliary Building,Containment; Auxiliary Building,B,I,ASME III-2,,True,False,,,,,,,,,,,,,DCD Tier 2 Table 3.2-3 (ML11171A425)
SGS-PL-V045B,SG 2 Condensate Pipe Drain Valve,SGS,Steam Generator System,Containment and Auxiliary Building,Containment; Auxiliary Building,B,I,ASME III-2,,True,False,,,,,,,,,,,,,DCD Tier 2 Table 3.2-3 (ML11171A425)
SGS-PL-V046A,LT015 Root Isolation Valve,SGS,Steam Generator System,Containment and Auxiliary Building,Containment; Auxiliary Building,B,I,ASME III-2,,True,False,,,,,,,,,,,,,DCD Tier 2 Table 3.2-3 (ML11171A425)
SGS-PL-V046B,LT017 Root Isolation Valve,SGS,Steam Generator System,Containment and Auxiliary Building,Containment; Auxiliary Building,B,I,ASME III-2,,True,False,,,,,,,,,,,,,DCD Tier 2 Table 3.2-3 (ML11171A425)
SGS-PL-V047A,LT015 Root Isolation Valve,SGS,Steam Generator System,Containment and Auxiliary Building,Containment; Auxiliary Building,B,I,ASME III-2,,True,False,,,,,,,,,,,,,DCD Tier 2 Table 3.2-3 (ML11171A425)
SGS-PL-V047B,LT017 Root Isolation Valve,SGS,Steam Generator System,Containment and Auxiliary Building,Containment; Auxiliary Building,B,I,ASME III-2,,True,False,,,,,,,,,,,,,DCD Tier 2 Table 3.2-3 (ML11171A425)
SGS-PL-V048A,LT016 Root Isolation Valve,SGS,Steam Generator System,Containment and Auxiliary Building,Containment; Auxiliary Building,B,I,ASME III-2,,True,False,,,,,,,,,,,,,DCD Tier 2 Table 3.2-3 (ML11171A425)
SGS-PL-V048B,LT018 Root Isolation Valve,SGS,Steam Generator System,Containment and Auxiliary Building,Containment; Auxiliary Building,B,I,ASME III-2,,True,False,,,,,,,,,,,,,DCD Tier 2 Table 3.2-3 (ML11171A425)
SGS-PL-V049A,LT016 Root Isolation Valve,SGS,Steam Generator System,Containment and Auxiliary Building,Containment; Auxiliary Building,B,I,ASME III-2,,True,False,,,,,,,,,,,,,DCD Tier 2 Table 3.2-3 (ML11171A425)
SGS-PL-V049B,LT018 Root Isolation Valve,SGS,Steam Generator System,Containment and Auxiliary Building,Containment; Auxiliary Building,B,I,ASME III-2,,True,False,,,,,,,,,,,,,DCD Tier 2 Table 3.2-3 (ML11171A425)
SGS-PL-V050A,LT044 Root Isolation Valve,SGS,Steam Generator System,Containment and Auxiliary Building,Containment; Auxiliary Building,B,I,ASME III-2,,True,False,,,,,,,,,,,,,DCD Tier 2 Table 3.2-3 (ML11171A425)
SGS-PL-V050B,LT046 Root Isolation Valve,SGS,Steam Generator System,Containment and Auxiliary Building,Containment; Auxiliary Building,B,I,ASME III-2,,True,False,,,,,,,,,,,,,DCD Tier 2 Table 3.2-3 (ML11171A425)
SGS-PL-V051A,LT044 Root Isolation Valve,SGS,Steam Generator System,Containment and Auxiliary Building,Containment; Auxiliary Building,B,I,ASME III-2,,True,False,,,,,,,,,,,,,DCD Tier 2 Table 3.2-3 (ML11171A425)
SGS-PL-V051B,LT046 Root Isolation Valve,SGS,Steam Generator System,Containment and Auxiliary Building,Containment; Auxiliary Building,B,I,ASME III-2,,True,False,,,,,,,,,,,,,DCD Tier 2 Table 3.2-3 (ML11171A425)
SGS-PL-V052A,LT045 Root Isolation Valve,SGS,Steam Generator System,Containment and Auxiliary Building,Containment; Auxiliary Building,B,I,ASME III-2,,True,False,,,,,,,,,,,,,DCD Tier 2 Table 3.2-3 (ML11171A425)
SGS-PL-V052B,LT047 Root Isolation Valve,SGS,Steam Generator System,Containment and Auxiliary Building,Containment; Auxiliary Building,B,I,ASME III-2,,True,False,,,,,,,,,,,,,DCD Tier 2 Table 3.2-3 (ML11171A425)
SGS-PL-V053A,LT045 Root Isolation Valve,SGS,Steam Generator System,Containment and Auxiliary Building,Containment; Auxiliary Building,B,I,ASME III-2,,True,False,,,,,,,,,,,,,DCD Tier 2 Table 3.2-3 (ML11171A425)
SGS-PL-V053B,LT047 Root Isolation Valve,SGS,Steam Generator System,Containment and Auxiliary Building,Containment; Auxiliary Building,B,I,ASME III-2,,True,False,,,,,,,,,,,,,DCD Tier 2 Table 3.2-3 (ML11171A425)
SGS-PL-V056A,PT062 Root Isolation Valve,SGS,Steam Generator System,Containment and Auxiliary Building,Containment; Auxiliary Building,C,I,ASME III-3,,True,False,,,,,,,,,,,,,DCD Tier 2 Table 3.2-3 (ML11171A425)
SGS-PL-V056B,PT063 Root Isolation Valve,SGS,Steam Generator System,Containment and Auxiliary Building,Containment; Auxiliary Building,C,I,ASME III-3,,True,False,,,,,,,,,,,,,DCD Tier 2 Table 3.2-3 (ML11171A425)
SGS-PL-V057A,Main Feedwater Isolation,SGS,Steam Generator System,Containment and Auxiliary Building,Containment; Auxiliary Building,B,I,ASME III-2,,True,True,2.2.4-1,Yes,Yes,Yes/Yes,Yes,Transfer Closed,Yes (Valve Position),As Is,Auxiliary Building,,Yes,,DCD Tier 2 Table 3.2-3 (ML11171A425); Tier 1 2.2.4-1 (ML11171A310)
SGS-PL-V057B,Main Feedwater Isolation,SGS,Steam Generator System,Containment and Auxiliary Building,Containment; Auxiliary Building,B,I,ASME III-2,,True,True,2.2.4-1,Yes,Yes,Yes/Yes,Yes,Transfer Closed,Yes (Valve Position),As Is,Auxiliary Building,,Yes,,DCD Tier 2 Table 3.2-3 (ML11171A425); Tier 1 2.2.4-1 (ML11171A310)
SGS-PL-V058A,Main Feedwater Check,SGS,Steam Generator System,Containment and Auxiliary Building,Containment; Auxiliary Building,B,I,ASME III-2,,True,False,,,,,,,,,,,,,DCD Tier 2 Table 3.2-3 (ML11171A425)
SGS-PL-V058B,Main Feedwater Check,SGS,Steam Generator System,Containment and Auxiliary Building,Containment; Auxiliary Building,B,I,ASME III-2,,True,False,,,,,,,,,,,,,DCD Tier 2 Table 3.2-3 (ML11171A425)
SGS-PL-V062A,FT055A Root Isolation Valve,SGS,Steam Generator System,Containment and Auxiliary Building,Containment; Auxiliary Building,C,I,ASME III-3,,True,False,,,,,,,,,,,,,DCD Tier 2 Table 3.2-3 (ML11171A425)
SGS-PL-V062B,FT056A Root Isolation Valve,SGS,Steam Generator System,Containment and Auxiliary Building,Containment; Auxiliary Building,C,I,ASME III-3,,True,False,,,,,,,,,,,,,DCD Tier 2 Table 3.2-3 (ML11171A425)
SGS-PL-V063A,FT055A Root Isolation Valve,SGS,Steam Generator System,Containment and Auxiliary Building,Containment; Auxiliary Building,C,I,ASME III-3,,True,False,,,,,,,,,,,,,DCD Tier 2 Table 3.2-3 (ML11171A425)
SGS-PL-V063B,FT056A Root Isolation Valve,SGS,Steam Generator System,Containment and Auxiliary Building,Containment; Auxiliary Building,C,I,ASME III-3,,True,False,,,,,,,,,,,,,DCD Tier 2 Table 3.2-3 (ML11171A425)
SGS-PL-V064A,FT055A Root Isolation Valve,SGS,Steam Generator System,Containment and Auxiliary Building,Containment; Auxiliary Building,C,I,ASME III-3,,True,False,,,,,,,,,,,,,DCD Tier 2 Table 3.2-3 (ML11171A425)
SGS-PL-V064B,FT056A Root Isolation Valve,SGS,Steam Generator System,Containment and Auxiliary Building,Containment; Auxiliary Building,C,I,ASME III-3,,True,False,,,,,,,,,,,,,DCD Tier 2 Table 3.2-3 (ML11171A425)
SGS-PL-V065A,FT055A Root Isolation Valve,SGS,Steam Generator System,Containment and Auxiliary Building,Containment; Auxiliary Building,C,I,ASME III-3,,True,False,,,,,,,,,,,,,DCD Tier 2 Table 3.2-3 (ML11171A425)
SGS-PL-V065B,FT056A Root Isolation Valve,SGS,Steam Generator System,Containment and Auxiliary Building,Containment; Auxiliary Building,C,I,ASME III-3,,True,False,,,,,,,,,,,,,DCD Tier 2 Table 3.2-3 (ML11171A425)
SGS-PL-V067A,Startup Feedwater Isolation,SGS,Steam Generator System,Containment and Auxiliary Building,Containment; Auxiliary Building,B,I,ASME III-2,,True,True,2.2.4-1,Yes,Yes,Yes/Yes,Yes,Transfer Closed,Yes (Valve Position),As Is,,,Yes,,DCD Tier 2 Table 3.2-3 (ML11171A425); Tier 1 2.2.4-1 (ML11171A310)
SGS-PL-V067B,Startup Feedwater Isolation,SGS,Steam Generator System,Containment and Auxiliary Building,Containment; Auxiliary Building,B,I,ASME III-2,,True,True,2.2.4-1,Yes,Yes,Yes/Yes,Yes,Transfer Closed,Yes (Valve Position),As Is,,,Yes,,DCD Tier 2 Table 3.2-3 (ML11171A425); Tier 1 2.2.4-1 (ML11171A310)
SGS-PL-V074A,SG Blowdown Isolation,SGS,Steam Generator System,Containment and Auxiliary Building,Containment; Auxiliary Building,B,I,ASME III-2,,True,True,2.2.4-1,Yes,Yes,Yes/Yes,Yes,Transfer Closed,Yes (Valve Position),Closed,,,Yes,,DCD Tier 2 Table 3.2-3 (ML11171A425); Tier 1 2.2.4-1 (ML11171A310)
SGS-PL-V074B,SG Blowdown Isolation,SGS,Steam Generator System,Containment and Auxiliary Building,Containment; Auxiliary Building,B,I,ASME III-2,,True,True,2.2.4-1,Yes,Yes,Yes/Yes,Yes,Transfer Closed,Yes (Valve Position),Closed,,,Yes,,DCD Tier 2 Table 3.2-3 (ML11171A425); Tier 1 2.2.4-1 (ML11171A310)
SGS-PL-V075A,SG Series Blowdown Isolation,SGS,Steam Generator System,Containment and Auxiliary Building,Containment; Auxiliary Building,C,I,ASME III-3,,True,True,2.2.4-1,Yes,Yes,Yes/Yes,Yes,Transfer Closed,No,Closed,,,Yes,,DCD Tier 2 Table 3.2-3 (ML11171A425); Tier 1 2.2.4-1 (ML11171A310)
SGS-PL-V075B,SG Series Blowdown Isolation,SGS,Steam Generator System,Containment and Auxiliary Building,Containment; Auxiliary Building,C,I,ASME III-3,,True,True,2.2.4-1,Yes,Yes,Yes/Yes,Yes,Transfer Closed,No,Closed,,,Yes,,DCD Tier 2 Table 3.2-3 (ML11171A425); Tier 1 2.2.4-1 (ML11171A310)
SGS-PL-V084A,SG 1 Nitrogen Sparging Isolation,SGS,Steam Generator System,Containment and Auxiliary Building,Containment; Auxiliary Building,B,I,ASME III-2,,True,False,,,,,,,,,,,,,DCD Tier 2 Table 3.2-3 (ML11171A425)
SGS-PL-V084B,SG 2 Nitrogen Sparging Isolation,SGS,Steam Generator System,Containment and Auxiliary Building,Containment; Auxiliary Building,B,I,ASME III-2,,True,False,,,,,,,,,,,,,DCD Tier 2 Table 3.2-3 (ML11171A425)
SGS-PL-V086A,Steam Line Condensate Drain Control,SGS,Steam Generator System,Containment and Auxiliary Building,Containment; Auxiliary Building,C,I,ASME III-3,,True,True,2.2.4-1,Yes,Yes,Yes/Yes,Yes,Transfer Closed,No,Closed,,,Yes,,DCD Tier 2 Table 3.2-3 (ML11171A425); Tier 1 2.2.4-1 (ML11171A310)
SGS-PL-V086B,Steam Line Condensate Drain Control,SGS,Steam Generator System,Containment and Auxiliary Building,Containment; Auxiliary Building,C,I,ASME III-3,,True,True,2.2.4-1,Yes,Yes,Yes/Yes,Yes,Transfer Closed,No,Closed,,,Yes,,DCD Tier 2 Table 3.2-3 (ML11171A425); Tier 1 2.2.4-1 (ML11171A310)
SGS-PL-V093A,Orifice Isolation Valve,SGS,Steam Generator System,Containment and Auxiliary Building,Containment; Auxiliary Building,C,I,ASME III-3,,True,False,,,,,,,,,,,,,DCD Tier 2 Table 3.2-3 (ML11171A425)
SGS-PL-V093B,Orifice Isolation Valve,SGS,Steam Generator System,Containment and Auxiliary Building,Containment; Auxiliary Building,C,I,ASME III-3,,True,False,,,,,,,,,,,,,DCD Tier 2 Table 3.2-3 (ML11171A425)
SGS-PL-V094A,Orifice Cleanout Line Isolation Valve,SGS,Steam Generator System,Containment and Auxiliary Building,Containment; Auxiliary Building,C,I,ASME III-3,,True,False,,,,,,,,,,,,,DCD Tier 2 Table 3.2-3 (ML11171A425)
SGS-PL-V094B,Orifice Cleanout Line Isolation Valve,SGS,Steam Generator System,Containment and Auxiliary Building,Containment; Auxiliary Building,C,I,ASME III-3,,True,False,,,,,,,,,,,,,DCD Tier 2 Table 3.2-3 (ML11171A425)
SGS-PL-V095A,Orifice Isolation Valve,SGS,Steam Generator System,Containment and Auxiliary Building,Containment; Auxiliary Building,C,I,ASME III-3,,True,False,,,,,,,,,,,,,DCD Tier 2 Table 3.2-3 (ML11171A425)
SGS-PL-V095B,Orifice Isolation Valve,SGS,Steam Generator System,Containment and Auxiliary Building,Containment; Auxiliary Building,C,I,ASME III-3,,True,False,,,,,,,,,,,,,DCD Tier 2 Table 3.2-3 (ML11171A425)
SGS-PL-V096A,Steam Line Condensate Drain Level Isolation Valve,SGS,Steam Generator System,Containment and Auxiliary Building,Containment; Auxiliary Building,B,I,ASME III-2,,True,False,,,,,,,,,,,,,DCD Tier 2 Table 3.2-3 (ML11171A425)
SGS-PL-V096B,Steam Line Condensate Drain Level Isolation Valve,SGS,Steam Generator System,Containment and Auxiliary Building,Containment; Auxiliary Building,B,I,ASME III-2,,True,False,,,,,,,,,,,,,DCD Tier 2 Table 3.2-3 (ML11171A425)
SGS-PL-V097A,Steam Line Condensate Drain Level Isolation Valve,SGS,Steam Generator System,Containment and Auxiliary Building,Containment; Auxiliary Building,B,I,ASME III-2,,True,False,,,,,,,,,,,,,DCD Tier 2 Table 3.2-3 (ML11171A425)
SGS-PL-V097B,Steam Line Condensate Drain Level Isolation Valve,SGS,Steam Generator System,Containment and Auxiliary Building,Containment; Auxiliary Building,B,I,ASME III-2,,True,False,,,,,,,,,,,,,DCD Tier 2 Table 3.2-3 (ML11171A425)
SGS-PL-V233A,Power Operated Relief Valve,SGS,Steam Generator System,Containment and Auxiliary Building,Containment; Auxiliary Building,C,I,ASME III-3,,True,True,2.2.4-1,Yes,Yes,Yes/Yes,Yes,Transfer Closed,Yes (Valve Position),Closed,,,Yes,,DCD Tier 2 Table 3.2-3 (ML11171A425); Tier 1 2.2.4-1 (ML11171A310)
SGS-PL-V233B,Power Operated Relief Valve,SGS,Steam Generator System,Containment and Auxiliary Building,Containment; Auxiliary Building,C,I,ASME III-3,,True,True,2.2.4-1,Yes,Yes,Yes/Yes,Yes,Transfer Closed,Yes (Valve Position),Closed,,,Yes,,DCD Tier 2 Table 3.2-3 (ML11171A425); Tier 1 2.2.4-1 (ML11171A310)
SGS-PL-V240A,MSIV Bypass Isolation,SGS,Steam Generator System,Containment and Auxiliary Building,Containment; Auxiliary Building,B,I,ASME III-2,,True,True,2.2.4-1,Yes,Yes,Yes/Yes,Yes,Transfer Closed,Yes (Valve Position),Closed,,,Yes,,DCD Tier 2 Table 3.2-3 (ML11171A425); Tier 1 2.2.4-1 (ML11171A310)
SGS-PL-V240B,MSIV Bypass Isolation,SGS,Steam Generator System,Containment and Auxiliary Building,Containment; Auxiliary Building,B,I,ASME III-2,,True,True,2.2.4-1,Yes,Yes,Yes/Yes,Yes,Transfer Closed,Yes (Valve Position),Closed,,,Yes,,DCD Tier 2 Table 3.2-3 (ML11171A425); Tier 1 2.2.4-1 (ML11171A310)
SGS-PL-V250A,Main Feedwater Control,SGS,Steam Generator System,Containment and Auxiliary Building,Containment; Auxiliary Building,C,I,ASME III-3,,True,True,2.2.4-1,Yes,Yes,Yes/Yes,Yes,Transfer Closed,Yes (Valve Position),Closed,Auxiliary Building,,Yes,,DCD Tier 2 Table 3.2-3 (ML11171A425); Tier 1 2.2.4-1 (ML11171A310)
SGS-PL-V250B,Main Feedwater Control,SGS,Steam Generator System,Containment and Auxiliary Building,Containment; Auxiliary Building,C,I,ASME III-3,,True,True,2.2.4-1,Yes,Yes,Yes/Yes,Yes,Transfer Closed,Yes (Valve Position),Closed,Auxiliary Building,,Yes,,DCD Tier 2 Table 3.2-3 (ML11171A425); Tier 1 2.2.4-1 (ML11171A310)
SGS-PL-V255A,Startup Feedwater Control,SGS,Steam Generator System,Containment and Auxiliary Building,Containment; Auxiliary Building,C,I,ASME III-3,,True,True,2.2.4-1,Yes,Yes,Yes/Yes,Yes,Transfer Closed,Yes (Valve Position),Closed,,,Yes,,DCD Tier 2 Table 3.2-3 (ML11171A425); Tier 1 2.2.4-1 (ML11171A310)
SGS-PL-V255B,Startup Feedwater Control,SGS,Steam Generator System,Containment and Auxiliary Building,Containment; Auxiliary Building,C,I,ASME III-3,,True,True,2.2.4-1,Yes,Yes,Yes/Yes,Yes,Transfer Closed,Yes (Valve Position),Closed,,,Yes,,DCD Tier 2 Table 3.2-3 (ML11171A425); Tier 1 2.2.4-1 (ML11171A310)
SGS-PL-V256A,Startup Feedwater Check Valve,SGS,Steam Generator System,Containment and Auxiliary Building,Containment; Auxiliary Building,C,I,ASME III-3,,True,False,,,,,,,,,,,,,DCD Tier 2 Table 3.2-3 (ML11171A425)
SGS-PL-V256B,Startup Feedwater Check Valve,SGS,Steam Generator System,Containment and Auxiliary Building,Containment; Auxiliary Building,C,I,ASME III-3,,True,False,,,,,,,,,,,,,DCD Tier 2 Table 3.2-3 (ML11171A425)
SGS-PY-C01A,Main Steam Line A Penetration,SGS,Steam Generator System,Containment and Auxiliary Building,Containment; Auxiliary Building,B,I,"ASME III, MC",,True,False,,,,,,,,,,,,,DCD Tier 2 Table 3.2-3 (ML11171A425)
SGS-PY-C01B,Main Steam Line B Penetration,SGS,Steam Generator System,Containment and Auxiliary Building,Containment; Auxiliary Building,B,I,"ASME III, MC",,True,False,,,,,,,,,,,,,DCD Tier 2 Table 3.2-3 (ML11171A425)
SGS-PY-C02A,Main Feedwater Line A Penetration,SGS,Steam Generator System,Containment and Auxiliary Building,Containment; Auxiliary Building,B,I,"ASME III, MC",,True,False,,,,,,,,,,,,,DCD Tier 2 Table 3.2-3 (ML11171A425)
SGS-PY-C02B,Main Feedwater Line B Penetration,SGS,Steam Generator System,Containment and Auxiliary Building,Containment; Auxiliary Building,B,I,"ASME III, MC",,True,False,,,,,,,,,,,,,DCD Tier 2 Table 3.2-3 (ML11171A425)
SGS-PY-C03A,Steam Generator A Blow- down Line Penetration,SGS,Steam Generator System,Containment and Auxiliary Building,Containment; Auxiliary Building,B,I,"ASME III, MC",,True,False,,,,,,,,,,,,,DCD Tier 2 Table 3.2-3 (ML11171A425)
SGS-PY-C03B,Steam Generator B Blow- down Line Penetration,SGS,Steam Generator System,Containment and Auxiliary Building,Containment; Auxiliary Building,B,I,"ASME III, MC",[attributes inherited from paired item],True,False,,,,,,,,,,,,,DCD Tier 2 Table 3.2-3 (ML11171A425)
SGS-PY-C05A,Startup Feedwater Line A Penetration,SGS,Steam Generator System,Containment and Auxiliary Building,Containment; Auxiliary Building,B,I,"ASME III, MC",,True,False,,,,,,,,,,,,,DCD Tier 2 Table 3.2-3 (ML11171A425)
SGS-PY-C05B,Startup Feedwater Line B Penetration,SGS,Steam Generator System,Containment and Auxiliary Building,Containment; Auxiliary Building,B,I,"ASME III, MC",,True,False,,,,,,,,,,,,,DCD Tier 2 Table 3.2-3 (ML11171A425)
n/a,Service Water Cooling Tower Fans,SWS,Service Water System,Turbine Building and Yard,Turbine Building; Yard,D,NS,Manufacturer Std.,,True,False,,,,,,,,,,,,,DCD Tier 2 Table 3.2-3 (ML11171A425)
n/a,Service Water Cooling Tower,SWS,Service Water System,Turbine Building and Yard,Turbine Building; Yard,D,NS,Manufacturer Std.,,True,False,,,,,,,,,,,,,DCD Tier 2 Table 3.2-3 (ML11171A425)
n/a,Service Water Pumps,SWS,Service Water System,Turbine Building and Yard,Turbine Building; Yard,D,NS,Hydraulic Institute Std.,,True,False,,,,,,,,,,,,,DCD Tier 2 Table 3.2-3 (ML11171A425)
n/a,Valves Providing SWS AP1000 Equipment Class D Function,SWS,Service Water System,Turbine Building and Yard,Turbine Building; Yard,D,NS,ANSI 16.34,,True,False,,,,,,,,,,,,,DCD Tier 2 Table 3.2-3 (ML11171A425)
n/a,Piping and components that provide the path from the GSS and CMS to atmosphere and rad monitor,TDS,"Turbine Island Vents, Drains and Relief System",Turbine Building,Turbine Building,D,NS,ANSI B31.1,,True,False,,,,,,,,,,,,,DCD Tier 2 Table 3.2-3 (ML11171A425)
n/a,CVS and RNS Pump Room Coolers,VAS,Radiologically Controlled Area Ventilation System,Auxiliary Building and Annex Building,Auxiliary Building; Annex Building,Note 2,NS,Manufacturer Std.,,True,False,,,,,,,,,,,,,DCD Tier 2 Table 3.2-3 (ML11171A425)
n/a,Valves Providing VAS AP1000 Equipment Class D Function,VAS,Radiologically Controlled Area Ventilation System,Auxiliary Building and Annex Building,Auxiliary Building; Annex Building,D,NS,ANSI 16.34,,True,False,,,,,,,,,,,,,DCD Tier 2 Table 3.2-3 (ML11171A425)
n/a,"Shutoff, Isolation, and Balancing Dampers",VAS,Radiologically Controlled Area Ventilation System,Auxiliary Building and Annex Building,Auxiliary Building; Annex Building,L,NS,ANSI/AMCA-500,,True,False,,,,,,,,,,,,,DCD Tier 2 Table 3.2-3 (ML11171A425)
n/a,Fire Dampers,VAS,Radiologically Controlled Area Ventilation System,Auxiliary Building and Annex Building,Auxiliary Building; Annex Building,Note 3,NS,UL-555,,True,False,,,,,,,,,,,,,DCD Tier 2 Table 3.2-3 (ML11171A425)
n/a,Air Handling Units,VAS,Radiologically Controlled Area Ventilation System,Auxiliary Building and Annex Building,Auxiliary Building; Annex Building,L,NS,Manufacturer Std.,,True,False,,,,,,,,,,,,,DCD Tier 2 Table 3.2-3 (ML11171A425)
n/a,Filters,VAS,Radiologically Controlled Area Ventilation System,Auxiliary Building and Annex Building,Auxiliary Building; Annex Building,L,NS,UL 900,,True,False,,,,,,,,,,,,,DCD Tier 2 Table 3.2-3 (ML11171A425)
n/a,"Fans, Ductwork",VAS,Radiologically Controlled Area Ventilation System,Auxiliary Building and Annex Building,Auxiliary Building; Annex Building,L,NS,SMACNA,,True,False,,,,,,,,,,,,,DCD Tier 2 Table 3.2-3 (ML11171A425)
n/a,Battery Rooms Exhaust Fans,VBS,Nuclear Island Nonradioactive Ventilation System,Auxiliary Building and Annex Building,Auxiliary Building; Annex Building,Note 2,NS,AMCA,,True,False,,,,,,,,,,,,,DCD Tier 2 Table 3.2-3 (ML11171A425)
n/a,PCS Room Heaters,VBS,Nuclear Island Nonradioactive Ventilation System,Auxiliary Building and Annex Building,Auxiliary Building; Annex Building,Note 2,NS,Manufacturer Std.,,True,False,,,,,,,,,,,,,DCD Tier 2 Table 3.2-3 (ML11171A425)
n/a,Fire Dampers,VBS,Nuclear Island Nonradioactive Ventilation System,Auxiliary Building and Annex Building,Auxiliary Building; Annex Building,Note 3,NS,UL-555S,,True,False,,,,,,,,,,,,,DCD Tier 2 Table 3.2-3 (ML11171A425)
n/a,Dampers Providing AP1000 Equipment Class D Function,VBS,Nuclear Island Nonradioactive Ventilation System,Auxiliary Building and Annex Building,Auxiliary Building; Annex Building,Note 2,NS,ANSI/AMCA-500,,True,False,,,,,,,,,,,,,DCD Tier 2 Table 3.2-3 (ML11171A425)
n/a,Dampers in lines isolating radioactive contamination,VBS,Nuclear Island Nonradioactive Ventilation System,Auxiliary Building and Annex Building,Auxiliary Building; Annex Building,R,NS,ASME-509,,True,False,,,,,,,,,,,,,DCD Tier 2 Table 3.2-3 (ML11171A425)
n/a,"Shutoff, Isolation, and Balancing Dampers",VBS,Nuclear Island Nonradioactive Ventilation System,Auxiliary Building and Annex Building,Auxiliary Building; Annex Building,L,NS,ANSI/AMCA-500,,True,False,,,,,,,,,,,,,DCD Tier 2 Table 3.2-3 (ML11171A425)
VBS-MP-01A,Sample Pump A,VBS,Nuclear Island Nonradioactive Ventilation System,Auxiliary Building and Annex Building,Auxiliary Building; Annex Building,C,I,Manufacturer Std.,,True,False,,,,,,,,,,,,,DCD Tier 2 Table 3.2-3 (ML11171A425)
VBS-MP-01B,Sample Pump B,VBS,Nuclear Island Nonradioactive Ventilation System,Auxiliary Building and Annex Building,Auxiliary Building; Annex Building,C,I,Manufacturer Std.,,True,False,,,,,,,,,,,,,DCD Tier 2 Table 3.2-3 (ML11171A425)
n/a,MCR/CSA Supplemental Air Filtration Units,VBS,Nuclear Island Nonradioactive Ventilation System,Auxiliary Building and Annex Building,Auxiliary Building; Annex Building,Note 2,NS,"ASME AG-1, Note 4",,True,False,,,,,,,,,,,,,DCD Tier 2 Table 3.2-3 (ML11171A425)
VBS-PL-V186,MCR Isolation Valve,VBS,Nuclear Island Nonradioactive Ventilation System,Auxiliary Building and Annex Building,Auxiliary Building; Annex Building,C,I,ASME III-3,,True,True,2.7.1-1,Yes,Yes,Yes/No,Yes,Transfer Closed,Yes (Valve Position),As Is,,Yes/No,,,DCD Tier 2 Table 3.2-3 (ML11171A425); Tier 1 2.7.1-1 (ML11171A316)
VBS-PL-V187,MCR Isolation Valve,VBS,Nuclear Island Nonradioactive Ventilation System,Auxiliary Building and Annex Building,Auxiliary Building; Annex Building,C,I,ASME III-3,,True,True,2.7.1-1,Yes,Yes,Yes/No,Yes,Transfer Closed,Yes (Valve Position),As Is,,Yes/No,,,DCD Tier 2 Table 3.2-3 (ML11171A425); Tier 1 2.7.1-1 (ML11171A316)
VBS-PL-V188,MCR Isolation Valve,VBS,Nuclear Island Nonradioactive Ventilation System,Auxiliary Building and Annex Building,Auxiliary Building; Annex Building,C,I,ASME III-3,,True,True,2.7.1-1,Yes,Yes,Yes/No,Yes,Transfer Closed,Yes (Valve Position),As Is,,Yes/No,,,DCD Tier 2 Table 3.2-3 (ML11171A425); Tier 1 2.7.1-1 (ML11171A316)
VBS-PL-V189,MCR Isolation Valve,VBS,Nuclear Island Nonradioactive Ventilation System,Auxiliary Building and Annex Building,Auxiliary Building; Annex Building,C,I,ASME III-3,,True,True,2.7.1-1,Yes,Yes,Yes/No,Yes,Transfer Closed,Yes (Valve Position),As Is,,Yes/No,,,DCD Tier 2 Table 3.2-3 (ML11171A425); Tier 1 2.7.1-1 (ML11171A316)
VBS-PL-V190,MCR Isolation Valve,VBS,Nuclear Island Nonradioactive Ventilation System,Auxiliary Building and Annex Building,Auxiliary Building; Annex Building,C,I,ASME III-3,,True,True,2.7.1-1,Yes,Yes,Yes/No,Yes,Transfer Closed,Yes (Valve Position),As Is,,Yes/No,,,DCD Tier 2 Table 3.2-3 (ML11171A425); Tier 1 2.7.1-1 (ML11171A316)
VBS-PL-V191,MCR Isolation Valve,VBS,Nuclear Island Nonradioactive Ventilation System,Auxiliary Building and Annex Building,Auxiliary Building; Annex Building,C,I,ASME III-3,,True,True,2.7.1-1,Yes,Yes,Yes/No,Yes,Transfer Closed,Yes (Valve Position),As Is,,Yes/No,,,DCD Tier 2 Table 3.2-3 (ML11171A425); Tier 1 2.7.1-1 (ML11171A316)
n/a,Valves Providing VBS AP1000 Equipment Class D Function,VBS,Nuclear Island Nonradioactive Ventilation System,Auxiliary Building and Annex Building,Auxiliary Building; Annex Building,D,NS,ANSI 16.34,,True,False,,,,,,,,,,,,,DCD Tier 2 Table 3.2-3 (ML11171A425)
n/a,Other Air Handling Units,VBS,Nuclear Island Nonradioactive Ventilation System,Auxiliary Building and Annex Building,Auxiliary Building; Annex Building,Note 2,NS,Manufacturer Std.,,True,False,,,,,,,,,,,,,DCD Tier 2 Table 3.2-3 (ML11171A425)
n/a,Filters,VBS,Nuclear Island Nonradioactive Ventilation System,Auxiliary Building and Annex Building,Auxiliary Building; Annex Building,Note 2,NS,UL 900,,True,False,,,,,,,,,,,,,DCD Tier 2 Table 3.2-3 (ML11171A425)
n/a,"Fans, Ductwork",VBS,Nuclear Island Nonradioactive Ventilation System,Auxiliary Building and Annex Building,Auxiliary Building; Annex Building,"Note 2, L or R",NS,SMACNA,,True,False,,,,,,,,,,,,,DCD Tier 2 Table 3.2-3 (ML11171A425)
VBS-MA-10A,Ancillary Fan,VBS,Nuclear Island Nonradioactive Ventilation System,Auxiliary Building and Annex Building,Auxiliary Building; Annex Building,D,NS,"ANSI/AMCA 210, 211, 300",Equipment Anchorage is Seismic Category II,True,True,2.7.1-5,,,,,,,,Auxiliary Building,,,,DCD Tier 2 Table 3.2-3 (ML11171A425); Tier 1 2.7.1-5 (ML11171A316)
VBS-MA-10B,Ancillary Fan,VBS,Nuclear Island Nonradioactive Ventilation System,Auxiliary Building and Annex Building,Auxiliary Building; Annex Building,D,NS,"ANSI/AMCA 210, 211, 300",Equipment Anchorage is Seismic Category II,True,True,2.7.1-5,,,,,,,,Auxiliary Building,,,,DCD Tier 2 Table 3.2-3 (ML11171A425); Tier 1 2.7.1-5 (ML11171A316)
VBS-MA-11,Ancillary Fan,VBS,Nuclear Island Nonradioactive Ventilation System,Auxiliary Building and Annex Building,Auxiliary Building; Annex Building,D,NS,"ANSI/AMCA 210, 211, 300",Equipment Anchorage is Seismic Category II,True,True,2.7.1-3,,,,,,,,Auxiliary Building,,,Equipment=Division B Room Ancillary Fan; Display=No; Control Function=Run,DCD Tier 2 Table 3.2-3 (ML11171A425); Tier 1 2.7.1-3 (ML11171A316)
VBS-MA-12,Ancillary Fan,VBS,Nuclear Island Nonradioactive Ventilation System,Auxiliary Building and Annex Building,Auxiliary Building; Annex Building,D,NS,"ANSI/AMCA 210, 211, 300",Equipment Anchorage is Seismic Category II,True,True,2.7.1-3,,,,,,,,Auxiliary Building,,,Equipment=Division C Room Ancillary Fan; Display=No; Control Function=Run,DCD Tier 2 Table 3.2-3 (ML11171A425); Tier 1 2.7.1-3 (ML11171A316)
n/a,Dampers,VCS,Containment Recirculation Cooling System,Containment,Containment,L,NS,ANSI/AMCA-500,,True,False,,,,,,,,,,,,,DCD Tier 2 Table 3.2-3 (ML11171A425)
n/a,Fan Coil Units,VCS,Containment Recirculation Cooling System,Containment,Containment,L,NS,Manufacturer Std.,,True,False,,,,,,,,,,,,,DCD Tier 2 Table 3.2-3 (ML11171A425)
n/a,"Fans, Ductwork",VCS,Containment Recirculation Cooling System,Containment,Containment,L,NS,SMACNA,,True,False,,,,,,,,,,,,,DCD Tier 2 Table 3.2-3 (ML11171A425)
VES-MD-D001A,Relief Damper,VES,Main Control Room Emergency Habitability System,Auxiliary Building,Auxiliary Building,Note 1,I,ASME 509/510,,True,True,2.2.5-1,No,Yes,-,-,-,-,-,,,-,,DCD Tier 2 Table 3.2-3 (ML11171A425); Tier 1 2.2.5-1 (ML11171A310)
VES-MD-D001B,Relief Damper,VES,Main Control Room Emergency Habitability System,Auxiliary Building,Auxiliary Building,Note 1,I,ASME 509/510,,True,True,2.2.5-1,No,Yes,-,-,-,-,-,,,-,,DCD Tier 2 Table 3.2-3 (ML11171A425); Tier 1 2.2.5-1 (ML11171A310)
VES-MT-01,Emergency Air Storage Tank 01,VES,Main Control Room Emergency Habitability System,Auxiliary Building,Auxiliary Building,C,I,"ASME VIII, Appendix 22",,True,True,2.2.5-1,No,Yes,-/-,-,-,-,-,,,-,,DCD Tier 2 Table 3.2-3 (ML11171A425); Tier 1 2.2.5-1 (ML11171A310)
VES-MT-02,Emergency Air Storage Tank 02,VES,Main Control Room Emergency Habitability System,Auxiliary Building,Auxiliary Building,C,I,"ASME VIII, Appendix 22",,True,True,2.2.5-1,No,Yes,-/-,-,-,-,-,,,-,,DCD Tier 2 Table 3.2-3 (ML11171A425); Tier 1 2.2.5-1 (ML11171A310)
VES-MT-03,Emergency Air Storage Tank 03,VES,Main Control Room Emergency Habitability System,Auxiliary Building,Auxiliary Building,C,I,"ASME VIII, Appendix 22",,True,True,2.2.5-1,No,Yes,-/-,-,-,-,-,,,-,,DCD Tier 2 Table 3.2-3 (ML11171A425); Tier 1 2.2.5-1 (ML11171A310)
VES-MT-04,Emergency Air Storage Tank 04,VES,Main Control Room Emergency Habitability System,Auxiliary Building,Auxiliary Building,C,I,"ASME VIII, Appendix 22",,True,True,2.2.5-1,No,Yes,-/-,-,-,-,-,,,-,,DCD Tier 2 Table 3.2-3 (ML11171A425); Tier 1 2.2.5-1 (ML11171A310)
VES-MT-05,Emergency Air Storage Tank 05,VES,Main Control Room Emergency Habitability System,Auxiliary Building,Auxiliary Building,C,I,"ASME VIII, Appendix 22",,True,True,2.2.5-1,No,Yes,-/-,-,-,-,-,,,-,,DCD Tier 2 Table 3.2-3 (ML11171A425); Tier 1 2.2.5-1 (ML11171A310)
VES-MT-06,Emergency Air Storage Tank 06,VES,Main Control Room Emergency Habitability System,Auxiliary Building,Auxiliary Building,C,I,"ASME VIII, Appendix 22",,True,True,2.2.5-1,No,Yes,-/-,-,-,-,-,,,-,,DCD Tier 2 Table 3.2-3 (ML11171A425); Tier 1 2.2.5-1 (ML11171A310)
VES-MT-07,Emergency Air Storage Tank 07,VES,Main Control Room Emergency Habitability System,Auxiliary Building,Auxiliary Building,C,I,"ASME VIII, Appendix 22",,True,True,2.2.5-1,No,Yes,-/-,-,-,-,-,,,-,,DCD Tier 2 Table 3.2-3 (ML11171A425); Tier 1 2.2.5-1 (ML11171A310)
VES-MT-08,Emergency Air Storage Tank 08,VES,Main Control Room Emergency Habitability System,Auxiliary Building,Auxiliary Building,C,I,"ASME VIII, Appendix 22",,True,True,2.2.5-1,No,Yes,-/-,-,-,-,-,,,-,,DCD Tier 2 Table 3.2-3 (ML11171A425); Tier 1 2.2.5-1 (ML11171A310)
VES-MT-09,Emergency Air Storage Tank 09,VES,Main Control Room Emergency Habitability System,Auxiliary Building,Auxiliary Building,C,I,"ASME VIII, Appendix 22",,True,True,2.2.5-1,No,Yes,-/-,-,-,-,-,,,-,,DCD Tier 2 Table 3.2-3 (ML11171A425); Tier 1 2.2.5-1 (ML11171A310)
VES-MT-10,Emergency Air Storage Tank 10,VES,Main Control Room Emergency Habitability System,Auxiliary Building,Auxiliary Building,C,I,"ASME VIII, Appendix 22",,True,True,2.2.5-1,No,Yes,-/-,-,-,-,-,,,-,,DCD Tier 2 Table 3.2-3 (ML11171A425); Tier 1 2.2.5-1 (ML11171A310)
VES-MT-11,Emergency Air Storage Tank 11,VES,Main Control Room Emergency Habitability System,Auxiliary Building,Auxiliary Building,C,I,"ASME VIII, Appendix 22",,True,True,2.2.5-1,No,Yes,-/-,-,-,-,-,,,-,,DCD Tier 2 Table 3.2-3 (ML11171A425); Tier 1 2.2.5-1 (ML11171A310)
VES-MT-12,Emergency Air Storage Tank 12,VES,Main Control Room Emergency Habitability System,Auxiliary Building,Auxiliary Building,C,I,"ASME VIII, Appendix 22",,True,True,2.2.5-1,No,Yes,-/-,-,-,-,-,,,-,,DCD Tier 2 Table 3.2-3 (ML11171A425); Tier 1 2.2.5-1 (ML11171A310)
VES-MT-13,Emergency Air Storage Tank 13,VES,Main Control Room Emergency Habitability System,Auxiliary Building,Auxiliary Building,C,I,"ASME VIII, Appendix 22",,True,True,2.2.5-1,No,Yes,-/-,-,-,-,-,,,-,,DCD Tier 2 Table 3.2-3 (ML11171A425); Tier 1 2.2.5-1 (ML11171A310)
VES-MT-14,Emergency Air Storage Tank 14,VES,Main Control Room Emergency Habitability System,Auxiliary Building,Auxiliary Building,C,I,"ASME VIII, Appendix 22",,True,True,2.2.5-1,No,Yes,-/-,-,-,-,-,,,-,,DCD Tier 2 Table 3.2-3 (ML11171A425); Tier 1 2.2.5-1 (ML11171A310)
VES-MT-15,Emergency Air Storage Tank 15,VES,Main Control Room Emergency Habitability System,Auxiliary Building,Auxiliary Building,C,I,"ASME VIII, Appendix 22",,True,True,2.2.5-1,No,Yes,-/-,-,-,-,-,,,-,,DCD Tier 2 Table 3.2-3 (ML11171A425); Tier 1 2.2.5-1 (ML11171A310)
VES-MT-16,Emergency Air Storage Tank 16,VES,Main Control Room Emergency Habitability System,Auxiliary Building,Auxiliary Building,C,I,"ASME VIII, Appendix 22",,True,True,2.2.5-1,No,Yes,-/-,-,-,-,-,,,-,,DCD Tier 2 Table 3.2-3 (ML11171A425); Tier 1 2.2.5-1 (ML11171A310)
VES-MT-17,Emergency Air Storage Tank 17,VES,Main Control Room Emergency Habitability System,Auxiliary Building,Auxiliary Building,C,I,"ASME VIII, Appendix 22",,True,True,2.2.5-1,No,Yes,-/-,-,-,-,-,,,-,,DCD Tier 2 Table 3.2-3 (ML11171A425); Tier 1 2.2.5-1 (ML11171A310)
VES-MT-18,Emergency Air Storage Tank 18,VES,Main Control Room Emergency Habitability System,Auxiliary Building,Auxiliary Building,C,I,"ASME VIII, Appendix 22",,True,True,2.2.5-1,No,Yes,-/-,-,-,-,-,,,-,,DCD Tier 2 Table 3.2-3 (ML11171A425); Tier 1 2.2.5-1 (ML11171A310)
VES-MT-19,Emergency Air Storage Tank 19,VES,Main Control Room Emergency Habitability System,Auxiliary Building,Auxiliary Building,C,I,"ASME VIII, Appendix 22",,True,True,2.2.5-1,No,Yes,-/-,-,-,-,-,,,-,,DCD Tier 2 Table 3.2-3 (ML11171A425); Tier 1 2.2.5-1 (ML11171A310)
VES-MT-20,Emergency Air Storage Tank 20,VES,Main Control Room Emergency Habitability System,Auxiliary Building,Auxiliary Building,C,I,"ASME VIII, Appendix 22",,True,True,2.2.5-1,No,Yes,-/-,-,-,-,-,,,-,,DCD Tier 2 Table 3.2-3 (ML11171A425); Tier 1 2.2.5-1 (ML11171A310)
VES-MT-21,Emergency Air Storage Tank 21,VES,Main Control Room Emergency Habitability System,Auxiliary Building,Auxiliary Building,C,I,"ASME VIII, Appendix 22",,True,True,2.2.5-1,No,Yes,-/-,-,-,-,-,,,-,,DCD Tier 2 Table 3.2-3 (ML11171A425); Tier 1 2.2.5-1 (ML11171A310)
VES-MT-22,Emergency Air Storage Tank 22,VES,Main Control Room Emergency Habitability System,Auxiliary Building,Auxiliary Building,C,I,"ASME VIII, Appendix 22",,True,True,2.2.5-1,No,Yes,-/-,-,-,-,-,,,-,,DCD Tier 2 Table 3.2-3 (ML11171A425); Tier 1 2.2.5-1 (ML11171A310)
VES-MT-23,Emergency Air Storage Tank 23,VES,Main Control Room Emergency Habitability System,Auxiliary Building,Auxiliary Building,C,I,"ASME VIII, Appendix 22",,True,True,2.2.5-1,No,Yes,-/-,-,-,-,-,,,-,,DCD Tier 2 Table 3.2-3 (ML11171A425); Tier 1 2.2.5-1 (ML11171A310)
VES-MT-24,Emergency Air Storage Tank 24,VES,Main Control Room Emergency Habitability System,Auxiliary Building,Auxiliary Building,C,I,"ASME VIII, Appendix 22",,True,True,2.2.5-1,No,Yes,-/-,-,-,-,-,,,-,,DCD Tier 2 Table 3.2-3 (ML11171A425); Tier 1 2.2.5-1 (ML11171A310)
VES-MT-25,Emergency Air Storage Tank 25,VES,Main Control Room Emergency Habitability System,Auxiliary Building,Auxiliary Building,C,I,"ASME VIII, Appendix 22",,True,True,2.2.5-1,No,Yes,-/-,-,-,-,-,,,-,,DCD Tier 2 Table 3.2-3 (ML11171A425); Tier 1 2.2.5-1 (ML11171A310)
VES-MT-26,Emergency Air Storage Tank 26,VES,Main Control Room Emergency Habitability System,Auxiliary Building,Auxiliary Building,C,I,"ASME VIII, Appendix 22",,True,True,2.2.5-1,No,Yes,-/-,-,-,-,-,,,-,,DCD Tier 2 Table 3.2-3 (ML11171A425); Tier 1 2.2.5-1 (ML11171A310)
VES-MT-27,Emergency Air Storage Tank 27,VES,Main Control Room Emergency Habitability System,Auxiliary Building,Auxiliary Building,C,I,"ASME VIII, Appendix 22",,True,True,2.2.5-1,No,Yes,-/-,-,-,-,-,,,-,,DCD Tier 2 Table 3.2-3 (ML11171A425); Tier 1 2.2.5-1 (ML11171A310)
VES-MT-28,Emergency Air Storage Tank 28,VES,Main Control Room Emergency Habitability System,Auxiliary Building,Auxiliary Building,C,I,"ASME VIII, Appendix 22",,True,True,2.2.5-1,No,Yes,-/-,-,-,-,-,,,-,,DCD Tier 2 Table 3.2-3 (ML11171A425); Tier 1 2.2.5-1 (ML11171A310)
VES-MT-29,Emergency Air Storage Tank 29,VES,Main Control Room Emergency Habitability System,Auxiliary Building,Auxiliary Building,C,I,"ASME VIII, Appendix 22",,True,True,2.2.5-1,No,Yes,-/-,-,-,-,-,,,-,,DCD Tier 2 Table 3.2-3 (ML11171A425); Tier 1 2.2.5-1 (ML11171A310)
VES-MT-30,Emergency Air Storage Tank 30,VES,Main Control Room Emergency Habitability System,Auxiliary Building,Auxiliary Building,C,I,"ASME VIII, Appendix 22",,True,True,2.2.5-1,No,Yes,-/-,-,-,-,-,,,-,,DCD Tier 2 Table 3.2-3 (ML11171A425); Tier 1 2.2.5-1 (ML11171A310)
VES-MT-31,Emergency Air Storage Tank 31,VES,Main Control Room Emergency Habitability System,Auxiliary Building,Auxiliary Building,C,I,"ASME VIII, Appendix 22",,True,True,2.2.5-1,No,Yes,-/-,-,-,-,-,,,-,,DCD Tier 2 Table 3.2-3 (ML11171A425); Tier 1 2.2.5-1 (ML11171A310)
VES-MT-32,Emergency Air Storage Tank 32,VES,Main Control Room Emergency Habitability System,Auxiliary Building,Auxiliary Building,C,I,"ASME VIII, Appendix 22",,True,True,2.2.5-1,No,Yes,-/-,-,-,-,-,,,-,,DCD Tier 2 Table 3.2-3 (ML11171A425); Tier 1 2.2.5-1 (ML11171A310)
VES-PL-V001,Air Delivery Alternate Isolation Valve,VES,Main Control Room Emergency Habitability System,Auxiliary Building,Auxiliary Building,C,I,ASME III-3,,True,True,2.2.5-1,Yes,Yes,-/-,No,Transfer Open,No,-,,,-,,DCD Tier 2 Table 3.2-3 (ML11171A425); Tier 1 2.2.5-1 (ML11171A310)
VES-PL-V002A,Pressure Regulating Valve A,VES,Main Control Room Emergency Habitability System,Auxiliary Building,Auxiliary Building,C,I,ASME III-3,,True,True,2.2.5-1,Yes,Yes,-/-,No,Throttle Flow,No,-,,,-,,DCD Tier 2 Table 3.2-3 (ML11171A425); Tier 1 2.2.5-1 (ML11171A310)
VES-PL-V002B,Pressure Regulating Valve B,VES,Main Control Room Emergency Habitability System,Auxiliary Building,Auxiliary Building,C,I,ASME III-3,,True,True,2.2.5-1,Yes,Yes,-/-,No,Throttle Flow,No,-,,,-,,DCD Tier 2 Table 3.2-3 (ML11171A425); Tier 1 2.2.5-1 (ML11171A310)
VES-PL-V005A,Air Delivery Main Isolation Valve A,VES,Main Control Room Emergency Habitability System,Auxiliary Building,Auxiliary Building,C,I,ASME III-3,,True,True,2.2.5-1,Yes,Yes,Yes/No,Yes,Transfer Open,No,Open,,,Yes,,DCD Tier 2 Table 3.2-3 (ML11171A425); Tier 1 2.2.5-1 (ML11171A310)
VES-PL-V005B,Air Delivery Main Isolation Valve B,VES,Main Control Room Emergency Habitability System,Auxiliary Building,Auxiliary Building,C,I,ASME III-3,,True,True,2.2.5-1,Yes,Yes,Yes/No,Yes,Transfer Open,No,Open,,,Yes,,DCD Tier 2 Table 3.2-3 (ML11171A425); Tier 1 2.2.5-1 (ML11171A310)
VES-PL-V006A,Air Delivery Line Pressure Instrument Isolation Valve A,VES,Main Control Room Emergency Habitability System,Auxiliary Building,Auxiliary Building,C,I,ASME III-3,,True,False,,,,,,,,,,,,,DCD Tier 2 Table 3.2-3 (ML11171A425)
VES-PL-V006B,Air Delivery Line Pressure Instrument Isolation Valve B,VES,Main Control Room Emergency Habitability System,Auxiliary Building,Auxiliary Building,C,I,ASME III-3,,True,False,,,,,,,,,,,,,DCD Tier 2 Table 3.2-3 (ML11171A425)
VES-PL-V010A,Air Delivery Line Maintenance Isolation Valve A,VES,Main Control Room Emergency Habitability System,Auxiliary Building,Auxiliary Building,C,I,ASME III-3,,True,False,,,,,,,,,,,,,DCD Tier 2 Table 3.2-3 (ML11171A425)
VES-PL-V010B,Air Delivery Line Maintenance Isolation Valve B,VES,Main Control Room Emergency Habitability System,Auxiliary Building,Auxiliary Building,C,I,ASME III-3,,True,False,,,,,,,,,,,,,DCD Tier 2 Table 3.2-3 (ML11171A425)
VES-PL-V011A,Air Delivery Line Maintenance Isolation Valve A,VES,Main Control Room Emergency Habitability System,Auxiliary Building,Auxiliary Building,C,I,ASME III-3,,True,False,,,,,,,,,,,,,DCD Tier 2 Table 3.2-3 (ML11171A425)
VES-PL-V011B,Air Delivery Line Maintenance Isolation Valve B,VES,Main Control Room Emergency Habitability System,Auxiliary Building,Auxiliary Building,C,I,ASME III-3,,True,False,,,,,,,,,,,,,DCD Tier 2 Table 3.2-3 (ML11171A425)
VES-PL-V016,Temporary Instrument Isolation Valve A,VES,Main Control Room Emergency Habitability System,Auxiliary Building,Auxiliary Building,C,I,ASME III-3,,True,False,,,,,,,,,,,,,DCD Tier 2 Table 3.2-3 (ML11171A425)
VES-PL-V018,Temporary Instrument Isolation Valve A,VES,Main Control Room Emergency Habitability System,Auxiliary Building,Auxiliary Building,C,I,ASME III-3,,True,False,,,,,,,,,,,,,DCD Tier 2 Table 3.2-3 (ML11171A425)
VES-PL-V019,Temporary Instrument Isolation Valve B,VES,Main Control Room Emergency Habitability System,Auxiliary Building,Auxiliary Building,C,I,ASME III-3,,True,False,,,,,,,,,,,,,DCD Tier 2 Table 3.2-3 (ML11171A425)
VES-PL-V020,Temporary Instrument Isolation Valve B,VES,Main Control Room Emergency Habitability System,Auxiliary Building,Auxiliary Building,C,I,ASME III-3,,True,False,,,,,,,,,,,,,DCD Tier 2 Table 3.2-3 (ML11171A425)
VES-PL-V022A,Pressure Relief Isolation Valve A,VES,Main Control Room Emergency Habitability System,Auxiliary Building,Auxiliary Building,C,I,ASME III-3,,True,True,2.2.5-1,Yes,Yes,Yes/No,Yes,Transfer Open,No,Open,,,Yes,,DCD Tier 2 Table 3.2-3 (ML11171A425); Tier 1 2.2.5-1 (ML11171A310)
VES-PL-V022B,Pressure Relief Isolation Valve B,VES,Main Control Room Emergency Habitability System,Auxiliary Building,Auxiliary Building,C,I,ASME III-3,,True,True,2.2.5-1,Yes,Yes,Yes/No,Yes,Transfer Open,No,Open,,,Yes,,DCD Tier 2 Table 3.2-3 (ML11171A425); Tier 1 2.2.5-1 (ML11171A310)
VES-PL-V024A,Air Bank 1 Isolation Valve A,VES,Main Control Room Emergency Habitability System,Auxiliary Building,Auxiliary Building,C,I,ASME III-3,,True,False,,,,,,,,,,,,,DCD Tier 2 Table 3.2-3 (ML11171A425)
VES-PL-V024B,Air Bank 2 Isolation Valve B,VES,Main Control Room Emergency Habitability System,Auxiliary Building,Auxiliary Building,C,I,ASME III-3,,True,False,,,,,,,,,,,,,DCD Tier 2 Table 3.2-3 (ML11171A425)
VES-PL-V024C,Air Bank 3 Isolation Valve C,VES,Main Control Room Emergency Habitability System,Auxiliary Building,Auxiliary Building,C,I,ASME III-3,,True,False,,,,,,,,,,,,,DCD Tier 2 Table 3.2-3 (ML11171A425)
VES-PL-V024D,Air Bank 4 Isolation Valve D,VES,Main Control Room Emergency Habitability System,Auxiliary Building,Auxiliary Building,C,I,ASME III-3,,True,False,,,,,,,,,,,,,DCD Tier 2 Table 3.2-3 (ML11171A425)
VES-PL-V025A,Air Bank 1 Isolation Valve A,VES,Main Control Room Emergency Habitability System,Auxiliary Building,Auxiliary Building,C,I,ASME III-3,,True,False,,,,,,,,,,,,,DCD Tier 2 Table 3.2-3 (ML11171A425)
VES-PL-V025B,Air Bank 2 Isolation Valve B,VES,Main Control Room Emergency Habitability System,Auxiliary Building,Auxiliary Building,C,I,ASME III-3,,True,False,,,,,,,,,,,,,DCD Tier 2 Table 3.2-3 (ML11171A425)
VES-PL-V025C,Air Bank 3 Isolation Valve C,VES,Main Control Room Emergency Habitability System,Auxiliary Building,Auxiliary Building,C,I,ASME III-3,,True,False,,,,,,,,,,,,,DCD Tier 2 Table 3.2-3 (ML11171A425)
VES-PL-V025D,Air Bank 4 Isolation Valve D,VES,Main Control Room Emergency Habitability System,Auxiliary Building,Auxiliary Building,C,I,ASME III-3,,True,False,,,,,,,,,,,,,DCD Tier 2 Table 3.2-3 (ML11171A425)
VES-PL-V026A,Air Bank 1 Fill/Vent Isolation Valve A,VES,Main Control Room Emergency Habitability System,Auxiliary Building,Auxiliary Building,C,I,ASME III-3,,True,False,,,,,,,,,,,,,DCD Tier 2 Table 3.2-3 (ML11171A425)
VES-PL-V026B,Air Bank 2 Fill/Vent Isolation Valve B,VES,Main Control Room Emergency Habitability System,Auxiliary Building,Auxiliary Building,C,I,ASME III-3,,True,False,,,,,,,,,,,,,DCD Tier 2 Table 3.2-3 (ML11171A425)
VES-PL-V026C,Air Bank 3 Fill/Vent Isolation Valve C,VES,Main Control Room Emergency Habitability System,Auxiliary Building,Auxiliary Building,C,I,ASME III-3,,True,False,,,,,,,,,,,,,DCD Tier 2 Table 3.2-3 (ML11171A425)
VES-PL-V026D,Air Bank 4 Fill/Vent Isolation Valve D,VES,Main Control Room Emergency Habitability System,Auxiliary Building,Auxiliary Building,C,I,ASME III-3,,True,False,,,,,,,,,,,,,DCD Tier 2 Table 3.2-3 (ML11171A425)
VES-PL-V040A,Air Tank Safety Relief Valve A,VES,Main Control Room Emergency Habitability System,Auxiliary Building,Auxiliary Building,C,I,ASME III-3,,True,True,2.2.5-1,Yes,Yes,-/-,No,Transfer Open,No,-,,,-,,DCD Tier 2 Table 3.2-3 (ML11171A425); Tier 1 2.2.5-1 (ML11171A310)
VES-PL-V040B,Air Tank Safety Relief Valve B,VES,Main Control Room Emergency Habitability System,Auxiliary Building,Auxiliary Building,C,I,ASME III-3,,True,True,2.2.5-1,Yes,Yes,-/-,No,Transfer Open,No,-,,,-,,DCD Tier 2 Table 3.2-3 (ML11171A425); Tier 1 2.2.5-1 (ML11171A310)
VES-PL-V040C,Air Tank Safety Relief Valve C,VES,Main Control Room Emergency Habitability System,Auxiliary Building,Auxiliary Building,C,I,ASME III-3,,True,True,2.2.5-1,Yes,Yes,-/-,No,Transfer Open,No,-,,,-,,DCD Tier 2 Table 3.2-3 (ML11171A425); Tier 1 2.2.5-1 (ML11171A310)
VES-PL-V040D,Air Tank Safety Relief Valve D,VES,Main Control Room Emergency Habitability System,Auxiliary Building,Auxiliary Building,C,I,ASME III-3,,True,True,2.2.5-1,Yes,Yes,-/-,No,Transfer Open,No,-,,,-,,DCD Tier 2 Table 3.2-3 (ML11171A425); Tier 1 2.2.5-1 (ML11171A310)
VES-PL-V043A,Differential Pressure Instrument Line Isolation Valve A,VES,Main Control Room Emergency Habitability System,Auxiliary Building,Auxiliary Building,C,I,ASME III-3,,True,False,,,,,,,,,,,,,DCD Tier 2 Table 3.2-3 (ML11171A425)
VES-PL-V043B,Differential Pressure Instrument Line Isolation Valve B,VES,Main Control Room Emergency Habitability System,Auxiliary Building,Auxiliary Building,C,I,ASME III-3,,True,False,,,,,,,,,,,,,DCD Tier 2 Table 3.2-3 (ML11171A425)
VES-PL-V044,Main Air Flowpath Isolation Valve,VES,Main Control Room Emergency Habitability System,Auxiliary Building,Auxiliary Building,C,I,ASME III-3,,True,True,2.2.5-1,Yes,Yes,-/-,No,Transfer Close,No,-,,,-,,DCD Tier 2 Table 3.2-3 (ML11171A425); Tier 1 2.2.5-1 (ML11171A310)
VES-PL-V045,Eductor Flow Path Isolation Valve,VES,Main Control Room Emergency Habitability System,Auxiliary Building,Auxiliary Building,C,I,ASME III-3,,True,True,2.2.5-1,Yes,Yes,-/-,No,Transfer Close,No,-,,,-,,DCD Tier 2 Table 3.2-3 (ML11171A425); Tier 1 2.2.5-1 (ML11171A310)
VES-PL-V046,Eductor Bypass Isolation Valve,VES,Main Control Room Emergency Habitability System,Auxiliary Building,Auxiliary Building,C,I,ASME III-3,,True,True,2.2.5-1,Yes,Yes,-/-,No,Transfer Open,No,-,,,-,,DCD Tier 2 Table 3.2-3 (ML11171A425); Tier 1 2.2.5-1 (ML11171A310)
VES-PY-N01,MCR Air Filtration Line Eductor,VES,Main Control Room Emergency Habitability System,Auxiliary Building,Auxiliary Building,C,I,ASME III-3,,True,True,2.2.5-1,Yes,Yes,-,-,-,-,-,,,-,,DCD Tier 2 Table 3.2-3 (ML11171A425); Tier 1 2.2.5-1 (ML11171A310)
VES-MY-F01,MCR Air Filtration Line Charcoal Filter,VES,Main Control Room Emergency Habitability System,Auxiliary Building,Auxiliary Building,Note 1,I,ASME AG-1 Section FD,,True,True,2.2.5-1,No,Yes,-,-,-,-,-,,,-,,DCD Tier 2 Table 3.2-3 (ML11171A425); Tier 1 2.2.5-1 (ML11171A310)
VES-MY-F02,MCR Air Filtration Line HEPA Filter,VES,Main Control Room Emergency Habitability System,Auxiliary Building,Auxiliary Building,Note 1,I,ASME AG-1 Section FC,,True,True,2.2.5-1,No,Yes,-,-,-,-,-,,,-,,DCD Tier 2 Table 3.2-3 (ML11171A425); Tier 1 2.2.5-1 (ML11171A310)
VES-MY-F03,MCR Air Filtration Line Postfilter,VES,Main Control Room Emergency Habitability System,Auxiliary Building,Auxiliary Building,Note 1,I,ASME AG-1,,True,True,2.2.5-1,No,Yes,-,-,-,-,-,,,-,,DCD Tier 2 Table 3.2-3 (ML11171A425); Tier 1 2.2.5-1 (ML11171A310)
VES-MD-D001A,MCR Gravity Relief Dampers,VES,Main Control Room Emergency Habitability System,Auxiliary Building,Auxiliary Building,Note 1,I,ASME AG-1,,True,True,2.2.5-1,No,Yes,-,-,-,-,-,,,-,,DCD Tier 2 Table 3.2-3 (ML11171A425); Tier 1 2.2.5-1 (ML11171A310)
VES-MD-D001B,MCR Gravity Relief Dampers,VES,Main Control Room Emergency Habitability System,Auxiliary Building,Auxiliary Building,Note 1,I,ASME AG-1,,True,True,2.2.5-1,No,Yes,-,-,-,-,-,,,-,,DCD Tier 2 Table 3.2-3 (ML11171A425); Tier 1 2.2.5-1 (ML11171A310)
VES-MD-D002,MCR Air Filtration Line Supply Damper,VES,Main Control Room Emergency Habitability System,Auxiliary Building,Auxiliary Building,Note 1,I,ASME AG-1 Section DA,,True,True,2.2.5-1,No,Yes,-,-,-,-,-,,,-,,DCD Tier 2 Table 3.2-3 (ML11171A425); Tier 1 2.2.5-1 (ML11171A310)
VES-MD-D003,MCR Air Filtration Line Supply Damper,VES,Main Control Room Emergency Habitability System,Auxiliary Building,Auxiliary Building,Note 1,I,ASME AG-1 Section DA,,True,True,2.2.5-1,No,Yes,-,-,-,-,-,,,-,,DCD Tier 2 Table 3.2-3 (ML11171A425); Tier 1 2.2.5-1 (ML11171A310)
VES-MY-Y01,MCR Air Filtration Line Silencer,VES,Main Control Room Emergency Habitability System,Auxiliary Building,Auxiliary Building,Note 1,I,ASME AG-1 Section SA,,True,True,2.2.5-1,No,Yes,-,-,-,-,-,,,-,,DCD Tier 2 Table 3.2-3 (ML11171A425); Tier 1 2.2.5-1 (ML11171A310)
VES-MY-Y02,MCR Air Filtration Line Silencer,VES,Main Control Room Emergency Habitability System,Auxiliary Building,Auxiliary Building,Note 1,I,ASME AG-1 Section SA,,True,True,2.2.5-1,No,Yes,-,-,-,-,-,,,-,,DCD Tier 2 Table 3.2-3 (ML11171A425); Tier 1 2.2.5-1 (ML11171A310)
VFS-PY-C01,Containment Supply Duct Penetration,VFS,Containment Air Filtration System,Auxiliary Building and Annex Building,Auxiliary Building; Annex Building,B,I,"ASME III, 2",,True,False,,,,,,,,,,,,,DCD Tier 2 Table 3.2-3 (ML11171A425)
VFS-PY-C02,Containment Exhaust Duct Penetration,VFS,Containment Air Filtration System,Auxiliary Building and Annex Building,Auxiliary Building; Annex Building,B,I,"ASME III, 2",,True,False,,,,,,,,,,,,,DCD Tier 2 Table 3.2-3 (ML11171A425)
VFS-MY-Y01,Containment Air Supply Debris Screen,VFS,Containment Air Filtration System,Auxiliary Building and Annex Building,Auxiliary Building; Annex Building,C,I,ASME Sec. III Class 3,,True,False,,,,,,,,,,,,,DCD Tier 2 Table 3.2-3 (ML11171A425)
VFS-MY-Y02,Containment Air Exhaust Debris Screen,VFS,Containment Air Filtration System,Auxiliary Building and Annex Building,Auxiliary Building; Annex Building,C,I,ASME Sec. III Class 3,,True,False,,,,,,,,,,,,,DCD Tier 2 Table 3.2-3 (ML11171A425)
VFS-PL-V003,Containment Purge Supply Containment Isolation Valve,VFS,Containment Air Filtration System,Auxiliary Building and Annex Building,Auxiliary Building; Annex Building,B,I,ASME III-2,,True,False,,,,,,,,,,,,,DCD Tier 2 Table 3.2-3 (ML11171A425)
VFS-PL-V004,Containment Purge Supply Containment Isolation Valve,VFS,Containment Air Filtration System,Auxiliary Building and Annex Building,Auxiliary Building; Annex Building,B,I,ASME III-2,,True,False,,,,,,,,,,,,,DCD Tier 2 Table 3.2-3 (ML11171A425)
VFS-PL-V008,Containment Isolation Test Connection,VFS,Containment Air Filtration System,Auxiliary Building and Annex Building,Auxiliary Building; Annex Building,B,I,ASME III-2,,True,False,,,,,,,,,,,,,DCD Tier 2 Table 3.2-3 (ML11171A425)
VFS-PL-V009,Containment Purge Discharge Containment Isolation Valve,VFS,Containment Air Filtration System,Auxiliary Building and Annex Building,Auxiliary Building; Annex Building,B,I,ASME III-2,,True,False,,,,,,,,,,,,,DCD Tier 2 Table 3.2-3 (ML11171A425)
VFS-PL-V010,Containment Purge Discharge Containment Isolation Valve,VFS,Containment Air Filtration System,Auxiliary Building and Annex Building,Auxiliary Building; Annex Building,B,I,ASME III-2,,True,False,,,,,,,,,,,,,DCD Tier 2 Table 3.2-3 (ML11171A425)
VFS-PL-V012,Containment Isolation Test Connection,VFS,Containment Air Filtration System,Auxiliary Building and Annex Building,Auxiliary Building; Annex Building,B,I,ASME III-2,,True,False,,,,,,,,,,,,,DCD Tier 2 Table 3.2-3 (ML11171A425)
VFS-PL-V015,Containment Isolation Test Connection,VFS,Containment Air Filtration System,Auxiliary Building and Annex Building,Auxiliary Building; Annex Building,B,I,ASME III-2,,True,False,,,,,,,,,,,,,DCD Tier 2 Table 3.2-3 (ML11171A425)
VFS-PL-V800A,Vacuum Relief Containment Isolation A – ORC,VFS,Containment Air Filtration System,Auxiliary Building and Annex Building,Auxiliary Building; Annex Building,B,I,ASME III-2,,True,False,,,,,,,,,,,,,DCD Tier 2 Table 3.2-3 (ML11171A425)
VFS-PL-V800B,Vacuum Relief Containment Isolation B – ORC,VFS,Containment Air Filtration System,Auxiliary Building and Annex Building,Auxiliary Building; Annex Building,B,I,ASME III-2,,True,False,,,,,,,,,,,,,DCD Tier 2 Table 3.2-3 (ML11171A425)
VFS-PL-V803A,Vacuum Relief Containment Isolation Check Valve A – IRC,VFS,Containment Air Filtration System,Auxiliary Building and Annex Building,Auxiliary Building; Annex Building,B,I,ASME III-2,,True,False,,,,,,,,,,,,,DCD Tier 2 Table 3.2-3 (ML11171A425)
VFS-PL-V803B,Vacuum Relief Containment Isolation Check Valve B – IRC,VFS,Containment Air Filtration System,Auxiliary Building and Annex Building,Auxiliary Building; Annex Building,B,I,ASME III-2,,True,False,,,,,,,,,,,,,DCD Tier 2 Table 3.2-3 (ML11171A425)
n/a,Valves Providing VFS AP1000 Equipment Class D Function,VFS,Containment Air Filtration System,Auxiliary Building and Annex Building,Auxiliary Building; Annex Building,D,NS,ANSI 16.34,,True,False,,,,,,,,,,,,,DCD Tier 2 Table 3.2-3 (ML11171A425)
n/a,Dampers in lines isolating radioactive contamination,VFS,Containment Air Filtration System,Auxiliary Building and Annex Building,Auxiliary Building; Annex Building,R,NS,ASME-509,,True,False,,,,,,,,,,,,,DCD Tier 2 Table 3.2-3 (ML11171A425)
n/a,"Shutoff, Isolation, and Balancing Dampers",VFS,Containment Air Filtration System,Auxiliary Building and Annex Building,Auxiliary Building; Annex Building,L,NS,ANSI/AMCA- 500,,True,False,,,,,,,,,,,,,DCD Tier 2 Table 3.2-3 (ML11171A425)
n/a,Fire Dampers,VFS,Containment Air Filtration System,Auxiliary Building and Annex Building,Auxiliary Building; Annex Building,Note 3,NS,UL-555,,True,False,,,,,,,,,,,,,DCD Tier 2 Table 3.2-3 (ML11171A425)
n/a,Supply Air Handling Units,VFS,Containment Air Filtration System,Auxiliary Building and Annex Building,Auxiliary Building; Annex Building,L,NS,Manufacturer Std.,,True,False,,,,,,,,,,,,,DCD Tier 2 Table 3.2-3 (ML11171A425)
n/a,Air Exhaust Filtration Units,VFS,Containment Air Filtration System,Auxiliary Building and Annex Building,Auxiliary Building; Annex Building,R,NS,"ASME AG-1, Note 4",,True,False,,,,,,,,,,,,,DCD Tier 2 Table 3.2-3 (ML11171A425)
n/a,"Fans, Ductwork",VFS,Containment Air Filtration System,Auxiliary Building and Annex Building,Auxiliary Building; Annex Building,L or R,NS,"SMACNA or ASME AG-1, Note 4",,True,False,,,,,,,,,,,,,DCD Tier 2 Table 3.2-3 (ML11171A425)
n/a,"Shutoff, Isolation, and Balancing Dampers",VHS,Health Physics and Hot Machine Shop HVAC System,Annex Building,Annex Building,L,NS,ANSI/AMCA- 500,,True,False,,,,,,,,,,,,,DCD Tier 2 Table 3.2-3 (ML11171A425)
n/a,Fire Dampers,VHS,Health Physics and Hot Machine Shop HVAC System,Annex Building,Annex Building,Note 3,NS,UL-555,,True,False,,,,,,,,,,,,,DCD Tier 2 Table 3.2-3 (ML11171A425)
n/a,Air Handling Units w/ Filters,VHS,Health Physics and Hot Machine Shop HVAC System,Annex Building,Annex Building,L,NS,Manufacturer Std.,,True,False,,,,,,,,,,,,,DCD Tier 2 Table 3.2-3 (ML11171A425)
n/a,"Fans, Ductwork",VHS,Health Physics and Hot Machine Shop HVAC System,Annex Building,Annex Building,L,NS,SMACNA,,True,False,,,,,,,,,,,,,DCD Tier 2 Table 3.2-3 (ML11171A425)
n/a,Hydrogen Igniters,VLS,Containment Hydrogen Control System,Containment,Containment,D,NS,Manufacturer Std.,Provides Hydrogen Control Following Severe Accidents,True,False,,,,,,,,,,,,,DCD Tier 2 Table 3.2-3 (ML11171A425)
VLS-MY-E01A,Catalytic Hydrogen Recombiner A,VLS,Containment Hydrogen Control System,Containment,Containment,D,NS,Manufacturer Std.,,True,False,,,,,,,,,,,,,DCD Tier 2 Table 3.2-3 (ML11171A425)
VLS-MY-E01B,Catalytic Hydrogen Recombiner B,VLS,Containment Hydrogen Control System,Containment,Containment,D,NS,Manufacturer Std.,,True,False,,,,,,,,,,,,,DCD Tier 2 Table 3.2-3 (ML11171A425)
n/a,"Shutoff, Isolation, and Balancing Dampers",VRS,Radwaste Building Ventilation System,Radwaste Building,Radwaste Building,L,NS,ANSI/AMCA- 500,,True,False,,,,,,,,,,,,,DCD Tier 2 Table 3.2-3 (ML11171A425)
n/a,Fire Damper,VRS,Radwaste Building Ventilation System,Radwaste Building,Radwaste Building,Note 3,NS,UL-555,,True,False,,,,,,,,,,,,,DCD Tier 2 Table 3.2-3 (ML11171A425)
n/a,Air Handling Units,VRS,Radwaste Building Ventilation System,Radwaste Building,Radwaste Building,L,NS,Manufacturer Std.,,True,False,,,,,,,,,,,,,DCD Tier 2 Table 3.2-3 (ML11171A425)
n/a,Filters,VRS,Radwaste Building Ventilation System,Radwaste Building,Radwaste Building,L,NS,UL 900,,True,False,,,,,,,,,,,,,DCD Tier 2 Table 3.2-3 (ML11171A425)
n/a,"Fans, Ductwork",VRS,Radwaste Building Ventilation System,Radwaste Building,Radwaste Building,L,NS,SMACNA,,True,False,,,,,,,,,,,,,DCD Tier 2 Table 3.2-3 (ML11171A425)
n/a,"Shutoff, Isolation, and Balancing Dampers",VTS,Turbine Building Ventilation System,Turbine Building,Turbine Building,L,NS,ANSI/AMCA- 500,,True,False,,,,,,,,,,,,,DCD Tier 2 Table 3.2-3 (ML11171A425)
n/a,Fire Dampers,VTS,Turbine Building Ventilation System,Turbine Building,Turbine Building,Note 3,NS,UL-555,,True,False,,,,,,,,,,,,,DCD Tier 2 Table 3.2-3 (ML11171A425)
n/a,Air Handling Units w/ Filters,VTS,Turbine Building Ventilation System,Turbine Building,Turbine Building,L,NS,"Manufacturer Std., UL-900",,True,False,,,,,,,,,,,,,DCD Tier 2 Table 3.2-3 (ML11171A425)
n/a,"Fans, Ductwork",VTS,Turbine Building Ventilation System,Turbine Building,Turbine Building,L,NS,SMACNA,,True,False,,,,,,,,,,,,,DCD Tier 2 Table 3.2-3 (ML11171A425)
VUS-PL-V015,Main Equipment Hatch Test Connection,VUS,Containment Leak Rate Test System,Auxiliary Building,Auxiliary Building,B,I,ASME III-2,,True,False,,,,,,,,,,,,,DCD Tier 2 Table 3.2-3 (ML11171A425)
VUS-PL-V016,Maintenance Equipment Hatch Test Connection,VUS,Containment Leak Rate Test System,Auxiliary Building,Auxiliary Building,B,I,ASME III-2,,True,False,,,,,,,,,,,,,DCD Tier 2 Table 3.2-3 (ML11171A425)
VUS-PL-V017,Personnel Hatch Test Connection,VUS,Containment Leak Rate Test System,Auxiliary Building,Auxiliary Building,B,I,ASME III-2,,True,False,,,,,,,,,,,,,DCD Tier 2 Table 3.2-3 (ML11171A425)
VUS-PL-V018,Personnel Hatch Test Connection,VUS,Containment Leak Rate Test System,Auxiliary Building,Auxiliary Building,B,I,ASME III-2,,True,False,,,,,,,,,,,,,DCD Tier 2 Table 3.2-3 (ML11171A425)
VUS-PL-V019,Personnel Hatch Test Connection,VUS,Containment Leak Rate Test System,Auxiliary Building,Auxiliary Building,B,I,ASME III-2,,True,False,,,,,,,,,,,,,DCD Tier 2 Table 3.2-3 (ML11171A425)
VUS-PL-V020,Personnel Hatch Test Connection,VUS,Containment Leak Rate Test System,Auxiliary Building,Auxiliary Building,B,I,ASME III-2,,True,False,,,,,,,,,,,,,DCD Tier 2 Table 3.2-3 (ML11171A425)
VUS-PL-V021,Personnel Hatch Test Connection,VUS,Containment Leak Rate Test System,Auxiliary Building,Auxiliary Building,B,I,ASME III-2,,True,False,,,,,,,,,,,,,DCD Tier 2 Table 3.2-3 (ML11171A425)
VUS-PL-V022,Personnel Hatch Test Connection,VUS,Containment Leak Rate Test System,Auxiliary Building,Auxiliary Building,B,I,ASME III-2,,True,False,,,,,,,,,,,,,DCD Tier 2 Table 3.2-3 (ML11171A425)
VUS-PL-V023,Fuel Transfer Tube Test Connection,VUS,Containment Leak Rate Test System,Auxiliary Building,Auxiliary Building,B,I,ASME III-2,,True,False,,,,,,,,,,,,,DCD Tier 2 Table 3.2-3 (ML11171A425)
VUS-PL-V101,Electrical Penetration Test Isolation Valve,VUS,Containment Leak Rate Test System,Auxiliary Building,Auxiliary Building,B,I,ASME III-2,,True,False,,,,,,,,,,,,,DCD Tier 2 Table 3.2-3 (ML11171A425)
VUS-PL-V102,Electrical Penetration Test Isolation Valve,VUS,Containment Leak Rate Test System,Auxiliary Building,Auxiliary Building,B,I,ASME III-2,,True,False,,,,,,,,,,,,,DCD Tier 2 Table 3.2-3 (ML11171A425)
VUS-PL-V103,Electrical Penetration Test Isolation Valve,VUS,Containment Leak Rate Test System,Auxiliary Building,Auxiliary Building,B,I,ASME III-2,,True,False,,,,,,,,,,,,,DCD Tier 2 Table 3.2-3 (ML11171A425)
VUS-PL-V104,Electrical Penetration Test Isolation Valve,VUS,Containment Leak Rate Test System,Auxiliary Building,Auxiliary Building,B,I,ASME III-2,,True,False,,,,,,,,,,,,,DCD Tier 2 Table 3.2-3 (ML11171A425)
VUS-PL-V109,Electrical Penetration Test Isolation Valve,VUS,Containment Leak Rate Test System,Auxiliary Building,Auxiliary Building,B,I,ASME III-2,,True,False,,,,,,,,,,,,,DCD Tier 2 Table 3.2-3 (ML11171A425)
VUS-PL-V110,Electrical Penetration Test Isolation Valve,VUS,Containment Leak Rate Test System,Auxiliary Building,Auxiliary Building,B,I,ASME III-2,,True,False,,,,,,,,,,,,,DCD Tier 2 Table 3.2-3 (ML11171A425)
VUS-PL-V111,Electrical Penetration Test Isolation Valve,VUS,Containment Leak Rate Test System,Auxiliary Building,Auxiliary Building,B,I,ASME III-2,,True,False,,,,,,,,,,,,,DCD Tier 2 Table 3.2-3 (ML11171A425)
VUS-PL-V112,Electrical Penetration Test Isolation Valve,VUS,Containment Leak Rate Test System,Auxiliary Building,Auxiliary Building,B,I,ASME III-2,,True,False,,,,,,,,,,,,,DCD Tier 2 Table 3.2-3 (ML11171A425)
VUS-PL-V113,Electrical Penetration Test Isolation Valve,VUS,Containment Leak Rate Test System,Auxiliary Building,Auxiliary Building,B,I,ASME III-2,,True,False,,,,,,,,,,,,,DCD Tier 2 Table 3.2-3 (ML11171A425)
VUS-PL-V114,Electrical Penetration Test Isolation Valve,VUS,Containment Leak Rate Test System,Auxiliary Building,Auxiliary Building,B,I,ASME III-2,,True,False,,,,,,,,,,,,,DCD Tier 2 Table 3.2-3 (ML11171A425)
VUS-PL-V115,Electrical Penetration Test Isolation Valve,VUS,Containment Leak Rate Test System,Auxiliary Building,Auxiliary Building,B,I,ASME III-2,,True,False,,,,,,,,,,,,,DCD Tier 2 Table 3.2-3 (ML11171A425)
VUS-PL-V116,Electrical Penetration Test Isolation Valve,VUS,Containment Leak Rate Test System,Auxiliary Building,Auxiliary Building,B,I,ASME III-2,,True,False,,,,,,,,,,,,,DCD Tier 2 Table 3.2-3 (ML11171A425)
VUS-PL-V117,Electrical Penetration Test Isolation Valve,VUS,Containment Leak Rate Test System,Auxiliary Building,Auxiliary Building,B,I,ASME III-2,,True,False,,,,,,,,,,,,,DCD Tier 2 Table 3.2-3 (ML11171A425)
VUS-PL-V118,Electrical Penetration Test Isolation Valve,VUS,Containment Leak Rate Test System,Auxiliary Building,Auxiliary Building,B,I,ASME III-2,,True,False,,,,,,,,,,,,,DCD Tier 2 Table 3.2-3 (ML11171A425)
VUS-PL-V119,Electrical Penetration Test Isolation Valve,VUS,Containment Leak Rate Test System,Auxiliary Building,Auxiliary Building,B,I,ASME III-2,,True,False,,,,,,,,,,,,,DCD Tier 2 Table 3.2-3 (ML11171A425)
VUS-PL-V120,Electrical Penetration Test Isolation Valve,VUS,Containment Leak Rate Test System,Auxiliary Building,Auxiliary Building,B,I,ASME III-2,,True,False,,,,,,,,,,,,,DCD Tier 2 Table 3.2-3 (ML11171A425)
VUS-PL-V121,Electrical Penetration Test Isolation Valve,VUS,Containment Leak Rate Test System,Auxiliary Building,Auxiliary Building,B,I,ASME III-2,,True,False,,,,,,,,,,,,,DCD Tier 2 Table 3.2-3 (ML11171A425)
VUS-PL-V122,Electrical Penetration Test Isolation Valve,VUS,Containment Leak Rate Test System,Auxiliary Building,Auxiliary Building,B,I,ASME III-2,,True,False,,,,,,,,,,,,,DCD Tier 2 Table 3.2-3 (ML11171A425)
VUS-PL-V123,Electrical Penetration Test Isolation Valve,VUS,Containment Leak Rate Test System,Auxiliary Building,Auxiliary Building,B,I,ASME III-2,,True,False,,,,,,,,,,,,,DCD Tier 2 Table 3.2-3 (ML11171A425)
VUS-PL-V124,Electrical Penetration Test Isolation Valve,VUS,Containment Leak Rate Test System,Auxiliary Building,Auxiliary Building,B,I,ASME III-2,,True,False,,,,,,,,,,,,,DCD Tier 2 Table 3.2-3 (ML11171A425)
VUS-PL-V125,Electrical Penetration Test Isolation Valve,VUS,Containment Leak Rate Test System,Auxiliary Building,Auxiliary Building,B,I,ASME III-2,,True,False,,,,,,,,,,,,,DCD Tier 2 Table 3.2-3 (ML11171A425)
VUS-PL-V140,Spare Penetration Test Connection,VUS,Containment Leak Rate Test System,Auxiliary Building,Auxiliary Building,B,I,ASME III-2,,True,False,,,,,,,,,,,,,DCD Tier 2 Table 3.2-3 (ML11171A425)
VUS-PL-V141,Spare Penetration Test Connection,VUS,Containment Leak Rate Test System,Auxiliary Building,Auxiliary Building,B,I,ASME III-2,,True,False,,,,,,,,,,,,,DCD Tier 2 Table 3.2-3 (ML11171A425)
VUS-PL-V142,Spare Penetration Test Connection,VUS,Containment Leak Rate Test System,Auxiliary Building,Auxiliary Building,B,I,ASME III-2,,True,False,,,,,,,,,,,,,DCD Tier 2 Table 3.2-3 (ML11171A425)
n/a,Air Cooled Chiller,VWS,Central Chilled Water System,Various,Various,D,NS,Manufacturer Std.,,True,False,,,,,,,,,,,,,DCD Tier 2 Table 3.2-3 (ML11171A425)
n/a,Pumps,VWS,Central Chilled Water System,Various,Various,D,NS,Manufacturer Std.,,True,False,,,,,,,,,,,,,DCD Tier 2 Table 3.2-3 (ML11171A425)
n/a,Tanks,VWS,Central Chilled Water System,Various,Various,D,NS,ASME VIII,,True,False,,,,,,,,,,,,,DCD Tier 2 Table 3.2-3 (ML11171A425)
n/a,Valves Providing VWS AP1000 Equipment Class D Function,VWS,Central Chilled Water System,Various,Various,D,NS,ANSI 16.34,,True,False,,,,,,,,,,,,,DCD Tier 2 Table 3.2-3 (ML11171A425)
VWS-PY-C01,Containment Chilled Water Supply Penetration,VWS,Central Chilled Water System,Various,Various,B,I,"ASME III, 2",,True,False,,,,,,,,,,,,,DCD Tier 2 Table 3.2-3 (ML11171A425)
VWS-PY-C02,Containment Chilled Water Return Penetration,VWS,Central Chilled Water System,Various,Various,B,I,"ASME III, 2",,True,False,,,,,,,,,,,,,DCD Tier 2 Table 3.2-3 (ML11171A425)
VWS-PL-V058,Fan Coolers Supply Containment Isolation,VWS,Central Chilled Water System,Various,Various,B,I,ASME III-2,,True,False,,,,,,,,,,,,,DCD Tier 2 Table 3.2-3 (ML11171A425)
VWS-PL-V062,Fan Coolers Supply Containment Isolation,VWS,Central Chilled Water System,Various,Various,B,I,ASME III-2,,True,False,,,,,,,,,,,,,DCD Tier 2 Table 3.2-3 (ML11171A425)
VWS-PL-V080,VWS Containment Isolation Relief Valve,VWS,Central Chilled Water System,Various,Various,B,I,ASME III-2,,True,False,,,,,,,,,,,,,DCD Tier 2 Table 3.2-3 (ML11171A425)
VWS-PL-V082,Fan Coolers Return Containment Isolation,VWS,Central Chilled Water System,Various,Various,B,I,ASME III-2,,True,False,,,,,,,,,,,,,DCD Tier 2 Table 3.2-3 (ML11171A425)
VWS-PL-V086,Fan Coolers Return Containment Isolation,VWS,Central Chilled Water System,Various,Various,B,I,ASME III-2,,True,False,,,,,,,,,,,,,DCD Tier 2 Table 3.2-3 (ML11171A425)
VWS-PL-V424,Containment Penetration Test Connection,VWS,Central Chilled Water System,Various,Various,B,I,ASME III-2,,True,False,,,,,,,,,,,,,DCD Tier 2 Table 3.2-3 (ML11171A425)
VWS-PL-V425,Containment Penetration Test Connection,VWS,Central Chilled Water System,Various,Various,B,I,ASME III-2,,True,False,,,,,,,,,,,,,DCD Tier 2 Table 3.2-3 (ML11171A425)
n/a,Air Handling Unit Fans Providing AP1000 Equipment Class D Function,VXS,Annex/Auxiliary Nonradioactive Ventilation System,Auxiliary Building and Annex Building,Auxiliary Building; Annex Building,Note 2,NS,AMCA,,True,False,,,,,,,,,,,,,DCD Tier 2 Table 3.2-3 (ML11171A425)
n/a,Dampers Providing VXS AP1000 Equipment Class D Function,VXS,Annex/Auxiliary Nonradioactive Ventilation System,Auxiliary Building and Annex Building,Auxiliary Building; Annex Building,Note 2,NS,ANSI/AMCA-500,,True,False,,,,,,,,,,,,,DCD Tier 2 Table 3.2-3 (ML11171A425)
n/a,Exhaust Fan Providing Ancillary Diesel Room Ventilation,VXS,Annex/Auxiliary Nonradioactive Ventilation System,Auxiliary Building and Annex Building,Auxiliary Building; Annex Building,Note 2,NS,AMCA,,True,False,,,,,,,,,,,,,DCD Tier 2 Table 3.2-3 (ML11171A425)
n/a,Fire Dampers,VXS,Annex/Auxiliary Nonradioactive Ventilation System,Auxiliary Building and Annex Building,Auxiliary Building; Annex Building,Note 3,NS,UL-555 or UL-555S,,True,False,,,,,,,,,,,,,DCD Tier 2 Table 3.2-3 (ML11171A425)
n/a,Air Handling Units,VXS,Annex/Auxiliary Nonradioactive Ventilation System,Auxiliary Building and Annex Building,Auxiliary Building; Annex Building,L,NS,Manufacturer Std.,,True,False,,,,,,,,,,,,,DCD Tier 2 Table 3.2-3 (ML11171A425)
n/a,Filters,VXS,Annex/Auxiliary Nonradioactive Ventilation System,Auxiliary Building and Annex Building,Auxiliary Building; Annex Building,L,NS,UL 900,,True,False,,,,,,,,,,,,,DCD Tier 2 Table 3.2-3 (ML11171A425)
n/a,"Fans, Ductwork",VXS,Annex/Auxiliary Nonradioactive Ventilation System,Auxiliary Building and Annex Building,Auxiliary Building; Annex Building,L,NS,SMACNA,,True,False,,,,,,,,,,,,,DCD Tier 2 Table 3.2-3 (ML11171A425)
n/a,Unit Heaters Providing AP1000 Equipment Class D Function,VZS,Diesel Generator Building Ventilation System,Diesel Generator Building,Diesel Generator Building,Note 2,NS,UL-1025; NFPA 70,,True,False,,,,,,,,,,,,,DCD Tier 2 Table 3.2-3 (ML11171A425)
n/a,Fans Providing AP1000 Equipment Class D Function,VZS,Diesel Generator Building Ventilation System,Diesel Generator Building,Diesel Generator Building,Note 2,NS,AMCA,,True,False,,,,,,,,,,,,,DCD Tier 2 Table 3.2-3 (ML11171A425)
n/a,Dampers Providing VZS AP1000 Equipment Class D Function,VZS,Diesel Generator Building Ventilation System,Diesel Generator Building,Diesel Generator Building,Note 2,NS,AMCA,,True,False,,,,,,,,,,,,,DCD Tier 2 Table 3.2-3 (ML11171A425)
n/a,Fire Dampers,VZS,Diesel Generator Building Ventilation System,Diesel Generator Building,Diesel Generator Building,Note 3,NS,UL-555,,True,False,,,,,,,,,,,,,DCD Tier 2 Table 3.2-3 (ML11171A425)
n/a,Air Handling Units,VZS,Diesel Generator Building Ventilation System,Diesel Generator Building,Diesel Generator Building,L,NS,Manufacturer Std.,,True,False,,,,,,,,,,,,,DCD Tier 2 Table 3.2-3 (ML11171A425)
n/a,Filters,VZS,Diesel Generator Building Ventilation System,Diesel Generator Building,Diesel Generator Building,L,NS,UL 900,,True,False,,,,,,,,,,,,,DCD Tier 2 Table 3.2-3 (ML11171A425)
n/a,"Fans, Ductwork",VZS,Diesel Generator Building Ventilation System,Diesel Generator Building,Diesel Generator Building,L,NS,SMACNA,,True,False,,,,,,,,,,,,,DCD Tier 2 Table 3.2-3 (ML11171A425)
n/a,Gas Cooler,WGS,Gaseous Radwaste System,Auxiliary Building,Auxiliary Building,D,NS,ASME VIII/TEMA,,True,False,,,,,,,,,,,,,DCD Tier 2 Table 3.2-3 (ML11171A425)
n/a,Sample Pumps,WGS,Gaseous Radwaste System,Auxiliary Building,Auxiliary Building,D,NS,Manufacturer Std.,,True,False,,,,,,,,,,,,,DCD Tier 2 Table 3.2-3 (ML11171A425)
n/a,Guard and Delay Beds,WGS,Gaseous Radwaste System,Auxiliary Building,Auxiliary Building,D,NS,ASME VIII,Design for 1/2 SSE,True,False,,,,,,,,,,,,,DCD Tier 2 Table 3.2-3 (ML11171A425)
n/a,Moisture Separator,WGS,Gaseous Radwaste System,Auxiliary Building,Auxiliary Building,D,NS,ASME VIII,,True,False,,,,,,,,,,,,,DCD Tier 2 Table 3.2-3 (ML11171A425)
n/a,Valves Providing WGS AP1000 Equipment Class D Function,WGS,Gaseous Radwaste System,Auxiliary Building,Auxiliary Building,D,NS,ANSI 16.34,,True,False,,,,,,,,,,,,,DCD Tier 2 Table 3.2-3 (ML11171A425)
n/a,"Heat Exchangers, WLS and CCS Side",WLS,Liquid Radwaste System,"Containment, Auxiliary, and Radwaste Buildings",Containment; Auxiliary Building; Radwaste Building,D,NS,ASME VIII/ TEMA,,True,False,,,,,,,,,,,,,DCD Tier 2 Table 3.2-3 (ML11171A425)
n/a,Pumps,WLS,Liquid Radwaste System,"Containment, Auxiliary, and Radwaste Buildings",Containment; Auxiliary Building; Radwaste Building,D,NS,Manufacturer Std.,,True,False,,,,,,,,,,,,,DCD Tier 2 Table 3.2-3 (ML11171A425)
n/a,Tanks,WLS,Liquid Radwaste System,"Containment, Auxiliary, and Radwaste Buildings",Containment; Auxiliary Building; Radwaste Building,D,NS,ASME III without Code Stamp,,True,False,,,,,,,,,,,,,DCD Tier 2 Table 3.2-3 (ML11171A425)
n/a,Degasifier,WLS,Liquid Radwaste System,"Containment, Auxiliary, and Radwaste Buildings",Containment; Auxiliary Building; Radwaste Building,D,NS,ASME VIII,,True,False,,,,,,,,,,,,,DCD Tier 2 Table 3.2-3 (ML11171A425)
n/a,Ion Exchangers,WLS,Liquid Radwaste System,"Containment, Auxiliary, and Radwaste Buildings",Containment; Auxiliary Building; Radwaste Building,D,NS,ASME VIII,,True,False,,,,,,,,,,,,,DCD Tier 2 Table 3.2-3 (ML11171A425)
n/a,Filters,WLS,Liquid Radwaste System,"Containment, Auxiliary, and Radwaste Buildings",Containment; Auxiliary Building; Radwaste Building,D,NS,ASME VIII,,True,False,,,,,,,,,,,,,DCD Tier 2 Table 3.2-3 (ML11171A425)
n/a,Valves Providing WLS AP1000 Equipment Class D Function (local drain valves in Radwaste Building),WLS,Liquid Radwaste System,"Containment, Auxiliary, and Radwaste Buildings",Containment; Auxiliary Building; Radwaste Building,D,NS,ANSI 16.34,,True,False,,,,,,,,,,,,,DCD Tier 2 Table 3.2-3 (ML11171A425)
WLS-PL-V055,Sump Discharge Containment Isolation IRC,WLS,Liquid Radwaste System,"Containment, Auxiliary, and Radwaste Buildings",Containment; Auxiliary Building; Radwaste Building,B,I,ASME III-2,,True,False,,,,,,,,,,,,,DCD Tier 2 Table 3.2-3 (ML11171A425)
WLS-PL-V057,Sump Discharge Containment Isolation ORC,WLS,Liquid Radwaste System,"Containment, Auxiliary, and Radwaste Buildings",Containment; Auxiliary Building; Radwaste Building,B,I,ASME III-2,,True,False,,,,,,,,,,,,,DCD Tier 2 Table 3.2-3 (ML11171A425)
WLS-PL-V058,WLS Containment Isolation Relief Valve,WLS,Liquid Radwaste System,"Containment, Auxiliary, and Radwaste Buildings",Containment; Auxiliary Building; Radwaste Building,B,I,ASME III-2,,True,False,,,,,,,,,,,,,DCD Tier 2 Table 3.2-3 (ML11171A425)
WLS-PL-V067,RCDT Gas Outlet Containment Isolation IRC,WLS,Liquid Radwaste System,"Containment, Auxiliary, and Radwaste Buildings",Containment; Auxiliary Building; Radwaste Building,B,I,ASME III-2,,True,False,,,,,,,,,,,,,DCD Tier 2 Table 3.2-3 (ML11171A425)
WLS-PL-V068,RCDT Gas Outlet Containment Isolation ORC,WLS,Liquid Radwaste System,"Containment, Auxiliary, and Radwaste Buildings",Containment; Auxiliary Building; Radwaste Building,B,I,ASME III-2,,True,False,,,,,,,,,,,,,DCD Tier 2 Table 3.2-3 (ML11171A425)
WLS-PL-V071A,CVS Compartment to Sump,WLS,Liquid Radwaste System,"Containment, Auxiliary, and Radwaste Buildings",Containment; Auxiliary Building; Radwaste Building,C,I,ASME III-3,,True,True,2.3.10-1,Yes,Yes,-/-,No,Transfer Closed,No,,,,,,DCD Tier 2 Table 3.2-3 (ML11171A425); Tier 1 2.3.10-1 (ML11171A311)
WLS-PL-V071B,PXS A Compartment to Sump,WLS,Liquid Radwaste System,"Containment, Auxiliary, and Radwaste Buildings",Containment; Auxiliary Building; Radwaste Building,C,I,ASME III-3,,True,True,2.3.10-1,Yes,Yes,-/-,No,Transfer Closed,No,,,,,,DCD Tier 2 Table 3.2-3 (ML11171A425); Tier 1 2.3.10-1 (ML11171A311)
WLS-PL-V071C,PXS B Compartment to Sump,WLS,Liquid Radwaste System,"Containment, Auxiliary, and Radwaste Buildings",Containment; Auxiliary Building; Radwaste Building,C,I,ASME III-3,,True,True,2.3.10-1,Yes,Yes,-/-,No,Transfer Closed,No,,,,,,DCD Tier 2 Table 3.2-3 (ML11171A425); Tier 1 2.3.10-1 (ML11171A311)
WLS-PL-V072A,CVS Compartment to Sump,WLS,Liquid Radwaste System,"Containment, Auxiliary, and Radwaste Buildings",Containment; Auxiliary Building; Radwaste Building,C,I,ASME III-3,,True,True,2.3.10-1,Yes,Yes,-/-,No,Transfer Closed,No,,,,,,DCD Tier 2 Table 3.2-3 (ML11171A425); Tier 1 2.3.10-1 (ML11171A311)
WLS-PL-V072B,PXS A Compartment to Sump,WLS,Liquid Radwaste System,"Containment, Auxiliary, and Radwaste Buildings",Containment; Auxiliary Building; Radwaste Building,C,I,ASME III-3,,True,True,2.3.10-1,Yes,Yes,-/-,No,Transfer Closed,No,,,,,,DCD Tier 2 Table 3.2-3 (ML11171A425); Tier 1 2.3.10-1 (ML11171A311)
WLS-PL-V072C,PXS B Compartment to Sump,WLS,Liquid Radwaste System,"Containment, Auxiliary, and Radwaste Buildings",Containment; Auxiliary Building; Radwaste Building,C,I,ASME III-3,,True,True,2.3.10-1,Yes,Yes,-/-,No,Transfer Closed,No,,,,,,DCD Tier 2 Table 3.2-3 (ML11171A425); Tier 1 2.3.10-1 (ML11171A311)
WLS-PY-C02,Reactor Coolant Drain Tank WLS Connection Penetration,WLS,Liquid Radwaste System,"Containment, Auxiliary, and Radwaste Buildings",Containment; Auxiliary Building; Radwaste Building,B,I,"ASME III, 2",,True,False,,,,,,,,,,,,,DCD Tier 2 Table 3.2-3 (ML11171A425)
WLS-PY-C03,Containment Sump Pumps Combined Discharge Penetration,WLS,Liquid Radwaste System,"Containment, Auxiliary, and Radwaste Buildings",Containment; Auxiliary Building; Radwaste Building,B,I,"ASME III, 2",,True,False,,,,,,,,,,,,,DCD Tier 2 Table 3.2-3 (ML11171A425)
n/a,Pumps,WRS,Radioactive Waste Drain System,Auxiliary Building,Auxiliary Building,D,NS,Manufacturer Std.,,True,False,,,,,,,,,,,,,DCD Tier 2 Table 3.2-3 (ML11171A425)
n/a,Valves Providing WRS AP1000 Equipment Class D Function,WRS,Radioactive Waste Drain System,Auxiliary Building,Auxiliary Building,D,NS,ANSI 16.34,,True,False,,,,,,,,,,,,,DCD Tier 2 Table 3.2-3 (ML11171A425)
n/a,Pumps,WSS,Solid Radwaste System,Auxiliary Building,Auxiliary Building,D,NS,Manufacturer Std.,,True,False,,,,,,,,,,,,,DCD Tier 2 Table 3.2-3 (ML11171A425)
n/a,Tanks,WSS,Solid Radwaste System,Auxiliary Building,Auxiliary Building,D,NS,ASME VIII,,True,False,,,,,,,,,,,,,DCD Tier 2 Table 3.2-3 (ML11171A425)
n/a,Filters,WSS,Solid Radwaste System,Auxiliary Building,Auxiliary Building,D,NS,ASME VIII,,True,False,,,,,,,,,,,,,DCD Tier 2 Table 3.2-3 (ML11171A425)
n/a,Valves Providing WSS AP1000 Equipment Class D Function,WSS,Solid Radwaste System,Auxiliary Building,Auxiliary Building,D,NS,ANSI 16.34,,True,False,,,,,,,,,,,,,DCD Tier 2 Table 3.2-3 (ML11171A425)
WWS-PL-V506,MCR WWS Isolation Valve,WWS,Waste Water System,Various,Various,C,I,ASME III-3,,True,True,2.7.1-1,Yes,Yes,–,No,–,No,–,,No,,,DCD Tier 2 Table 3.2-3 (ML11171A425); Tier 1 2.7.1-1 (ML11171A316)
n/a,Diesel Generator Engines,ZOS,Onsite Standby Power System,Diesel Generator Building,Diesel Generator Building,D,NS,Manufacturer Std.,,True,False,,,,,,,,,,,,,DCD Tier 2 Table 3.2-3 (ML11171A425)
n/a,Diesel Generator Starting Units,ZOS,Onsite Standby Power System,Diesel Generator Building,Diesel Generator Building,D,NS,Manufacturer Std.,,True,False,,,,,,,,,,,,,DCD Tier 2 Table 3.2-3 (ML11171A425)
n/a,Diesel Generator Radiators,ZOS,Onsite Standby Power System,Diesel Generator Building,Diesel Generator Building,D,NS,CAGI,,True,False,,,,,,,,,,,,,DCD Tier 2 Table 3.2-3 (ML11171A425)
n/a,Diesel Generator Silencers,ZOS,Onsite Standby Power System,Diesel Generator Building,Diesel Generator Building,D,NS,API 661,,True,False,,,,,,,,,,,,,DCD Tier 2 Table 3.2-3 (ML11171A425)
n/a,Valves Providing ZOS Diesel Generator Engines AP1000 Equipment Class D Function,ZOS,Onsite Standby Power System,Diesel Generator Building,Diesel Generator Building,D,NS,ANSI 16.34,,True,False,,,,,,,,,,,,,DCD Tier 2 Table 3.2-3 (ML11171A425)
RCS-MP-01A,RCP 1A,RCS,Reactor Coolant System,Containment,Containment,,I,Yes,,False,True,2.1.2-1,Yes,Yes,No/No,-,No,No,-,Containment,Yes/Yes (pump trip),,,DCD Tier 1 2.1.2-1 (ML11171A308)
RCS-MP-01B,RCP 1B,RCS,Reactor Coolant System,Containment,Containment,,I,Yes,,False,True,2.1.2-1,Yes,Yes,No/No,-,No,No,-,Containment,Yes/Yes (pump trip),,,DCD Tier 1 2.1.2-1 (ML11171A308)
RCS-MP-02A,RCP 2A,RCS,Reactor Coolant System,Containment,Containment,,I,Yes,,False,True,2.1.2-1,Yes,Yes,No/No,-,No,No,-,Containment,Yes/Yes (pump trip),,,DCD Tier 1 2.1.2-1 (ML11171A308)
RCS-MP-02B,RCP 2B,RCS,Reactor Coolant System,Containment,Containment,,I,Yes,,False,True,2.1.2-1,Yes,Yes,No/No,-,No,No,-,Containment,Yes/Yes (pump trip),,,DCD Tier 1 2.1.2-1 (ML11171A308)
RCS-101A,RCS Hot Leg 1 Flow Sensor,RCS,Reactor Coolant System,Containment,Containment,,I,-,,False,True,2.1.2-1,-,Yes,Yes/No,-,-,No,-,,-/-,,,DCD Tier 1 2.1.2-1 (ML11171A308)
RCS-101B,RCS Hot Leg 1 Flow Sensor,RCS,Reactor Coolant System,Containment,Containment,,I,-,,False,True,2.1.2-1,-,Yes,Yes/No,-,-,No,-,,-/-,,,DCD Tier 1 2.1.2-1 (ML11171A308)
RCS-101C,RCS Hot Leg 1 Flow Sensor,RCS,Reactor Coolant System,Containment,Containment,,I,-,,False,True,2.1.2-1,-,Yes,Yes/No,-,-,No,-,,-/-,,,DCD Tier 1 2.1.2-1 (ML11171A308)
RCS-101D,RCS Hot Leg 1 Flow Sensor,RCS,Reactor Coolant System,Containment,Containment,,I,-,,False,True,2.1.2-1,-,Yes,Yes/No,-,-,No,-,,-/-,,,DCD Tier 1 2.1.2-1 (ML11171A308)
RCS-102A,RCS Hot Leg 2 Flow Sensor,RCS,Reactor Coolant System,Containment,Containment,,I,-,,False,True,2.1.2-1,-,Yes,Yes/No,-,-,No,-,,-/-,,,DCD Tier 1 2.1.2-1 (ML11171A308)
RCS-102B,RCS Hot Leg 2 Flow Sensor,RCS,Reactor Coolant System,Containment,Containment,,I,-,,False,True,2.1.2-1,-,Yes,Yes/No,-,-,No,-,,-/-,,,DCD Tier 1 2.1.2-1 (ML11171A308)
RCS-102C,RCS Hot Leg 2 Flow Sensor,RCS,Reactor Coolant System,Containment,Containment,,I,-,,False,True,2.1.2-1,-,Yes,Yes/No,-,-,No,-,,-/-,,,DCD Tier 1 2.1.2-1 (ML11171A308)
RCS-102D,RCS Hot Leg 2 Flow Sensor,RCS,Reactor Coolant System,Containment,Containment,,I,-,,False,True,2.1.2-1,-,Yes,Yes/No,-,-,No,-,,-/-,,,DCD Tier 1 2.1.2-1 (ML11171A308)
RCS-121A,RCS Cold Leg 1A Narrow Range Temperature Sensor,RCS,Reactor Coolant System,Containment,Containment,,I,-,,False,True,2.1.2-1,-,Yes,Yes/Yes,-,-,No,-,,-/-,,,DCD Tier 1 2.1.2-1 (ML11171A308)
RCS-121B,RCS Cold Leg 1B Narrow Range Temperature Sensor,RCS,Reactor Coolant System,Containment,Containment,,I,-,,False,True,2.1.2-1,-,Yes,Yes/Yes,-,-,No,-,,-/-,,,DCD Tier 1 2.1.2-1 (ML11171A308)
RCS-121C,RCS Cold Leg 1B Narrow Range Temperature Sensor,RCS,Reactor Coolant System,Containment,Containment,,I,-,,False,True,2.1.2-1,-,Yes,Yes/Yes,-,-,No,-,,-/-,,,DCD Tier 1 2.1.2-1 (ML11171A308)
RCS-121D,RCS Cold Leg 1A Narrow Range Temperature Sensor,RCS,Reactor Coolant System,Containment,Containment,,I,-,,False,True,2.1.2-1,-,Yes,Yes/Yes,-,-,No,-,,-/-,,,DCD Tier 1 2.1.2-1 (ML11171A308)
RCS-122A,RCS Cold Leg 2B Narrow Range Temperature Sensor,RCS,Reactor Coolant System,Containment,Containment,,I,-,,False,True,2.1.2-1,-,Yes,Yes/Yes,-,-,No,-,,-/-,,,DCD Tier 1 2.1.2-1 (ML11171A308)
RCS-122B,RCS Cold Leg 2A Narrow Range Temperature Sensor,RCS,Reactor Coolant System,Containment,Containment,,I,-,,False,True,2.1.2-1,-,Yes,Yes/Yes,-,-,No,-,,-/-,,,DCD Tier 1 2.1.2-1 (ML11171A308)
RCS-122C,RCS Cold Leg 2A Narrow Range Temperature Sensor,RCS,Reactor Coolant System,Containment,Containment,,I,-,,False,True,2.1.2-1,-,Yes,Yes/Yes,-,-,No,-,,-/-,,,DCD Tier 1 2.1.2-1 (ML11171A308)
RCS-122D,RCS Cold Leg 2B Narrow Range Temperature Sensor,RCS,Reactor Coolant System,Containment,Containment,,I,-,,False,True,2.1.2-1,-,Yes,Yes/Yes,-,-,No,-,,-/-,,,DCD Tier 1 2.1.2-1 (ML11171A308)
RCS-125A,RCS Cold Leg 1A Dual Range Temperature Sensor,RCS,Reactor Coolant System,Containment,Containment,,I,-,,False,True,2.1.2-1,-,Yes,Yes/Yes,-,-,Yes (Wide Range),-,,-/-,,,DCD Tier 1 2.1.2-1 (ML11171A308)
RCS-125B,RCS Cold Leg 2A Dual Range Temperature Sensor,RCS,Reactor Coolant System,Containment,Containment,,I,-,,False,True,2.1.2-1,-,Yes,Yes/Yes,-,-,Yes (Wide Range),-,,-/-,,,DCD Tier 1 2.1.2-1 (ML11171A308)
RCS-125C,RCS Cold Leg 1B Dual Range Temperature Sensor,RCS,Reactor Coolant System,Containment,Containment,,I,-,,False,True,2.1.2-1,-,Yes,Yes/Yes,-,-,Yes (Wide Range,-,,-/-,,,DCD Tier 1 2.1.2-1 (ML11171A308)
RCS-125D,RCS Cold Leg 2B Dual Range Temperature Sensor,RCS,Reactor Coolant System,Containment,Containment,,I,-,,False,True,2.1.2-1,-,Yes,Yes/Yes,-,-,Yes (Wide Range),-,,-/-,,,DCD Tier 1 2.1.2-1 (ML11171A308)
RCS-131A,RCS Hot Leg 1 Narrow Range Temperature Sensor,RCS,Reactor Coolant System,Containment,Containment,,I,-,,False,True,2.1.2-1,-,Yes,Yes/Yes,-,-,No,-,,-/-,,,DCD Tier 1 2.1.2-1 (ML11171A308)
RCS-131B,RCS Hot Leg 2 Narrow Range Temperature Sensor,RCS,Reactor Coolant System,Containment,Containment,,I,-,,False,True,2.1.2-1,-,Yes,Yes/Yes,-,-,No,-,,-/-,,,DCD Tier 1 2.1.2-1 (ML11171A308)
RCS-131C,RCS Hot Leg 1 Narrow Range Temperature Sensor,RCS,Reactor Coolant System,Containment,Containment,,I,-,,False,True,2.1.2-1,-,Yes,Yes/Yes,-,-,No,-,,-/-,,,DCD Tier 1 2.1.2-1 (ML11171A308)
RCS-131D,RCS Hot Leg 2 Narrow Range Temperature Sensor,RCS,Reactor Coolant System,Containment,Containment,,I,-,,False,True,2.1.2-1,-,Yes,Yes/Yes,-,-,No,-,,-/-,,,DCD Tier 1 2.1.2-1 (ML11171A308)
RCS-132A,RCS Hot Leg 1 Narrow Range Temperature Sensor,RCS,Reactor Coolant System,Containment,Containment,,I,-,,False,True,2.1.2-1,-,Yes,Yes/Yes,-,-,No,-,,-/-,,,DCD Tier 1 2.1.2-1 (ML11171A308)
RCS-132B,RCS Hot Leg 2 Narrow Range Temperature Sensor,RCS,Reactor Coolant System,Containment,Containment,,I,-,,False,True,2.1.2-1,-,Yes,Yes/Yes,-,-,No,-,,-/-,,,DCD Tier 1 2.1.2-1 (ML11171A308)
RCS-132C,RCS Hot Leg 1 Narrow Range Temperature Sensor,RCS,Reactor Coolant System,Containment,Containment,,I,-,,False,True,2.1.2-1,-,Yes,Yes/Yes,-,-,No,-,,-/-,,,DCD Tier 1 2.1.2-1 (ML11171A308)
RCS-132D,RCS Hot Leg 2 Narrow Range Temperature Sensor,RCS,Reactor Coolant System,Containment,Containment,,I,-,,False,True,2.1.2-1,-,Yes,Yes/Yes,-,-,No,-,,-/-,,,DCD Tier 1 2.1.2-1 (ML11171A308)
RCS-133A,RCS Hot Leg 1 Narrow Range Temperature Sensor,RCS,Reactor Coolant System,Containment,Containment,,I,-,,False,True,2.1.2-1,-,Yes,Yes/Yes,-,-,No,-,,-/-,,,DCD Tier 1 2.1.2-1 (ML11171A308)
RCS-133B,RCS Hot Leg 2 Narrow Range Temperature Sensor,RCS,Reactor Coolant System,Containment,Containment,,I,-,,False,True,2.1.2-1,-,Yes,Yes/Yes,-,-,No,-,,-/-,,,DCD Tier 1 2.1.2-1 (ML11171A308)
RCS-133C,RCS Hot Leg 1 Narrow Range Temperature Sensor,RCS,Reactor Coolant System,Containment,Containment,,I,-,,False,True,2.1.2-1,-,Yes,Yes/Yes,-,-,No,-,,-/-,,,DCD Tier 1 2.1.2-1 (ML11171A308)
RCS-133D,RCS Hot Leg 2 Narrow Range Temperature Sensor,RCS,Reactor Coolant System,Containment,Containment,,I,-,,False,True,2.1.2-1,-,Yes,Yes/Yes,-,-,No,-,,-/-,,,DCD Tier 1 2.1.2-1 (ML11171A308)
RCS-135A,RCS Hot Leg 1 Wide Range Temperature Sensor,RCS,Reactor Coolant System,Containment,Containment,,I,-,,False,True,2.1.2-1,-,Yes,Yes/Yes,-,-,Yes,-,,-/-,,,DCD Tier 1 2.1.2-1 (ML11171A308)
RCS-135B,RCS Hot Leg 2 Wide Range Temperature Sensor,RCS,Reactor Coolant System,Containment,Containment,,I,-,,False,True,2.1.2-1,-,Yes,Yes/Yes,-,-,Yes,-,,-/-,,,DCD Tier 1 2.1.2-1 (ML11171A308)
RCS-140A,RCS Wide Range Pressure Sensor,RCS,Reactor Coolant System,Containment,Containment,,I,-,,False,True,2.1.2-1,-,Yes,Yes/Yes,-,-,Yes,-,,-/-,,,DCD Tier 1 2.1.2-1 (ML11171A308)
RCS-140B,RCS Wide Range Pressure Sensor,RCS,Reactor Coolant System,Containment,Containment,,I,-,,False,True,2.1.2-1,-,Yes,Yes/Yes,-,-,Yes,-,,-/-,,,DCD Tier 1 2.1.2-1 (ML11171A308)
RCS-140C,RCS Wide Range Pressure Sensor,RCS,Reactor Coolant System,Containment,Containment,,I,-,,False,True,2.1.2-1,-,Yes,Yes/Yes,-,-,Yes,-,,-/-,,,DCD Tier 1 2.1.2-1 (ML11171A308)
RCS-140D,RCS Wide Range Pressure Sensor,RCS,Reactor Coolant System,Containment,Containment,,I,-,,False,True,2.1.2-1,-,Yes,Yes/Yes,-,-,Yes,-,,-/-,,,DCD Tier 1 2.1.2-1 (ML11171A308)
RCS-160A,RCS Hot Leg 1 Level Sensor,RCS,Reactor Coolant System,Containment,Containment,,I,-,,False,True,2.1.2-1,-,Yes,Yes/Yes,-,-,Yes,-,,-/-,,,DCD Tier 1 2.1.2-1 (ML11171A308)
RCS-160B,RCS Hot Leg 2 Level Sensor,RCS,Reactor Coolant System,Containment,Containment,,I,-,,False,True,2.1.2-1,-,Yes,Yes/Yes,-,-,Yes,-,,-/-,,,DCD Tier 1 2.1.2-1 (ML11171A308)
RCS-161,Passive Residual Heat Removal (PRHR) Return Line Temperature Sensor,RCS,Reactor Coolant System,Containment,Containment,,I,-,,False,True,2.1.2-1,-,Yes,Yes/Yes,-,-,Yes,-,,-/-,,,DCD Tier 1 2.1.2-1 (ML11171A308)
RCS-191A,Pressurizer Pressure Sensor,RCS,Reactor Coolant System,Containment,Containment,,I,-,,False,True,2.1.2-1,-,Yes,Yes/Yes,-,-,Yes,-,,-/-,,,DCD Tier 1 2.1.2-1 (ML11171A308)
RCS-191B,Pressurizer Pressure Sensor,RCS,Reactor Coolant System,Containment,Containment,,I,-,,False,True,2.1.2-1,-,Yes,Yes/Yes,-,-,Yes,-,,-/-,,,DCD Tier 1 2.1.2-1 (ML11171A308)
RCS-191C,Pressurizer Pressure Sensor,RCS,Reactor Coolant System,Containment,Containment,,I,-,,False,True,2.1.2-1,-,Yes,Yes/Yes,-,-,Yes,-,,-/-,,,DCD Tier 1 2.1.2-1 (ML11171A308)
RCS-191D,Pressurizer Pressure Sensor,RCS,Reactor Coolant System,Containment,Containment,,I,-,,False,True,2.1.2-1,-,Yes,Yes/Yes,-,-,Yes,-,,-/-,,,DCD Tier 1 2.1.2-1 (ML11171A308)
RCS-193A,Pressurizer Level Reference Leg Temperature Sensor,RCS,Reactor Coolant System,Containment,Containment,,I,-,,False,True,2.1.2-1,-,Yes,Yes/Yes,-,-,Yes,-,,-/-,,,DCD Tier 1 2.1.2-1 (ML11171A308)
RCS-193B,Pressurizer Level Reference Leg Temperature Sensor,RCS,Reactor Coolant System,Containment,Containment,,I,-,,False,True,2.1.2-1,-,Yes,Yes/Yes,-,-,Yes,-,,-/-,,,DCD Tier 1 2.1.2-1 (ML11171A308)
RCS-193C,Pressurizer Level Reference Leg Temperature Sensor,RCS,Reactor Coolant System,Containment,Containment,,I,-,,False,True,2.1.2-1,-,Yes,Yes/Yes,-,-,Yes,-,,-/-,,,DCD Tier 1 2.1.2-1 (ML11171A308)
RCS-193D,Pressurizer Level Reference Leg Temperature Sensor,RCS,Reactor Coolant System,Containment,Containment,,I,-,,False,True,2.1.2-1,-,Yes,Yes/Yes,-,-,Yes,-,,-/-,,,DCD Tier 1 2.1.2-1 (ML11171A308)
RCS-195A,Pressurizer Level Sensor,RCS,Reactor Coolant System,Containment,Containment,,I,-,,False,True,2.1.2-1,-,Yes,Yes/Yes,-,-,Yes,-,,-/-,,,DCD Tier 1 2.1.2-1 (ML11171A308)
RCS-195B,Pressurizer Level Sensor,RCS,Reactor Coolant System,Containment,Containment,,I,-,,False,True,2.1.2-1,-,Yes,Yes/Yes,-,-,Yes,-,,-/-,,,DCD Tier 1 2.1.2-1 (ML11171A308)
RCS-195C,Pressurizer Level Sensor,RCS,Reactor Coolant System,Containment,Containment,,I,-,,False,True,2.1.2-1,-,Yes,Yes/Yes,-,-,Yes,-,,-/-,,,DCD Tier 1 2.1.2-1 (ML11171A308)
RCS-195D,Pressurizer Level Sensor,RCS,Reactor Coolant System,Containment,Containment,,I,-,,False,True,2.1.2-1,-,Yes,Yes/Yes,-,-,Yes,-,,-/-,,,DCD Tier 1 2.1.2-1 (ML11171A308)
RCS-211A,RCP 1A Bearing Water Temperature Sensor,RCS,Reactor Coolant System,Containment,Containment,,I,-,,False,True,2.1.2-1,-,Yes,Yes/Yes,-,-,No,-,,-/-,,,DCD Tier 1 2.1.2-1 (ML11171A308)
RCS-211B,RCP 1A Bearing Water Temperature Sensor,RCS,Reactor Coolant System,Containment,Containment,,I,-,,False,True,2.1.2-1,-,Yes,Yes/Yes,-,-,No,-,,-/-,,,DCD Tier 1 2.1.2-1 (ML11171A308)
RCS-211C,RCP 1A Bearing Water Temperature Sensor,RCS,Reactor Coolant System,Containment,Containment,,I,-,,False,True,2.1.2-1,-,Yes,Yes/Yes,-,-,No,-,,-/-,,,DCD Tier 1 2.1.2-1 (ML11171A308)
RCS-211D,RCP 1A Bearing Water Temperature Sensor,RCS,Reactor Coolant System,Containment,Containment,,I,-,,False,True,2.1.2-1,-,Yes,Yes/Yes,-,-,No,-,,-/-,,,DCD Tier 1 2.1.2-1 (ML11171A308)
RCS-212A,RCP 1B Bearing Water Temperature Sensor,RCS,Reactor Coolant System,Containment,Containment,,I,-,,False,True,2.1.2-1,-,Yes,Yes/Yes,-,-,No,-,,-/-,,,DCD Tier 1 2.1.2-1 (ML11171A308)
RCS-212B,RCP 1B Bearing Water Temperature Sensor,RCS,Reactor Coolant System,Containment,Containment,,I,-,,False,True,2.1.2-1,-,Yes,Yes/Yes,-,-,No,-,,-/-,,,DCD Tier 1 2.1.2-1 (ML11171A308)
RCS-212C,RCP 1B Bearing Water Temperature Sensor,RCS,Reactor Coolant System,Containment,Containment,,I,-,,False,True,2.1.2-1,-,Yes,Yes/Yes,-,-,No,-,,-/-,,,DCD Tier 1 2.1.2-1 (ML11171A308)
RCS-212D,RCP 1B Bearing Water Temperature Sensor,RCS,Reactor Coolant System,Containment,Containment,,I,-,,False,True,2.1.2-1,-,Yes,Yes/Yes,-,-,No,-,,-/-,,,DCD Tier 1 2.1.2-1 (ML11171A308)
RCS-213A,RCP 2A Bearing Water Temperature Sensor,RCS,Reactor Coolant System,Containment,Containment,,I,-,,False,True,2.1.2-1,-,Yes,Yes/Yes,-,-,No,-,,-/-,,,DCD Tier 1 2.1.2-1 (ML11171A308)
RCS-213B,RCP 2A Bearing Water Temperature Sensor,RCS,Reactor Coolant System,Containment,Containment,,I,-,,False,True,2.1.2-1,-,Yes,Yes/Yes,-,-,No,-,,-/-,,,DCD Tier 1 2.1.2-1 (ML11171A308)
RCS-213C,RCP 2A Bearing Water Temperature Sensor,RCS,Reactor Coolant System,Containment,Containment,,I,-,,False,True,2.1.2-1,-,Yes,Yes/Yes,-,-,No,-,,-/-,,,DCD Tier 1 2.1.2-1 (ML11171A308)
RCS-213D,RCP 2A Bearing Water Temperature Sensor,RCS,Reactor Coolant System,Containment,Containment,,I,-,,False,True,2.1.2-1,-,Yes,Yes/Yes,-,-,No,-,,-/-,,,DCD Tier 1 2.1.2-1 (ML11171A308)
RCS-214A,RCP 2B Bearing Water Temperature Sensor,RCS,Reactor Coolant System,Containment,Containment,,I,-,,False,True,2.1.2-1,-,Yes,Yes/Yes,-,-,No,-,,-/-,,,DCD Tier 1 2.1.2-1 (ML11171A308)
RCS-214B,RCP 2B Bearing Water Temperature Sensor,RCS,Reactor Coolant System,Containment,Containment,,I,-,,False,True,2.1.2-1,-,Yes,Yes/Yes,-,-,No,-,,-/-,,,DCD Tier 1 2.1.2-1 (ML11171A308)
RCS-214C,RCP 2B Bearing Water Temperature Sensor,RCS,Reactor Coolant System,Containment,Containment,,I,-,,False,True,2.1.2-1,-,Yes,Yes/Yes,-,-,No,-,,-/-,,,DCD Tier 1 2.1.2-1 (ML11171A308)
RCS-214D,RCP 2B Bearing Water Temperature Sensor,RCS,Reactor Coolant System,Containment,Containment,,I,-,,False,True,2.1.2-1,-,Yes,Yes/Yes,-,-,No,-,,-/-,,,DCD Tier 1 2.1.2-1 (ML11171A308)
RCS-281,RCP 1A Pump Speed Sensor,RCS,Reactor Coolant System,Containment,Containment,,I,-,,False,True,2.1.2-1,-,Yes,Yes/Yes,-,-,No,-,,-/-,,,DCD Tier 1 2.1.2-1 (ML11171A308)
RCS-282,RCP 1B Pump Speed Sensor,RCS,Reactor Coolant System,Containment,Containment,,I,-,,False,True,2.1.2-1,-,Yes,Yes/Yes,-,-,No,-,,-/-,,,DCD Tier 1 2.1.2-1 (ML11171A308)
RCS-283,RCP 2A Pump Speed Sensor,RCS,Reactor Coolant System,Containment,Containment,,I,-,,False,True,2.1.2-1,-,Yes,Yes/Yes,-,-,No,-,,-/-,,,DCD Tier 1 2.1.2-1 (ML11171A308)
RCS-284,RCP 2B Pump Speed Sensor,RCS,Reactor Coolant System,Containment,Containment,,I,-,,False,True,2.1.2-1,-,Yes,Yes/Yes,-,-,No,-,,-/-,,,DCD Tier 1 2.1.2-1 (ML11171A308)
ECS-ES-31,,ECS,Electrical Distribution System,Auxiliary Building,Auxiliary Building,,I,,,False,True,2.1.2-3,,Yes,Yes/No (Trip open only),,,No,,Auxiliary Building,,,Equipment=RCP 1A Breaker (Status); Display=Yes; Control Function=-,DCD Tier 1 2.1.2-3 (ML11171A308)
ECS-ES-32,,ECS,Electrical Distribution System,Auxiliary Building,Auxiliary Building,,I,,,False,True,2.1.2-3,,Yes,Yes/No (Trip open only),,,No,,Auxiliary Building,,,Equipment=RCP 1A Breaker (Status); Display=Yes; Control Function=-,DCD Tier 1 2.1.2-3 (ML11171A308)
ECS-ES-41,,ECS,Electrical Distribution System,Auxiliary Building,Auxiliary Building,,I,,,False,True,2.1.2-3,,Yes,Yes/No (Trip open only),,,No,,Auxiliary Building,,,Equipment=RCP 1B Breaker (Status); Display=Yes; Control Function=-,DCD Tier 1 2.1.2-3 (ML11171A308)
ECS-ES-42,,ECS,Electrical Distribution System,Auxiliary Building,Auxiliary Building,,I,,,False,True,2.1.2-3,,Yes,Yes/No (Trip open only),,,No,,Auxiliary Building,,,Equipment=RCP 1B Breaker (Status); Display=Yes; Control Function=-,DCD Tier 1 2.1.2-3 (ML11171A308)
ECS-ES-51,,ECS,Electrical Distribution System,Auxiliary Building,Auxiliary Building,,I,,,False,True,2.1.2-3,,Yes,Yes/No (Trip open only),,,No,,Auxiliary Building,,,Equipment=RCP 2A Breaker (Status); Display=Yes; Control Function=-,DCD Tier 1 2.1.2-3 (ML11171A308)
ECS-ES-52,,ECS,Electrical Distribution System,Auxiliary Building,Auxiliary Building,,I,,,False,True,2.1.2-3,,Yes,Yes/No (Trip open only),,,No,,Auxiliary Building,,,Equipment=RCP 2A Breaker (Status); Display=Yes; Control Function=-,DCD Tier 1 2.1.2-3 (ML11171A308)
ECS-ES-61,,ECS,Electrical Distribution System,Auxiliary Building,Auxiliary Building,,I,,,False,True,2.1.2-3,,Yes,Yes/No (Trip open only),,,No,,Auxiliary Building,,,Equipment=RCP 2B Breaker (Status); Display=Yes; Control Function=-,DCD Tier 1 2.1.2-3 (ML11171A308)
ECS-ES-62,,ECS,Electrical Distribution System,Auxiliary Building,Auxiliary Building,,I,,,False,True,2.1.2-3,,Yes,Yes/No (Trip open only),,,No,,Auxiliary Building,,,Equipment=RCP 2B Breaker (Status); Display=Yes; Control Function=-,DCD Tier 1 2.1.2-3 (ML11171A308)
RCS-EH-03,,RCS,Reactor Coolant System,Containment,Containment,,,,,False,True,2.1.2-3,,,,,,,,,,,Equipment=Pressurizer Heaters; Display=Yes; Control Function=On/Off,DCD Tier 1 2.1.2-3 (ML11171A308)
RCS-EH-04A,,RCS,Reactor Coolant System,Containment,Containment,,,,,False,True,2.1.2-3,,,,,,,,,,,Equipment=Pressurizer Heaters; Display=Yes; Control Function=On/Off,DCD Tier 1 2.1.2-3 (ML11171A308)
RCS-EH-04B,,RCS,Reactor Coolant System,Containment,Containment,,,,,False,True,2.1.2-3,,,,,,,,,,,Equipment=Pressurizer Heaters; Display=Yes; Control Function=On/Off,DCD Tier 1 2.1.2-3 (ML11171A308)
RCS-EH-04C,,RCS,Reactor Coolant System,Containment,Containment,,,,,False,True,2.1.2-3,,,,,,,,,,,Equipment=Pressurizer Heaters; Display=Yes; Control Function=On/Off,DCD Tier 1 2.1.2-3 (ML11171A308)
RCS-EH-04D,,RCS,Reactor Coolant System,Containment,Containment,,,,,False,True,2.1.2-3,,,,,,,,,,,Equipment=Pressurizer Heaters; Display=Yes; Control Function=On/Off,DCD Tier 1 2.1.2-3 (ML11171A308)
RXS-MV-01,RV,RXS,Reactor System,Containment,Containment,,I,Yes,,False,True,2.1.3-1,Yes,Yes,-,,,-,,Containment,,,,DCD Tier 1 2.1.3-1 (ML11171A308)
RXS-FA-A07/A08/A09/B05/B06/B07/B08/B09/B10/B11/C04/C05/C06/C07/C08/C09/C10/C11/C12/D03/D04/D05/D06/D07/D08/D09/D10/D11/D12/D13/E02/E03/E04/E05/E06/E07/E08/E09/E10/E11/E12/E13/E14/F02/F03/F04/F05/F06/F07/F08/F09/F10/F11/F12/F13/F14/G01/G02/G03/G04/G05/G06/G07/G08/G09/G10/G11/G12/G13/G14/G15/H01/H02/H03/H04/H05/H06/H07/H08/H09/H10/H11/H12/H13/H14/H15/J01/J02/J03/J04/J05/J06/J07/J08/J09/J10/J11/J12/J13/J14/J15/K02/K03/K04/K05/K06/K07/K08/K09/K10/K11/K12/K13/K14/L02/L03/L04/L05/L06/L07/L08/L09/L10/L11/L12/L13/L14/M03/M04/M05/M06/M07/M08/M09/M10/M11/M12/M13/N04/N05/N06/N07/N08/N09/N10/N11/N12/P05/P06/P07/P08/P09/P10/P11/R07/R08/R09,Fuel Assemblies (157 locations),RXS,Reactor System,Containment (located in auxiliary building prior to fuel loading),Containment; Auxiliary Building,,I,No(1),,False,True,2.1.3-1,No(1),Yes,-,,,-,,Containment (located in auxiliary building prior to fuel loading),,,,DCD Tier 1 2.1.3-1 (ML11171A308)
RXS-FR-B06/B10/C05/C07/C09/C11/D06/D08/D10/E03/E05/E07/E09/E11/E13/F02/F04/F12/F14/G03/G05/G07/G09/G11/G13/H04/H08/H12/J03/J05/J07/J09/J11/J13/K02/K04/K12/K14/L03/L05/L07/L09/L11/L13/M06/M08/M10/N05/N07/N09/N11/P06/P10,Rod Cluster Control Assemblies (RCCAs) (minimum 53 locations),RXS,Reactor System,Containment (located in auxiliary building prior to fuel loading),Containment; Auxiliary Building,,I,No(1),,False,True,2.1.3-1,No(1),Yes,-,,,-,,Containment (located in auxiliary building prior to fuel loading),,,,DCD Tier 1 2.1.3-1 (ML11171A308)
RXS-FG-B08/D04/D12/F06/F08/F10/H02/H06/H10/H14/K06/K08/K10/M04/M12/P08,Gray Rod Cluster Assemblies (GRCAs) (16 locations),RXS,Reactor System,Containment (located in auxiliary building prior to fuel loading),Containment; Auxiliary Building,,I,No(1),,False,True,2.1.3-1,No(1),Yes,-,,,-,,Containment (located in auxiliary building prior to fuel loading),,,,DCD Tier 1 2.1.3-1 (ML11171A308)
RXS-MV-11B06/11B08/11B10/11C05/11C07/11C09/11C11/11D04/11D06/11D08/11D10/11D12/11E03/11E05/11E07/11E09/11E11/11E13/11F02/11F04/11F06/11F08/11F10/11F12/11F14/11G03/11G05/11G07/11G09/11G11/11G13/11H02/11H04/11H06/11H08/11H10/11H12/11H14/11J03/11J05/11J07/11J09/11J11/11J13/11K02/11K04/11K06/11K08/11K10/11K12/11K14/11L03/11L05/11L07/11L09/11L11/11L13/11M04/11M06/11M08/11M10/11M12/11N05/11N07/11N09/11N11/11P06/11P08/11P10,Control Rod Drive Mechanisms (CRDMs) (69 Locations),RXS,Reactor System,Containment,Containment,,I,Yes,,False,True,2.1.3-1,Yes,Yes,No/No,,,No,,Containment,,,,DCD Tier 1 2.1.3-1 (ML11171A308)
RXS-MY-Y11THROUGHY18,Incore Instrument QuickLoc Assemblies (8 Locations),RXS,Reactor System,Containment,Containment,,I,Yes,,False,True,2.1.3-1,Yes,Yes,-,,,-,,Containment,,,,DCD Tier 1 2.1.3-1 (ML11171A308)
RXS-JE-NE001A/NE001B/NE001C/NE001D,Source Range Detectors (4),RXS,Reactor System,Containment,Containment,,I,-,,False,True,2.1.3-1,-,Yes,Yes/Yes,,,No,,Containment,,,,DCD Tier 1 2.1.3-1 (ML11171A308)
RXS-JE-NE002A/NE002B/NE002C/NE002D,Intermediate Range Detectors (4),RXS,Reactor System,Containment,Containment,,I,-,,False,True,2.1.3-1,-,Yes,Yes/Yes,,,Yes,,Containment,,,,DCD Tier 1 2.1.3-1 (ML11171A308)
RXS-JE-NE003A/NE003B/NE003C/NE003D,Power Range Detectors – Lower (4),RXS,Reactor System,Containment,Containment,,I,-,,False,True,2.1.3-1,-,Yes,Yes/Yes,,,No,,Containment,,,,DCD Tier 1 2.1.3-1 (ML11171A308)
RXS-JE-NE004A/NE004B/NE004C/NE004D,Power Range Detectors – Upper (4),RXS,Reactor System,Containment,Containment,,I,-,,False,True,2.1.3-1,-,Yes,Yes/Yes,,,No,,Containment,,,,DCD Tier 1 2.1.3-1 (ML11171A308)
CAS-PL-V204CAS-PL-V205,Service Air Supply Outside Containment Isolation Valve Service Air Supply Inside Containment Isolation Check Valve,CAS,Compressed and Instrument Air System,Various,Various,,I,Yes Yes,,False,True,2.2.1-1,Yes Yes,Yes Yes,-/- -/-,No No,None Transfer Closed,No No,- -,,-/- -/-,,,DCD Tier 1 2.2.1-1 (ML11171A310)
CAS-PL-V014CAS-PL-V015,Instrument Air Supply Outside Containment Isolation Valve Instrument Air Supply Inside Containment Isolation Check Valve,CAS,Compressed and Instrument Air System,Various,Various,,I,Yes Yes,,False,True,2.2.1-1,Yes Yes,Yes Yes,Yes/No -/-,Yes No,Transfer Closed Transfer Closed,Yes (Valve Position) -,Closed -,,Yes/No -/-,,,DCD Tier 1 2.2.1-1 (ML11171A310)
CCS-PL-V200CCS-PL-V201,Component Cooling Water System (CCS) Containment Isolation Motor-operated Valve (MOV) – Inlet Line Outside Reactor Containment (ORC) CCS Containment Isolation Check Valve – Inlet Line Inside Reactor Containment (IRC),CCS,Component Cooling Water System,Auxiliary Building and Turbine Building,Auxiliary Building; Turbine Building,,I,Yes Yes,,False,True,2.2.1-1,Yes Yes,Yes Yes,Yes/No -/-,Yes No,Transfer Closed Transfer Closed,Yes (Valve Position) No,As Is -,,Yes/No -/-,,,DCD Tier 1 2.2.1-1 (ML11171A310)
CCS-PL-V207CCS-PL-V208CCS-PL-220,CCS Containment Isolation MOV – Outlet Line IRC CCS Containment Isolation MOV – Outlet Line ORC CCS Containment Isolation Relief Valve – Outlet Line IRC,CCS,Component Cooling Water System,Auxiliary Building and Turbine Building,Auxiliary Building; Turbine Building,,I,Yes Yes Yes,,False,True,2.2.1-1,Yes Yes Yes,Yes Yes Yes,Yes/Yes Yes/No -/-,Yes Yes No,Transfer Closed Transfer Closed Transfer Closed/ Transfer Open,Yes (Valve Position) Yes (Valve Position) No,As Is As Is -,,Yes/No Yes/No -/-,,,DCD Tier 1 2.2.1-1 (ML11171A310)
DWS-PL-V244DWS-PL-V245,Demineralized Water Supply Containment Isolation Valve ORC Demineralized Water Supply Containment Isolation Check Valve IRC,DWS,Demineralized Water Transfer and Storage System,Various,Various,,I,Yes Yes,,False,True,2.2.1-1,Yes Yes,Yes Yes,-/- -/-,No No,None Transfer Closed,No No,- -,,-/- -/-,,,DCD Tier 1 2.2.1-1 (ML11171A310)
FHS-FT-001,Fuel Transfer Tube,FHS,Fuel Handling and Refueling System,Containment and Auxiliary Building,Containment; Auxiliary Building,,I,Yes,,False,True,2.2.1-1,Yes,Yes,-/-,-,-,-,-,,-/-,,,DCD Tier 1 2.2.1-1 (ML11171A310)
FPS-PL-V050FPS-PL-V052,Fire Water Containment Supply Isolation Valve – Outside Fire Water Containment Isolation Supply Check Valve – Inside,FPS,Fire Protection System,Various,Various,,I,Yes Yes,,False,True,2.2.1-1,Yes Yes,Yes Yes,-/- -/-,No No,None Transfer Closed,No No,- -,,-/- -/-,,,DCD Tier 1 2.2.1-1 (ML11171A310)
SFS-PL-V037SFS-PL-V038,Spent Fuel Pool Cooling System (SFS) Discharge Line Containment Isolation Check Valve – IRC SFS Discharge Line Containment Isolation MOV – ORC,SFS,Spent Fuel Pool Cooling System,"Auxiliary Building, Containment",Containment; Auxiliary Building,,I,Yes Yes,,False,True,2.2.1-1,Yes Yes,Yes Yes,-/- Yes/No,No Yes,Transfer Closed Transfer Closed,No Yes (Valve Position),- As Is,,-/- Yes/No,,,DCD Tier 1 2.2.1-1 (ML11171A310)
SFS-PL-V034SFS-PL-V035SFS-PL-V067,SFS Suction Line Containment Isolation MOV – IRC SFS Suction Line Containment Isolation MOV – ORC SFS Suction Line Containment Isolation Relief Valve – IRC,SFS,Spent Fuel Pool Cooling System,"Auxiliary Building, Containment",Containment; Auxiliary Building,,I,Yes Yes Yes,,False,True,2.2.1-1,Yes Yes Yes,Yes Yes Yes,Yes/Yes Yes/No -/-,Yes Yes No,Transfer Closed Transfer Closed Transfer Closed/ Transfer Open,Yes (Valve Position) Yes (Valve Position) No,As Is As Is -,,Yes/No Yes/No -/-,,,DCD Tier 1 2.2.1-1 (ML11171A310)
VFS-PL-V003VFS-PL-V004,Containment Purge Inlet Containment Isolation Valve – ORC Containment Purge Inlet Containment Isolation Valve – IRC,VFS,Containment Air Filtration System,Auxiliary Building and Annex Building,Auxiliary Building; Annex Building,,I,Yes Yes,,False,True,2.2.1-1,Yes Yes,Yes Yes,Yes/No Yes/Yes,Yes Yes,Transfer Closed Transfer Closed,Yes (Valve Position) Yes (Valve Position),Closed Closed,,Yes/Yes Yes/Yes,,,DCD Tier 1 2.2.1-1 (ML11171A310)
VFS-PL-V008VFS-PL-V009VFS-PL-V010,Integrated Leak Rate Testing Vent Discharge Containment Isolation Valve – ORC Containment Purge Discharge Containment Isolation Valve – IRC Containment Purge Discharge Containment Isolation Valve – ORC,VFS,Containment Air Filtration System,Auxiliary Building and Annex Building,Auxiliary Building; Annex Building,,I,Yes Yes Yes,,False,True,2.2.1-1,Yes Yes Yes,Yes Yes Yes,-/- Yes/Yes Yes/No,No Yes Yes,None Transfer Closed Transfer Closed,No Yes (Valve Position) Yes (Valve Position),- Closed Closed,,-/- Yes/Yes Yes/Yes,,,DCD Tier 1 2.2.1-1 (ML11171A310)
VFS-PL-V800AVFS-PL-V800BVFS-PL-V803AVFS-PL-V803B,Vacuum Relief Containment Isolation A – ORC Vacuum Relief Containment Isolation B – ORC Vacuum Relief Containment Isolation Check Valve A – IRC Vacuum Relief Containment Isolation Check Valve B – IRC,VFS,Containment Air Filtration System,Auxiliary Building and Annex Building,Auxiliary Building; Annex Building,,I,Yes Yes Yes Yes,,False,True,2.2.1-1,Yes Yes Yes Yes,Yes Yes Yes Yes,Yes/No Yes/No -/- -/-,Yes Yes No No,Transfer Closed/ Transfer Open Transfer Closed/ Transfer Open Transfer Closed/ Transfer Open Transfer Closed/ Transfer Open,Yes (Valve Position) Yes (Valve Position) No No,As Is As Is - -,,Yes/No Yes/No -/- -/-,,,DCD Tier 1 2.2.1-1 (ML11171A310)
VWS-PL-V082VWS-PL-V086VWS-PL-V080,Fan Coolers Return Containment Isolation Valve – IRC Fan Coolers Return Containment Isolation Valve – ORC Fan Coolers Return Containment Isolation Relief Valve – IRC,VWS,Central Chilled Water System,Various,Various,,I,Yes Yes Yes,,False,True,2.2.1-1,Yes Yes Yes,Yes Yes Yes,Yes/Yes Yes/No -/-,Yes Yes No,Transfer Closed Transfer Closed Transfer Closed/ Transfer Open,Yes (Valve Position) Yes (Valve Position) No,Closed Closed -,,Yes/No Yes/No -/-,,,DCD Tier 1 2.2.1-1 (ML11171A310)
VWS-PL-V058VWS-PL-V062,Fan Coolers Supply Containment Isolation Valve – ORC Fan Coolers Supply Containment Isolation Check Valve – IRC,VWS,Central Chilled Water System,Various,Various,,I,Yes Yes,,False,True,2.2.1-1,Yes Yes,Yes Yes,Yes/No -/-,Yes No,Transfer Closed Transfer Closed,Yes (Valve Position) No,Closed -,,Yes/No -/-,,,DCD Tier 1 2.2.1-1 (ML11171A310)
WLS-PL-V067WLS-PL-V068,Reactor Coolant Drain Tank (RCDT) Gas Outlet Containment Isolation Valve – IRC RCDT Gas Outlet Containment Isolation Valve – ORC,WLS,Liquid Radwaste System,"Containment, Auxiliary, and Radwaste Buildings",Containment; Auxiliary Building; Radwaste Building,,I,Yes Yes,,False,True,2.2.1-1,Yes Yes,Yes Yes,Yes/Yes Yes/No,Yes Yes,Transfer Closed Transfer Closed,Yes (Valve Position) Yes (Valve Position),Closed Closed,,Yes/No Yes/No,,,DCD Tier 1 2.2.1-1 (ML11171A310)
WLS-PL-V055WLS-PL-V057WLS-PL-V058,Sump Discharge Containment Isolation Valve – IRC Sump Discharge Containment Isolation Valve – ORC Sump Discharge Containment Isolation Relief Valve – IRC,WLS,Liquid Radwaste System,"Containment, Auxiliary, and Radwaste Buildings",Containment; Auxiliary Building; Radwaste Building,,I,Yes Yes Yes,,False,True,2.2.1-1,Yes Yes Yes,Yes Yes Yes,Yes/Yes Yes/No -/-,Yes Yes No,Transfer Closed Transfer Closed Transfer Closed/ Transfer Open,Yes (Valve Position) Yes (Valve Position) No,Closed Closed -,,Yes/Yes Yes/Yes -/-,,,DCD Tier 1 2.2.1-1 (ML11171A310)
CNS-PY-C01,Spare Penetration,CNS,Containment System,Containment,Containment,,I,Yes,,False,True,2.2.1-1,Yes,Yes,-/-,-,-,-,-,,-/-,,,DCD Tier 1 2.2.1-1 (ML11171A310)
CNS-PY-C02,Spare Penetration,CNS,Containment System,Containment,Containment,,I,Yes,,False,True,2.2.1-1,Yes,Yes,-/-,-,-,-,-,,-/-,,,DCD Tier 1 2.2.1-1 (ML11171A310)
CNS-PY-C03,Spare Penetration,CNS,Containment System,Containment,Containment,,I,Yes,,False,True,2.2.1-1,Yes,Yes,-/-,-,-,-,-,,-/-,,,DCD Tier 1 2.2.1-1 (ML11171A310)
DAS-EY-P03Z,Electrical Penetration P03,DAS,Diverse Actuation System,,,,I,Yes,,False,True,2.2.1-1,Yes,Yes,No/Yes,-,-,-,-,,-/-,,,DCD Tier 1 2.2.1-1 (ML11171A310)
ECS-EY-P01X,Electrical Penetration P01,ECS,Electrical Distribution System,Annex Building,Annex Building,,I,Yes,,False,True,2.2.1-1,Yes,Yes,No/Yes,-,-,-,-,,-/-,,,DCD Tier 1 2.2.1-1 (ML11171A310)
ECS-EY-P02X,Electrical Penetration P02,ECS,Electrical Distribution System,Annex Building,Annex Building,,I,Yes,,False,True,2.2.1-1,Yes,Yes,No/Yes,-,-,-,-,,-/-,,,DCD Tier 1 2.2.1-1 (ML11171A310)
ECS-EY-P06Y,Electrical Penetration P06,ECS,Electrical Distribution System,Annex Building,Annex Building,,I,Yes,,False,True,2.2.1-1,Yes,Yes,No/Yes,-,-,-,-,,-/-,,,DCD Tier 1 2.2.1-1 (ML11171A310)
ECS-EY-P09W,Electrical Penetration P09,ECS,Electrical Distribution System,Annex Building,Annex Building,,I,Yes,,False,True,2.2.1-1,Yes,Yes,No/Yes,-,-,-,-,,-/-,,,DCD Tier 1 2.2.1-1 (ML11171A310)
ECS-EY-P10W,Electrical Penetration P10,ECS,Electrical Distribution System,Annex Building,Annex Building,,I,Yes,,False,True,2.2.1-1,Yes,Yes,No/Yes,-,-,-,-,,-/-,,,DCD Tier 1 2.2.1-1 (ML11171A310)
IDSA-EY-P11Z,Electrical Penetration P11,IDS,Class 1E DC and UPS System,,,,I,Yes,,False,True,2.2.1-1,Yes,Yes,Yes/Yes,-,-,-,-,,-/-,,,DCD Tier 1 2.2.1-1 (ML11171A310)
IDSA-EY-P12Y,Electrical Penetration P12,IDS,Class 1E DC and UPS System,,,,I,Yes,,False,True,2.2.1-1,Yes,Yes,Yes/Yes,-,-,-,-,,-/-,,,DCD Tier 1 2.2.1-1 (ML11171A310)
IDSA-EY-P13Y,Electrical Penetration P13,IDS,Class 1E DC and UPS System,,,,I,Yes,,False,True,2.2.1-1,Yes,Yes,Yes/Yes,-,-,-,-,,-/-,,,DCD Tier 1 2.2.1-1 (ML11171A310)
IDSD-EY-P14Z,Electrical Penetration P14,IDS,Class 1E DC and UPS System,,,,I,Yes,,False,True,2.2.1-1,Yes,Yes,Yes/Yes,-,-,-,-,,-/-,,,DCD Tier 1 2.2.1-1 (ML11171A310)
IDSD-EY-P15Y,Electrical Penetration P15,IDS,Class 1E DC and UPS System,,,,I,Yes,,False,True,2.2.1-1,Yes,Yes,Yes/Yes,-,-,-,-,,-/-,,,DCD Tier 1 2.2.1-1 (ML11171A310)
IDSD-EY-P16Y,Electrical Penetration P16,IDS,Class 1E DC and UPS System,,,,I,Yes,,False,True,2.2.1-1,Yes,Yes,Yes/Yes,-,-,-,-,,-/-,,,DCD Tier 1 2.2.1-1 (ML11171A310)
ECS-EY-P18X,Electrical Penetration P18,ECS,Electrical Distribution System,Annex Building,Annex Building,,I,Yes,,False,True,2.2.1-1,Yes,Yes,No/Yes,-,-,-,-,,-/-,,,DCD Tier 1 2.2.1-1 (ML11171A310)
EDS-EY-P21Z,Electrical Penetration P21,EDS,Non-Class 1E DC and UPS System,,,,I,Yes,,False,True,2.2.1-1,Yes,Yes,No/Yes,-,-,-,-,,-/-,,,DCD Tier 1 2.2.1-1 (ML11171A310)
ECS-EY-P22X,Electrical Penetration P22,ECS,Electrical Distribution System,Annex Building,Annex Building,,I,Yes,,False,True,2.2.1-1,Yes,Yes,No/Yes,-,-,-,-,,-/-,,,DCD Tier 1 2.2.1-1 (ML11171A310)
ECS-EY-P23X,Electrical Penetration P23,ECS,Electrical Distribution System,Annex Building,Annex Building,,I,Yes,,False,True,2.2.1-1,Yes,Yes,No/Yes,-,-,-,-,,-/-,,,DCD Tier 1 2.2.1-1 (ML11171A310)
ECS-EY-P24,Electrical Penetration P24,ECS,Electrical Distribution System,Annex Building,Annex Building,,I,Yes,,False,True,2.2.1-1,Yes,Yes,No/Yes,-,-,-,-,,-/-,,,DCD Tier 1 2.2.1-1 (ML11171A310)
ECS-EY-P25W,Electrical Penetration P25,ECS,Electrical Distribution System,Annex Building,Annex Building,,I,Yes,,False,True,2.2.1-1,Yes,Yes,No/Yes,-,-,-,-,,-/-,,,DCD Tier 1 2.2.1-1 (ML11171A310)
ECS-EY-P26W,Electrical Penetration P26,ECS,Electrical Distribution System,Annex Building,Annex Building,,I,Yes,,False,True,2.2.1-1,Yes,Yes,No/Yes,-,-,-,-,,-/-,,,DCD Tier 1 2.2.1-1 (ML11171A310)
IDSC-EY-P27Z,Electrical Penetration P27,IDS,Class 1E DC and UPS System,,,,I,Yes,,False,True,2.2.1-1,Yes,Yes,Yes/Yes,-,-,-,-,,-/-,,,DCD Tier 1 2.2.1-1 (ML11171A310)
IDSC-EY-P28Y,Electrical Penetration P28,IDS,Class 1E DC and UPS System,,,,I,Yes,,False,True,2.2.1-1,Yes,Yes,Yes/Yes,-,-,-,-,,-/-,,,DCD Tier 1 2.2.1-1 (ML11171A310)
IDSC-EY-P29Y,Electrical Penetration P29,IDS,Class 1E DC and UPS System,,,,I,Yes,,False,True,2.2.1-1,Yes,Yes,Yes/Yes,-,-,-,-,,-/-,,,DCD Tier 1 2.2.1-1 (ML11171A310)
IDSB-EY-P30Z,Electrical Penetration P30,IDS,Class 1E DC and UPS System,,,,I,Yes,,False,True,2.2.1-1,Yes,Yes,Yes/Yes,-,-,-,-,,-/-,,,DCD Tier 1 2.2.1-1 (ML11171A310)
IDSB-EY-P31Y,Electrical Penetration P31,IDS,Class 1E DC and UPS System,,,,I,Yes,,False,True,2.2.1-1,Yes,Yes,Yes/Yes,-,-,-,-,,-/-,,,DCD Tier 1 2.2.1-1 (ML11171A310)
IDSB-EY-P32Y,Electrical Penetration P32,IDS,Class 1E DC and UPS System,,,,I,Yes,,False,True,2.2.1-1,Yes,Yes,Yes/Yes,-,-,-,-,,-/-,,,DCD Tier 1 2.2.1-1 (ML11171A310)
PCS-001,PCS Water Delivery Flow Sensor,PCS,Passive Containment Cooling System,Containment Shield Building and Auxiliary Building,Containment; Shield Building; Auxiliary Building,,I,No,,False,True,2.2.2-1,No,Yes,Yes/No,-,-,Yes,-,,-,,,DCD Tier 1 2.2.2-1 (ML11171A310)
PCS-002,PCS Water Delivery Flow Sensor,PCS,Passive Containment Cooling System,Containment Shield Building and Auxiliary Building,Containment; Shield Building; Auxiliary Building,,I,No,,False,True,2.2.2-1,No,Yes,Yes/No,-,-,Yes,-,,-,,,DCD Tier 1 2.2.2-1 (ML11171A310)
PCS-003,PCS Water Delivery Flow Sensor,PCS,Passive Containment Cooling System,Containment Shield Building and Auxiliary Building,Containment; Shield Building; Auxiliary Building,,I,No,,False,True,2.2.2-1,No,Yes,Yes/No,-,-,Yes,-,,-,,,DCD Tier 1 2.2.2-1 (ML11171A310)
PCS-004,PCS Water Delivery Flow Sensor,PCS,Passive Containment Cooling System,Containment Shield Building and Auxiliary Building,Containment; Shield Building; Auxiliary Building,,I,No,,False,True,2.2.2-1,No,Yes,Yes/No,-,-,Yes,-,,-,,,DCD Tier 1 2.2.2-1 (ML11171A310)
PCS-005,Containment Pressure Sensor,PCS,Passive Containment Cooling System,Containment Shield Building and Auxiliary Building,Containment; Shield Building; Auxiliary Building,,I,No,,False,True,2.2.2-1,No,Yes,Yes/Yes,-,-,Yes,-,,-,,,DCD Tier 1 2.2.2-1 (ML11171A310)
PCS-006,Containment Pressure Sensor,PCS,Passive Containment Cooling System,Containment Shield Building and Auxiliary Building,Containment; Shield Building; Auxiliary Building,,I,No,,False,True,2.2.2-1,No,Yes,Yes/Yes,-,-,Yes,-,,-,,,DCD Tier 1 2.2.2-1 (ML11171A310)
PCS-007,Containment Pressure Sensor,PCS,Passive Containment Cooling System,Containment Shield Building and Auxiliary Building,Containment; Shield Building; Auxiliary Building,,I,No,,False,True,2.2.2-1,No,Yes,Yes/Yes,-,-,Yes,-,,-,,,DCD Tier 1 2.2.2-1 (ML11171A310)
PCS-008,Containment Pressure Sensor,PCS,Passive Containment Cooling System,Containment Shield Building and Auxiliary Building,Containment; Shield Building; Auxiliary Building,,I,No,,False,True,2.2.2-1,No,Yes,Yes/Yes,-,-,Yes,-,,-,,,DCD Tier 1 2.2.2-1 (ML11171A310)
PCS-010,PCCWST Water Level Sensor,PCS,Passive Containment Cooling System,Containment Shield Building and Auxiliary Building,Containment; Shield Building; Auxiliary Building,,I,No,,False,True,2.2.2-1,No,Yes,Yes/No,-,-,Yes,-,,-,,,DCD Tier 1 2.2.2-1 (ML11171A310)
PCS-011,PCCWST Water Level Sensor,PCS,Passive Containment Cooling System,Containment Shield Building and Auxiliary Building,Containment; Shield Building; Auxiliary Building,,I,No,,False,True,2.2.2-1,No,Yes,Yes/No,-,-,Yes,-,,-,,,DCD Tier 1 2.2.2-1 (ML11171A310)
PCS-012,High-range Containment Pressure Sensor,PCS,Passive Containment Cooling System,Containment Shield Building and Auxiliary Building,Containment; Shield Building; Auxiliary Building,,I,No,,False,True,2.2.2-1,No,Yes,Yes/Yes,-,-,Yes,-,,-,,,DCD Tier 1 2.2.2-1 (ML11171A310)
PCS-013,High-range Containment Pressure Sensor,PCS,Passive Containment Cooling System,Containment Shield Building and Auxiliary Building,Containment; Shield Building; Auxiliary Building,,I,No,,False,True,2.2.2-1,No,Yes,Yes/Yes,-,-,Yes,-,,-,,,DCD Tier 1 2.2.2-1 (ML11171A310)
PCS-014,High-range Containment Pressure Sensor,PCS,Passive Containment Cooling System,Containment Shield Building and Auxiliary Building,Containment; Shield Building; Auxiliary Building,,I,No,,False,True,2.2.2-1,No,Yes,Yes/Yes,-,-,Yes,-,,-,,,DCD Tier 1 2.2.2-1 (ML11171A310)
PXS-MY-Y04A,pH Adjustment Basket 4A,PXS,Passive Core Cooling System,Containment Building,Containment,,I,No,,False,True,2.2.3-1,No,Yes,- / -,,,,,Containment Building,- / -,,,DCD Tier 1 2.2.3-1 (ML11171A310)
PXS-MY-Y04B,pH Adjustment Basket 4B,PXS,Passive Core Cooling System,Containment Building,Containment,,I,No,,False,True,2.2.3-1,No,Yes,- / -,,,,,Containment Building,- / -,,,DCD Tier 1 2.2.3-1 (ML11171A310)
PXS-011A,CMT A Level Sensor,PXS,Passive Core Cooling System,Containment,Containment,,I,-,,False,True,2.2.3-1,-,Yes,Yes/Yes,-,-,Yes,-,,- / -,,,DCD Tier 1 2.2.3-1 (ML11171A310)
PXS-011B,CMT A Level Sensor,PXS,Passive Core Cooling System,Containment,Containment,,I,-,,False,True,2.2.3-1,-,Yes,Yes/Yes,-,-,Yes,-,,- / -,,,DCD Tier 1 2.2.3-1 (ML11171A310)
PXS-011C,CMT A Level Sensor,PXS,Passive Core Cooling System,Containment,Containment,,I,-,,False,True,2.2.3-1,-,Yes,Yes/Yes,-,-,Yes,-,,- / -,,,DCD Tier 1 2.2.3-1 (ML11171A310)
PXS-011D,CMT A Level Sensor,PXS,Passive Core Cooling System,Containment,Containment,,I,-,,False,True,2.2.3-1,-,Yes,Yes/Yes,-,-,Yes,-,,- / -,,,DCD Tier 1 2.2.3-1 (ML11171A310)
PXS-012A,CMT B Level Sensor,PXS,Passive Core Cooling System,Containment,Containment,,I,-,,False,True,2.2.3-1,-,Yes,Yes/Yes,-,-,Yes,-,,-/-,,,DCD Tier 1 2.2.3-1 (ML11171A310)
PXS-012B,CMT B Level Sensor,PXS,Passive Core Cooling System,Containment,Containment,,I,-,,False,True,2.2.3-1,-,Yes,Yes/Yes,-,-,Yes,-,,-/-,,,DCD Tier 1 2.2.3-1 (ML11171A310)
PXS-012C,CMT B Level Sensor,PXS,Passive Core Cooling System,Containment,Containment,,I,-,,False,True,2.2.3-1,-,Yes,Yes/Yes,-,-,Yes,-,,-/-,,,DCD Tier 1 2.2.3-1 (ML11171A310)
PXS-012D,CMT B Level Sensor,PXS,Passive Core Cooling System,Containment,Containment,,I,-,,False,True,2.2.3-1,-,Yes,Yes/Yes,-,-,Yes,-,,-/-,,,DCD Tier 1 2.2.3-1 (ML11171A310)
PXS-013A,CMT A Level Sensor,PXS,Passive Core Cooling System,Containment,Containment,,I,-,,False,True,2.2.3-1,-,Yes,Yes/Yes,-,-,Yes,-,,-/-,,,DCD Tier 1 2.2.3-1 (ML11171A310)
PXS-013B,CMT A Level Sensor,PXS,Passive Core Cooling System,Containment,Containment,,I,-,,False,True,2.2.3-1,-,Yes,Yes/Yes,-,-,Yes,-,,-/-,,,DCD Tier 1 2.2.3-1 (ML11171A310)
PXS-013C,CMT A Level Sensor,PXS,Passive Core Cooling System,Containment,Containment,,I,-,,False,True,2.2.3-1,-,Yes,Yes/Yes,-,-,Yes,-,,-/-,,,DCD Tier 1 2.2.3-1 (ML11171A310)
PXS-013D,CMT A Level Sensor,PXS,Passive Core Cooling System,Containment,Containment,,I,-,,False,True,2.2.3-1,-,Yes,Yes/Yes,-,-,Yes,-,,-/-,,,DCD Tier 1 2.2.3-1 (ML11171A310)
PXS-014A,CMT B Level Sensor,PXS,Passive Core Cooling System,Containment,Containment,,I,-,,False,True,2.2.3-1,-,Yes,Yes/Yes,-,-,Yes,-,,- / -,,,DCD Tier 1 2.2.3-1 (ML11171A310)
PXS-014B,CMT B Level Sensor,PXS,Passive Core Cooling System,Containment,Containment,,I,-,,False,True,2.2.3-1,-,Yes,Yes/Yes,-,-,Yes,-,,- / -,,,DCD Tier 1 2.2.3-1 (ML11171A310)
PXS-014C,CMT B Level Sensor,PXS,Passive Core Cooling System,Containment,Containment,,I,-,,False,True,2.2.3-1,-,Yes,Yes/Yes,-,-,Yes,-,,- / -,,,DCD Tier 1 2.2.3-1 (ML11171A310)
PXS-014D,CMT B Level Sensor,PXS,Passive Core Cooling System,Containment,Containment,,I,-,,False,True,2.2.3-1,-,Yes,Yes/Yes,-,-,Yes,-,,- / -,,,DCD Tier 1 2.2.3-1 (ML11171A310)
PXS-045,IRWST Level Sensor,PXS,Passive Core Cooling System,Containment,Containment,,I,-,,False,True,2.2.3-1,-,Yes,Yes/Yes,-,-,Yes,-,,- / -,,,DCD Tier 1 2.2.3-1 (ML11171A310)
PXS-046,IRWST Level Sensor,PXS,Passive Core Cooling System,Containment,Containment,,I,-,,False,True,2.2.3-1,-,Yes,Yes/Yes,-,-,Yes,-,,- / -,,,DCD Tier 1 2.2.3-1 (ML11171A310)
PXS-047,IRWST Level Sensor,PXS,Passive Core Cooling System,Containment,Containment,,I,-,,False,True,2.2.3-1,-,Yes,Yes/Yes,-,-,Yes,-,,- / -,,,DCD Tier 1 2.2.3-1 (ML11171A310)
PXS-048,IRWST Level Sensor,PXS,Passive Core Cooling System,Containment,Containment,,I,-,,False,True,2.2.3-1,-,Yes,Yes/Yes,-,-,Yes,-,,- / -,,,DCD Tier 1 2.2.3-1 (ML11171A310)
PXS-049A,PRHR HX Flow Sensor,PXS,Passive Core Cooling System,Containment,Containment,,I,-,,False,True,2.2.3-1,-,Yes,Yes/Yes,-,-,Yes,-,,- / -,,,DCD Tier 1 2.2.3-1 (ML11171A310)
PXS-049B,PRHR HX Flow Sensor,PXS,Passive Core Cooling System,Containment,Containment,,I,-,,False,True,2.2.3-1,-,Yes,Yes/Yes,-,-,Yes,-,,- / -,,,DCD Tier 1 2.2.3-1 (ML11171A310)
PXS-050,Containment Flood-up Level Sensor,PXS,Passive Core Cooling System,Containment,Containment,,I,-,,False,True,2.2.3-1,-,Yes,Yes/Yes,-,-,Yes,-,,-/-,,,DCD Tier 1 2.2.3-1 (ML11171A310)
PXS-051,Containment Flood-up Level Sensor,PXS,Passive Core Cooling System,Containment,Containment,,I,-,,False,True,2.2.3-1,-,Yes,Yes/Yes,-,-,Yes,-,,-/-,,,DCD Tier 1 2.2.3-1 (ML11171A310)
PXS-052,Containment Flood-up Level Sensor,PXS,Passive Core Cooling System,Containment,Containment,,I,-,,False,True,2.2.3-1,-,Yes,Yes/Yes,-,-,Yes,-,,-/-,,,DCD Tier 1 2.2.3-1 (ML11171A310)
PXS-JE-L021,,PXS,Passive Core Cooling System,Containment,Containment,,,,,False,True,2.2.3-3,,,,,,,,,,,Equipment=Accumulator A Level Sensor; Display=Yes; Control Function=-,DCD Tier 1 2.2.3-3 (ML11171A310)
PXS-JE-L022,,PXS,Passive Core Cooling System,Containment,Containment,,,,,False,True,2.2.3-3,,,,,,,,,,,Equipment=Accumulator B Level Sensor; Display=Yes; Control Function=-,DCD Tier 1 2.2.3-3 (ML11171A310)
PXS-JE-L023,,PXS,Passive Core Cooling System,Containment,Containment,,,,,False,True,2.2.3-3,,,,,,,,,,,Equipment=Accumulator A Level Sensor; Display=Yes; Control Function=-,DCD Tier 1 2.2.3-3 (ML11171A310)
PXS-JE-L024,,PXS,Passive Core Cooling System,Containment,Containment,,,,,False,True,2.2.3-3,,,,,,,,,,,Equipment=Accumulator B Level Sensor; Display=Yes; Control Function=-,DCD Tier 1 2.2.3-3 (ML11171A310)
PXS-JE-T064,,PXS,Passive Core Cooling System,Containment,Containment,,,,,False,True,2.2.3-3,,,,,,,,,,,Equipment=PRHR HX Inlet Temperature Sensor; Display=Yes; Control Function=-,DCD Tier 1 2.2.3-3 (ML11171A310)
PXS-JE-T041,,PXS,Passive Core Cooling System,Containment,Containment,,,,,False,True,2.2.3-3,,,,,,,,,,,Equipment=IRWST Surface Temperature Sensor; Display=Yes; Control Function=-,DCD Tier 1 2.2.3-3 (ML11171A310)
PXS-JE-T042,,PXS,Passive Core Cooling System,Containment,Containment,,,,,False,True,2.2.3-3,,,,,,,,,,,Equipment=IRWST Surface Temperature Sensor; Display=Yes; Control Function=-,DCD Tier 1 2.2.3-3 (ML11171A310)
PXS-JE-T043,,PXS,Passive Core Cooling System,Containment,Containment,,,,,False,True,2.2.3-3,,,,,,,,,,,Equipment=IRWST Bottom Temperature Sensor; Display=Yes; Control Function=-,DCD Tier 1 2.2.3-3 (ML11171A310)
PXS-JE-T044,,PXS,Passive Core Cooling System,Containment,Containment,,,,,False,True,2.2.3-3,,,,,,,,,,,Equipment=IRWST Bottom Temperature Sensor; Display=Yes; Control Function=-,DCD Tier 1 2.2.3-3 (ML11171A310)
PSS-PL-V001A/B,,PSS,Primary Sampling System,Containment and Auxiliary Building,Containment; Auxiliary Building,,,,,False,True,2.2.3-6,,,,,,,,,,,Equipment=Hot Leg Sample Isolation Valves; Function=Transfer open,DCD Tier 1 2.2.3-6 (ML11171A310)
PSS-PL-V010A/B,,PSS,Primary Sampling System,Containment and Auxiliary Building,Containment; Auxiliary Building,,,,,False,True,2.2.3-6,,,,,,,,,,,Equipment=Liquid Sample Line Containment Isolation Valves IRC; Function=Transfer open,DCD Tier 1 2.2.3-6 (ML11171A310)
"PCS-012,013,014",,PCS,Passive Containment Cooling System,Containment Shield Building and Auxiliary Building,Containment; Shield Building; Auxiliary Building,,,,,False,True,2.2.3-6,,,,,,,,,,,Equipment=Containment Pressure Sensors; Function=Sense pressure,DCD Tier 1 2.2.3-6 (ML11171A310)
"RCS-191A,B,C,D",,RCS,Reactor Coolant System,Containment,Containment,,,,,False,True,2.2.3-6,,,,,,,,,,,Equipment=RCS Wide Range Pressure Sensors; Function=Sense pressure,DCD Tier 1 2.2.3-6 (ML11171A310)
"SGS-011,012,015,016",,SGS,Steam Generator System,Containment and Auxiliary Building,Containment; Auxiliary Building,,,,,False,True,2.2.3-6,,,,,,,,,,,Equipment=SG1 Wide Range Level Sensors; Function=Sense level,DCD Tier 1 2.2.3-6 (ML11171A310)
"SGS-013,014,017,018",,SGS,Steam Generator System,Containment and Auxiliary Building,Containment; Auxiliary Building,,,,,False,True,2.2.3-6,,,,,,,,,,,Equipment=SG2 Wide Range Level Sensors; Function=Sense level,DCD Tier 1 2.2.3-6 (ML11171A310)
"VLS-001,002,003",,VLS,Containment Hydrogen Control System,Containment,Containment,,,,,False,True,2.2.3-6,,,,,,,,,,,Equipment=Hydrogen Monitors; Function=Sense concentration,DCD Tier 1 2.2.3-6 (ML11171A310)
VLS-EH-01THROUGH64,,VLS,Containment Hydrogen Control System,Containment,Containment,,,,,False,True,2.2.3-6,,,,,,,,,,,Equipment=Hydrogen Igniters; Function=Ignite hydrogen,DCD Tier 1 2.2.3-6 (ML11171A310)
"P01,P02,P03,P06,P09,P10,P11,P12,P13,P14,P15,P16,P18,P21,P22,P23,P24,P25,P26,P27,P28,P29,P30,P31,P32",,"P01,P02,P03,P06,P09,P10,P11,P12,P13,P14,P15,P16,P18,P21,P22,P23,P24,P25,P26,P27,P28,P29,P30,P31,P32",Passive Core Cooling System,,,,,,,False,True,2.2.3-6,,,,,,,,,,,Equipment=Containment Electrical Penetrations; Function=Maintain containment boundary,DCD Tier 1 2.2.3-6 (ML11171A310)
SGS-PL–V033B,Main Steam Safety Valve SG02,SGS,Steam Generator System,Containment and Auxiliary Building,Containment; Auxiliary Building,,I,Yes,,False,True,2.2.4-1,Yes,Yes,-/-,-,Transfer Open/ Transfer Closed,No,-,,,-,,DCD Tier 1 2.2.4-1 (ML11171A310)
SGS-PL–V034A,Main Steam Safety Valve SG01,SGS,Steam Generator System,Containment and Auxiliary Building,Containment; Auxiliary Building,,I,Yes,,False,True,2.2.4-1,Yes,Yes,-/-,-,Transfer Open/ Transfer Closed,No,-,,,-,,DCD Tier 1 2.2.4-1 (ML11171A310)
SGS-PL–V034B,Main Steam Safety Valve SG02,SGS,Steam Generator System,Containment and Auxiliary Building,Containment; Auxiliary Building,,I,Yes,,False,True,2.2.4-1,Yes,Yes,-/-,-,Transfer Open/ Transfer Closed,No,-,,,-,,DCD Tier 1 2.2.4-1 (ML11171A310)
SGS-PL–V035A,Main Steam Safety Valve SG01,SGS,Steam Generator System,Containment and Auxiliary Building,Containment; Auxiliary Building,,I,Yes,,False,True,2.2.4-1,Yes,Yes,-/-,-,Transfer Open/ Transfer Closed,No,-,,,-,,DCD Tier 1 2.2.4-1 (ML11171A310)
SGS-PL–V035B,Main Steam Safety Valve SG02,SGS,Steam Generator System,Containment and Auxiliary Building,Containment; Auxiliary Building,,I,Yes,,False,True,2.2.4-1,Yes,Yes,-/-,-,Transfer Open/ Transfer Closed,No,-,,,-,,DCD Tier 1 2.2.4-1 (ML11171A310)
SGS-001,Steam Generator 1 Narrow Range Level Sensor,SGS,Steam Generator System,Containment and Auxiliary Building,Containment; Auxiliary Building,,I,No,,False,True,2.2.4-1,No,Yes,Yes/Yes,-,-,Yes,-,,,-,,DCD Tier 1 2.2.4-1 (ML11171A310)
SGS–002,Steam Generator 1 Narrow Range Level Sensor,SGS,Steam Generator System,Containment and Auxiliary Building,Containment; Auxiliary Building,,I,No,,False,True,2.2.4-1,No,Yes,Yes/Yes,-,-,Yes,-,,,-,,DCD Tier 1 2.2.4-1 (ML11171A310)
SGS–003,Steam Generator 1 Narrow Range Level Sensor,SGS,Steam Generator System,Containment and Auxiliary Building,Containment; Auxiliary Building,,I,No,,False,True,2.2.4-1,No,Yes,Yes/Yes,-,-,Yes,-,,,-,,DCD Tier 1 2.2.4-1 (ML11171A310)
SGS–004,Steam Generator 1 Narrow Range Level Sensor,SGS,Steam Generator System,Containment and Auxiliary Building,Containment; Auxiliary Building,,I,No,,False,True,2.2.4-1,No,Yes,Yes/Yes,-,-,Yes,-,,,-,,DCD Tier 1 2.2.4-1 (ML11171A310)
SGS–005,Steam Generator 2 Narrow Range Level Sensor,SGS,Steam Generator System,Containment and Auxiliary Building,Containment; Auxiliary Building,,I,No,,False,True,2.2.4-1,No,Yes,Yes/Yes,-,-,Yes,-,,,-,,DCD Tier 1 2.2.4-1 (ML11171A310)
SGS–006,Steam Generator 2 Narrow Range Level Sensor,SGS,Steam Generator System,Containment and Auxiliary Building,Containment; Auxiliary Building,,I,No,,False,True,2.2.4-1,No,Yes,Yes/Yes,-,-,Yes,-,,,-,,DCD Tier 1 2.2.4-1 (ML11171A310)
SGS–007,Steam Generator 2 Narrow Range Level Sensor,SGS,Steam Generator System,Containment and Auxiliary Building,Containment; Auxiliary Building,,I,No,,False,True,2.2.4-1,No,Yes,Yes/Yes,-,-,Yes,-,,,-,,DCD Tier 1 2.2.4-1 (ML11171A310)
SGS-008,Steam Generator 2 Narrow Range Level Sensor,SGS,Steam Generator System,Containment and Auxiliary Building,Containment; Auxiliary Building,,I,No,,False,True,2.2.4-1,No,Yes,Yes/Yes,-,-,Yes,-,,,-,,DCD Tier 1 2.2.4-1 (ML11171A310)
SGS-011,Steam Generator 1 Wide Range Level Sensor,SGS,Steam Generator System,Containment and Auxiliary Building,Containment; Auxiliary Building,,I,No,,False,True,2.2.4-1,No,Yes,Yes/Yes,-,-,Yes,-,,,-,,DCD Tier 1 2.2.4-1 (ML11171A310)
SGS-012,Steam Generator 1 Wide Range Level Sensor,SGS,Steam Generator System,Containment and Auxiliary Building,Containment; Auxiliary Building,,I,No,,False,True,2.2.4-1,No,Yes,Yes/Yes,-,-,Yes,-,,,-,,DCD Tier 1 2.2.4-1 (ML11171A310)
SGS-013,Steam Generator 2 Wide Range Level Sensor,SGS,Steam Generator System,Containment and Auxiliary Building,Containment; Auxiliary Building,,I,No,,False,True,2.2.4-1,No,Yes,Yes/Yes,-,-,Yes,-,,,-,,DCD Tier 1 2.2.4-1 (ML11171A310)
SGS-014,Steam Generator 2 Wide Range Level Sensor,SGS,Steam Generator System,Containment and Auxiliary Building,Containment; Auxiliary Building,,I,No,,False,True,2.2.4-1,No,Yes,Yes/Yes,-,-,Yes,-,,,-,,DCD Tier 1 2.2.4-1 (ML11171A310)
SGS-015,Steam Generator 1 Wide Range Level Sensor,SGS,Steam Generator System,Containment and Auxiliary Building,Containment; Auxiliary Building,,I,No,,False,True,2.2.4-1,No,Yes,Yes/Yes,-,-,Yes,-,,,-,,DCD Tier 1 2.2.4-1 (ML11171A310)
SGS-016,Steam Generator 1 Wide Range Level Sensor,SGS,Steam Generator System,Containment and Auxiliary Building,Containment; Auxiliary Building,,I,No,,False,True,2.2.4-1,No,Yes,Yes/Yes,-,-,Yes,-,,,-,,DCD Tier 1 2.2.4-1 (ML11171A310)
SGS-017,Steam Generator 2 Wide Range Level Sensor,SGS,Steam Generator System,Containment and Auxiliary Building,Containment; Auxiliary Building,,I,No,,False,True,2.2.4-1,No,Yes,Yes/Yes,-,-,Yes,-,,,-,,DCD Tier 1 2.2.4-1 (ML11171A310)
SGS-018,Steam Generator 2 Wide Range Level Sensor,SGS,Steam Generator System,Containment and Auxiliary Building,Containment; Auxiliary Building,,I,No,,False,True,2.2.4-1,No,Yes,Yes/Yes,-,-,Yes,-,,,-,,DCD Tier 1 2.2.4-1 (ML11171A310)
SGS-030,Main Steam Line Steam Generator 1 Pressure Sensor,SGS,Steam Generator System,Containment and Auxiliary Building,Containment; Auxiliary Building,,I,No,,False,True,2.2.4-1,No,Yes,Yes/Yes,-,-,Yes,-,,,-,,DCD Tier 1 2.2.4-1 (ML11171A310)
SGS-031,Main Steam Line Steam Generator 1 Pressure Sensor,SGS,Steam Generator System,Containment and Auxiliary Building,Containment; Auxiliary Building,,I,No,,False,True,2.2.4-1,No,Yes,Yes/No,-,-,Yes,-,,,-,,DCD Tier 1 2.2.4-1 (ML11171A310)
SGS-032,Main Steam Line Steam Generator 1 Pressure Sensor,SGS,Steam Generator System,Containment and Auxiliary Building,Containment; Auxiliary Building,,I,No,,False,True,2.2.4-1,No,Yes,Yes/Yes,-,-,Yes,-,,,-,,DCD Tier 1 2.2.4-1 (ML11171A310)
SGS-033,Main Steam Line Steam Generator 1 Pressure Sensor,SGS,Steam Generator System,Containment and Auxiliary Building,Containment; Auxiliary Building,,I,No,,False,True,2.2.4-1,No,Yes,Yes/No,-,-,Yes,-,,,-,,DCD Tier 1 2.2.4-1 (ML11171A310)
SGS-034,Main Steam Line Steam Generator 2 Pressure Sensor,SGS,Steam Generator System,Containment and Auxiliary Building,Containment; Auxiliary Building,,I,No,,False,True,2.2.4-1,No,Yes,Yes/Yes,-,-,Yes,-,,,-,,DCD Tier 1 2.2.4-1 (ML11171A310)
SGS-035,Main Steam Line Steam Generator 2 Pressure Sensor,SGS,Steam Generator System,Containment and Auxiliary Building,Containment; Auxiliary Building,,I,No,,False,True,2.2.4-1,No,Yes,Yes/No,-,-,Yes,-,,,-,,DCD Tier 1 2.2.4-1 (ML11171A310)
SGS-036,Main Steam Line Steam Generator 2 Pressure Sensor,SGS,Steam Generator System,Containment and Auxiliary Building,Containment; Auxiliary Building,,I,No,,False,True,2.2.4-1,No,Yes,Yes/Yes,-,-,Yes,-,,,-,,DCD Tier 1 2.2.4-1 (ML11171A310)
SGS-037,Main Steam Line Steam Generator 2 Pressure Sensor,SGS,Steam Generator System,Containment and Auxiliary Building,Containment; Auxiliary Building,,I,No,,False,True,2.2.4-1,No,Yes,Yes/No,-,-,Yes,-,,,-,,DCD Tier 1 2.2.4-1 (ML11171A310)
SGS-55A,Steam Generator 1 Startup Feedwater Flow Sensor,SGS,Steam Generator System,Containment and Auxiliary Building,Containment; Auxiliary Building,,I,No,,False,True,2.2.4-1,No,Yes,Yes/No,-,-,Yes,-,,,-,,DCD Tier 1 2.2.4-1 (ML11171A310)
SGS-55B,Steam Generator 1 Startup Feedwater Flow Sensor,SGS,Steam Generator System,Containment and Auxiliary Building,Containment; Auxiliary Building,,I,No,,False,True,2.2.4-1,No,Yes,Yes/No,-,-,Yes,-,,,-,,DCD Tier 1 2.2.4-1 (ML11171A310)
SGS-56A,Steam Generator 2 Startup Feedwater Flow Sensor,SGS,Steam Generator System,Containment and Auxiliary Building,Containment; Auxiliary Building,,I,No,,False,True,2.2.4-1,No,Yes,Yes/No,-,-,Yes,-,,,-,,DCD Tier 1 2.2.4-1 (ML11171A310)
SGS-56B,Steam Generator 2 Startup Feedwater Flow Sensor,SGS,Steam Generator System,Containment and Auxiliary Building,Containment; Auxiliary Building,,I,No,,False,True,2.2.4-1,No,Yes,Yes/No,-,-,Yes,-,,,-,,DCD Tier 1 2.2.4-1 (ML11171A310)
MTS-PL-V001A,Turbine Stop Valve,MTS,Main Turbine System,Turbine Building,Turbine Building,,,,,False,True,2.2.4-3,,,,,,,,,,,Control Function=Close,DCD Tier 1 2.2.4-3 (ML11171A310)
MTS-PL-V001B,Turbine Stop Valve,MTS,Main Turbine System,Turbine Building,Turbine Building,,,,,False,True,2.2.4-3,,,,,,,,,,,Control Function=Close,DCD Tier 1 2.2.4-3 (ML11171A310)
MTS-PL-V002A,Turbine Control Valve,MTS,Main Turbine System,Turbine Building,Turbine Building,,,,,False,True,2.2.4-3,,,,,,,,,,,Control Function=Close,DCD Tier 1 2.2.4-3 (ML11171A310)
MTS-PL-V002B,Turbine Control Valve,MTS,Main Turbine System,Turbine Building,Turbine Building,,,,,False,True,2.2.4-3,,,,,,,,,,,Control Function=Close,DCD Tier 1 2.2.4-3 (ML11171A310)
MTS-PL-V003A,Turbine Stop Valve,MTS,Main Turbine System,Turbine Building,Turbine Building,,,,,False,True,2.2.4-3,,,,,,,,,,,Control Function=Close,DCD Tier 1 2.2.4-3 (ML11171A310)
MTS-PL-V003B,Turbine Stop Valve,MTS,Main Turbine System,Turbine Building,Turbine Building,,,,,False,True,2.2.4-3,,,,,,,,,,,Control Function=Close,DCD Tier 1 2.2.4-3 (ML11171A310)
MTS-PL-V004A,Turbine Control Valve,MTS,Main Turbine System,Turbine Building,Turbine Building,,,,,False,True,2.2.4-3,,,,,,,,,,,Control Function=Close,DCD Tier 1 2.2.4-3 (ML11171A310)
MTS-PL-V004B,Turbine Control Valve,MTS,Main Turbine System,Turbine Building,Turbine Building,,,,,False,True,2.2.4-3,,,,,,,,,,,Control Function=Close,DCD Tier 1 2.2.4-3 (ML11171A310)
MSS-PL-V001,Turbine Bypass Control Valve,MSS,Main Steam System,Turbine Building,Turbine Building,,,,,False,True,2.2.4-3,,,,,,,,,,,Control Function=Close,DCD Tier 1 2.2.4-3 (ML11171A310)
MSS-PL-V002,Turbine Bypass Control Valve,MSS,Main Steam System,Turbine Building,Turbine Building,,,,,False,True,2.2.4-3,,,,,,,,,,,Control Function=Close,DCD Tier 1 2.2.4-3 (ML11171A310)
MSS-PL-V003,Turbine Bypass Control Valve,MSS,Main Steam System,Turbine Building,Turbine Building,,,,,False,True,2.2.4-3,,,,,,,,,,,Control Function=Close,DCD Tier 1 2.2.4-3 (ML11171A310)
MSS-PL-V004,Turbine Bypass Control Valve,MSS,Main Steam System,Turbine Building,Turbine Building,,,,,False,True,2.2.4-3,,,,,,,,,,,Control Function=Close,DCD Tier 1 2.2.4-3 (ML11171A310)
MSS-PL-V005,Turbine Bypass Control Valve,MSS,Main Steam System,Turbine Building,Turbine Building,,,,,False,True,2.2.4-3,,,,,,,,,,,Control Function=Close,DCD Tier 1 2.2.4-3 (ML11171A310)
MSS-PL-V006,Turbine Bypass Control Valve,MSS,Main Steam System,Turbine Building,Turbine Building,,,,,False,True,2.2.4-3,,,,,,,,,,,Control Function=Close,DCD Tier 1 2.2.4-3 (ML11171A310)
MSS-PL-V015A,Moisture Separator Reheater 2nd Stage Steam Isolation Valve,MSS,Main Steam System,Turbine Building,Turbine Building,,,,,False,True,2.2.4-3,,,,,,,,,,,Control Function=Close,DCD Tier 1 2.2.4-3 (ML11171A310)
MSS-PL-V015B,Moisture Separator Reheater 2nd Stage Steam Isolation Valve,MSS,Main Steam System,Turbine Building,Turbine Building,,,,,False,True,2.2.4-3,,,,,,,,,,,Control Function=Close,DCD Tier 1 2.2.4-3 (ML11171A310)
FWS-MP-02A,Main Feedwater Pump,FWS,Main and Startup Feedwater System,Turbine Building,Turbine Building,,,,,False,True,2.2.4-3,,,,,,,,,,,Control Function=Trip,DCD Tier 1 2.2.4-3 (ML11171A310)
FWS-MP-02B,Main Feedwater Pump,FWS,Main and Startup Feedwater System,Turbine Building,Turbine Building,,,,,False,True,2.2.4-3,,,,,,,,,,,Control Function=Trip,DCD Tier 1 2.2.4-3 (ML11171A310)
FWS-MP-02C,Main Feedwater Pump,FWS,Main and Startup Feedwater System,Turbine Building,Turbine Building,,,,,False,True,2.2.4-3,,,,,,,,,,,Control Function=Trip,DCD Tier 1 2.2.4-3 (ML11171A310)
FWS-MP-03A,Startup Feedwater Pump,FWS,Main and Startup Feedwater System,Turbine Building,Turbine Building,,,,,False,True,2.2.4-3,,,,,,,,Turbine Building,,,Display=Yes (Run Status); Control Function=Start,DCD Tier 1 2.2.4-3 (ML11171A310)
FWS-MP-03B,Startup Feedwater Pump,FWS,Main and Startup Feedwater System,Turbine Building,Turbine Building,,,,,False,True,2.2.4-3,,,,,,,,Turbine Building,,,Display=Yes (Run Status); Control Function=Start,DCD Tier 1 2.2.4-3 (ML11171A310)
MTS-PL-V001AMTS-PL-V001BMTS-PL-V003AMTS-PL-V003B,Turbine Stop Valves,MTS,Main Turbine System,Turbine Building,Turbine Building,,,,,False,True,2.2.4-5,,,,,,,,Turbine Building,,,,DCD Tier 1 2.2.4-5 (ML11171A310)
MTS-PL-V002AMTS-PL-V002BMTS-PL-V004AMTS-PL-V004B,Turbine Control Valves,MTS,Main Turbine System,Turbine Building,Turbine Building,,,,,False,True,2.2.4-5,,,,,,,,Turbine Building,,,,DCD Tier 1 2.2.4-5 (ML11171A310)
FWS-MP-02AFWS-MP-02BFWS-MP-02C,Main Feedwater Pumps,FWS,Main and Startup Feedwater System,Turbine Building,Turbine Building,,,,,False,True,2.2.4-5,,,,,,,,Turbine Building,,,,DCD Tier 1 2.2.4-5 (ML11171A310)
FWS-MP-01AFWS-MP-01BFWS-MP-01C,Feedwater Booster Pumps,FWS,Main and Startup Feedwater System,Turbine Building,Turbine Building,,,,,False,True,2.2.4-5,,,,,,,,Turbine Building,,,,DCD Tier 1 2.2.4-5 (ML11171A310)
VES-003A,MCR Air Delivery Line Flow Sensor,VES,Main Control Room Emergency Habitability System,Auxiliary Building,Auxiliary Building,,I,No,,False,True,2.2.5-1,No,Yes,Yes/No,-,-,Yes,-,,,-,,DCD Tier 1 2.2.5-1 (ML11171A310)
VES-003B,MCR Air Delivery Line Flow Sensor,VES,Main Control Room Emergency Habitability System,Auxiliary Building,Auxiliary Building,,I,No,,False,True,2.2.5-1,No,Yes,Yes/No,-,-,Yes,-,,,-,,DCD Tier 1 2.2.5-1 (ML11171A310)
VES-004A,MCR Differential Pressure Sensor A,VES,Main Control Room Emergency Habitability System,Auxiliary Building,Auxiliary Building,,I,No,,False,True,2.2.5-1,No,Yes,Yes/No,-,-,Yes,-,,,-,,DCD Tier 1 2.2.5-1 (ML11171A310)
VES-004B,MCR Differential Pressure Sensor B,VES,Main Control Room Emergency Habitability System,Auxiliary Building,Auxiliary Building,,I,No,,False,True,2.2.5-1,No,Yes,Yes/No,-,-,Yes,-,,,-,,DCD Tier 1 2.2.5-1 (ML11171A310)
VES-001A,,VES,Main Control Room Emergency Habitability System,Auxiliary Building,Auxiliary Building,,,,,False,True,2.2.5-3,,,,,,,,,,,Equipment=Air Storage Tank Pressure; Display=Yes,DCD Tier 1 2.2.5-3 (ML11171A310)
VES-001B,,VES,Main Control Room Emergency Habitability System,Auxiliary Building,Auxiliary Building,,,,,False,True,2.2.5-3,,,,,,,,,,,Equipment=Air Storage Tank Pressure; Display=Yes,DCD Tier 1 2.2.5-3 (ML11171A310)
CCS-MP-01A,CCS Pump A,CCS,Component Cooling Water System,Turbine Building,Turbine Building,,,,,False,True,2.3.1-1,,,,,,,,Turbine Building,,,Display=Yes (Run Status); Control Function=Start,DCD Tier 1 2.3.1-1 (ML11171A311)
CCS-MP-01B,CCS Pump B,CCS,Component Cooling Water System,Turbine Building,Turbine Building,,,,,False,True,2.3.1-1,,,,,,,,Turbine Building,,,Display=Yes (Run Status); Control Function=Start,DCD Tier 1 2.3.1-1 (ML11171A311)
CCS-101,CCS Discharge Header Flow Sensor,CCS,Component Cooling Water System,Auxiliary Building and Turbine Building,Auxiliary Building; Turbine Building,,,,,False,True,2.3.1-1,,,,,,,,,,,Display=Yes; Control Function=-,DCD Tier 1 2.3.1-1 (ML11171A311)
CCS-301,CCS to Normal Residual Heat Removal System Heat Exchanger (RNS HX) A Flow Sensor,CCS,Component Cooling Water System,Auxiliary Building and Turbine Building,Auxiliary Building; Turbine Building,,,,,False,True,2.3.1-1,,,,,,,,,,,Display=Yes; Control Function=-,DCD Tier 1 2.3.1-1 (ML11171A311)
CCS-302,CCS to RNS HX B Flow Sensor,CCS,Component Cooling Water System,Auxiliary Building and Turbine Building,Auxiliary Building; Turbine Building,,,,,False,True,2.3.1-1,,,,,,,,,,,Display=Yes; Control Function=-,DCD Tier 1 2.3.1-1 (ML11171A311)
CCS-341,CCS to Spent Fuel Pool Cooling System (SFS) HX A Flow Sensor,CCS,Component Cooling Water System,Auxiliary Building and Turbine Building,Auxiliary Building; Turbine Building,,,,,False,True,2.3.1-1,,,,,,,,,,,Display=Yes; Control Function=-,DCD Tier 1 2.3.1-1 (ML11171A311)
CCS-342,CCS to SFS HX B Flow Sensor,CCS,Component Cooling Water System,Auxiliary Building and Turbine Building,Auxiliary Building; Turbine Building,,,,,False,True,2.3.1-1,,,,,,,,,,,Display=Yes; Control Function=-,DCD Tier 1 2.3.1-1 (ML11171A311)
CCS-130,CCS Surge Tank Level Sensor A,CCS,Component Cooling Water System,Auxiliary Building and Turbine Building,Auxiliary Building; Turbine Building,,,,,False,True,2.3.1-1,,,,,,,,,,,Display=Yes; Control Function=-,DCD Tier 1 2.3.1-1 (ML11171A311)
CCS-131,CCS Surge Tank Level Sensor B,CCS,Component Cooling Water System,Auxiliary Building and Turbine Building,Auxiliary Building; Turbine Building,,,,,False,True,2.3.1-1,,,,,,,,,,,Display=Yes; Control Function=-,DCD Tier 1 2.3.1-1 (ML11171A311)
CCS-121,CCS Heat Exchanger Inlet Temperature Sensor,CCS,Component Cooling Water System,Auxiliary Building and Turbine Building,Auxiliary Building; Turbine Building,,,,,False,True,2.3.1-1,,,,,,,,,,,Display=Yes; Control Function=-,DCD Tier 1 2.3.1-1 (ML11171A311)
CCS-122,CCS Heat Exchanger Outlet Temperature Sensor,CCS,Component Cooling Water System,Auxiliary Building and Turbine Building,Auxiliary Building; Turbine Building,,,,,False,True,2.3.1-1,,,,,,,,,,,Display=Yes; Control Function=-,DCD Tier 1 2.3.1-1 (ML11171A311)
CCS-PL-V256A,CCS Flow to Reactor Coolant Pump (RCP) 1A Valve (Position Indicator),CCS,Component Cooling Water System,Auxiliary Building and Turbine Building,Auxiliary Building; Turbine Building,,,,,False,True,2.3.1-1,,,,,,,,,,,Display=Yes; Control Function=-,DCD Tier 1 2.3.1-1 (ML11171A311)
CCS-PL-V256B,CCS Flow to RCP 1B Valve (Position Indicator),CCS,Component Cooling Water System,Auxiliary Building and Turbine Building,Auxiliary Building; Turbine Building,,,,,False,True,2.3.1-1,,,,,,,,,,,Display=Yes; Control Function=-,DCD Tier 1 2.3.1-1 (ML11171A311)
CCS-PL-V256C,CCS Flow to RCP 2A Valve (Position Indicator),CCS,Component Cooling Water System,Auxiliary Building and Turbine Building,Auxiliary Building; Turbine Building,,,,,False,True,2.3.1-1,,,,,,,,,,,Display=Yes; Control Function=-,DCD Tier 1 2.3.1-1 (ML11171A311)
CCS-PL-V256D,CCS Flow to RCP 2B Valve (Position Indicator),CCS,Component Cooling Water System,Auxiliary Building and Turbine Building,Auxiliary Building; Turbine Building,,,,,False,True,2.3.1-1,,,,,,,,,,,Display=Yes; Control Function=-,DCD Tier 1 2.3.1-1 (ML11171A311)
CCS-ME-01A,CCS Heat Exchanger A,CCS,Component Cooling Water System,Turbine Building,Turbine Building,,,,,False,True,2.3.1-3,,,,,,,,Turbine Building,,,,DCD Tier 1 2.3.1-3 (ML11171A311)
CCS-ME-01B,CCS Heat Exchanger B,CCS,Component Cooling Water System,Turbine Building,Turbine Building,,,,,False,True,2.3.1-3,,,,,,,,Turbine Building,,,,DCD Tier 1 2.3.1-3 (ML11171A311)
CVS-MP-01A,,CVS,Chemical and Volume Control System,Auxiliary Building,Auxiliary Building,,,,,False,True,2.3.2-3,,,,,,,,Auxiliary Building,,,Equipment=CVS Makeup Pump A; Display=Yes (Run Status); Control Function=Start,DCD Tier 1 2.3.2-3 (ML11171A311)
CVS-MP-01B,,CVS,Chemical and Volume Control System,Auxiliary Building,Auxiliary Building,,,,,False,True,2.3.2-3,,,,,,,,Auxiliary Building,,,Equipment=CVS Makeup Pump B; Display=Yes (Run Status); Control Function=Start,DCD Tier 1 2.3.2-3 (ML11171A311)
CVS-001,,CVS,Chemical and Volume Control System,"Containment, Auxiliary Building, and Annex Building",Containment; Auxiliary Building; Annex Building,,,,,False,True,2.3.2-3,,,,,,,,,,,Equipment=Purification Flow Sensor; Display=Yes; Control Function=-,DCD Tier 1 2.3.2-3 (ML11171A311)
CVS-025,,CVS,Chemical and Volume Control System,"Containment, Auxiliary Building, and Annex Building",Containment; Auxiliary Building; Annex Building,,,,,False,True,2.3.2-3,,,,,,,,,,,Equipment=Purification Return Flow Sensor; Display=Yes; Control Function=-,DCD Tier 1 2.3.2-3 (ML11171A311)
CVS-109,,CVS,Chemical and Volume Control System,"Containment, Auxiliary Building, and Annex Building",Containment; Auxiliary Building; Annex Building,,,,,False,True,2.3.2-3,,,,,,,,,,,Equipment=Boric Acid Storage Tank Level Sensor; Display=Yes; Control Function=-,DCD Tier 1 2.3.2-3 (ML11171A311)
CVS-115,,CVS,Chemical and Volume Control System,"Containment, Auxiliary Building, and Annex Building",Containment; Auxiliary Building; Annex Building,,,,,False,True,2.3.2-3,,,,,,,,,,,Equipment=Boric Acid Flow Sensor; Display=Yes; Control Function=-,DCD Tier 1 2.3.2-3 (ML11171A311)
CVS-PL-V115,,CVS,Chemical and Volume Control System,"Containment, Auxiliary Building, and Annex Building",Containment; Auxiliary Building; Annex Building,,,,,False,True,2.3.2-3,,,,,,,,,,,Equipment=Makeup Blend Valve (Position Indicator); Display=Yes; Control Function=-,DCD Tier 1 2.3.2-3 (ML11171A311)
CVS-PL-136A,,CVS,Chemical and Volume Control System,"Containment, Auxiliary Building, and Annex Building",Containment; Auxiliary Building; Annex Building,,,,,False,True,2.3.2-3,,,,,,,,,,,Equipment=CVS Demineralized Water Isolation Valve (Position Indicator); Display=Yes; Control Function=-,DCD Tier 1 2.3.2-3 (ML11171A311)
CVS-PL-136B,,CVS,Chemical and Volume Control System,"Containment, Auxiliary Building, and Annex Building",Containment; Auxiliary Building; Annex Building,,,,,False,True,2.3.2-3,,,,,,,,,,,Equipment=CVS Demineralized Water Isolation Valve (Position Indicator); Display=Yes; Control Function=-,DCD Tier 1 2.3.2-3 (ML11171A311)
CVS-157,,CVS,Chemical and Volume Control System,"Containment, Auxiliary Building, and Annex Building",Containment; Auxiliary Building; Annex Building,,,,,False,True,2.3.2-3,,,,,,,,,,,Equipment=Makeup Pump Discharge Flow Sensor; Display=Yes; Control Function=-,DCD Tier 1 2.3.2-3 (ML11171A311)
CVS-PL-V157,,CVS,Chemical and Volume Control System,"Containment, Auxiliary Building, and Annex Building",Containment; Auxiliary Building; Annex Building,,,,,False,True,2.3.2-3,,,,,,,,,,,Equipment=Makeup Flow Control Valve (Position Indicator); Display=Yes; Control Function=-,DCD Tier 1 2.3.2-3 (ML11171A311)
CVS-MT-01,Boric Acid Storage Tank,CVS,Chemical and Volume Control System,Yard,Yard,,,,,False,True,2.3.2-5,,,,,,,,Yard,,,,DCD Tier 1 2.3.2-5 (ML11171A311)
CVS-ME-01,Regenerative Heat Exchanger,CVS,Chemical and Volume Control System,Containment,Containment,,,,,False,True,2.3.2-5,,,,,,,,Containment,,,,DCD Tier 1 2.3.2-5 (ML11171A311)
CVS-ME-02,Letdown Heat Exchanger,CVS,Chemical and Volume Control System,Containment,Containment,,,,,False,True,2.3.2-5,,,,,,,,Containment,,,,DCD Tier 1 2.3.2-5 (ML11171A311)
CVS-MV-01A,Mixed Bed Demineralizer A,CVS,Chemical and Volume Control System,Containment,Containment,,,,,False,True,2.3.2-5,,,,,,,,Containment,,,,DCD Tier 1 2.3.2-5 (ML11171A311)
CVS-MV-01B,Mixed Bed Demineralizer B,CVS,Chemical and Volume Control System,Containment,Containment,,,,,False,True,2.3.2-5,,,,,,,,Containment,,,,DCD Tier 1 2.3.2-5 (ML11171A311)
CVS-MV-02,Cation Bed Demineralizer,CVS,Chemical and Volume Control System,Containment,Containment,,,,,False,True,2.3.2-5,,,,,,,,Containment,,,,DCD Tier 1 2.3.2-5 (ML11171A311)
CVS-MV-03A,Reactor Coolant Filter A,CVS,Chemical and Volume Control System,Containment,Containment,,,,,False,True,2.3.2-5,,,,,,,,Containment,,,,DCD Tier 1 2.3.2-5 (ML11171A311)
CVS-MV-03B,Reactor Coolant Filter B,CVS,Chemical and Volume Control System,Containment,Containment,,,,,False,True,2.3.2-5,,,,,,,,Containment,,,,DCD Tier 1 2.3.2-5 (ML11171A311)
DOS-MP-01A,Diesel Fuel Oil Pump 1A (Motor),DOS,Standby Diesel Fuel Oil System,Diesel Generator Building and yard,Diesel Generator Building; Yard,,,,,False,True,2.3.3-1,,,,,,,,,,,Display=Yes (Run Status); Control Function=Start,DCD Tier 1 2.3.3-1 (ML11171A311)
DOS-MP-01B,Diesel Fuel Oil Pump 1B (Motor),DOS,Standby Diesel Fuel Oil System,Diesel Generator Building and yard,Diesel Generator Building; Yard,,,,,False,True,2.3.3-1,,,,,,,,,,,Display=Yes (Run Status); Control Function=Start,DCD Tier 1 2.3.3-1 (ML11171A311)
DOS-016A,Diesel Generator Fuel Oil Day Tank A Level,DOS,Standby Diesel Fuel Oil System,Diesel Generator Building and yard,Diesel Generator Building; Yard,,,,,False,True,2.3.3-1,,,,,,,,,,,Display=Yes; Control Function=-,DCD Tier 1 2.3.3-1 (ML11171A311)
DOS-016B,Diesel Generator Fuel Oil Day Tank B Level,DOS,Standby Diesel Fuel Oil System,Diesel Generator Building and yard,Diesel Generator Building; Yard,,,,,False,True,2.3.3-1,,,,,,,,,,,Display=Yes; Control Function=-,DCD Tier 1 2.3.3-1 (ML11171A311)
DOS-MS-01A,Diesel Oil Transfer Package A,DOS,Standby Diesel Fuel Oil System,Yard,Yard,,,,,False,True,2.3.3-3,,,,,,,,Yard,,,,DCD Tier 1 2.3.3-3 (ML11171A311)
DOS-MS-01B,Diesel Oil Transfer Package B,DOS,Standby Diesel Fuel Oil System,Yard,Yard,,,,,False,True,2.3.3-3,,,,,,,,Yard,,,,DCD Tier 1 2.3.3-3 (ML11171A311)
DOS-MT-01A,Fuel Oil Storage Tank A,DOS,Standby Diesel Fuel Oil System,Yard,Yard,,,,,False,True,2.3.3-3,,,,,,,,Yard,,,,DCD Tier 1 2.3.3-3 (ML11171A311)
DOS-MT-01B,Fuel Oil Storage Tank B,DOS,Standby Diesel Fuel Oil System,Yard,Yard,,,,,False,True,2.3.3-3,,,,,,,,Yard,,,,DCD Tier 1 2.3.3-3 (ML11171A311)
DOS-MT-02A,Diesel Generator A Fuel Oil Day Tank,DOS,Standby Diesel Fuel Oil System,Diesel Building,Diesel Generator Building,,,,,False,True,2.3.3-3,,,,,,,,Diesel Building,,,,DCD Tier 1 2.3.3-3 (ML11171A311)
DOS-MT-02B,Diesel Generator B Fuel Oil Day Tank,DOS,Standby Diesel Fuel Oil System,Diesel Building,Diesel Generator Building,,,,,False,True,2.3.3-3,,,,,,,,Diesel Building,,,,DCD Tier 1 2.3.3-3 (ML11171A311)
DOS-MT-03,Ancillary Diesel Fuel Oil Storage Tank,DOS,Standby Diesel Fuel Oil System,Annex Building,Annex Building,,,,,False,True,2.3.3-3,,,,,,,,Annex Building,,,,DCD Tier 1 2.3.3-3 (ML11171A311)
FPS-MP-01A,Motor-driven Fire Pump,FPS,Fire Protection System,Turbine Building,Turbine Building,,,,,False,True,2.3.4-1,,,,,,,,Turbine Building,,,Display=Yes (Run Status); Control Function=Start,DCD Tier 1 2.3.4-1 (ML11171A311)
FPS-MP-01B,Diesel-driven Fire Pump,FPS,Fire Protection System,Yard,Yard,,,,,False,True,2.3.4-1,,,,,,,,Yard,,,Display=Yes (Run Status); Control Function=Start,DCD Tier 1 2.3.4-1 (ML11171A311)
FPS-MP-02,Jockey Pump,FPS,Fire Protection System,Turbine Building,Turbine Building,,,,,False,True,2.3.4-1,,,,,,,,Turbine Building,,,Display=Yes (Run Status); Control Function=Start,DCD Tier 1 2.3.4-1 (ML11171A311)
FPS-MT-01A,Primary Fire Water Tank,FPS,Fire Protection System,Yard,Yard,,,,,False,True,2.3.4-3,,,,,,,,Yard,,,,DCD Tier 1 2.3.4-3 (ML11171A311)
FPS-MT-01B,Secondary Fire Water/Clearwell Storage Tank,FPS,Fire Protection System,Yard,Yard,,,,,False,True,2.3.4-3,,,,,,,,Yard,,,,DCD Tier 1 2.3.4-3 (ML11171A311)
FPS-MT-02,Fire Pump Diesel Fuel Day Tank,FPS,Fire Protection System,Yard,Yard,,,,,False,True,2.3.4-3,,,,,,,,Yard,,,,DCD Tier 1 2.3.4-3 (ML11171A311)
RNS-01A,RNS Flow Sensor,RNS,Normal Residual Heat Removal System,Containment and Auxiliary Building,Containment; Auxiliary Building,,,,,False,True,2.3.6-3,,,,,,,,,,,Display=Yes; Control Function=-,DCD Tier 1 2.3.6-3 (ML11171A311)
RNS-01B,RNS Flow Sensor,RNS,Normal Residual Heat Removal System,Containment and Auxiliary Building,Containment; Auxiliary Building,,,,,False,True,2.3.6-3,,,,,,,,,,,Display=Yes; Control Function=-,DCD Tier 1 2.3.6-3 (ML11171A311)
SFS-019A,Spent Fuel Pool Level Sensor,SFS,Spent Fuel Pool Cooling System,"Auxiliary Building, Containment",Containment; Auxiliary Building,,I,No,,False,True,2.3.7-1,No,Yes,Yes/No,-,-,Yes,-,,,-,,DCD Tier 1 2.3.7-1 (ML11171A311)
SFS-019B,Spent Fuel Pool Level Sensor,SFS,Spent Fuel Pool Cooling System,"Auxiliary Building, Containment",Containment; Auxiliary Building,,I,No,,False,True,2.3.7-1,No,Yes,Yes/No,-,-,Yes,-,,,-,,DCD Tier 1 2.3.7-1 (ML11171A311)
SFS-019C,Spent Fuel Pool Level Sensor,SFS,Spent Fuel Pool Cooling System,"Auxiliary Building, Containment",Containment; Auxiliary Building,,I,No,,False,True,2.3.7-1,No,Yes,Yes/No,-,-,Yes,-,,,-,,DCD Tier 1 2.3.7-1 (ML11171A311)
SFS-MP-01A,SFS Pump 1A,SFS,Spent Fuel Pool Cooling System,Auxiliary Building,Auxiliary Building,,,,,False,True,2.3.7-3,,,,,,,,Auxiliary Building,,,Display=Yes (Run Status); Control Function=Start,DCD Tier 1 2.3.7-3 (ML11171A311)
SFS-MP-01B,SFS Pump 1B,SFS,Spent Fuel Pool Cooling System,Auxiliary Building,Auxiliary Building,,,,,False,True,2.3.7-3,,,,,,,,Auxiliary Building,,,Display=Yes (Run Status); Control Function=Start,DCD Tier 1 2.3.7-3 (ML11171A311)
SFS-13A,SFS Flow Sensor,SFS,Spent Fuel Pool Cooling System,"Auxiliary Building, Containment",Containment; Auxiliary Building,,,,,False,True,2.3.7-3,,,,,,,,,,,Display=Yes; Control Function=-,DCD Tier 1 2.3.7-3 (ML11171A311)
SFS-13B,SFS Flow Sensor,SFS,Spent Fuel Pool Cooling System,"Auxiliary Building, Containment",Containment; Auxiliary Building,,,,,False,True,2.3.7-3,,,,,,,,,,,Display=Yes; Control Function=-,DCD Tier 1 2.3.7-3 (ML11171A311)
SFS-018,Spent Fuel Pool Temperature Sensor,SFS,Spent Fuel Pool Cooling System,"Auxiliary Building, Containment",Containment; Auxiliary Building,,,,,False,True,2.3.7-3,,,,,,,,,,,Display=Yes; Control Function=-,DCD Tier 1 2.3.7-3 (ML11171A311)
SFS-022,Cask Loading Pit Level Sensor,SFS,Spent Fuel Pool Cooling System,"Auxiliary Building, Containment",Containment; Auxiliary Building,,,,,False,True,2.3.7-3,,,,,,,,,,,Display=Yes; Control Function=-,DCD Tier 1 2.3.7-3 (ML11171A311)
SFS-ME-01A,SFS Heat Exchanger A,SFS,Spent Fuel Pool Cooling System,Auxiliary Building,Auxiliary Building,,,,,False,True,2.3.7-5,,,,,,,,Auxiliary Building,,,,DCD Tier 1 2.3.7-5 (ML11171A311)
SFS-ME-01B,SFS Heat Exchanger B,SFS,Spent Fuel Pool Cooling System,Auxiliary Building,Auxiliary Building,,,,,False,True,2.3.7-5,,,,,,,,Auxiliary Building,,,,DCD Tier 1 2.3.7-5 (ML11171A311)
SWS-MP-01A,Service Water Pump A (Motor),SWS,Service Water System,Turbine Building or yard,Turbine Building; Yard,,,,,False,True,2.3.8-1,,,,,,,,Turbine Building or yard,,,Display=Yes (Run Status); Control Function=Start,DCD Tier 1 2.3.8-1 (ML11171A311)
SWS-MP-01B,Service Water Pump B (Motor),SWS,Service Water System,Turbine Building or yard,Turbine Building; Yard,,,,,False,True,2.3.8-1,,,,,,,,Turbine Building or yard,,,Display=Yes (Run Status); Control Function=Start,DCD Tier 1 2.3.8-1 (ML11171A311)
SWS-MA-01A,Service Water Cooling Tower Fan A (Motor),SWS,Service Water System,Turbine Building and Yard,Turbine Building; Yard,,,,,False,True,2.3.8-1,,,,,,,,,,,Display=Yes (Run Status); Control Function=Start,DCD Tier 1 2.3.8-1 (ML11171A311)
SWS-MA-01B,Service Water Cooling Tower Fan B (Motor),SWS,Service Water System,Turbine Building and Yard,Turbine Building; Yard,,,,,False,True,2.3.8-1,,,,,,,,,,,Display=Yes (Run Status); Control Function=Start,DCD Tier 1 2.3.8-1 (ML11171A311)
SWS-004A,Service Water Pump 1A Flow Sensor,SWS,Service Water System,Turbine Building and Yard,Turbine Building; Yard,,,,,False,True,2.3.8-1,,,,,,,,,,,Display=Yes; Control Function=-,DCD Tier 1 2.3.8-1 (ML11171A311)
SWS-004B,Service Water Pump 1B Flow Sensor,SWS,Service Water System,Turbine Building and Yard,Turbine Building; Yard,,,,,False,True,2.3.8-1,,,,,,,,,,,Display=Yes; Control Function=-,DCD Tier 1 2.3.8-1 (ML11171A311)
SWS-PL-V002A,Service Water Pump A Discharge Valve,SWS,Service Water System,Turbine Building and Yard,Turbine Building; Yard,,,,,False,True,2.3.8-1,,,,,,,,,,,Display=Yes (Valve Position); Control Function=Open,DCD Tier 1 2.3.8-1 (ML11171A311)
SWS-PL-V002B,Service Water Pump B Discharge Valve,SWS,Service Water System,Turbine Building and Yard,Turbine Building; Yard,,,,,False,True,2.3.8-1,,,,,,,,,,,Display=Yes (Valve Position); Control Function=Open,DCD Tier 1 2.3.8-1 (ML11171A311)
SWS-005A,Service Water Pump A Discharge Temperature Sensor,SWS,Service Water System,Turbine Building and Yard,Turbine Building; Yard,,,,,False,True,2.3.8-1,,,,,,,,,,,Display=Yes; Control Function=-,DCD Tier 1 2.3.8-1 (ML11171A311)
SWS-005B,Service Water Pump B Discharge Temperature Sensor,SWS,Service Water System,Turbine Building and Yard,Turbine Building; Yard,,,,,False,True,2.3.8-1,,,,,,,,,,,Display=Yes; Control Function=-,DCD Tier 1 2.3.8-1 (ML11171A311)
SWS-009,Service Water Cooling Tower Basin Level,SWS,Service Water System,Turbine Building and Yard,Turbine Building; Yard,,,,,False,True,2.3.8-1,,,,,,,,,,,Display=Yes; Control Function=-,DCD Tier 1 2.3.8-1 (ML11171A311)
SWS-ME-01,Service Water Cooling Tower,SWS,Service Water System,Yard,Yard,,,,,False,True,2.3.8-3,,,,,,,,Yard,,,,DCD Tier 1 2.3.8-3 (ML11171A311)
VLS-001,,VLS,Containment Hydrogen Control System,Containment,Containment,,,,,False,True,2.3.9-1,,,,,,,,,,,Equipment=Containment Hydrogen Monitor; Display=Yes,DCD Tier 1 2.3.9-1 (ML11171A311)
VLS-002,,VLS,Containment Hydrogen Control System,Containment,Containment,,,,,False,True,2.3.9-1,,,,,,,,,,,Equipment=Containment Hydrogen Monitor; Display=Yes,DCD Tier 1 2.3.9-1 (ML11171A311)
VLS-003,,VLS,Containment Hydrogen Control System,Containment,Containment,,,,,False,True,2.3.9-1,,,,,,,,,,,Equipment=Containment Hydrogen Monitor; Display=Yes,DCD Tier 1 2.3.9-1 (ML11171A311)
WLS-LT-034,WLS Containment Sump Level Sensor,WLS,Liquid Radwaste System,"Containment, Auxiliary, and Radwaste Buildings",Containment; Auxiliary Building; Radwaste Building,,I,No,,False,True,2.3.10-1,No,Yes,No/No,No,-,No,,,,,,DCD Tier 1 2.3.10-1 (ML11171A311)
WLS-LT-035,WLS Containment Sump Level Sensor,WLS,Liquid Radwaste System,"Containment, Auxiliary, and Radwaste Buildings",Containment; Auxiliary Building; Radwaste Building,,I,No,,False,True,2.3.10-1,No,Yes,No/No,No,-,No,,,,,,DCD Tier 1 2.3.10-1 (ML11171A311)
WLS-LT-036,WLS Containment Sump Level Sensor,WLS,Liquid Radwaste System,"Containment, Auxiliary, and Radwaste Buildings",Containment; Auxiliary Building; Radwaste Building,,I,No,,False,True,2.3.10-1,No,Yes,No/No,No,-,No,,,,,,DCD Tier 1 2.3.10-1 (ML11171A311)
WLS-PL-V223,WLS Effluent Discharge Isolation Valve,WLS,Liquid Radwaste System,"Containment, Auxiliary, and Radwaste Buildings",Containment; Auxiliary Building; Radwaste Building,,,,,False,True,2.3.10-3,,,,,,,,,,,Display=-; Control Function=Close,DCD Tier 1 2.3.10-3 (ML11171A311)
WLS-JE-LT002,Reactor Coolant Drain Tank Level,WLS,Liquid Radwaste System,"Containment, Auxiliary, and Radwaste Buildings",Containment; Auxiliary Building; Radwaste Building,,,,,False,True,2.3.10-3,,,,,,,,,,,Display=Yes; Control Function=-,DCD Tier 1 2.3.10-3 (ML11171A311)
WLS-JE-FT020,Letdown Flow from CVS to WLS,WLS,Liquid Radwaste System,"Containment, Auxiliary, and Radwaste Buildings",Containment; Auxiliary Building; Radwaste Building,,,,,False,True,2.3.10-3,,,,,,,,,,,Display=Yes; Control Function=-,DCD Tier 1 2.3.10-3 (ML11171A311)
WLS-MT-01,WLS Reactor Coolant Drain Tank,WLS,Liquid Radwaste System,Containment,Containment,,,,,False,True,2.3.10-5,,,,,,,,Containment,,,,DCD Tier 1 2.3.10-5 (ML11171A311)
WLS-MT-02,WLS Containment Sump,WLS,Liquid Radwaste System,Containment,Containment,,,,,False,True,2.3.10-5,,,,,,,,Containment,,,,DCD Tier 1 2.3.10-5 (ML11171A311)
WLS-MV-01,WLS Degasifier Column,WLS,Liquid Radwaste System,Auxiliary Building,Auxiliary Building,,,,,False,True,2.3.10-5,,,,,,,,Auxiliary Building,,,,DCD Tier 1 2.3.10-5 (ML11171A311)
WLS-MT-05AWLS-MT-05B,WLS Effluent Holdup Tanks,WLS,Liquid Radwaste System,Auxiliary Building,Auxiliary Building,,,,,False,True,2.3.10-5,,,,,,,,Auxiliary Building,,,,DCD Tier 1 2.3.10-5 (ML11171A311)
WLS-MT-06AWLS-MT-06B,WLS Waste Holdup Tanks,WLS,Liquid Radwaste System,Auxiliary Building,Auxiliary Building,,,,,False,True,2.3.10-5,,,,,,,,Auxiliary Building,,,,DCD Tier 1 2.3.10-5 (ML11171A311)
WLS-MV-06,WLS Waste Pre-Filter,WLS,Liquid Radwaste System,Auxiliary Building,Auxiliary Building,,,,,False,True,2.3.10-5,,,,,,,,Auxiliary Building,,,,DCD Tier 1 2.3.10-5 (ML11171A311)
WLS-MV-03WLS-MV-04AWLS-MV-04BWLS-MV-04C,WLS Ion Exchangers,WLS,Liquid Radwaste System,Auxiliary Building,Auxiliary Building,,,,,False,True,2.3.10-5,,,,,,,,Auxiliary Building,,,,DCD Tier 1 2.3.10-5 (ML11171A311)
WLS-MV-07,WLS Waste After-Filter,WLS,Liquid Radwaste System,Auxiliary Building,Auxiliary Building,,,,,False,True,2.3.10-5,,,,,,,,Auxiliary Building,,,,DCD Tier 1 2.3.10-5 (ML11171A311)
WLS-MT-07AWLS-MT-07BWLS-MT-07C,WLS Monitor Tanks,WLS,Liquid Radwaste System,Auxiliary Building,Auxiliary Building,,,,,False,True,2.3.10-5,,,,,,,,Auxiliary Building,,,,DCD Tier 1 2.3.10-5 (ML11171A311)
WLS-MT-07DWLS-MT-07EWLS-MT-07F,,WLS,Liquid Radwaste System,Radwaste Building,Radwaste Building,,,,,False,True,2.3.10-5,,,,,,,,Radwaste Building,,,,DCD Tier 1 2.3.10-5 (ML11171A311)
WGS-MV-02A,WGS Activated Carbon Delay Bed A,WGS,Gaseous Radwaste System,Auxiliary Building,Auxiliary Building,,,,,False,True,2.3.11-1,,No(1),,,,,,Auxiliary Building,,,,DCD Tier 1 2.3.11-1 (ML11171A311)
WGS-MV-02B,WGS Activated Carbon Delay Bed B,WGS,Gaseous Radwaste System,Auxiliary Building,Auxiliary Building,,,,,False,True,2.3.11-1,,No(1),,,,,,Auxiliary Building,,,,DCD Tier 1 2.3.11-1 (ML11171A311)
WGS-PL-V051,WGS Discharge Isolation Valve,WGS,Gaseous Radwaste System,Auxiliary Building,Auxiliary Building,,,,,False,True,2.3.11-1,,No,,,,,,,,,,DCD Tier 1 2.3.11-1 (ML11171A311)
WGS-ME-01,WGS Gas Cooler,WGS,Gaseous Radwaste System,Auxiliary Building,Auxiliary Building,,,,,False,True,2.3.11-3,,,,,,,,Auxiliary Building,,,,DCD Tier 1 2.3.11-3 (ML11171A311)
WGS-MV-03,WGS Moisture Separator,WGS,Gaseous Radwaste System,Auxiliary Building,Auxiliary Building,,,,,False,True,2.3.11-3,,,,,,,,Auxiliary Building,,,,DCD Tier 1 2.3.11-3 (ML11171A311)
WSS-MV-01A,WSS Spent Resin Tank A,WSS,Solid Radwaste System,Auxiliary Building,Auxiliary Building,,,,,False,True,2.3.12-2,,,,,,,,Auxiliary Building,,,,DCD Tier 1 2.3.12-2 (ML11171A311)
WSS-MV-01B,WSS Spent Resin Tank B,WSS,Solid Radwaste System,Auxiliary Building,Auxiliary Building,,,,,False,True,2.3.12-2,,,,,,,,Auxiliary Building,,,,DCD Tier 1 2.3.12-2 (ML11171A311)
DWS-006,Condensate Storage Tank Water Level,DWS,Demineralized Water Transfer and Storage System,Various,Various,,,,,False,True,2.3.14-1,,,,,,,,,,,Display=Yes; Control Function=-,DCD Tier 1 2.3.14-1 (ML11171A311)
DWS-MS-01,Demineralizer Water Storage Tank Degasification System Package,DWS,Demineralized Water Transfer and Storage System,Annex Building,Annex Building,,,,,False,True,2.3.14-3,,,,,,,,Annex Building,,,,DCD Tier 1 2.3.14-3 (ML11171A311)
DWS-MS-02,Condensate Storage Tank Degasification System Package,DWS,Demineralized Water Transfer and Storage System,Turbine Building,Turbine Building,,,,,False,True,2.3.14-3,,,,,,,,Turbine Building,,,,DCD Tier 1 2.3.14-3 (ML11171A311)
DWS-MT-01,Demineralized Water Storage Tank,DWS,Demineralized Water Transfer and Storage System,Yard,Yard,,,,,False,True,2.3.14-3,,,,,,,,Yard,,,,DCD Tier 1 2.3.14-3 (ML11171A311)
DWS-MT-02,Condensate Storage Tank,DWS,Demineralized Water Transfer and Storage System,Yard,Yard,,,,,False,True,2.3.14-3,,,,,,,,Yard,,,,DCD Tier 1 2.3.14-3 (ML11171A311)
CAS-011,Instrument Air Pressure,CAS,Compressed and Instrument Air System,Various,Various,,,,,False,True,2.3.15-1,,,,,,,,,,,Display=Yes; Control Function=-,DCD Tier 1 2.3.15-1 (ML11171A311)
CAS-MS-01A,Instrument Air Compressor Package A,CAS,Compressed and Instrument Air System,Turbine Building,Turbine Building,,,,,False,True,2.3.15-3,,,,,,,,Turbine Building,,,,DCD Tier 1 2.3.15-3 (ML11171A311)
CAS-MS-01B,Instrument Air Compressor Package B,CAS,Compressed and Instrument Air System,Turbine Building,Turbine Building,,,,,False,True,2.3.15-3,,,,,,,,Turbine Building,,,,DCD Tier 1 2.3.15-3 (ML11171A311)
CAS-MS-02A,Instrument Air Dryer Package A,CAS,Compressed and Instrument Air System,Turbine Building,Turbine Building,,,,,False,True,2.3.15-3,,,,,,,,Turbine Building,,,,DCD Tier 1 2.3.15-3 (ML11171A311)
CAS-MS-02B,Instrument Air Dryer Package B,CAS,Compressed and Instrument Air System,Turbine Building,Turbine Building,,,,,False,True,2.3.15-3,,,,,,,,Turbine Building,,,,DCD Tier 1 2.3.15-3 (ML11171A311)
CAS-MS-03A,Service Air Compressor Package A,CAS,Compressed and Instrument Air System,Turbine Building,Turbine Building,,,,,False,True,2.3.15-3,,,,,,,,Turbine Building,,,,DCD Tier 1 2.3.15-3 (ML11171A311)
CAS-MS-03B,Service Air Compressor Package B,CAS,Compressed and Instrument Air System,Turbine Building,Turbine Building,,,,,False,True,2.3.15-3,,,,,,,,Turbine Building,,,,DCD Tier 1 2.3.15-3 (ML11171A311)
CAS-MS-04A,Service Air Dryer Package A,CAS,Compressed and Instrument Air System,Turbine Building,Turbine Building,,,,,False,True,2.3.15-3,,,,,,,,Turbine Building,,,,DCD Tier 1 2.3.15-3 (ML11171A311)
CAS-MS-04B,Service Air Dryer Package B,CAS,Compressed and Instrument Air System,Turbine Building,Turbine Building,,,,,False,True,2.3.15-3,,,,,,,,Turbine Building,,,,DCD Tier 1 2.3.15-3 (ML11171A311)
CAS-MS-05,High Pressure Air Compressor and Filter Package,CAS,Compressed and Instrument Air System,Turbine Building,Turbine Building,,,,,False,True,2.3.15-3,,,,,,,,Turbine Building,,,,DCD Tier 1 2.3.15-3 (ML11171A311)
CAS-MT-01A,Instrument Air Receiver A,CAS,Compressed and Instrument Air System,Turbine Building,Turbine Building,,,,,False,True,2.3.15-3,,,,,,,,Turbine Building,,,,DCD Tier 1 2.3.15-3 (ML11171A311)
CAS-MT-01B,Instrument Air Receiver B,CAS,Compressed and Instrument Air System,Turbine Building,Turbine Building,,,,,False,True,2.3.15-3,,,,,,,,Turbine Building,,,,DCD Tier 1 2.3.15-3 (ML11171A311)
CAS-MT-02,Service Air Receiver,CAS,Compressed and Instrument Air System,Turbine Building,Turbine Building,,,,,False,True,2.3.15-3,,,,,,,,Turbine Building,,,,DCD Tier 1 2.3.15-3 (ML11171A311)
FWS-PL-V013A,Startup Feedwater Pump A Isolation Valve,FWS,Main and Startup Feedwater System,Turbine Building,Turbine Building,,,,,False,True,2.4.1-1,,,,,,,,,,,Display=Yes (Valve Position); Control Function=Open,DCD Tier 1 2.4.1-1 (ML11171A312)
FWS-PL-V013B,Startup Feedwater Pump B Isolation Valve,FWS,Main and Startup Feedwater System,Turbine Building,Turbine Building,,,,,False,True,2.4.1-1,,,,,,,,,,,Display=Yes (Valve Position); Control Function=Open,DCD Tier 1 2.4.1-1 (ML11171A312)
MTS-MG-01,HP Turbine,MTS,Main Turbine System,Turbine Building,Turbine Building,,,,,False,True,2.4.2-2,,,,,,,,Turbine Building,,,,DCD Tier 1 2.4.2-2 (ML11171A312)
MTS-MG-02A,LP Turbine A,MTS,Main Turbine System,Turbine Building,Turbine Building,,,,,False,True,2.4.2-2,,,,,,,,Turbine Building,,,,DCD Tier 1 2.4.2-2 (ML11171A312)
MTS-MG-02B,LP Turbine B,MTS,Main Turbine System,Turbine Building,Turbine Building,,,,,False,True,2.4.2-2,,,,,,,,Turbine Building,,,,DCD Tier 1 2.4.2-2 (ML11171A312)
MTS-MG-02C,LP Turbine C,MTS,Main Turbine System,Turbine Building,Turbine Building,,,,,False,True,2.4.2-2,,,,,,,,Turbine Building,,,,DCD Tier 1 2.4.2-2 (ML11171A312)
GSS-ME-01,Gland Steam Condenser,GSS,Gland Seal System,Turbine Building,Turbine Building,,,,,False,True,2.4.2-2,,,,,,,,Turbine Building,,,,DCD Tier 1 2.4.2-2 (ML11171A312)
GSS-MA-01A,Gland Condenser Vapor Exhauster 1A,GSS,Gland Seal System,Turbine Building,Turbine Building,,,,,False,True,2.4.2-2,,,,,,,,Turbine Building,,,,DCD Tier 1 2.4.2-2 (ML11171A312)
GSS-MA-01B,Gland Condenser Vapor Exhauster 1B,GSS,Gland Seal System,Turbine Building,Turbine Building,,,,,False,True,2.4.2-2,,,,,,,,Turbine Building,,,,DCD Tier 1 2.4.2-2 (ML11171A312)
--,Electrical Overspeed Trip Device,,Main Turbine System,Turbine Building,Turbine Building,,,,,False,True,2.4.2-2,,,,,,,,Turbine Building,,,,DCD Tier 1 2.4.2-2 (ML11171A312)
CDS-056A,Condenser Backpressure,CDS,Condensate System,Turbine Building,Turbine Building,,,,,False,True,2.4.6-1,,,,,,,,,,,Display=Yes,DCD Tier 1 2.4.6-1 (ML11171A312)
CDS-056B,Condenser Backpressure,CDS,Condensate System,Turbine Building,Turbine Building,,,,,False,True,2.4.6-1,,,,,,,,,,,Display=Yes,DCD Tier 1 2.4.6-1 (ML11171A312)
CDS-056C,Condenser Backpressure,CDS,Condensate System,Turbine Building,Turbine Building,,,,,False,True,2.4.6-1,,,,,,,,,,,Display=Yes,DCD Tier 1 2.4.6-1 (ML11171A312)
DAS-JD-001,DAS Processor Cabinet 1,DAS,Diverse Actuation System,Annex Building,Annex Building,,,,,False,True,2.5.1-5,,,,,,,,Annex Building,,,,DCD Tier 1 2.5.1-5 (ML11171A313)
DAS-JD-002,DAS Processor Cabinet 2,DAS,Diverse Actuation System,Annex Building,Annex Building,,,,,False,True,2.5.1-5,,,,,,,,Annex Building,,,,DCD Tier 1 2.5.1-5 (ML11171A313)
DAS-JD-003,DAS Squib Valve Control Cabinet,DAS,Diverse Actuation System,Auxiliary Building,Auxiliary Building,,,,,False,True,2.5.1-5,,,,,,,,Auxiliary Building,,,,DCD Tier 1 2.5.1-5 (ML11171A313)
DAS-JD-004,DAS Instrument Cabinet,DAS,Diverse Actuation System,Auxiliary Building,Auxiliary Building,,,,,False,True,2.5.1-5,,,,,,,,Auxiliary Building,,,,DCD Tier 1 2.5.1-5 (ML11171A313)
ECS-ES-1,,ECS,Electrical Distribution System,Annex Building,Annex Building,,,,,False,True,2.6.1-3,,,,,,,,Annex Building,,,"Equipment=6900 V Switchgear Bus 1; Display=Yes (Bus voltage, breaker position for all breakers on bus); Control Function=Yes (Breaker open/close)",DCD Tier 1 2.6.1-3 (ML11171A314)
ECS-ES-2,,ECS,Electrical Distribution System,Annex Building,Annex Building,,,,,False,True,2.6.1-3,,,,,,,,Annex Building,,,"Equipment=6900 V Switchgear Bus 2; Display=Yes (Bus voltage, breaker position for all breakers on bus); Control Function=Yes (Breaker open/close)",DCD Tier 1 2.6.1-3 (ML11171A314)
ZAS-ET-2A,,ZAS,Main Generation System,Yard,Yard,,,,,False,True,2.6.1-3,,,,,,,,Yard,,,Equipment=Unit Auxiliary Transformer A; Display=Yes (Secondary Voltage); Control Function=No,DCD Tier 1 2.6.1-3 (ML11171A314)
ZAS-ET-2B,,ZAS,Main Generation System,Yard,Yard,,,,,False,True,2.6.1-3,,,,,,,,Yard,,,Equipment=Unit Auxiliary Transformer B; Display=Yes (Secondary Voltage); Control Function=No,DCD Tier 1 2.6.1-3 (ML11171A314)
ZAS-ET-4A,,ZAS,Main Generation System,Yard,Yard,,,,,False,True,2.6.1-3,,,,,,,,Yard,,,Equipment=Reserve Auxiliary Transformer A; Display=Yes (Secondary Voltage); Control Function=No,DCD Tier 1 2.6.1-3 (ML11171A314)
ZAS-ET-4B,,ZAS,Main Generation System,Yard,Yard,,,,,False,True,2.6.1-3,,,,,,,,Yard,,,Equipment=Reserve Auxiliary Transformer B; Display=Yes (Secondary Voltage); Control Function=No,DCD Tier 1 2.6.1-3 (ML11171A314)
ECS-ES-3,6900 V Switchgear Bus 3,ECS,Electrical Distribution System,Turbine Building,Turbine Building,,,,,False,True,2.6.1-5,,,,,,,,Turbine Building,,,,DCD Tier 1 2.6.1-5 (ML11171A314)
ECS-ES-4,6900 V Switchgear Bus 4,ECS,Electrical Distribution System,Turbine Building,Turbine Building,,,,,False,True,2.6.1-5,,,,,,,,Turbine Building,,,,DCD Tier 1 2.6.1-5 (ML11171A314)
ECS-ES-5,6900 V Switchgear Bus 5,ECS,Electrical Distribution System,Turbine Building,Turbine Building,,,,,False,True,2.6.1-5,,,,,,,,Turbine Building,,,,DCD Tier 1 2.6.1-5 (ML11171A314)
ECS-ES-6,6900 V Switchgear Bus 6,ECS,Electrical Distribution System,Turbine Building,Turbine Building,,,,,False,True,2.6.1-5,,,,,,,,Turbine Building,,,,DCD Tier 1 2.6.1-5 (ML11171A314)
ZAS-MG-01,Main Generator,ZAS,Main Generation System,Turbine Building,Turbine Building,,,,,False,True,2.6.1-5,,,,,,,,Turbine Building,,,,DCD Tier 1 2.6.1-5 (ML11171A314)
ZAS-ES-01,Generator Circuit Breaker,ZAS,Main Generation System,Turbine Building,Turbine Building,,,,,False,True,2.6.1-5,,,,,,,,Turbine Building,,,,DCD Tier 1 2.6.1-5 (ML11171A314)
ZAS-ET-1A,Main Step-up Transformer,ZAS,Main Generation System,Yard,Yard,,,,,False,True,2.6.1-5,,,,,,,,Yard,,,,DCD Tier 1 2.6.1-5 (ML11171A314)
ZAS-ET-1B,Main Step-up Transformer,ZAS,Main Generation System,Yard,Yard,,,,,False,True,2.6.1-5,,,,,,,,Yard,,,,DCD Tier 1 2.6.1-5 (ML11171A314)
ZAS-ET-1C,Main Step-up Transformer,ZAS,Main Generation System,Yard,Yard,,,,,False,True,2.6.1-5,,,,,,,,Yard,,,,DCD Tier 1 2.6.1-5 (ML11171A314)
ECS-MG-01,Ancillary Diesel Generator #1,ECS,Electrical Distribution System,Annex Building,Annex Building,,,,,False,True,2.6.1-5,,,,,,,,Annex Building,,,,DCD Tier 1 2.6.1-5 (ML11171A314)
ECS-MG-02,Ancillary Diesel Generator #2,ECS,Electrical Distribution System,Annex Building,Annex Building,,,,,False,True,2.6.1-5,,,,,,,,Annex Building,,,,DCD Tier 1 2.6.1-5 (ML11171A314)
ECS-ED-01,Ancillary Diesel Generator Distribution Panel 1,ECS,Electrical Distribution System,Annex Building,Annex Building,,,,,False,True,2.6.1-5,,,,,,,,Annex Building,,,,DCD Tier 1 2.6.1-5 (ML11171A314)
ECS-ED-02,Ancillary Diesel Generator Distribution Panel 1,ECS,Electrical Distribution System,Annex Building,Annex Building,,,,,False,True,2.6.1-5,,,,,,,,Annex Building,,,,DCD Tier 1 2.6.1-5 (ML11171A314)
EDS1-DB-1,Load Group 1 Battery,EDS,Non-Class 1E DC and UPS System,Annex Building,Annex Building,,,,,False,True,2.6.2-2,,,,,,,,Annex Building,,,,DCD Tier 1 2.6.2-2 (ML11171A314)
EDS2-DB-1,Load Group 2 Battery,EDS,Non-Class 1E DC and UPS System,Annex Building,Annex Building,,,,,False,True,2.6.2-2,,,,,,,,Annex Building,,,,DCD Tier 1 2.6.2-2 (ML11171A314)
EDS3-DB-1,Load Group 3 Battery,EDS,Non-Class 1E DC and UPS System,Annex Building,Annex Building,,,,,False,True,2.6.2-2,,,,,,,,Annex Building,,,,DCD Tier 1 2.6.2-2 (ML11171A314)
EDS4-DB-1,Load Group 4 Battery,EDS,Non-Class 1E DC and UPS System,Annex Building,Annex Building,,,,,False,True,2.6.2-2,,,,,,,,Annex Building,,,,DCD Tier 1 2.6.2-2 (ML11171A314)
EDS1-DC-1,Load Group 1 Battery Charger,EDS,Non-Class 1E DC and UPS System,Annex Building,Annex Building,,,,,False,True,2.6.2-2,,,,,,,,Annex Building,,,,DCD Tier 1 2.6.2-2 (ML11171A314)
EDS2-DC-1,Load Group 2 Battery Charger,EDS,Non-Class 1E DC and UPS System,Annex Building,Annex Building,,,,,False,True,2.6.2-2,,,,,,,,Annex Building,,,,DCD Tier 1 2.6.2-2 (ML11171A314)
EDS3-DC-1,Load Group 3 Battery Charger,EDS,Non-Class 1E DC and UPS System,Annex Building,Annex Building,,,,,False,True,2.6.2-2,,,,,,,,Annex Building,,,,DCD Tier 1 2.6.2-2 (ML11171A314)
EDS4-DC-1,Load Group 4 Battery Charger,EDS,Non-Class 1E DC and UPS System,Annex Building,Annex Building,,,,,False,True,2.6.2-2,,,,,,,,Annex Building,,,,DCD Tier 1 2.6.2-2 (ML11171A314)
EDS1-DS-1,Load Group 1 125 Vdc Switchboard,EDS,Non-Class 1E DC and UPS System,Annex Building,Annex Building,,,,,False,True,2.6.2-2,,,,,,,,Annex Building,,,,DCD Tier 1 2.6.2-2 (ML11171A314)
EDS1-DS-11,Load Group 1 125 Vdc Switchboard,EDS,Non-Class 1E DC and UPS System,Annex Building,Annex Building,,,,,False,True,2.6.2-2,,,,,,,,Annex Building,,,,DCD Tier 1 2.6.2-2 (ML11171A314)
EDS2-DS-1,Load Group 2 125 Vdc Switchboard,EDS,Non-Class 1E DC and UPS System,Annex Building,Annex Building,,,,,False,True,2.6.2-2,,,,,,,,Annex Building,,,,DCD Tier 1 2.6.2-2 (ML11171A314)
EDS2-DS-11,Load Group 2 125 Vdc Switchboard,EDS,Non-Class 1E DC and UPS System,Annex Building,Annex Building,,,,,False,True,2.6.2-2,,,,,,,,Annex Building,,,,DCD Tier 1 2.6.2-2 (ML11171A314)
EDS3-DS-1,Load Group 3 125 Vdc Switchboard,EDS,Non-Class 1E DC and UPS System,Annex Building,Annex Building,,,,,False,True,2.6.2-2,,,,,,,,Annex Building,,,,DCD Tier 1 2.6.2-2 (ML11171A314)
EDS3-DS-11,Load Group 3 125 Vdc Switchboard,EDS,Non-Class 1E DC and UPS System,Annex Building,Annex Building,,,,,False,True,2.6.2-2,,,,,,,,Annex Building,,,,DCD Tier 1 2.6.2-2 (ML11171A314)
EDS4-DS-1,Load Group 4 125 Vdc Switchboard,EDS,Non-Class 1E DC and UPS System,Annex Building,Annex Building,,,,,False,True,2.6.2-2,,,,,,,,Annex Building,,,,DCD Tier 1 2.6.2-2 (ML11171A314)
EDS4-DS-11,Load Group 4 125 Vdc Switchboard,EDS,Non-Class 1E DC and UPS System,Annex Building,Annex Building,,,,,False,True,2.6.2-2,,,,,,,,Annex Building,,,,DCD Tier 1 2.6.2-2 (ML11171A314)
EDS1-DU-1,Load Group 1 Inverter,EDS,Non-Class 1E DC and UPS System,Annex Building,Annex Building,,,,,False,True,2.6.2-2,,,,,,,,Annex Building,,,,DCD Tier 1 2.6.2-2 (ML11171A314)
EDS2-DU-1,Load Group 2 Inverter,EDS,Non-Class 1E DC and UPS System,Annex Building,Annex Building,,,,,False,True,2.6.2-2,,,,,,,,Annex Building,,,,DCD Tier 1 2.6.2-2 (ML11171A314)
EDS3-DU-1,Load Group 3 Inverter,EDS,Non-Class 1E DC and UPS System,Annex Building,Annex Building,,,,,False,True,2.6.2-2,,,,,,,,Annex Building,,,,DCD Tier 1 2.6.2-2 (ML11171A314)
EDS4-DU-1,Load Group 4 Inverter,EDS,Non-Class 1E DC and UPS System,Annex Building,Annex Building,,,,,False,True,2.6.2-2,,,,,,,,Annex Building,,,,DCD Tier 1 2.6.2-2 (ML11171A314)
IDSA-DB-1,Division A 250 Vdc 24-Hour Battery Bank,IDS,Class 1E DC and UPS System,Auxiliary Building,Auxiliary Building,,I,,,False,True,2.6.3-1,,Yes,Yes/No,,,No,,Auxiliary Building,,,,DCD Tier 1 2.6.3-1 (ML11171A314)
IDSB-DB-1,Division B 250 Vdc 24-Hour Battery Bank 1,IDS,Class 1E DC and UPS System,Auxiliary Building,Auxiliary Building,,I,,,False,True,2.6.3-1,,Yes,Yes/No,,,No,,Auxiliary Building,,,,DCD Tier 1 2.6.3-1 (ML11171A314)
IDSB-DB-2,Division B 250 Vdc 72-Hour Battery Bank 2,IDS,Class 1E DC and UPS System,Auxiliary Building,Auxiliary Building,,I,,,False,True,2.6.3-1,,Yes,Yes/No,,,No,,Auxiliary Building,,,,DCD Tier 1 2.6.3-1 (ML11171A314)
IDSC-DB-1,Division C 250 Vdc 24-Hour Battery Bank 1,IDS,Class 1E DC and UPS System,Auxiliary Building,Auxiliary Building,,I,,,False,True,2.6.3-1,,Yes,Yes/No,,,No,,Auxiliary Building,,,,DCD Tier 1 2.6.3-1 (ML11171A314)
IDSC-DB-2,Division C 250 Vdc 72-Hour Battery Bank 2,IDS,Class 1E DC and UPS System,Auxiliary Building,Auxiliary Building,,I,,,False,True,2.6.3-1,,Yes,Yes/No,,,No,,Auxiliary Building,,,,DCD Tier 1 2.6.3-1 (ML11171A314)
IDSD-DB-1,Division D 250 Vdc 24-Hour Battery Bank,IDS,Class 1E DC and UPS System,Auxiliary Building,Auxiliary Building,,I,,,False,True,2.6.3-1,,Yes,Yes/No,,,No,,Auxiliary Building,,,,DCD Tier 1 2.6.3-1 (ML11171A314)
IDSS-DB-1,Spare 250 Vdc Battery Bank,IDS,Class 1E DC and UPS System,Auxiliary Building,Auxiliary Building,,I,,,False,True,2.6.3-1,,Yes,Yes/No,,,No,,Auxiliary Building,,,,DCD Tier 1 2.6.3-1 (ML11171A314)
IDSA-DC-1,Division A 24-Hour Battery Charger 1,IDS,Class 1E DC and UPS System,Auxiliary Building,Auxiliary Building,,I,,,False,True,2.6.3-1,,Yes,Yes/No,,,No,,Auxiliary Building,,,"Equipment=Division A Battery Charger; Display/Status Indication=Yes (Charger Output Current, Charger Trouble(1))",DCD Tier 1 2.6.3-1 (ML11171A314)
IDSB-DC-1,Division B 24-Hour Battery Charger 1,IDS,Class 1E DC and UPS System,Auxiliary Building,Auxiliary Building,,I,,,False,True,2.6.3-1,,Yes,Yes/No,,,No,,Auxiliary Building,,,"Equipment=Division B 24-Hour Battery Charger; Display/Status Indication=Yes (Charger Output Current, Charger Trouble(1))",DCD Tier 1 2.6.3-1 (ML11171A314)
IDSB-DC-2,Division B 72-Hour Battery Charger 2,IDS,Class 1E DC and UPS System,Auxiliary Building,Auxiliary Building,,I,,,False,True,2.6.3-1,,Yes,Yes/No,,,No,,Auxiliary Building,,,"Equipment=Division B 72-Hour Battery Charger; Display/Status Indication=Yes (Charger Output Current, Charger Trouble(1))",DCD Tier 1 2.6.3-1 (ML11171A314)
IDSC-DC-1,Division C 24-Hour Battery Charger 1,IDS,Class 1E DC and UPS System,Auxiliary Building,Auxiliary Building,,I,,,False,True,2.6.3-1,,Yes,Yes/No,,,No,,Auxiliary Building,,,"Equipment=Division C 24-Hour Battery Charger; Display/Status Indication=Yes (Charger Output Current, Charger Trouble(1))",DCD Tier 1 2.6.3-1 (ML11171A314)
IDSC-DC-2,Division C 72-Hour Battery Charger 2,IDS,Class 1E DC and UPS System,Auxiliary Building,Auxiliary Building,,I,,,False,True,2.6.3-1,,Yes,Yes/No,,,No,,Auxiliary Building,,,"Equipment=Division C 72-Hour Battery Charger; Display/Status Indication=Yes (Charger Output Current, Charger Trouble(1))",DCD Tier 1 2.6.3-1 (ML11171A314)
IDSD-DC-1,Division D 24-Hour Battery Charger 1,IDS,Class 1E DC and UPS System,Auxiliary Building,Auxiliary Building,,I,,,False,True,2.6.3-1,,Yes,Yes/No,,,No,,Auxiliary Building,,,"Equipment=Division D Battery Charger; Display/Status Indication=Yes (Charger Output Current, Charger Trouble(1))",DCD Tier 1 2.6.3-1 (ML11171A314)
IDSS-DC-1,Spare Battery Charger 1,IDS,Class 1E DC and UPS System,Auxiliary Building,Auxiliary Building,,I,,,False,True,2.6.3-1,,Yes,Yes/No,,,No,,Auxiliary Building,,,,DCD Tier 1 2.6.3-1 (ML11171A314)
IDSA-DD-1,Division A 250 Vdc Distribution Panel,IDS,Class 1E DC and UPS System,Auxiliary Building,Auxiliary Building,,I,,,False,True,2.6.3-1,,Yes,Yes/No,,,No,,Auxiliary Building,,,,DCD Tier 1 2.6.3-1 (ML11171A314)
IDSB-DD-1,Division B 250 Vdc Distribution Panel,IDS,Class 1E DC and UPS System,Auxiliary Building,Auxiliary Building,,I,,,False,True,2.6.3-1,,Yes,Yes/No,,,No,,Auxiliary Building,,,,DCD Tier 1 2.6.3-1 (ML11171A314)
IDSC-DD-1,Division C 250 Vdc Distribution Panel,IDS,Class 1E DC and UPS System,,,,I,,,False,True,2.6.3-1,,Yes,Yes/No,,,No,,,,,,DCD Tier 1 2.6.3-1 (ML11171A314)
IDSD-DD-1,Division D 250 Vdc Distribution Panel,IDS,Class 1E DC and UPS System,Auxiliary Building,Auxiliary Building,,I,,,False,True,2.6.3-1,,Yes,Yes/No,,,No,,Auxiliary Building,,,,DCD Tier 1 2.6.3-1 (ML11171A314)
IDSA-EA-1,Division A 120 Vac Distribution Panel 1,IDS,Class 1E DC and UPS System,Auxiliary Building,Auxiliary Building,,I,,,False,True,2.6.3-1,,Yes,Yes/No,,,No,,Auxiliary Building,,,,DCD Tier 1 2.6.3-1 (ML11171A314)
IDSA-EA-2,Division A 120 Vac Distribution Panel 2,IDS,Class 1E DC and UPS System,Auxiliary Building,Auxiliary Building,,I,,,False,True,2.6.3-1,,Yes,Yes/No,,,No,,Auxiliary Building,,,,DCD Tier 1 2.6.3-1 (ML11171A314)
IDSB-EA-1,Division B 120 Vac Distribution Panel 1,IDS,Class 1E DC and UPS System,Auxiliary Building,Auxiliary Building,,I,,,False,True,2.6.3-1,,Yes,Yes/No,,,No,,Auxiliary Building,,,,DCD Tier 1 2.6.3-1 (ML11171A314)
IDSB-EA-2,Division B 120 Vac Distribution Panel 2,IDS,Class 1E DC and UPS System,Auxiliary Building,Auxiliary Building,,I,,,False,True,2.6.3-1,,Yes,Yes/No,,,No,,Auxiliary Building,,,,DCD Tier 1 2.6.3-1 (ML11171A314)
IDSB-EA-3,Division B 120 Vac Distribution Panel 3,IDS,Class 1E DC and UPS System,Auxiliary Building,Auxiliary Building,,I,,,False,True,2.6.3-1,,Yes,Yes/No,,,No,,Auxiliary Building,,,,DCD Tier 1 2.6.3-1 (ML11171A314)
IDSC-EA-1,Division C 120 Vac Distribution Panel 1,IDS,Class 1E DC and UPS System,Auxiliary Building,Auxiliary Building,,I,,,False,True,2.6.3-1,,Yes,Yes/No,,,No,,Auxiliary Building,,,,DCD Tier 1 2.6.3-1 (ML11171A314)
IDSC-EA-2,Division C 120 Vac Distribution Panel 2,IDS,Class 1E DC and UPS System,Auxiliary Building,Auxiliary Building,,I,,,False,True,2.6.3-1,,Yes,Yes/No,,,No,,Auxiliary Building,,,,DCD Tier 1 2.6.3-1 (ML11171A314)
IDSC-EA-3,Division C 120 Vac Distribution Panel 3,IDS,Class 1E DC and UPS System,Auxiliary Building,Auxiliary Building,,I,,,False,True,2.6.3-1,,Yes,Yes/No,,,No,,Auxiliary Building,,,,DCD Tier 1 2.6.3-1 (ML11171A314)
IDSD-EA-1,Division D 120 Vac Distribution Panel 1,IDS,Class 1E DC and UPS System,Auxiliary Building,Auxiliary Building,,I,,,False,True,2.6.3-1,,Yes,Yes/No,,,No,,Auxiliary Building,,,,DCD Tier 1 2.6.3-1 (ML11171A314)
IDSD-EA-2,Division D 120 Vac Distribution Panel 2,IDS,Class 1E DC and UPS System,Auxiliary Building,Auxiliary Building,,I,,,False,True,2.6.3-1,,Yes,Yes/No,,,No,,Auxiliary Building,,,,DCD Tier 1 2.6.3-1 (ML11171A314)
IDSA-EA-4,Division A Fuse Panel 4,IDS,Class 1E DC and UPS System,Auxiliary Building,Auxiliary Building,,I,,,False,True,2.6.3-1,,Yes,Yes/No,,,No,,Auxiliary Building,,,,DCD Tier 1 2.6.3-1 (ML11171A314)
IDSB-EA-4,Division B Fuse Panel 4,IDS,Class 1E DC and UPS System,Auxiliary Building,Auxiliary Building,,I,,,False,True,2.6.3-1,,Yes,Yes/No,,,No,,Auxiliary Building,,,,DCD Tier 1 2.6.3-1 (ML11171A314)
IDSB-EA-5,Division B Fuse Panel 5,IDS,Class 1E DC and UPS System,Auxiliary Building,Auxiliary Building,,I,,,False,True,2.6.3-1,,Yes,Yes/No,,,No,,Auxiliary Building,,,,DCD Tier 1 2.6.3-1 (ML11171A314)
IDSB-EA-6,Division B Fuse Panel 6,IDS,Class 1E DC and UPS System,Auxiliary Building,Auxiliary Building,,I,,,False,True,2.6.3-1,,Yes,Yes/No,,,No,,Auxiliary Building,,,,DCD Tier 1 2.6.3-1 (ML11171A314)
IDSC-EA-4,Division C Fuse Panel 4,IDS,Class 1E DC and UPS System,Auxiliary Building,Auxiliary Building,,I,,,False,True,2.6.3-1,,Yes,Yes/No,,,No,,Auxiliary Building,,,,DCD Tier 1 2.6.3-1 (ML11171A314)
IDSC-EA-5,Division C Fuse Panel 5,IDS,Class 1E DC and UPS System,Auxiliary Building,Auxiliary Building,,I,,,False,True,2.6.3-1,,Yes,Yes/No,,,No,,Auxiliary Building,,,,DCD Tier 1 2.6.3-1 (ML11171A314)
IDSC-EA-6,Division C Fuse Panel 6,IDS,Class 1E DC and UPS System,Auxiliary Building,Auxiliary Building,,I,,,False,True,2.6.3-1,,Yes,Yes/No,,,No,,Auxiliary Building,,,,DCD Tier 1 2.6.3-1 (ML11171A314)
IDSD-EA-4,Division D Fuse Panel 4,IDS,Class 1E DC and UPS System,Auxiliary Building,Auxiliary Building,,I,,,False,True,2.6.3-1,,Yes,Yes/No,,,No,,Auxiliary Building,,,,DCD Tier 1 2.6.3-1 (ML11171A314)
IDSA-DF-1,Division A Fused Transfer Switch Box 1,IDS,Class 1E DC and UPS System,Auxiliary Building,Auxiliary Building,,I,,,False,True,2.6.3-1,,Yes,Yes/No,,,No,,Auxiliary Building,,,"Equipment=Division A Fused Transfer Switch Box; Display/Status Indication=Yes (Battery Current, Battery Disconnect Switch Position)",DCD Tier 1 2.6.3-1 (ML11171A314)
IDSB-DF-1,Division B Fused Transfer Switch Box 1,IDS,Class 1E DC and UPS System,Auxiliary Building,Auxiliary Building,,I,,,False,True,2.6.3-1,,Yes,Yes/No,,,No,,Auxiliary Building,,,"Equipment=Division B 24-Hour Fused Transfer Switch Box; Display/Status Indication=Yes (Battery Current, Battery Disconnect Switch Position)",DCD Tier 1 2.6.3-1 (ML11171A314)
IDSB-DF-2,Division B Fused Transfer Switch Box 2,IDS,Class 1E DC and UPS System,Auxiliary Building,Auxiliary Building,,I,,,False,True,2.6.3-1,,Yes,Yes/No,,,No,,Auxiliary Building,,,"Equipment=Division B 72-Hour Fused Transfer Switch Box; Display/Status Indication=Yes (Battery Current, Battery Disconnect Switch Position)",DCD Tier 1 2.6.3-1 (ML11171A314)
IDSC-DF-1,Division C Fused Transfer Switch Box 1,IDS,Class 1E DC and UPS System,Auxiliary Building,Auxiliary Building,,I,,,False,True,2.6.3-1,,Yes,Yes/No,,,No,,Auxiliary Building,,,"Equipment=Division C 24-Hour Fused Transfer Switch Box; Display/Status Indication=Yes (Battery Current, Battery Disconnect Switch Position)",DCD Tier 1 2.6.3-1 (ML11171A314)
IDSC-DF-2,Division C Fused Transfer Switch Box 2,IDS,Class 1E DC and UPS System,Auxiliary Building,Auxiliary Building,,I,,,False,True,2.6.3-1,,Yes,Yes/No,,,No,,Auxiliary Building,,,"Equipment=Division C 72-Hour Fused Transfer Switch Box; Display/Status Indication=Yes (Battery Current, Battery Disconnect Switch Position)",DCD Tier 1 2.6.3-1 (ML11171A314)
IDSD-DF-1,Division D Fused Transfer Switch Box 1,IDS,Class 1E DC and UPS System,Auxiliary Building,Auxiliary Building,,I,,,False,True,2.6.3-1,,Yes,Yes/No,,,No,,Auxiliary Building,,,"Equipment=Division D Fused Transfer Switch Box; Display/Status Indication=Yes (Battery Current, Battery Disconnect Switch Position)",DCD Tier 1 2.6.3-1 (ML11171A314)
IDSS-DF-1,Spare Fused Transfer Switch Box 1,IDS,Class 1E DC and UPS System,Auxiliary Building,Auxiliary Building,,I,,,False,True,2.6.3-1,,Yes,Yes/No,,,No,,Auxiliary Building,,,,DCD Tier 1 2.6.3-1 (ML11171A314)
IDSS-SW-1,Spare Battery 125/250 Vdc Disconnect Switch,IDS,Class 1E DC and UPS System,Auxiliary Building,Auxiliary Building,,I,,,False,True,2.6.3-1,,Yes,Yes/No,,,No,,Auxiliary Building,,,,DCD Tier 1 2.6.3-1 (ML11171A314)
IDSA-DK-1,Division A 250 Vdc MCC,IDS,Class 1E DC and UPS System,Auxiliary Building,Auxiliary Building,,I,,,False,True,2.6.3-1,,Yes,Yes/No,,,No,,Auxiliary Building,,,,DCD Tier 1 2.6.3-1 (ML11171A314)
IDSB-DK-1,Division B 250 Vdc MCC,IDS,Class 1E DC and UPS System,Auxiliary Building,Auxiliary Building,,I,,,False,True,2.6.3-1,,Yes,Yes/No,,,No,,Auxiliary Building,,,,DCD Tier 1 2.6.3-1 (ML11171A314)
IDSC-DK-1,Division C 250 Vdc MCC,IDS,Class 1E DC and UPS System,Auxiliary Building,Auxiliary Building,,I,,,False,True,2.6.3-1,,Yes,Yes/No,,,No,,Auxiliary Building,,,,DCD Tier 1 2.6.3-1 (ML11171A314)
IDSD-DK-1,Division D 250 Vdc MCC,IDS,Class 1E DC and UPS System,Auxiliary Building,Auxiliary Building,,I,,,False,True,2.6.3-1,,Yes,Yes/No,,,No,,Auxiliary Building,,,,DCD Tier 1 2.6.3-1 (ML11171A314)
IDSA-DS-1,Division A 250 Vdc Switchboard 1,IDS,Class 1E DC and UPS System,Auxiliary Building,Auxiliary Building,,I,,,False,True,2.6.3-1,,Yes,Yes/No,,,Yes (Bus Voltage),,Auxiliary Building,,,,DCD Tier 1 2.6.3-1 (ML11171A314)
IDSB-DS-1,Division B 250 Vdc Switchboard 1,IDS,Class 1E DC and UPS System,Auxiliary Building,Auxiliary Building,,I,,,False,True,2.6.3-1,,Yes,Yes/No,,,Yes (Bus Voltage),,Auxiliary Building,,,,DCD Tier 1 2.6.3-1 (ML11171A314)
IDSB-DS-2,Division B 250 Vdc Switchboard 2,IDS,Class 1E DC and UPS System,Auxiliary Building,Auxiliary Building,,I,,,False,True,2.6.3-1,,Yes,Yes/No,,,Yes (Bus Voltage),,Auxiliary Building,,,,DCD Tier 1 2.6.3-1 (ML11171A314)
IDSC-DS-1,Division C 250 Vdc Switchboard 1,IDS,Class 1E DC and UPS System,Auxiliary Building,Auxiliary Building,,I,,,False,True,2.6.3-1,,Yes,Yes/No,,,Yes (Bus Voltage),,Auxiliary Building,,,,DCD Tier 1 2.6.3-1 (ML11171A314)
IDSC-DS-2,Division C 250 Vdc Switchboard 2,IDS,Class 1E DC and UPS System,Auxiliary Building,Auxiliary Building,,I,,,False,True,2.6.3-1,,Yes,Yes/No,,,Yes (Bus Voltage),,Auxiliary Building,,,,DCD Tier 1 2.6.3-1 (ML11171A314)
IDSD-DS-1,Division D 250 Vdc Switchboard 1,IDS,Class 1E DC and UPS System,Auxiliary Building,Auxiliary Building,,I,,,False,True,2.6.3-1,,Yes,Yes/No,,,Yes (Bus Voltage),,Auxiliary Building,,,,DCD Tier 1 2.6.3-1 (ML11171A314)
IDSA-DT-1,Division A Regulating Transformer,IDS,Class 1E DC and UPS System,Auxiliary Building,Auxiliary Building,,I,,,False,True,2.6.3-1,,Yes,Yes/No,,,No,,Auxiliary Building,,,,DCD Tier 1 2.6.3-1 (ML11171A314)
IDSB-DT-1,Division B Regulating Transformer,IDS,Class 1E DC and UPS System,Auxiliary Building,Auxiliary Building,,I,,,False,True,2.6.3-1,,Yes,Yes/No,,,No,,Auxiliary Building,,,,DCD Tier 1 2.6.3-1 (ML11171A314)
IDSC-DT-1,Division C Regulating Transformer,IDS,Class 1E DC and UPS System,Auxiliary Building,Auxiliary Building,,I,,,False,True,2.6.3-1,,Yes,Yes/No,,,No,,Auxiliary Building,,,,DCD Tier 1 2.6.3-1 (ML11171A314)
IDSD-DT-1,Division D Regulating Transformer,IDS,Class 1E DC and UPS System,Auxiliary Building,Auxiliary Building,,I,,,False,True,2.6.3-1,,Yes,Yes/No,,,No,,Auxiliary Building,,,,DCD Tier 1 2.6.3-1 (ML11171A314)
IDSA-DU-1,Division A 24-Hour Inverter 1,IDS,Class 1E DC and UPS System,Auxiliary Building,Auxiliary Building,,I,,,False,True,2.6.3-1,,Yes,Yes/No,,,No,,Auxiliary Building,,,,DCD Tier 1 2.6.3-1 (ML11171A314)
IDSB-DU-1,Division B 24-Hour Inverter 1,IDS,Class 1E DC and UPS System,Auxiliary Building,Auxiliary Building,,I,,,False,True,2.6.3-1,,Yes,Yes/No,,,No,,Auxiliary Building,,,,DCD Tier 1 2.6.3-1 (ML11171A314)
IDSB-DU-2,Division B 72-Hour Inverter 2,IDS,Class 1E DC and UPS System,Auxiliary Building,Auxiliary Building,,I,,,False,True,2.6.3-1,,Yes,Yes/No,,,No,,Auxiliary Building,,,,DCD Tier 1 2.6.3-1 (ML11171A314)
IDSC-DU-1,Division C 24-Hour Inverter 1,IDS,Class 1E DC and UPS System,Auxiliary Building,Auxiliary Building,,I,,,False,True,2.6.3-1,,Yes,Yes/No,,,No,,Auxiliary Building,,,,DCD Tier 1 2.6.3-1 (ML11171A314)
IDSC-DU-2,Division C 72-Hour Inverter 2,IDS,Class 1E DC and UPS System,Auxiliary Building,Auxiliary Building,,I,,,False,True,2.6.3-1,,Yes,Yes/No,,,No,,Auxiliary Building,,,,DCD Tier 1 2.6.3-1 (ML11171A314)
IDSD-DU-1,Division D 24-Hour Inverter 1,IDS,Class 1E DC and UPS System,Auxiliary Building,Auxiliary Building,,I,,,False,True,2.6.3-1,,Yes,Yes/No,,,No,,Auxiliary Building,,,,DCD Tier 1 2.6.3-1 (ML11171A314)
IDSS-DF-2,Spare Termination Box 2,IDS,Class 1E DC and UPS System,Auxiliary Building,Auxiliary Building,,I,,,False,True,2.6.3-1,,Yes,Yes/No,,,No,,Auxiliary Building,,,,DCD Tier 1 2.6.3-1 (ML11171A314)
IDSS-DF-3,Spare Termination Box 3,IDS,Class 1E DC and UPS System,Auxiliary Building,Auxiliary Building,,I,,,False,True,2.6.3-1,,Yes,Yes/No,,,No,,Auxiliary Building,,,,DCD Tier 1 2.6.3-1 (ML11171A314)
IDSS-DF-4,Spare Termination Box 4,IDS,Class 1E DC and UPS System,Auxiliary Building,Auxiliary Building,,I,,,False,True,2.6.3-1,,Yes,Yes/No,,,No,,Auxiliary Building,,,,DCD Tier 1 2.6.3-1 (ML11171A314)
IDSS-DF-5,Spare Termination Box 5,IDS,Class 1E DC and UPS System,Auxiliary Building,Auxiliary Building,,I,,,False,True,2.6.3-1,,Yes,Yes/No,,,No,,Auxiliary Building,,,,DCD Tier 1 2.6.3-1 (ML11171A314)
IDSS-DF-6,Spare Termination Box 6,IDS,Class 1E DC and UPS System,Auxiliary Building,Auxiliary Building,,I,,,False,True,2.6.3-1,,Yes,Yes/No,,,No,,Auxiliary Building,,,,DCD Tier 1 2.6.3-1 (ML11171A314)
IDSA-DV-1,,IDS,Class 1E DC and UPS System,,,,,,,False,True,2.6.3-2,,,,,,,,,,,"Equipment=Division A Battery Monitor; Display/Status Indication=Yes (Battery Ground Detection, Battery High Discharge Rate)",DCD Tier 1 2.6.3-2 (ML11171A314)
IDSB-DV-1,,IDS,Class 1E DC and UPS System,,,,,,,False,True,2.6.3-2,,,,,,,,,,,"Equipment=Division B 24-Hour Battery Monitor; Display/Status Indication=Yes (Battery Ground Detection, Battery High Discharge Rate)",DCD Tier 1 2.6.3-2 (ML11171A314)
IDSB-DV-2,,IDS,Class 1E DC and UPS System,,,,,,,False,True,2.6.3-2,,,,,,,,,,,"Equipment=Division B 72-Hour Battery Monitor; Display/Status Indication=Yes (Battery Ground Detection, Battery High Discharge Rate)",DCD Tier 1 2.6.3-2 (ML11171A314)
IDSC-DV-1,,IDS,Class 1E DC and UPS System,,,,,,,False,True,2.6.3-2,,,,,,,,,,,"Equipment=Division C 24-Hour Battery Monitor; Display/Status Indication=Yes (Battery Ground Detection, Battery High Discharge Rate)",DCD Tier 1 2.6.3-2 (ML11171A314)
IDSC-DV-2,,IDS,Class 1E DC and UPS System,,,,,,,False,True,2.6.3-2,,,,,,,,,,,"Equipment=Division C 72-Hour Battery Monitor; Display/Status Indication=Yes (Battery Ground Detection, Battery High Discharge Rate)",DCD Tier 1 2.6.3-2 (ML11171A314)
IDSD-DV-1,,IDS,Class 1E DC and UPS System,,,,,,,False,True,2.6.3-2,,,,,,,,,,,"Equipment=Division D Battery Monitor; Display/Status Indication=Yes (Battery Ground Detection, Battery High Discharge Rate)",DCD Tier 1 2.6.3-2 (ML11171A314)
IDSC-DD-2,Division C 250 Vdc Distribution Panel,IDS,Class 1E DC and UPS System,Auxiliary Building,Auxiliary Building,,,,,False,True,2.6.3-4,,,,,,,,Auxiliary Building,,,,DCD Tier 1 2.6.3-4 (ML11171A314)
ZOS-MS-05A,Onsite Diesel Generator A Package,ZOS,Onsite Standby Power System,Diesel Generator Building,Diesel Generator Building,,,,,False,True,2.6.4-2,,,,,,,,Diesel Generator Building,,,,DCD Tier 1 2.6.4-2 (ML11171A314)
ZOS-MS-05B,Onsite Diesel Generator B Package,ZOS,Onsite Standby Power System,Diesel Generator Building,Diesel Generator Building,,,,,False,True,2.6.4-2,,,,,,,,Diesel Generator Building,,,,DCD Tier 1 2.6.4-2 (ML11171A314)
VBS-MA-03A,,VBS,Nuclear Island Nonradioactive Ventilation System,Auxiliary Building and Annex Building,Auxiliary Building; Annex Building,,,,,False,True,2.7.1-3,,,,,,,,,,,Equipment=Supplemental Air Filtration Unit Fan A; Display=Yes (Run Status); Control Function=Start,DCD Tier 1 2.7.1-3 (ML11171A316)
VBS-MA-03B,,VBS,Nuclear Island Nonradioactive Ventilation System,Auxiliary Building and Annex Building,Auxiliary Building; Annex Building,,,,,False,True,2.7.1-3,,,,,,,,,,,Equipment=Supplemental Air Filtration Unit Fan B; Display=Yes (Run Status); Control Function=Start,DCD Tier 1 2.7.1-3 (ML11171A316)
VBS-MA-01AVBS-MA-02A,,VBS,Nuclear Island Nonradioactive Ventilation System,Auxiliary Building and Annex Building,Auxiliary Building; Annex Building,,,,,False,True,2.7.1-3,,,,,,,,,,,Equipment=MCR/CSA Supply Air Handling Units (AHU) A Fans; Display=Yes (Run Status); Control Function=Start,DCD Tier 1 2.7.1-3 (ML11171A316)
VBS-MA-01BVBS-MA-02B,,VBS,Nuclear Island Nonradioactive Ventilation System,Auxiliary Building and Annex Building,Auxiliary Building; Annex Building,,,,,False,True,2.7.1-3,,,,,,,,,,,Equipment=MCR/CSA Supply AHU B Fans; Display=Yes (Run Status); Control Function=Start,DCD Tier 1 2.7.1-3 (ML11171A316)
VBS-MA-05AVBS-MA-06A,,VBS,Nuclear Island Nonradioactive Ventilation System,Auxiliary Building and Annex Building,Auxiliary Building; Annex Building,,,,,False,True,2.7.1-3,,,,,,,,,,,"Equipment=Division ""A"" and ""C"" Class 1E Electrical Room AHU A Fans; Display=Yes (Run Status); Control Function=Start",DCD Tier 1 2.7.1-3 (ML11171A316)
VBS-MA-05CVBS-MA-06C,,VBS,Nuclear Island Nonradioactive Ventilation System,Auxiliary Building and Annex Building,Auxiliary Building; Annex Building,,,,,False,True,2.7.1-3,,,,,,,,,,,"Equipment=Division ""A"" and ""C"" Class 1E Electrical Room AHU C Fans; Display=Yes (Run Status); Control Function=Start",DCD Tier 1 2.7.1-3 (ML11171A316)
VBS-MA-05BVBS-MA-06B,,VBS,Nuclear Island Nonradioactive Ventilation System,Auxiliary Building and Annex Building,Auxiliary Building; Annex Building,,,,,False,True,2.7.1-3,,,,,,,,,,,"Equipment=Division ""B"" and ""D"" Class 1E Electrical Room AHU B Fans; Display=Yes (Run Status); Control Function=Start",DCD Tier 1 2.7.1-3 (ML11171A316)
VBS-MA-05DVBS-MA-06D,,VBS,Nuclear Island Nonradioactive Ventilation System,Auxiliary Building and Annex Building,Auxiliary Building; Annex Building,,,,,False,True,2.7.1-3,,,,,,,,,,,"Equipment=Division ""B"" and ""D"" Class 1E Electrical Room AHU D Fans; Display=Yes (Run Status); Control Function=Start",DCD Tier 1 2.7.1-3 (ML11171A316)
VBS-MA-07AVBS-MA-07C,,VBS,Nuclear Island Nonradioactive Ventilation System,Auxiliary Building and Annex Building,Auxiliary Building; Annex Building,,,,,False,True,2.7.1-3,,,,,,,,,,,"Equipment=Division ""A"" and ""C"" Class 1E Battery Room Exhaust Fans; Display=Yes (Run Status); Control Function=Start",DCD Tier 1 2.7.1-3 (ML11171A316)
VBS-MA-07BVBS-MA-07D,,VBS,Nuclear Island Nonradioactive Ventilation System,Auxiliary Building and Annex Building,Auxiliary Building; Annex Building,,,,,False,True,2.7.1-3,,,,,,,,,,,"Equipment=Division ""B"" and ""D"" Class 1E Battery Room Exhaust Fans; Display=Yes (Run Status); Control Function=Start",DCD Tier 1 2.7.1-3 (ML11171A316)
VBS-MA-10AVBS-MA-10B,,VBS,Nuclear Island Nonradioactive Ventilation System,Auxiliary Building and Annex Building,Auxiliary Building; Annex Building,,,,,False,True,2.7.1-3,,,,,,,,,,,Equipment=MCR Ancillary Fans; Display=No; Control Function=Run,DCD Tier 1 2.7.1-3 (ML11171A316)
VBS-MS-01A,Supplemental Air Filtration Unit A,VBS,Nuclear Island Nonradioactive Ventilation System,Auxiliary Building,Auxiliary Building,,,,,False,True,2.7.1-5,,,,,,,,Auxiliary Building,,,,DCD Tier 1 2.7.1-5 (ML11171A316)
VBS-MS-01B,Supplemental Air Filtration Unit B,VBS,Nuclear Island Nonradioactive Ventilation System,Auxiliary Building,Auxiliary Building,,,,,False,True,2.7.1-5,,,,,,,,Auxiliary Building,,,,DCD Tier 1 2.7.1-5 (ML11171A316)
VBS-MS-02A,MCR/CSA Supply Air Handling Unit A,VBS,Nuclear Island Nonradioactive Ventilation System,Auxiliary Building,Auxiliary Building,,,,,False,True,2.7.1-5,,,,,,,,Auxiliary Building,,,,DCD Tier 1 2.7.1-5 (ML11171A316)
VBS-MS-02B,MCR/CSA Supply Air Handling Unit B,VBS,Nuclear Island Nonradioactive Ventilation System,Annex Building,Annex Building,,,,,False,True,2.7.1-5,,,,,,,,Annex Building,,,,DCD Tier 1 2.7.1-5 (ML11171A316)
VBS-MS-03A,"Division ""A"" and ""C"" Class 1E Electrical Room AHU A",VBS,Nuclear Island Nonradioactive Ventilation System,Auxiliary Building,Auxiliary Building,,,,,False,True,2.7.1-5,,,,,,,,Auxiliary Building,,,,DCD Tier 1 2.7.1-5 (ML11171A316)
VBS-MS-03C,"Division ""A"" and ""C"" Class 1E Electrical Room AHU C",VBS,Nuclear Island Nonradioactive Ventilation System,Auxiliary Building,Auxiliary Building,,,,,False,True,2.7.1-5,,,,,,,,Auxiliary Building,,,,DCD Tier 1 2.7.1-5 (ML11171A316)
VBS-MS-03B,"Division ""B"" and ""D"" Class 1E Electrical Room AHU B",VBS,Nuclear Island Nonradioactive Ventilation System,Auxiliary Building,Auxiliary Building,,,,,False,True,2.7.1-5,,,,,,,,Auxiliary Building,,,,DCD Tier 1 2.7.1-5 (ML11171A316)
VBS-MS-03D,"Division ""B"" and ""D"" Class 1E Electrical Room AHU D",VBS,Nuclear Island Nonradioactive Ventilation System,Auxiliary Building,Auxiliary Building,,,,,False,True,2.7.1-5,,,,,,,,Auxiliary Building,,,,DCD Tier 1 2.7.1-5 (ML11171A316)
VBS-MA-04,MCR Toilet Exhaust Fan,VBS,Nuclear Island Nonradioactive Ventilation System,Auxiliary Building,Auxiliary Building,,,,,False,True,2.7.1-5,,,,,,,,Auxiliary Building,,,,DCD Tier 1 2.7.1-5 (ML11171A316)
VBS-MA-07A,"Division ""A&C"" Class 1E Battery Room Exhaust Fan",VBS,Nuclear Island Nonradioactive Ventilation System,Auxiliary Building,Auxiliary Building,,,,,False,True,2.7.1-5,,,,,,,,Auxiliary Building,,,,DCD Tier 1 2.7.1-5 (ML11171A316)
VBS-MA-07C,"Division ""A&C"" Class 1E Battery Room Exhaust Fan",VBS,Nuclear Island Nonradioactive Ventilation System,Auxiliary Building,Auxiliary Building,,,,,False,True,2.7.1-5,,,,,,,,Auxiliary Building,,,,DCD Tier 1 2.7.1-5 (ML11171A316)
VBS-MA-07B,"Division ""B&D"" Class 1E Battery Room Exhaust Fan",VBS,Nuclear Island Nonradioactive Ventilation System,Auxiliary Building,Auxiliary Building,,,,,False,True,2.7.1-5,,,,,,,,Auxiliary Building,,,,DCD Tier 1 2.7.1-5 (ML11171A316)
VBS-MA-07D,"Division ""B&D"" Class 1E Battery Room Exhaust Fan",VBS,Nuclear Island Nonradioactive Ventilation System,Auxiliary Building,Auxiliary Building,,,,,False,True,2.7.1-5,,,,,,,,Auxiliary Building,,,,DCD Tier 1 2.7.1-5 (ML11171A316)
VBS-MA-08,PCS Valve Room Vent Fan,VBS,Nuclear Island Nonradioactive Ventilation System,Containment Shield Building,Containment; Shield Building,,,,,False,True,2.7.1-5,,,,,,,,Containment Shield Building,,,,DCD Tier 1 2.7.1-5 (ML11171A316)
VBS-MA-09,CSA Toilet Exhaust Fan,VBS,Nuclear Island Nonradioactive Ventilation System,Annex Building,Annex Building,,,,,False,True,2.7.1-5,,,,,,,,Annex Building,,,,DCD Tier 1 2.7.1-5 (ML11171A316)
VWS-MS-02,Air-cooled Chiller,VWS,Central Chilled Water System,Auxiliary Building,Auxiliary Building,,,,,False,True,2.7.2-1,,,,,,,,Auxiliary Building,,,Display=Yes (Run Status); Control Function=Start,DCD Tier 1 2.7.2-1 (ML11171A316)
VWS-MS-03,Air-cooled Chiller,VWS,Central Chilled Water System,Auxiliary Building,Auxiliary Building,,,,,False,True,2.7.2-1,,,,,,,,Auxiliary Building,,,Display=Yes (Run Status); Control Function=Start,DCD Tier 1 2.7.2-1 (ML11171A316)
VWS-MP-02,Air-cooled Chiller Pump,VWS,Central Chilled Water System,Auxiliary Building,Auxiliary Building,,,,,False,True,2.7.2-1,,,,,,,,Auxiliary Building,,,Display=Yes (Run Status); Control Function=Start,DCD Tier 1 2.7.2-1 (ML11171A316)
VWS-MP-03,Air-cooled Chiller Pump,VWS,Central Chilled Water System,Auxiliary Building,Auxiliary Building,,,,,False,True,2.7.2-1,,,,,,,,Auxiliary Building,,,Display=Yes (Run Status); Control Function=Start,DCD Tier 1 2.7.2-1 (ML11171A316)
VAS-MA-07A,CVS Pump Room Unit Cooler Fan A,VAS,Radiologically Controlled Area Ventilation System,Auxiliary Building and Annex Building,Auxiliary Building; Annex Building,,,,,False,True,2.7.2-1,,,,,,,,,,,Display=Yes (Run Status); Control Function=Start,DCD Tier 1 2.7.2-1 (ML11171A316)
VAS-MA-07B,CVS Pump Room Unit Cooler Fan B,VAS,Radiologically Controlled Area Ventilation System,Auxiliary Building and Annex Building,Auxiliary Building; Annex Building,,,,,False,True,2.7.2-1,,,,,,,,,,,Display=Yes (Run Status); Control Function=Start,DCD Tier 1 2.7.2-1 (ML11171A316)
VAS-MA-08A,RNS Pump Room Unit Cooler Fan A,VAS,Radiologically Controlled Area Ventilation System,Auxiliary Building and Annex Building,Auxiliary Building; Annex Building,,,,,False,True,2.7.2-1,,,,,,,,,,,Display=Yes (Run Status); Control Function=Start,DCD Tier 1 2.7.2-1 (ML11171A316)
VAS-MA-08B,RNS Pump Room Unit Cooler Fan B,VAS,Radiologically Controlled Area Ventilation System,Auxiliary Building and Annex Building,Auxiliary Building; Annex Building,,,,,False,True,2.7.2-1,,,,,,,,,,,Display=Yes (Run Status); Control Function=Start,DCD Tier 1 2.7.2-1 (ML11171A316)
VWS-PL-V210,Air-cooled Chiller Water Valve,VWS,Central Chilled Water System,Various,Various,,,,,False,True,2.7.2-1,,,,,,,,,,,Display=Yes (Position Status); Control Function=Open,DCD Tier 1 2.7.2-1 (ML11171A316)
VWS-PL-V253,Air-cooled Chiller Water Valve,VWS,Central Chilled Water System,Various,Various,,,,,False,True,2.7.2-1,,,,,,,,,,,Display=Yes (Position Status); Control Function=Open,DCD Tier 1 2.7.2-1 (ML11171A316)
VWS-MP-01A,Water Chiller Pump A,VWS,Central Chilled Water System,Turbine Building,Turbine Building,,,,,False,True,2.7.2-3,,,,,,,,Turbine Building,,,,DCD Tier 1 2.7.2-3 (ML11171A316)
VWS-MP-01B,Water Chiller Pump B,VWS,Central Chilled Water System,Turbine Building,Turbine Building,,,,,False,True,2.7.2-3,,,,,,,,Turbine Building,,,,DCD Tier 1 2.7.2-3 (ML11171A316)
VWS-MS-01A,Water Chiller A,VWS,Central Chilled Water System,Turbine Building,Turbine Building,,,,,False,True,2.7.2-3,,,,,,,,Turbine Building,,,,DCD Tier 1 2.7.2-3 (ML11171A316)
VWS-MS-01B,Water Chiller B,VWS,Central Chilled Water System,Turbine Building,Turbine Building,,,,,False,True,2.7.2-3,,,,,,,,Turbine Building,,,,DCD Tier 1 2.7.2-3 (ML11171A316)
VXS-MA-05AVXS-MA-06A,Switchgear Room Air Handling Units (AHU) A Fans,VXS,Annex/Auxiliary Nonradioactive Ventilation System,Auxiliary Building and Annex Building,Auxiliary Building; Annex Building,,,,,False,True,2.7.3-1,,,,,,,,,,,Display=Yes (Run Status); Control Function=Start,DCD Tier 1 2.7.3-1 (ML11171A316)
VXS-MA-05BVXS-MA-06B,Switchgear Room AHU B Fans,VXS,Annex/Auxiliary Nonradioactive Ventilation System,Auxiliary Building and Annex Building,Auxiliary Building; Annex Building,,,,,False,True,2.7.3-1,,,,,,,,,,,Display=Yes (Run Status); Control Function=Start,DCD Tier 1 2.7.3-1 (ML11171A316)
VXS-MA-01AVXS-MA-02A,Equipment Room AHU A Fans,VXS,Annex/Auxiliary Nonradioactive Ventilation System,Auxiliary Building and Annex Building,Auxiliary Building; Annex Building,,,,,False,True,2.7.3-1,,,,,,,,,,,Display=Yes (Run Status); Control Function=Start,DCD Tier 1 2.7.3-1 (ML11171A316)
VXS-MA-01BVXS-MA-02B,Equipment Room AHU B Fans,VXS,Annex/Auxiliary Nonradioactive Ventilation System,Auxiliary Building and Annex Building,Auxiliary Building; Annex Building,,,,,False,True,2.7.3-1,,,,,,,,,,,Display=Yes (Run Status); Control Function=Start,DCD Tier 1 2.7.3-1 (ML11171A316)
VXS-MS-01A,Annex Building General Area AHU A,VXS,Annex/Auxiliary Nonradioactive Ventilation System,Annex Building,Annex Building,,,,,False,True,2.7.3-3,,,,,,,,Annex Building,,,,DCD Tier 1 2.7.3-3 (ML11171A316)
VXS-MS-01B,Annex Building General Area AHU B,VXS,Annex/Auxiliary Nonradioactive Ventilation System,Annex Building,Annex Building,,,,,False,True,2.7.3-3,,,,,,,,Annex Building,,,,DCD Tier 1 2.7.3-3 (ML11171A316)
VXS-MS-02A,Annex Building Equipment Room AHU A,VXS,Annex/Auxiliary Nonradioactive Ventilation System,Annex Building,Annex Building,,,,,False,True,2.7.3-3,,,,,,,,Annex Building,,,,DCD Tier 1 2.7.3-3 (ML11171A316)
VXS-MS-02B,Annex Building Equipment Room AHU B,VXS,Annex/Auxiliary Nonradioactive Ventilation System,Annex Building,Annex Building,,,,,False,True,2.7.3-3,,,,,,,,Annex Building,,,,DCD Tier 1 2.7.3-3 (ML11171A316)
VXS-MS-04A,MSIV Compartment A AHU-A,VXS,Annex/Auxiliary Nonradioactive Ventilation System,Auxiliary Building,Auxiliary Building,,,,,False,True,2.7.3-3,,,,,,,,Auxiliary Building,,,,DCD Tier 1 2.7.3-3 (ML11171A316)
VXS-MS-04B,MSIV Compartment B AHU-B,VXS,Annex/Auxiliary Nonradioactive Ventilation System,Auxiliary Building,Auxiliary Building,,,,,False,True,2.7.3-3,,,,,,,,Auxiliary Building,,,,DCD Tier 1 2.7.3-3 (ML11171A316)
VXS-MS-04C,MSIV Compartment B AHU-C,VXS,Annex/Auxiliary Nonradioactive Ventilation System,Auxiliary Building,Auxiliary Building,,,,,False,True,2.7.3-3,,,,,,,,Auxiliary Building,,,,DCD Tier 1 2.7.3-3 (ML11171A316)
VXS-MS-04D,MSIV Compartment A AHU-D,VXS,Annex/Auxiliary Nonradioactive Ventilation System,Auxiliary Building,Auxiliary Building,,,,,False,True,2.7.3-3,,,,,,,,Auxiliary Building,,,,DCD Tier 1 2.7.3-3 (ML11171A316)
VXS-MS-05A,Switchgear Room AHU A,VXS,Annex/Auxiliary Nonradioactive Ventilation System,Annex Building,Annex Building,,,,,False,True,2.7.3-3,,,,,,,,Annex Building,,,,DCD Tier 1 2.7.3-3 (ML11171A316)
VXS-MS-05B,Switchgear Room AHU B,VXS,Annex/Auxiliary Nonradioactive Ventilation System,Annex Building,Annex Building,,,,,False,True,2.7.3-3,,,,,,,,Annex Building,,,,DCD Tier 1 2.7.3-3 (ML11171A316)
VXS-MS-07A,Mechanical Equipment Area AHU Unit A,VXS,Annex/Auxiliary Nonradioactive Ventilation System,Annex Building,Annex Building,,,,,False,True,2.7.3-3,,,,,,,,Annex Building,,,,DCD Tier 1 2.7.3-3 (ML11171A316)
VXS-MS-07B,Mechanical Equipment Area AHU Unit B,VXS,Annex/Auxiliary Nonradioactive Ventilation System,Annex Building,Annex Building,,,,,False,True,2.7.3-3,,,,,,,,Annex Building,,,,DCD Tier 1 2.7.3-3 (ML11171A316)
VXS-MS-08A,Valve/Piping Penetration Room AHU A,VXS,Annex/Auxiliary Nonradioactive Ventilation System,Auxiliary Building,Auxiliary Building,,,,,False,True,2.7.3-3,,,,,,,,Auxiliary Building,,,,DCD Tier 1 2.7.3-3 (ML11171A316)
VXS-MS-08B,Valve/Piping Penetration Room AHU B,VXS,Annex/Auxiliary Nonradioactive Ventilation System,Auxiliary Building,Auxiliary Building,,,,,False,True,2.7.3-3,,,,,,,,Auxiliary Building,,,,DCD Tier 1 2.7.3-3 (ML11171A316)
VXS-MA-09A,Battery Room #1 Exhaust Fan,VXS,Annex/Auxiliary Nonradioactive Ventilation System,Annex Building,Annex Building,,,,,False,True,2.7.3-3,,,,,,,,Annex Building,,,,DCD Tier 1 2.7.3-3 (ML11171A316)
VXS-MA-09B,Battery Room #2 Exhaust Fan,VXS,Annex/Auxiliary Nonradioactive Ventilation System,Annex Building,Annex Building,,,,,False,True,2.7.3-3,,,,,,,,Annex Building,,,,DCD Tier 1 2.7.3-3 (ML11171A316)
VXS-MA-13,Toilet Exhaust Fan,VXS,Annex/Auxiliary Nonradioactive Ventilation System,Annex Building,Annex Building,,,,,False,True,2.7.3-3,,,,,,,,Annex Building,,,,DCD Tier 1 2.7.3-3 (ML11171A316)
VXS-MY-W01A,Annex Building Nonradioactive Air Handling Equipment Room Unit Heater A,VXS,Annex/Auxiliary Nonradioactive Ventilation System,Annex Building,Annex Building,,,,,False,True,2.7.3-3,,,,,,,,Annex Building,,,,DCD Tier 1 2.7.3-3 (ML11171A316)
VXS-MY-W01B,Annex Building Nonradioactive Air Handling Equipment Room Unit Heater B,VXS,Annex/Auxiliary Nonradioactive Ventilation System,Annex Building,Annex Building,,,,,False,True,2.7.3-3,,,,,,,,Annex Building,,,,DCD Tier 1 2.7.3-3 (ML11171A316)
VXS-MY-W01C,Annex Building Nonradioactive Air Handling Equipment Room Unit Heater C,VXS,Annex/Auxiliary Nonradioactive Ventilation System,Annex Building,Annex Building,,,,,False,True,2.7.3-3,,,,,,,,Annex Building,,,,DCD Tier 1 2.7.3-3 (ML11171A316)
VZS-MY-V01AVZS-MY-V02A,Diesel Generator Room A Standby Exhaust Fans,VZS,Diesel Generator Building Ventilation System,Diesel Generator Building,Diesel Generator Building,,,,,False,True,2.7.4-1,,,,,,,,,,,Display=Yes (Run Status); Control Function=Start,DCD Tier 1 2.7.4-1 (ML11171A316)
VZS-MY-V01BVZS-MY-V02B,Diesel Generator Room B Standby Exhaust Fans,VZS,Diesel Generator Building Ventilation System,Diesel Generator Building,Diesel Generator Building,,,,,False,True,2.7.4-1,,,,,,,,,,,Display=Yes (Run Status); Control Function=Start,DCD Tier 1 2.7.4-1 (ML11171A316)
VZS-MA-01A,Service Module A Air Handling Units (AHU) Supply Fan,VZS,Diesel Generator Building Ventilation System,Diesel Generator Building,Diesel Generator Building,,,,,False,True,2.7.4-1,,,,,,,,,,,Display=Yes (Run Status); Control Function=Start,DCD Tier 1 2.7.4-1 (ML11171A316)
VZS-MA-01B,Service Module B AHU Supply Fan,VZS,Diesel Generator Building Ventilation System,Diesel Generator Building,Diesel Generator Building,,,,,False,True,2.7.4-1,,,,,,,,,,,Display=Yes (Run Status); Control Function=Start,DCD Tier 1 2.7.4-1 (ML11171A316)
VZS-MY-V03A,Diesel Oil Transfer Module Enclosure A Exhaust Fan,VZS,Diesel Generator Building Ventilation System,Yard,Yard,,,,,False,True,2.7.4-1,,,,,,,,Yard,,,Display=Yes (Run Status); Control Function=Start,DCD Tier 1 2.7.4-1 (ML11171A316)
VZS-MY-U03A,Diesel Oil Transfer Module Enclosure A Electric Unit Heater,VZS,Diesel Generator Building Ventilation System,Yard,Yard,,,,,False,True,2.7.4-1,,,,,,,,Yard,,,Display=Yes (Run Status); Control Function=Energize,DCD Tier 1 2.7.4-1 (ML11171A316)
VZS-MY-V03B,Diesel Oil Transfer Module Enclosure B Exhaust Fan,VZS,Diesel Generator Building Ventilation System,Yard,Yard,,,,,False,True,2.7.4-1,,,,,,,,Yard,,,Display=Yes (Run Status); Control Function=Start,DCD Tier 1 2.7.4-1 (ML11171A316)
VZS-MY-U03B,Diesel Oil Transfer Module Enclosure B Electric Unit Heater,VZS,Diesel Generator Building Ventilation System,Yard,Yard,,,,,False,True,2.7.4-1,,,,,,,,Yard,,,Display=Yes (Run Status); Control Function=Energize,DCD Tier 1 2.7.4-1 (ML11171A316)
VZS-MS-01A,Service Module AHU A,VZS,Diesel Generator Building Ventilation System,Diesel-Generator Building,Diesel Generator Building,,,,,False,True,2.7.4-3,,,,,,,,Diesel-Generator Building,,,,DCD Tier 1 2.7.4-3 (ML11171A316)
VZS-MS-01B,Service Module AHU B,VZS,Diesel Generator Building Ventilation System,Diesel-Generator Building,Diesel Generator Building,,,,,False,True,2.7.4-3,,,,,,,,Diesel-Generator Building,,,,DCD Tier 1 2.7.4-3 (ML11171A316)
VZS-MY-V01A,D/G Building Standby Exhaust Fan 1A,VZS,Diesel Generator Building Ventilation System,Diesel-Generator Building,Diesel Generator Building,,,,,False,True,2.7.4-3,,,,,,,,Diesel-Generator Building,,,,DCD Tier 1 2.7.4-3 (ML11171A316)
VZS-MY-V01B,D/G Building Standby Exhaust Fan 1B,VZS,Diesel Generator Building Ventilation System,Diesel-Generator Building,Diesel Generator Building,,,,,False,True,2.7.4-3,,,,,,,,Diesel-Generator Building,,,,DCD Tier 1 2.7.4-3 (ML11171A316)
VZS-MY-V02A,D/G Building Standby Exhaust Fan 2A,VZS,Diesel Generator Building Ventilation System,Diesel-Generator Building,Diesel Generator Building,,,,,False,True,2.7.4-3,,,,,,,,Diesel-Generator Building,,,,DCD Tier 1 2.7.4-3 (ML11171A316)
VZS-MY-V02B,D/G Building Standby Exhaust Fan 2B,VZS,Diesel Generator Building Ventilation System,Diesel-Generator Building,Diesel Generator Building,,,,,False,True,2.7.4-3,,,,,,,,Diesel-Generator Building,,,,DCD Tier 1 2.7.4-3 (ML11171A316)
VZS-MA-02A,Fuel Oil Day Tank Vault Exhaust Fan,VZS,Diesel Generator Building Ventilation System,Diesel-Generator Building,Diesel Generator Building,,,,,False,True,2.7.4-3,,,,,,,,Diesel-Generator Building,,,,DCD Tier 1 2.7.4-3 (ML11171A316)
VZS-MA-02B,Fuel Oil Day Tank Vault Exhaust Fan,VZS,Diesel Generator Building Ventilation System,Diesel-Generator Building,Diesel Generator Building,,,,,False,True,2.7.4-3,,,,,,,,Diesel-Generator Building,,,,DCD Tier 1 2.7.4-3 (ML11171A316)
VAS-032,,VAS,Radiologically Controlled Area Ventilation System,Auxiliary Building and Annex Building,Auxiliary Building; Annex Building,,,,,False,True,2.7.5-1,,,,,,,,,,,Equipment=Annex Building Pressure Differential Indicator; Display=Yes; Control Function=-,DCD Tier 1 2.7.5-1 (ML11171A316)
VAS-033,,VAS,Radiologically Controlled Area Ventilation System,Auxiliary Building and Annex Building,Auxiliary Building; Annex Building,,,,,False,True,2.7.5-1,,,,,,,,,,,Equipment=Auxiliary Building Pressure Differential Indicator; Display=Yes; Control Function=-,DCD Tier 1 2.7.5-1 (ML11171A316)
VAS-030,,VAS,Radiologically Controlled Area Ventilation System,Auxiliary Building and Annex Building,Auxiliary Building; Annex Building,,,,,False,True,2.7.5-1,,,,,,,,,,,Equipment=Fuel Handling Area Pressure Differential Indicator; Display=Yes; Control Function=-,DCD Tier 1 2.7.5-1 (ML11171A316)
VAS-MS-01A,Auxiliary/Annex Building Supply AHU A,VAS,Radiologically Controlled Area Ventilation System,Annex Building,Annex Building,,,,,False,True,2.7.5-3,,,,,,,,Annex Building,,,,DCD Tier 1 2.7.5-3 (ML11171A316)
VAS-MS-01B,Auxiliary/Annex Building Supply AHU B,VAS,Radiologically Controlled Area Ventilation System,Annex Building,Annex Building,,,,,False,True,2.7.5-3,,,,,,,,Annex Building,,,,DCD Tier 1 2.7.5-3 (ML11171A316)
VAS-MS-02A,Fuel Handling Area Supply AHU A,VAS,Radiologically Controlled Area Ventilation System,Annex Building,Annex Building,,,,,False,True,2.7.5-3,,,,,,,,Annex Building,,,,DCD Tier 1 2.7.5-3 (ML11171A316)
VAS-MS-02B,Fuel Handling Area Supply AHU B,VAS,Radiologically Controlled Area Ventilation System,Annex Building,Annex Building,,,,,False,True,2.7.5-3,,,,,,,,Annex Building,,,,DCD Tier 1 2.7.5-3 (ML11171A316)
VAS-MS-05A,CVS Pump Room Unit Cooler A,VAS,Radiologically Controlled Area Ventilation System,Auxiliary Building,Auxiliary Building,,,,,False,True,2.7.5-3,,,,,,,,Auxiliary Building,,,,DCD Tier 1 2.7.5-3 (ML11171A316)
VAS-MS-05B,CVS Pump Room Unit Cooler B,VAS,Radiologically Controlled Area Ventilation System,Auxiliary Building,Auxiliary Building,,,,,False,True,2.7.5-3,,,,,,,,Auxiliary Building,,,,DCD Tier 1 2.7.5-3 (ML11171A316)
VAS-MS-06A,RNS Pump Room Unit Cooler A,VAS,Radiologically Controlled Area Ventilation System,Auxiliary Building,Auxiliary Building,,,,,False,True,2.7.5-3,,,,,,,,Auxiliary Building,,,,DCD Tier 1 2.7.5-3 (ML11171A316)
VAS-MS-06B,RNS Pump Room Unit Cooler B,VAS,Radiologically Controlled Area Ventilation System,Auxiliary Building,Auxiliary Building,,,,,False,True,2.7.5-3,,,,,,,,Auxiliary Building,,,,DCD Tier 1 2.7.5-3 (ML11171A316)
VAS-MA-02A,Auxiliary/Annex Building Exhaust Fan A,VAS,Radiologically Controlled Area Ventilation System,Auxiliary Building,Auxiliary Building,,,,,False,True,2.7.5-3,,,,,,,,Auxiliary Building,,,,DCD Tier 1 2.7.5-3 (ML11171A316)
VAS-MA-02B,Auxiliary/Annex Building Exhaust Fan B,VAS,Radiologically Controlled Area Ventilation System,Auxiliary Building,Auxiliary Building,,,,,False,True,2.7.5-3,,,,,,,,Auxiliary Building,,,,DCD Tier 1 2.7.5-3 (ML11171A316)
VAS-MA-06A,Fuel Handling Area Exhaust Fan A,VAS,Radiologically Controlled Area Ventilation System,Auxiliary Building,Auxiliary Building,,,,,False,True,2.7.5-3,,,,,,,,Auxiliary Building,,,,DCD Tier 1 2.7.5-3 (ML11171A316)
VAS-MA-06B,Fuel Handling Area Exhaust Fan B,VAS,Radiologically Controlled Area Ventilation System,Auxiliary Building,Auxiliary Building,,,,,False,True,2.7.5-3,,,,,,,,Auxiliary Building,,,,DCD Tier 1 2.7.5-3 (ML11171A316)
VFS-MA-01A,,VFS,Containment Air Filtration System,Auxiliary Building and Annex Building,Auxiliary Building; Annex Building,,,,,False,True,2.7.6-1,,,,,,,,,,,Equipment=Containment Air Handling Units (AHU) Supply Fan A; Display=Yes (Run Status); Control Function=Start,DCD Tier 1 2.7.6-1 (ML11171A316)
VFS-MA-01B,,VFS,Containment Air Filtration System,Auxiliary Building and Annex Building,Auxiliary Building; Annex Building,,,,,False,True,2.7.6-1,,,,,,,,,,,Equipment=Containment AHU Supply Fan B; Display=Yes (Run Status); Control Function=Start,DCD Tier 1 2.7.6-1 (ML11171A316)
VFS-012A,,VFS,Containment Air Filtration System,Auxiliary Building and Annex Building,Auxiliary Building; Annex Building,,,,,False,True,2.7.6-1,,,,,,,,,,,Equipment=Containment AHU Supply Fan A Flow Sensor; Display=Yes; Control Function=-,DCD Tier 1 2.7.6-1 (ML11171A316)
VFS-012B,,VFS,Containment Air Filtration System,Auxiliary Building and Annex Building,Auxiliary Building; Annex Building,,,,,False,True,2.7.6-1,,,,,,,,,,,Equipment=Containment AHU Supply Fan B Flow Sensor; Display=Yes; Control Function=-,DCD Tier 1 2.7.6-1 (ML11171A316)
VFS-MA-02A,,VFS,Containment Air Filtration System,Auxiliary Building and Annex Building,Auxiliary Building; Annex Building,,,,,False,True,2.7.6-1,,,,,,,,,,,Equipment=Containment Exhaust Fan A; Display=Yes (Run Status); Control Function=Start,DCD Tier 1 2.7.6-1 (ML11171A316)
VFS-MA-02B,,VFS,Containment Air Filtration System,Auxiliary Building and Annex Building,Auxiliary Building; Annex Building,,,,,False,True,2.7.6-1,,,,,,,,,,,Equipment=Containment Exhaust Fan B; Display=Yes (Run Status); Control Function=Start,DCD Tier 1 2.7.6-1 (ML11171A316)
VFS-011A,,VFS,Containment Air Filtration System,Auxiliary Building and Annex Building,Auxiliary Building; Annex Building,,,,,False,True,2.7.6-1,,,,,,,,,,,Equipment=Containment Exhaust Fan A Flow Sensor; Display=Yes; Control Function=-,DCD Tier 1 2.7.6-1 (ML11171A316)
VFS-011B,,VFS,Containment Air Filtration System,Auxiliary Building and Annex Building,Auxiliary Building; Annex Building,,,,,False,True,2.7.6-1,,,,,,,,,,,Equipment=Containment Exhaust Fan B Flow Sensor; Display=Yes; Control Function=-,DCD Tier 1 2.7.6-1 (ML11171A316)
VFS-MS-01A,Containment Air Filtration Supply AHU A,VFS,Containment Air Filtration System,Annex Building,Annex Building,,,,,False,True,2.7.6-3,,,,,,,,Annex Building,,,,DCD Tier 1 2.7.6-3 (ML11171A316)
VFS-MS-01B,Containment Air Filtration Supply AHU B,VFS,Containment Air Filtration System,Annex Building,Annex Building,,,,,False,True,2.7.6-3,,,,,,,,Annex Building,,,,DCD Tier 1 2.7.6-3 (ML11171A316)
VFS-MS-02A,Containment Air Filtration Exhaust Unit A,VFS,Containment Air Filtration System,Annex Building,Annex Building,,,,,False,True,2.7.6-3,,,,,,,,Annex Building,,,,DCD Tier 1 2.7.6-3 (ML11171A316)
VFS-MS-02B,Containment Air Filtration Exhaust Unit B,VFS,Containment Air Filtration System,Annex Building,Annex Building,,,,,False,True,2.7.6-3,,,,,,,,Annex Building,,,,DCD Tier 1 2.7.6-3 (ML11171A316)
VCS-061,Containment Temperature Channel,VCS,Containment Recirculation Cooling System,Containment,Containment,,,,,False,True,2.7.7-1,,,,,,,,,,,Display=Yes,DCD Tier 1 2.7.7-1 (ML11171A316)
VCS-MA-01AVCS-MA-01CVCS-MA-01BVCS-MA-01D,Containment Fan Cooler Fan,VCS,Containment Recirculation Cooling System,Containment,Containment,,,,,False,True,2.7.7-1,,,,,,,,,,,Display=Yes (Run Status) Yes (Run Status) Yes (Run Status) Yes (Run Status),DCD Tier 1 2.7.7-1 (ML11171A316)
VCS-MS-01A,Reactor Containment Recirculation Fan Coil Unit Assembly A,VCS,Containment Recirculation Cooling System,Containment,Containment,,,,,False,True,2.7.7-3,,,,,,,,Containment,,,,DCD Tier 1 2.7.7-3 (ML11171A316)
VCS-MS-01B,Reactor Containment Recirculation Fan Coil Unit Assembly B,VCS,Containment Recirculation Cooling System,Containment,Containment,,,,,False,True,2.7.7-3,,,,,,,,Containment,,,,DCD Tier 1 2.7.7-3 (ML11171A316)
