account_code,account_title,cost_element,value_usd,reactor,estimate,source_citation,source_dollar_year,source_location,notes
10,Capitalized Pre-Construction Costs,Total Costs,$0,AP1000,"estimate 1 (FOAK-scale, direct costs $7.34B)",Stewart et al. 2020,2017,osti_2371533.pdf p.154 (Appendix A),GNCOA account; 1100 MWe unit; source dollar year 2017
11,Land and Land Rights,Total Costs,$0,AP1000,"estimate 1 (FOAK-scale, direct costs $7.34B)",Stewart et al. 2020,2017,osti_2371533.pdf p.154 (Appendix A),GNCOA account; 1100 MWe unit; source dollar year 2017
13,Plant Licensing,Total Costs,$0,AP1000,"estimate 1 (FOAK-scale, direct costs $7.34B)",Stewart et al. 2020,2017,osti_2371533.pdf p.154 (Appendix A),GNCOA account; 1100 MWe unit; source dollar year 2017
131,Preapplication,Total Costs,$0,AP1000,"estimate 1 (FOAK-scale, direct costs $7.34B)",Stewart et al. 2020,2017,osti_2371533.pdf p.154 (Appendix A),GNCOA account; 1100 MWe unit; source dollar year 2017
132,Preparation,Total Costs,$0,AP1000,"estimate 1 (FOAK-scale, direct costs $7.34B)",Stewart et al. 2020,2017,osti_2371533.pdf p.154 (Appendix A),GNCOA account; 1100 MWe unit; source dollar year 2017
133,Regulatory Review,Total Costs,$0,AP1000,"estimate 1 (FOAK-scale, direct costs $7.34B)",Stewart et al. 2020,2017,osti_2371533.pdf p.154 (Appendix A),GNCOA account; 1100 MWe unit; source dollar year 2017
14,Plant Permits,Total Costs,$0,AP1000,"estimate 1 (FOAK-scale, direct costs $7.34B)",Stewart et al. 2020,2017,osti_2371533.pdf p.154 (Appendix A),GNCOA account; 1100 MWe unit; source dollar year 2017
18,Other Pre-Construction Costs,Total Costs,$0,AP1000,"estimate 1 (FOAK-scale, direct costs $7.34B)",Stewart et al. 2020,2017,osti_2371533.pdf p.154 (Appendix A),GNCOA account; 1100 MWe unit; source dollar year 2017
20,Capitalized Direct Costs,Total Costs,"$7,340,000,000",AP1000,"estimate 1 (FOAK-scale, direct costs $7.34B)",Stewart et al. 2020,2017,osti_2371533.pdf p.154 (Appendix A),GNCOA account; 1100 MWe unit; source dollar year 2017
21,Structures and Improvements,Total Costs,"$2,580,000,000",AP1000,"estimate 1 (FOAK-scale, direct costs $7.34B)",Stewart et al. 2020,2017,osti_2371533.pdf p.154 (Appendix A),GNCOA account; 1100 MWe unit; source dollar year 2017
22,Reactor System,Total Costs,"$2,570,000,000",AP1000,"estimate 1 (FOAK-scale, direct costs $7.34B)",Stewart et al. 2020,2017,osti_2371533.pdf p.154 (Appendix A),GNCOA account; 1100 MWe unit; source dollar year 2017
221,Reactor Components,Total Costs,$0,AP1000,"estimate 1 (FOAK-scale, direct costs $7.34B)",Stewart et al. 2020,2017,osti_2371533.pdf p.154 (Appendix A),GNCOA account; 1100 MWe unit; source dollar year 2017
221.12,Outer vessel structure,Total Costs,$0,AP1000,"estimate 1 (FOAK-scale, direct costs $7.34B)",Stewart et al. 2020,2017,osti_2371533.pdf p.154 (Appendix A),GNCOA account; 1100 MWe unit; source dollar year 2017
221.13,Inner vessel structure,Total Costs,$0,AP1000,"estimate 1 (FOAK-scale, direct costs $7.34B)",Stewart et al. 2020,2017,osti_2371533.pdf p.154 (Appendix A),GNCOA account; 1100 MWe unit; source dollar year 2017
221.33,Moderator,Total Costs,$0,AP1000,"estimate 1 (FOAK-scale, direct costs $7.34B)",Stewart et al. 2020,2017,osti_2371533.pdf p.154 (Appendix A),GNCOA account; 1100 MWe unit; source dollar year 2017
222,Main Heat Transport System,Total Costs,$0,AP1000,"estimate 1 (FOAK-scale, direct costs $7.34B)",Stewart et al. 2020,2017,osti_2371533.pdf p.154 (Appendix A),GNCOA account; 1100 MWe unit; source dollar year 2017
222.13,Heat exchangers,Total Costs,$0,AP1000,"estimate 1 (FOAK-scale, direct costs $7.34B)",Stewart et al. 2020,2017,osti_2371533.pdf p.154 (Appendix A),GNCOA account; 1100 MWe unit; source dollar year 2017
223,Safety Systems,Total Costs,$0,AP1000,"estimate 1 (FOAK-scale, direct costs $7.34B)",Stewart et al. 2020,2017,osti_2371533.pdf p.154 (Appendix A),GNCOA account; 1100 MWe unit; source dollar year 2017
223.6,Reactor Cavity Cooling System (RCCS),Total Costs,$0,AP1000,"estimate 1 (FOAK-scale, direct costs $7.34B)",Stewart et al. 2020,2017,osti_2371533.pdf p.154 (Appendix A),GNCOA account; 1100 MWe unit; source dollar year 2017
225,Fuel Handling Systems,Total Costs,$0,AP1000,"estimate 1 (FOAK-scale, direct costs $7.34B)",Stewart et al. 2020,2017,osti_2371533.pdf p.154 (Appendix A),GNCOA account; 1100 MWe unit; source dollar year 2017
225.6,Core Refueling Equipment,Total Costs,$0,AP1000,"estimate 1 (FOAK-scale, direct costs $7.34B)",Stewart et al. 2020,2017,osti_2371533.pdf p.154 (Appendix A),GNCOA account; 1100 MWe unit; source dollar year 2017
23,Energy Conversion System,Total Costs,"$1,450,000,000",AP1000,"estimate 1 (FOAK-scale, direct costs $7.34B)",Stewart et al. 2020,2017,osti_2371533.pdf p.154 (Appendix A),GNCOA account; 1100 MWe unit; source dollar year 2017
232,Energy Applications,Total Costs,$0,AP1000,"estimate 1 (FOAK-scale, direct costs $7.34B)",Stewart et al. 2020,2017,osti_2371533.pdf p.154 (Appendix A),GNCOA account; 1100 MWe unit; source dollar year 2017
233,Ultimate Heat Sink,Total Costs,"$280,000,000",AP1000,"estimate 1 (FOAK-scale, direct costs $7.34B)",Stewart et al. 2020,2017,osti_2371533.pdf p.155 (Appendix A),GNCOA account; 1100 MWe unit; source dollar year 2017
237,Miscellaneous Energy System Equipment,Total Costs,$0,AP1000,"estimate 1 (FOAK-scale, direct costs $7.34B)",Stewart et al. 2020,2017,osti_2371533.pdf p.155 (Appendix A),GNCOA account; 1100 MWe unit; source dollar year 2017
24,Electrical Equipment,Total Costs,"$540,000,000",AP1000,"estimate 1 (FOAK-scale, direct costs $7.34B)",Stewart et al. 2020,2017,osti_2371533.pdf p.155 (Appendix A),GNCOA account; 1100 MWe unit; source dollar year 2017
26,Miscellaneous Equipment,Total Costs,"$200,000,000",AP1000,"estimate 1 (FOAK-scale, direct costs $7.34B)",Stewart et al. 2020,2017,osti_2371533.pdf p.155 (Appendix A),GNCOA account; 1100 MWe unit; source dollar year 2017
29,Contingency on Direct Costs,Total Costs,$0,AP1000,"estimate 1 (FOAK-scale, direct costs $7.34B)",Stewart et al. 2020,2017,osti_2371533.pdf p.155 (Appendix A),GNCOA account; 1100 MWe unit; source dollar year 2017
30,Capitalized Indirect Services Cost,Total Costs,$0,AP1000,"estimate 1 (FOAK-scale, direct costs $7.34B)",Stewart et al. 2020,2017,osti_2371533.pdf p.155 (Appendix A),GNCOA account; 1100 MWe unit; source dollar year 2017
31,Factory & Field Indirect Costs,Total Costs,$0,AP1000,"estimate 1 (FOAK-scale, direct costs $7.34B)",Stewart et al. 2020,2017,osti_2371533.pdf p.155 (Appendix A),GNCOA account; 1100 MWe unit; source dollar year 2017
35,Engineering Services Offsite,Total Costs,$0,AP1000,"estimate 1 (FOAK-scale, direct costs $7.34B)",Stewart et al. 2020,2017,osti_2371533.pdf p.155 (Appendix A),GNCOA account; 1100 MWe unit; source dollar year 2017
353,Owner's Engineering Oversight,Total Costs,$0,AP1000,"estimate 1 (FOAK-scale, direct costs $7.34B)",Stewart et al. 2020,2017,osti_2371533.pdf p.155 (Appendix A),GNCOA account; 1100 MWe unit; source dollar year 2017
40,Capitalized Pre-COD Personnel Costs,Total Costs,$0,AP1000,"estimate 1 (FOAK-scale, direct costs $7.34B)",Stewart et al. 2020,2017,osti_2371533.pdf p.155 (Appendix A),GNCOA account; 1100 MWe unit; source dollar year 2017
50,Capitalized Supplementary Costs,Total Costs,$0,AP1000,"estimate 1 (FOAK-scale, direct costs $7.34B)",Stewart et al. 2020,2017,osti_2371533.pdf p.155 (Appendix A),GNCOA account; 1100 MWe unit; source dollar year 2017
55,Initial Fuel Inventory,Total Costs,$0,AP1000,"estimate 1 (FOAK-scale, direct costs $7.34B)",Stewart et al. 2020,2017,osti_2371533.pdf p.155 (Appendix A),GNCOA account; 1100 MWe unit; source dollar year 2017
56,Spent Fuel Storage,Total Costs,$0,AP1000,"estimate 1 (FOAK-scale, direct costs $7.34B)",Stewart et al. 2020,2017,osti_2371533.pdf p.155 (Appendix A),GNCOA account; 1100 MWe unit; source dollar year 2017
58,Decommissioning,Total Costs,$0,AP1000,"estimate 1 (FOAK-scale, direct costs $7.34B)",Stewart et al. 2020,2017,osti_2371533.pdf p.155 (Appendix A),GNCOA account; 1100 MWe unit; source dollar year 2017
59,Contingency on Supplementary Costs,Total Costs,$0,AP1000,"estimate 1 (FOAK-scale, direct costs $7.34B)",Stewart et al. 2020,2017,osti_2371533.pdf p.155 (Appendix A),GNCOA account; 1100 MWe unit; source dollar year 2017
20,Capitalized Direct Costs,Total Costs,"$4,220,000,000",AP1000,estimate 2 (direct costs $4.22B),Stewart et al. 2020,2017,osti_2371533.pdf p.155 (Appendix A),GNCOA account; 1100 MWe unit; source dollar year 2017
21,Structures and Improvements,Total Costs,"$1,490,000,000",AP1000,estimate 2 (direct costs $4.22B),Stewart et al. 2020,2017,osti_2371533.pdf p.155 (Appendix A),GNCOA account; 1100 MWe unit; source dollar year 2017
22,Reactor System,Total Costs,"$1,480,000,000",AP1000,estimate 2 (direct costs $4.22B),Stewart et al. 2020,2017,osti_2371533.pdf p.155 (Appendix A),GNCOA account; 1100 MWe unit; source dollar year 2017
23,Energy Conversion System,Total Costs,"$830,000,000",AP1000,estimate 2 (direct costs $4.22B),Stewart et al. 2020,2017,osti_2371533.pdf p.155 (Appendix A),GNCOA account; 1100 MWe unit; source dollar year 2017
233,Ultimate Heat Sink,Total Costs,"$160,000,000",AP1000,estimate 2 (direct costs $4.22B),Stewart et al. 2020,2017,osti_2371533.pdf p.155 (Appendix A),GNCOA account; 1100 MWe unit; source dollar year 2017
24,Electrical Equipment,Total Costs,"$310,000,000",AP1000,estimate 2 (direct costs $4.22B),Stewart et al. 2020,2017,osti_2371533.pdf p.155 (Appendix A),GNCOA account; 1100 MWe unit; source dollar year 2017
26,Miscellaneous Equipment,Total Costs,"$110,000,000",AP1000,estimate 2 (direct costs $4.22B),Stewart et al. 2020,2017,osti_2371533.pdf p.155 (Appendix A),GNCOA account; 1100 MWe unit; source dollar year 2017
10,Capitalized Pre-Construction Costs,Total Costs,$0,AP1000,TIMCAT model output (direct costs only),Shirvan private communication (TIMCAT data),unspecified,osti_2371533.pdf p.161 (Appendix A),GNCOA account
11,Land and Land Rights,Total Costs,$0,AP1000,TIMCAT model output (direct costs only),Shirvan private communication (TIMCAT data),unspecified,osti_2371533.pdf p.161 (Appendix A),GNCOA account
12,Site Permits,Total Costs,$0,AP1000,TIMCAT model output (direct costs only),Shirvan private communication (TIMCAT data),unspecified,osti_2371533.pdf p.161 (Appendix A),GNCOA account
13,Plant Licensing,Total Costs,$0,AP1000,TIMCAT model output (direct costs only),Shirvan private communication (TIMCAT data),unspecified,osti_2371533.pdf p.161 (Appendix A),GNCOA account
14,Plant Permits,Total Costs,$0,AP1000,TIMCAT model output (direct costs only),Shirvan private communication (TIMCAT data),unspecified,osti_2371533.pdf p.161 (Appendix A),GNCOA account
15,Plant Studies,Total Costs,$0,AP1000,TIMCAT model output (direct costs only),Shirvan private communication (TIMCAT data),unspecified,osti_2371533.pdf p.161 (Appendix A),GNCOA account
16,Plant Reports,Total Costs,$0,AP1000,TIMCAT model output (direct costs only),Shirvan private communication (TIMCAT data),unspecified,osti_2371533.pdf p.161 (Appendix A),GNCOA account
18,Other Pre-Construction Costs,Total Costs,$0,AP1000,TIMCAT model output (direct costs only),Shirvan private communication (TIMCAT data),unspecified,osti_2371533.pdf p.161 (Appendix A),GNCOA account
19,Contingency on Pre-Construction Costs,Total Costs,$0,AP1000,TIMCAT model output (direct costs only),Shirvan private communication (TIMCAT data),unspecified,osti_2371533.pdf p.161 (Appendix A),GNCOA account
20,Capitalized Direct Costs,Total Costs,"$1,894,115,598",AP1000,TIMCAT model output (direct costs only),Shirvan private communication (TIMCAT data),unspecified,osti_2371533.pdf p.161 (Appendix A),GNCOA account
21,Structures and Improvements,Total Costs,"$476,998,990",AP1000,TIMCAT model output (direct costs only),Shirvan private communication (TIMCAT data),unspecified,osti_2371533.pdf p.161 (Appendix A),GNCOA account
211,Site Preparation/Yard Work,Total Costs,"$40,670,128",AP1000,TIMCAT model output (direct costs only),Shirvan private communication (TIMCAT data),unspecified,osti_2371533.pdf p.161 (Appendix A),GNCOA account
212,Reactor Island Civil Structures,Total Costs,"$319,285,818",AP1000,TIMCAT model output (direct costs only),Shirvan private communication (TIMCAT data),unspecified,osti_2371533.pdf p.161 (Appendix A),GNCOA account
213,Core Function Buildings,Total Costs,"$56,643,683",AP1000,TIMCAT model output (direct costs only),Shirvan private communication (TIMCAT data),unspecified,osti_2371533.pdf p.161 (Appendix A),GNCOA account
213.1,Energy Conversion Building,Total Costs,"$50,565,739",AP1000,TIMCAT model output (direct costs only),Shirvan private communication (TIMCAT data),unspecified,osti_2371533.pdf p.161 (Appendix A),GNCOA account
213.2,Control Building,Total Costs,"$5,056,418",AP1000,TIMCAT model output (direct costs only),Shirvan private communication (TIMCAT data),unspecified,osti_2371533.pdf p.161 (Appendix A),GNCOA account
213.3,Pipe Tunnels,Total Costs,"$1,021,526",AP1000,TIMCAT model output (direct costs only),Shirvan private communication (TIMCAT data),unspecified,osti_2371533.pdf p.161 (Appendix A),GNCOA account
214,Buildings to Support Core Function,Total Costs,"$36,656,499",AP1000,TIMCAT model output (direct costs only),Shirvan private communication (TIMCAT data),unspecified,osti_2371533.pdf p.161 (Appendix A),GNCOA account
214.1,Spent Fuel Management Building,Total Costs,"$14,173,479",AP1000,TIMCAT model output (direct costs only),Shirvan private communication (TIMCAT data),unspecified,osti_2371533.pdf p.161 (Appendix A),GNCOA account
214.5,Fire Protection Building,Total Costs,"$854,863",AP1000,TIMCAT model output (direct costs only),Shirvan private communication (TIMCAT data),unspecified,osti_2371533.pdf p.161 (Appendix A),GNCOA account
215,Supply Chain Buildings,Total Costs,"$14,793,465",AP1000,TIMCAT model output (direct costs only),Shirvan private communication (TIMCAT data),unspecified,osti_2371533.pdf p.161 (Appendix A),GNCOA account
215.4,Radwaste Building,Total Costs,"$14,793,465",AP1000,TIMCAT model output (direct costs only),Shirvan private communication (TIMCAT data),unspecified,osti_2371533.pdf p.161 (Appendix A),GNCOA account
216,Human Resources Buildings,Total Costs,"$8,949,398",AP1000,TIMCAT model output (direct costs only),Shirvan private communication (TIMCAT data),unspecified,osti_2371533.pdf p.161 (Appendix A),GNCOA account
216.1,Administration Building,Total Costs,"$4,289,230",AP1000,TIMCAT model output (direct costs only),Shirvan private communication (TIMCAT data),unspecified,osti_2371533.pdf p.161 (Appendix A),GNCOA account
216.2,Security Building and Gatehouse,Total Costs,"$3,075,988",AP1000,TIMCAT model output (direct costs only),Shirvan private communication (TIMCAT data),unspecified,osti_2371533.pdf p.161 (Appendix A),GNCOA account
216.4,Operation and Maintenance (O&M) Center,Total Costs,"$1,584,180",AP1000,TIMCAT model output (direct costs only),Shirvan private communication (TIMCAT data),unspecified,osti_2371533.pdf p.161 (Appendix A),GNCOA account
22,Reactor System,Total Costs,"$599,647,151",AP1000,TIMCAT model output (direct costs only),Shirvan private communication (TIMCAT data),unspecified,osti_2371533.pdf p.161 (Appendix A),GNCOA account
221,Reactor Components,Total Costs,"$144,187,946",AP1000,TIMCAT model output (direct costs only),Shirvan private communication (TIMCAT data),unspecified,osti_2371533.pdf p.161 (Appendix A),GNCOA account
222,Main Heat Transport System,Total Costs,"$248,993,597",AP1000,TIMCAT model output (direct costs only),Shirvan private communication (TIMCAT data),unspecified,osti_2371533.pdf p.161 (Appendix A),GNCOA account
223,Safety Systems,Total Costs,"$41,553,629",AP1000,TIMCAT model output (direct costs only),Shirvan private communication (TIMCAT data),unspecified,osti_2371533.pdf p.161 (Appendix A),GNCOA account
224,Radioactive Waste Processing Systems,Total Costs,"$39,479,223",AP1000,TIMCAT model output (direct costs only),Shirvan private communication (TIMCAT data),unspecified,osti_2371533.pdf p.161 (Appendix A),GNCOA account
225,Fuel Handling Systems,Total Costs,"$4,481,758",AP1000,TIMCAT model output (direct costs only),Shirvan private communication (TIMCAT data),unspecified,osti_2371533.pdf p.161 (Appendix A),GNCOA account
226,Other Reactor Plant Equipment,Total Costs,"$58,801,764",AP1000,TIMCAT model output (direct costs only),Shirvan private communication (TIMCAT data),unspecified,osti_2371533.pdf p.161 (Appendix A),GNCOA account
227,Reactor Instrumentation and Control (I&C),Total Costs,"$48,256,492",AP1000,TIMCAT model output (direct costs only),Shirvan private communication (TIMCAT data),unspecified,osti_2371533.pdf p.162 (Appendix A),GNCOA account
228,Reactor Plant Miscellaneous Items,Total Costs,"$13,892,741",AP1000,TIMCAT model output (direct costs only),Shirvan private communication (TIMCAT data),unspecified,osti_2371533.pdf p.162 (Appendix A),GNCOA account
23,Energy Conversion System,Total Costs,"$614,814,270",AP1000,TIMCAT model output (direct costs only),Shirvan private communication (TIMCAT data),unspecified,osti_2371533.pdf p.162 (Appendix A),GNCOA account
232,Energy Applications,Total Costs,"$349,983,438",AP1000,TIMCAT model output (direct costs only),Shirvan private communication (TIMCAT data),unspecified,osti_2371533.pdf p.162 (Appendix A),GNCOA account
232.1,Electricity Generation Systems,Total Costs,"$67,683,950",AP1000,TIMCAT model output (direct costs only),Shirvan private communication (TIMCAT data),unspecified,osti_2371533.pdf p.162 (Appendix A),GNCOA account
233,Ultimate Heat Sink,Total Costs,"$177,529,180",AP1000,TIMCAT model output (direct costs only),Shirvan private communication (TIMCAT data),unspecified,osti_2371533.pdf p.162 (Appendix A),GNCOA account
233.1,Water Condensing Systems,Total Costs,"$108,229,671",AP1000,TIMCAT model output (direct costs only),Shirvan private communication (TIMCAT data),unspecified,osti_2371533.pdf p.162 (Appendix A),GNCOA account
234,Feed Heating Systems,Total Costs,"$60,323,015",AP1000,TIMCAT model output (direct costs only),Shirvan private communication (TIMCAT data),unspecified,osti_2371533.pdf p.162 (Appendix A),GNCOA account
236,Common Instrumentation & Controls,Total Costs,"$12,685,348",AP1000,TIMCAT model output (direct costs only),Shirvan private communication (TIMCAT data),unspecified,osti_2371533.pdf p.162 (Appendix A),GNCOA account
237,Miscellaneous Energy System Equipment,Total Costs,"$14,293,290",AP1000,TIMCAT model output (direct costs only),Shirvan private communication (TIMCAT data),unspecified,osti_2371533.pdf p.162 (Appendix A),GNCOA account
24,Electrical Equipment,Total Costs,"$105,668,741",AP1000,TIMCAT model output (direct costs only),Shirvan private communication (TIMCAT data),unspecified,osti_2371533.pdf p.162 (Appendix A),GNCOA account
241,Switchgear,Total Costs,"$13,637,131",AP1000,TIMCAT model output (direct costs only),Shirvan private communication (TIMCAT data),unspecified,osti_2371533.pdf p.162 (Appendix A),GNCOA account
242,Station Service Equipment,Total Costs,"$11,181,002",AP1000,TIMCAT model output (direct costs only),Shirvan private communication (TIMCAT data),unspecified,osti_2371533.pdf p.162 (Appendix A),GNCOA account
243,Switchboards,Total Costs,"$3,502,581",AP1000,TIMCAT model output (direct costs only),Shirvan private communication (TIMCAT data),unspecified,osti_2371533.pdf p.162 (Appendix A),GNCOA account
244,Protective Systems Equipment,Total Costs,"$7,518,454",AP1000,TIMCAT model output (direct costs only),Shirvan private communication (TIMCAT data),unspecified,osti_2371533.pdf p.162 (Appendix A),GNCOA account
245,Electrical Raceway Systems,Total Costs,"$38,617,864",AP1000,TIMCAT model output (direct costs only),Shirvan private communication (TIMCAT data),unspecified,osti_2371533.pdf p.162 (Appendix A),GNCOA account
246,Power and Control Cables and Wiring,Total Costs,"$31,211,709",AP1000,TIMCAT model output (direct costs only),Shirvan private communication (TIMCAT data),unspecified,osti_2371533.pdf p.162 (Appendix A),GNCOA account
26,Miscellaneous Equipment,Total Costs,"$96,986,446",AP1000,TIMCAT model output (direct costs only),Shirvan private communication (TIMCAT data),unspecified,osti_2371533.pdf p.162 (Appendix A),GNCOA account
261,Transportation and Lift Equipment,Total Costs,"$12,615,175",AP1000,TIMCAT model output (direct costs only),Shirvan private communication (TIMCAT data),unspecified,osti_2371533.pdf p.162 (Appendix A),GNCOA account
262,"Air, Water, Plant Fuel Oil, and Steam Systems",Total Costs,"$70,091,635",AP1000,TIMCAT model output (direct costs only),Shirvan private communication (TIMCAT data),unspecified,osti_2371533.pdf p.162 (Appendix A),GNCOA account
263,Communications Equipment,Total Costs,"$9,592,346",AP1000,TIMCAT model output (direct costs only),Shirvan private communication (TIMCAT data),unspecified,osti_2371533.pdf p.162 (Appendix A),GNCOA account
264,Furnishing and Fixtures,Total Costs,"$4,687,291",AP1000,TIMCAT model output (direct costs only),Shirvan private communication (TIMCAT data),unspecified,osti_2371533.pdf p.162 (Appendix A),GNCOA account
28,Simulator,Total Costs,$0,AP1000,TIMCAT model output (direct costs only),Shirvan private communication (TIMCAT data),unspecified,osti_2371533.pdf p.162 (Appendix A),GNCOA account
29,Contingency on Direct Costs,Total Costs,$0,AP1000,TIMCAT model output (direct costs only),Shirvan private communication (TIMCAT data),unspecified,osti_2371533.pdf p.162 (Appendix A),GNCOA account
30,Capitalized Indirect Services Cost,Total Costs,$0,AP1000,TIMCAT model output (direct costs only),Shirvan private communication (TIMCAT data),unspecified,osti_2371533.pdf p.162 (Appendix A),GNCOA account
31,Factory & Field Indirect Costs,Total Costs,$0,AP1000,TIMCAT model output (direct costs only),Shirvan private communication (TIMCAT data),unspecified,osti_2371533.pdf p.162 (Appendix A),GNCOA account
33,Commissioning and Startup Costs,Total Costs,$0,AP1000,TIMCAT model output (direct costs only),Shirvan private communication (TIMCAT data),unspecified,osti_2371533.pdf p.162 (Appendix A),GNCOA account
35,Engineering Services Offsite,Total Costs,$0,AP1000,TIMCAT model output (direct costs only),Shirvan private communication (TIMCAT data),unspecified,osti_2371533.pdf p.162 (Appendix A),GNCOA account
36,PM/CM Services,Total Costs,$0,AP1000,TIMCAT model output (direct costs only),Shirvan private communication (TIMCAT data),unspecified,osti_2371533.pdf p.162 (Appendix A),GNCOA account
361,Off-Site,Total Costs,$0,AP1000,TIMCAT model output (direct costs only),Shirvan private communication (TIMCAT data),unspecified,osti_2371533.pdf p.162 (Appendix A),GNCOA account
362,On-Site,Total Costs,$0,AP1000,TIMCAT model output (direct costs only),Shirvan private communication (TIMCAT data),unspecified,osti_2371533.pdf p.162 (Appendix A),GNCOA account
39,Contingency on Indirect Services Cost,Total Costs,$0,AP1000,TIMCAT model output (direct costs only),Shirvan private communication (TIMCAT data),unspecified,osti_2371533.pdf p.162 (Appendix A),GNCOA account
40,Capitalized Pre-COD Personnel Costs,Total Costs,$0,AP1000,TIMCAT model output (direct costs only),Shirvan private communication (TIMCAT data),unspecified,osti_2371533.pdf p.162 (Appendix A),GNCOA account
41,Staff Recruitment and Training,Total Costs,$0,AP1000,TIMCAT model output (direct costs only),Shirvan private communication (TIMCAT data),unspecified,osti_2371533.pdf p.162 (Appendix A),GNCOA account
42,Staff Housing,Total Costs,$0,AP1000,TIMCAT model output (direct costs only),Shirvan private communication (TIMCAT data),unspecified,osti_2371533.pdf p.162 (Appendix A),GNCOA account
43,Staff Salary-Related Costs,Total Costs,$0,AP1000,TIMCAT model output (direct costs only),Shirvan private communication (TIMCAT data),unspecified,osti_2371533.pdf p.162 (Appendix A),GNCOA account
49,Contingency on Owner's Costs,Total Costs,$0,AP1000,TIMCAT model output (direct costs only),Shirvan private communication (TIMCAT data),unspecified,osti_2371533.pdf p.162 (Appendix A),GNCOA account
50,Capitalized Supplementary Costs,Total Costs,$0,AP1000,TIMCAT model output (direct costs only),Shirvan private communication (TIMCAT data),unspecified,osti_2371533.pdf p.162 (Appendix A),GNCOA account
51,Shipping and Transportation Costs,Total Costs,$0,AP1000,TIMCAT model output (direct costs only),Shirvan private communication (TIMCAT data),unspecified,osti_2371533.pdf p.163 (Appendix A),GNCOA account
52,Spare Parts,Total Costs,$0,AP1000,TIMCAT model output (direct costs only),Shirvan private communication (TIMCAT data),unspecified,osti_2371533.pdf p.163 (Appendix A),GNCOA account
53,Taxes,Total Costs,$0,AP1000,TIMCAT model output (direct costs only),Shirvan private communication (TIMCAT data),unspecified,osti_2371533.pdf p.163 (Appendix A),GNCOA account
54,Insurance,Total Costs,$0,AP1000,TIMCAT model output (direct costs only),Shirvan private communication (TIMCAT data),unspecified,osti_2371533.pdf p.163 (Appendix A),GNCOA account
55,Initial Fuel Inventory,Total Costs,$0,AP1000,TIMCAT model output (direct costs only),Shirvan private communication (TIMCAT data),unspecified,osti_2371533.pdf p.163 (Appendix A),GNCOA account
58,Decommissioning,Total Costs,$0,AP1000,TIMCAT model output (direct costs only),Shirvan private communication (TIMCAT data),unspecified,osti_2371533.pdf p.163 (Appendix A),GNCOA account
59,Contingency on Supplementary Costs,Total Costs,$0,AP1000,TIMCAT model output (direct costs only),Shirvan private communication (TIMCAT data),unspecified,osti_2371533.pdf p.163 (Appendix A),GNCOA account
10,Capitalized Pre-Construction Costs,Factory Equipment Costs (2022 USD),0,AP1000,ME FOAK,"Stewart, W. R., Shirvan, K., Velez, E., & Wiser, R. Pathways to Cost-effective Advanced Nuclear Technology.",2017,INL-RPT-24-77048-R1.xlsx / MASTER_DATA_MAPPED col 41,GNCOA account; companion database to INL/RPT-24-77048
10,Capitalized Pre-Construction Costs,Site Labor Cost (2022 USD),0,AP1000,ME FOAK,"Stewart, W. R., Shirvan, K., Velez, E., & Wiser, R. Pathways to Cost-effective Advanced Nuclear Technology.",2017,INL-RPT-24-77048-R1.xlsx / MASTER_DATA_MAPPED col 42,GNCOA account; companion database to INL/RPT-24-77048
10,Capitalized Pre-Construction Costs,Site Material Cost (2022 USD),0,AP1000,ME FOAK,"Stewart, W. R., Shirvan, K., Velez, E., & Wiser, R. Pathways to Cost-effective Advanced Nuclear Technology.",2017,INL-RPT-24-77048-R1.xlsx / MASTER_DATA_MAPPED col 43,GNCOA account; companion database to INL/RPT-24-77048
10,Capitalized Pre-Construction Costs,Total Costs (2022 USD),0,AP1000,ME FOAK,"Stewart, W. R., Shirvan, K., Velez, E., & Wiser, R. Pathways to Cost-effective Advanced Nuclear Technology.",2017,INL-RPT-24-77048-R1.xlsx / MASTER_DATA_MAPPED col 44,GNCOA account; companion database to INL/RPT-24-77048
10,Capitalized Pre-Construction Costs,Factory Equipment Costs (2022 USD),0,AP1000,BE NOAK,"Stewart, W. R., Shirvan, K., Velez, E., & Wiser, R. Pathways to Cost-effective Advanced Nuclear Technology.",2017,INL-RPT-24-77048-R1.xlsx / MASTER_DATA_MAPPED col 45,GNCOA account; companion database to INL/RPT-24-77048
10,Capitalized Pre-Construction Costs,Site Labor Cost (2022 USD),0,AP1000,BE NOAK,"Stewart, W. R., Shirvan, K., Velez, E., & Wiser, R. Pathways to Cost-effective Advanced Nuclear Technology.",2017,INL-RPT-24-77048-R1.xlsx / MASTER_DATA_MAPPED col 46,GNCOA account; companion database to INL/RPT-24-77048
10,Capitalized Pre-Construction Costs,Site Material Cost (2022 USD),0,AP1000,BE NOAK,"Stewart, W. R., Shirvan, K., Velez, E., & Wiser, R. Pathways to Cost-effective Advanced Nuclear Technology.",2017,INL-RPT-24-77048-R1.xlsx / MASTER_DATA_MAPPED col 47,GNCOA account; companion database to INL/RPT-24-77048
10,Capitalized Pre-Construction Costs,Total Costs (2022 USD),0,AP1000,BE NOAK,"Stewart, W. R., Shirvan, K., Velez, E., & Wiser, R. Pathways to Cost-effective Advanced Nuclear Technology.",2017,INL-RPT-24-77048-R1.xlsx / MASTER_DATA_MAPPED col 48,GNCOA account; companion database to INL/RPT-24-77048
10,Capitalized Pre-Construction Costs,Factory Equipment Costs (2022 USD),0,AP1000,0,Shirvan Private Communication (TIMCAT data),unspecified,INL-RPT-24-77048-R1.xlsx / MASTER_DATA_MAPPED col 105,GNCOA account; companion database to INL/RPT-24-77048
10,Capitalized Pre-Construction Costs,Site Labor Cost (2022 USD),0,AP1000,0,Shirvan Private Communication (TIMCAT data),unspecified,INL-RPT-24-77048-R1.xlsx / MASTER_DATA_MAPPED col 106,GNCOA account; companion database to INL/RPT-24-77048
10,Capitalized Pre-Construction Costs,Site Material Cost (2022 USD),0,AP1000,0,Shirvan Private Communication (TIMCAT data),unspecified,INL-RPT-24-77048-R1.xlsx / MASTER_DATA_MAPPED col 107,GNCOA account; companion database to INL/RPT-24-77048
10,Capitalized Pre-Construction Costs,Total Costs (2022 USD),0,AP1000,NOAK,Shirvan Private Communication (Tim Cat Data),unspecified,INL-RPT-24-77048-R1.xlsx / MASTER_DATA_MAPPED col 108,GNCOA account; companion database to INL/RPT-24-77048
11,Land and Land Rights,Factory Equipment Costs (2022 USD),0,AP1000,ME FOAK,"Stewart, W. R., Shirvan, K., Velez, E., & Wiser, R. Pathways to Cost-effective Advanced Nuclear Technology.",2017,INL-RPT-24-77048-R1.xlsx / MASTER_DATA_MAPPED col 41,GNCOA account; companion database to INL/RPT-24-77048
11,Land and Land Rights,Site Labor Cost (2022 USD),0,AP1000,ME FOAK,"Stewart, W. R., Shirvan, K., Velez, E., & Wiser, R. Pathways to Cost-effective Advanced Nuclear Technology.",2017,INL-RPT-24-77048-R1.xlsx / MASTER_DATA_MAPPED col 42,GNCOA account; companion database to INL/RPT-24-77048
11,Land and Land Rights,Site Material Cost (2022 USD),0,AP1000,ME FOAK,"Stewart, W. R., Shirvan, K., Velez, E., & Wiser, R. Pathways to Cost-effective Advanced Nuclear Technology.",2017,INL-RPT-24-77048-R1.xlsx / MASTER_DATA_MAPPED col 43,GNCOA account; companion database to INL/RPT-24-77048
11,Land and Land Rights,Total Costs (2022 USD),0,AP1000,ME FOAK,"Stewart, W. R., Shirvan, K., Velez, E., & Wiser, R. Pathways to Cost-effective Advanced Nuclear Technology.",2017,INL-RPT-24-77048-R1.xlsx / MASTER_DATA_MAPPED col 44,GNCOA account; companion database to INL/RPT-24-77048
11,Land and Land Rights,Factory Equipment Costs (2022 USD),0,AP1000,BE NOAK,"Stewart, W. R., Shirvan, K., Velez, E., & Wiser, R. Pathways to Cost-effective Advanced Nuclear Technology.",2017,INL-RPT-24-77048-R1.xlsx / MASTER_DATA_MAPPED col 45,GNCOA account; companion database to INL/RPT-24-77048
11,Land and Land Rights,Site Labor Cost (2022 USD),0,AP1000,BE NOAK,"Stewart, W. R., Shirvan, K., Velez, E., & Wiser, R. Pathways to Cost-effective Advanced Nuclear Technology.",2017,INL-RPT-24-77048-R1.xlsx / MASTER_DATA_MAPPED col 46,GNCOA account; companion database to INL/RPT-24-77048
11,Land and Land Rights,Site Material Cost (2022 USD),0,AP1000,BE NOAK,"Stewart, W. R., Shirvan, K., Velez, E., & Wiser, R. Pathways to Cost-effective Advanced Nuclear Technology.",2017,INL-RPT-24-77048-R1.xlsx / MASTER_DATA_MAPPED col 47,GNCOA account; companion database to INL/RPT-24-77048
11,Land and Land Rights,Total Costs (2022 USD),0,AP1000,BE NOAK,"Stewart, W. R., Shirvan, K., Velez, E., & Wiser, R. Pathways to Cost-effective Advanced Nuclear Technology.",2017,INL-RPT-24-77048-R1.xlsx / MASTER_DATA_MAPPED col 48,GNCOA account; companion database to INL/RPT-24-77048
11,Land and Land Rights,Factory Equipment Costs (2022 USD),0,AP1000,0,Shirvan Private Communication (TIMCAT data),unspecified,INL-RPT-24-77048-R1.xlsx / MASTER_DATA_MAPPED col 105,GNCOA account; companion database to INL/RPT-24-77048
11,Land and Land Rights,Site Labor Cost (2022 USD),0,AP1000,0,Shirvan Private Communication (TIMCAT data),unspecified,INL-RPT-24-77048-R1.xlsx / MASTER_DATA_MAPPED col 106,GNCOA account; companion database to INL/RPT-24-77048
11,Land and Land Rights,Site Material Cost (2022 USD),0,AP1000,0,Shirvan Private Communication (TIMCAT data),unspecified,INL-RPT-24-77048-R1.xlsx / MASTER_DATA_MAPPED col 107,GNCOA account; companion database to INL/RPT-24-77048
11,Land and Land Rights,Total Costs (2022 USD),0,AP1000,NOAK,Shirvan Private Communication (Tim Cat Data),unspecified,INL-RPT-24-77048-R1.xlsx / MASTER_DATA_MAPPED col 108,GNCOA account; companion database to INL/RPT-24-77048
12,Site Permits,Factory Equipment Costs (2022 USD),0,AP1000,ME FOAK,"Stewart, W. R., Shirvan, K., Velez, E., & Wiser, R. Pathways to Cost-effective Advanced Nuclear Technology.",2017,INL-RPT-24-77048-R1.xlsx / MASTER_DATA_MAPPED col 41,GNCOA account; companion database to INL/RPT-24-77048
12,Site Permits,Site Labor Cost (2022 USD),0,AP1000,ME FOAK,"Stewart, W. R., Shirvan, K., Velez, E., & Wiser, R. Pathways to Cost-effective Advanced Nuclear Technology.",2017,INL-RPT-24-77048-R1.xlsx / MASTER_DATA_MAPPED col 42,GNCOA account; companion database to INL/RPT-24-77048
12,Site Permits,Site Material Cost (2022 USD),0,AP1000,ME FOAK,"Stewart, W. R., Shirvan, K., Velez, E., & Wiser, R. Pathways to Cost-effective Advanced Nuclear Technology.",2017,INL-RPT-24-77048-R1.xlsx / MASTER_DATA_MAPPED col 43,GNCOA account; companion database to INL/RPT-24-77048
12,Site Permits,Total Costs (2022 USD),0,AP1000,ME FOAK,"Stewart, W. R., Shirvan, K., Velez, E., & Wiser, R. Pathways to Cost-effective Advanced Nuclear Technology.",2017,INL-RPT-24-77048-R1.xlsx / MASTER_DATA_MAPPED col 44,GNCOA account; companion database to INL/RPT-24-77048
12,Site Permits,Factory Equipment Costs (2022 USD),0,AP1000,BE NOAK,"Stewart, W. R., Shirvan, K., Velez, E., & Wiser, R. Pathways to Cost-effective Advanced Nuclear Technology.",2017,INL-RPT-24-77048-R1.xlsx / MASTER_DATA_MAPPED col 45,GNCOA account; companion database to INL/RPT-24-77048
12,Site Permits,Site Labor Cost (2022 USD),0,AP1000,BE NOAK,"Stewart, W. R., Shirvan, K., Velez, E., & Wiser, R. Pathways to Cost-effective Advanced Nuclear Technology.",2017,INL-RPT-24-77048-R1.xlsx / MASTER_DATA_MAPPED col 46,GNCOA account; companion database to INL/RPT-24-77048
12,Site Permits,Site Material Cost (2022 USD),0,AP1000,BE NOAK,"Stewart, W. R., Shirvan, K., Velez, E., & Wiser, R. Pathways to Cost-effective Advanced Nuclear Technology.",2017,INL-RPT-24-77048-R1.xlsx / MASTER_DATA_MAPPED col 47,GNCOA account; companion database to INL/RPT-24-77048
12,Site Permits,Total Costs (2022 USD),0,AP1000,BE NOAK,"Stewart, W. R., Shirvan, K., Velez, E., & Wiser, R. Pathways to Cost-effective Advanced Nuclear Technology.",2017,INL-RPT-24-77048-R1.xlsx / MASTER_DATA_MAPPED col 48,GNCOA account; companion database to INL/RPT-24-77048
12,Site Permits,Factory Equipment Costs (2022 USD),0,AP1000,0,Shirvan Private Communication (TIMCAT data),unspecified,INL-RPT-24-77048-R1.xlsx / MASTER_DATA_MAPPED col 105,GNCOA account; companion database to INL/RPT-24-77048
12,Site Permits,Site Labor Cost (2022 USD),0,AP1000,0,Shirvan Private Communication (TIMCAT data),unspecified,INL-RPT-24-77048-R1.xlsx / MASTER_DATA_MAPPED col 106,GNCOA account; companion database to INL/RPT-24-77048
12,Site Permits,Site Material Cost (2022 USD),0,AP1000,0,Shirvan Private Communication (TIMCAT data),unspecified,INL-RPT-24-77048-R1.xlsx / MASTER_DATA_MAPPED col 107,GNCOA account; companion database to INL/RPT-24-77048
12,Site Permits,Total Costs (2022 USD),0,AP1000,NOAK,Shirvan Private Communication (Tim Cat Data),unspecified,INL-RPT-24-77048-R1.xlsx / MASTER_DATA_MAPPED col 108,GNCOA account; companion database to INL/RPT-24-77048
121,Federal,Factory Equipment Costs (2022 USD),0,AP1000,ME FOAK,"Stewart, W. R., Shirvan, K., Velez, E., & Wiser, R. Pathways to Cost-effective Advanced Nuclear Technology.",2017,INL-RPT-24-77048-R1.xlsx / MASTER_DATA_MAPPED col 41,GNCOA account; companion database to INL/RPT-24-77048
121,Federal,Site Labor Cost (2022 USD),0,AP1000,ME FOAK,"Stewart, W. R., Shirvan, K., Velez, E., & Wiser, R. Pathways to Cost-effective Advanced Nuclear Technology.",2017,INL-RPT-24-77048-R1.xlsx / MASTER_DATA_MAPPED col 42,GNCOA account; companion database to INL/RPT-24-77048
121,Federal,Site Material Cost (2022 USD),0,AP1000,ME FOAK,"Stewart, W. R., Shirvan, K., Velez, E., & Wiser, R. Pathways to Cost-effective Advanced Nuclear Technology.",2017,INL-RPT-24-77048-R1.xlsx / MASTER_DATA_MAPPED col 43,GNCOA account; companion database to INL/RPT-24-77048
121,Federal,Total Costs (2022 USD),0,AP1000,ME FOAK,"Stewart, W. R., Shirvan, K., Velez, E., & Wiser, R. Pathways to Cost-effective Advanced Nuclear Technology.",2017,INL-RPT-24-77048-R1.xlsx / MASTER_DATA_MAPPED col 44,GNCOA account; companion database to INL/RPT-24-77048
121,Federal,Factory Equipment Costs (2022 USD),0,AP1000,BE NOAK,"Stewart, W. R., Shirvan, K., Velez, E., & Wiser, R. Pathways to Cost-effective Advanced Nuclear Technology.",2017,INL-RPT-24-77048-R1.xlsx / MASTER_DATA_MAPPED col 45,GNCOA account; companion database to INL/RPT-24-77048
121,Federal,Site Labor Cost (2022 USD),0,AP1000,BE NOAK,"Stewart, W. R., Shirvan, K., Velez, E., & Wiser, R. Pathways to Cost-effective Advanced Nuclear Technology.",2017,INL-RPT-24-77048-R1.xlsx / MASTER_DATA_MAPPED col 46,GNCOA account; companion database to INL/RPT-24-77048
121,Federal,Site Material Cost (2022 USD),0,AP1000,BE NOAK,"Stewart, W. R., Shirvan, K., Velez, E., & Wiser, R. Pathways to Cost-effective Advanced Nuclear Technology.",2017,INL-RPT-24-77048-R1.xlsx / MASTER_DATA_MAPPED col 47,GNCOA account; companion database to INL/RPT-24-77048
121,Federal,Total Costs (2022 USD),0,AP1000,BE NOAK,"Stewart, W. R., Shirvan, K., Velez, E., & Wiser, R. Pathways to Cost-effective Advanced Nuclear Technology.",2017,INL-RPT-24-77048-R1.xlsx / MASTER_DATA_MAPPED col 48,GNCOA account; companion database to INL/RPT-24-77048
121,Federal,Factory Equipment Costs (2022 USD),0,AP1000,0,Shirvan Private Communication (TIMCAT data),unspecified,INL-RPT-24-77048-R1.xlsx / MASTER_DATA_MAPPED col 105,GNCOA account; companion database to INL/RPT-24-77048
121,Federal,Site Labor Cost (2022 USD),0,AP1000,0,Shirvan Private Communication (TIMCAT data),unspecified,INL-RPT-24-77048-R1.xlsx / MASTER_DATA_MAPPED col 106,GNCOA account; companion database to INL/RPT-24-77048
121,Federal,Site Material Cost (2022 USD),0,AP1000,0,Shirvan Private Communication (TIMCAT data),unspecified,INL-RPT-24-77048-R1.xlsx / MASTER_DATA_MAPPED col 107,GNCOA account; companion database to INL/RPT-24-77048
121,Federal,Total Costs (2022 USD),0,AP1000,NOAK,Shirvan Private Communication (Tim Cat Data),unspecified,INL-RPT-24-77048-R1.xlsx / MASTER_DATA_MAPPED col 108,GNCOA account; companion database to INL/RPT-24-77048
122,State,Factory Equipment Costs (2022 USD),0,AP1000,ME FOAK,"Stewart, W. R., Shirvan, K., Velez, E., & Wiser, R. Pathways to Cost-effective Advanced Nuclear Technology.",2017,INL-RPT-24-77048-R1.xlsx / MASTER_DATA_MAPPED col 41,GNCOA account; companion database to INL/RPT-24-77048
122,State,Site Labor Cost (2022 USD),0,AP1000,ME FOAK,"Stewart, W. R., Shirvan, K., Velez, E., & Wiser, R. Pathways to Cost-effective Advanced Nuclear Technology.",2017,INL-RPT-24-77048-R1.xlsx / MASTER_DATA_MAPPED col 42,GNCOA account; companion database to INL/RPT-24-77048
122,State,Site Material Cost (2022 USD),0,AP1000,ME FOAK,"Stewart, W. R., Shirvan, K., Velez, E., & Wiser, R. Pathways to Cost-effective Advanced Nuclear Technology.",2017,INL-RPT-24-77048-R1.xlsx / MASTER_DATA_MAPPED col 43,GNCOA account; companion database to INL/RPT-24-77048
122,State,Total Costs (2022 USD),0,AP1000,ME FOAK,"Stewart, W. R., Shirvan, K., Velez, E., & Wiser, R. Pathways to Cost-effective Advanced Nuclear Technology.",2017,INL-RPT-24-77048-R1.xlsx / MASTER_DATA_MAPPED col 44,GNCOA account; companion database to INL/RPT-24-77048
122,State,Factory Equipment Costs (2022 USD),0,AP1000,BE NOAK,"Stewart, W. R., Shirvan, K., Velez, E., & Wiser, R. Pathways to Cost-effective Advanced Nuclear Technology.",2017,INL-RPT-24-77048-R1.xlsx / MASTER_DATA_MAPPED col 45,GNCOA account; companion database to INL/RPT-24-77048
122,State,Site Labor Cost (2022 USD),0,AP1000,BE NOAK,"Stewart, W. R., Shirvan, K., Velez, E., & Wiser, R. Pathways to Cost-effective Advanced Nuclear Technology.",2017,INL-RPT-24-77048-R1.xlsx / MASTER_DATA_MAPPED col 46,GNCOA account; companion database to INL/RPT-24-77048
122,State,Site Material Cost (2022 USD),0,AP1000,BE NOAK,"Stewart, W. R., Shirvan, K., Velez, E., & Wiser, R. Pathways to Cost-effective Advanced Nuclear Technology.",2017,INL-RPT-24-77048-R1.xlsx / MASTER_DATA_MAPPED col 47,GNCOA account; companion database to INL/RPT-24-77048
122,State,Total Costs (2022 USD),0,AP1000,BE NOAK,"Stewart, W. R., Shirvan, K., Velez, E., & Wiser, R. Pathways to Cost-effective Advanced Nuclear Technology.",2017,INL-RPT-24-77048-R1.xlsx / MASTER_DATA_MAPPED col 48,GNCOA account; companion database to INL/RPT-24-77048
122,State,Factory Equipment Costs (2022 USD),0,AP1000,0,Shirvan Private Communication (TIMCAT data),unspecified,INL-RPT-24-77048-R1.xlsx / MASTER_DATA_MAPPED col 105,GNCOA account; companion database to INL/RPT-24-77048
122,State,Site Labor Cost (2022 USD),0,AP1000,0,Shirvan Private Communication (TIMCAT data),unspecified,INL-RPT-24-77048-R1.xlsx / MASTER_DATA_MAPPED col 106,GNCOA account; companion database to INL/RPT-24-77048
122,State,Site Material Cost (2022 USD),0,AP1000,0,Shirvan Private Communication (TIMCAT data),unspecified,INL-RPT-24-77048-R1.xlsx / MASTER_DATA_MAPPED col 107,GNCOA account; companion database to INL/RPT-24-77048
122,State,Total Costs (2022 USD),0,AP1000,NOAK,Shirvan Private Communication (Tim Cat Data),unspecified,INL-RPT-24-77048-R1.xlsx / MASTER_DATA_MAPPED col 108,GNCOA account; companion database to INL/RPT-24-77048
123,Local,Factory Equipment Costs (2022 USD),0,AP1000,ME FOAK,"Stewart, W. R., Shirvan, K., Velez, E., & Wiser, R. Pathways to Cost-effective Advanced Nuclear Technology.",2017,INL-RPT-24-77048-R1.xlsx / MASTER_DATA_MAPPED col 41,GNCOA account; companion database to INL/RPT-24-77048
123,Local,Site Labor Cost (2022 USD),0,AP1000,ME FOAK,"Stewart, W. R., Shirvan, K., Velez, E., & Wiser, R. Pathways to Cost-effective Advanced Nuclear Technology.",2017,INL-RPT-24-77048-R1.xlsx / MASTER_DATA_MAPPED col 42,GNCOA account; companion database to INL/RPT-24-77048
123,Local,Site Material Cost (2022 USD),0,AP1000,ME FOAK,"Stewart, W. R., Shirvan, K., Velez, E., & Wiser, R. Pathways to Cost-effective Advanced Nuclear Technology.",2017,INL-RPT-24-77048-R1.xlsx / MASTER_DATA_MAPPED col 43,GNCOA account; companion database to INL/RPT-24-77048
123,Local,Total Costs (2022 USD),0,AP1000,ME FOAK,"Stewart, W. R., Shirvan, K., Velez, E., & Wiser, R. Pathways to Cost-effective Advanced Nuclear Technology.",2017,INL-RPT-24-77048-R1.xlsx / MASTER_DATA_MAPPED col 44,GNCOA account; companion database to INL/RPT-24-77048
123,Local,Factory Equipment Costs (2022 USD),0,AP1000,BE NOAK,"Stewart, W. R., Shirvan, K., Velez, E., & Wiser, R. Pathways to Cost-effective Advanced Nuclear Technology.",2017,INL-RPT-24-77048-R1.xlsx / MASTER_DATA_MAPPED col 45,GNCOA account; companion database to INL/RPT-24-77048
123,Local,Site Labor Cost (2022 USD),0,AP1000,BE NOAK,"Stewart, W. R., Shirvan, K., Velez, E., & Wiser, R. Pathways to Cost-effective Advanced Nuclear Technology.",2017,INL-RPT-24-77048-R1.xlsx / MASTER_DATA_MAPPED col 46,GNCOA account; companion database to INL/RPT-24-77048
123,Local,Site Material Cost (2022 USD),0,AP1000,BE NOAK,"Stewart, W. R., Shirvan, K., Velez, E., & Wiser, R. Pathways to Cost-effective Advanced Nuclear Technology.",2017,INL-RPT-24-77048-R1.xlsx / MASTER_DATA_MAPPED col 47,GNCOA account; companion database to INL/RPT-24-77048
123,Local,Total Costs (2022 USD),0,AP1000,BE NOAK,"Stewart, W. R., Shirvan, K., Velez, E., & Wiser, R. Pathways to Cost-effective Advanced Nuclear Technology.",2017,INL-RPT-24-77048-R1.xlsx / MASTER_DATA_MAPPED col 48,GNCOA account; companion database to INL/RPT-24-77048
123,Local,Factory Equipment Costs (2022 USD),0,AP1000,0,Shirvan Private Communication (TIMCAT data),unspecified,INL-RPT-24-77048-R1.xlsx / MASTER_DATA_MAPPED col 105,GNCOA account; companion database to INL/RPT-24-77048
123,Local,Site Labor Cost (2022 USD),0,AP1000,0,Shirvan Private Communication (TIMCAT data),unspecified,INL-RPT-24-77048-R1.xlsx / MASTER_DATA_MAPPED col 106,GNCOA account; companion database to INL/RPT-24-77048
123,Local,Site Material Cost (2022 USD),0,AP1000,0,Shirvan Private Communication (TIMCAT data),unspecified,INL-RPT-24-77048-R1.xlsx / MASTER_DATA_MAPPED col 107,GNCOA account; companion database to INL/RPT-24-77048
123,Local,Total Costs (2022 USD),0,AP1000,NOAK,Shirvan Private Communication (Tim Cat Data),unspecified,INL-RPT-24-77048-R1.xlsx / MASTER_DATA_MAPPED col 108,GNCOA account; companion database to INL/RPT-24-77048
13,Plant Licensing,Factory Equipment Costs (2022 USD),0,AP1000,ME FOAK,"Stewart, W. R., Shirvan, K., Velez, E., & Wiser, R. Pathways to Cost-effective Advanced Nuclear Technology.",2017,INL-RPT-24-77048-R1.xlsx / MASTER_DATA_MAPPED col 41,GNCOA account; companion database to INL/RPT-24-77048
13,Plant Licensing,Site Labor Cost (2022 USD),0,AP1000,ME FOAK,"Stewart, W. R., Shirvan, K., Velez, E., & Wiser, R. Pathways to Cost-effective Advanced Nuclear Technology.",2017,INL-RPT-24-77048-R1.xlsx / MASTER_DATA_MAPPED col 42,GNCOA account; companion database to INL/RPT-24-77048
13,Plant Licensing,Site Material Cost (2022 USD),0,AP1000,ME FOAK,"Stewart, W. R., Shirvan, K., Velez, E., & Wiser, R. Pathways to Cost-effective Advanced Nuclear Technology.",2017,INL-RPT-24-77048-R1.xlsx / MASTER_DATA_MAPPED col 43,GNCOA account; companion database to INL/RPT-24-77048
13,Plant Licensing,Total Costs (2022 USD),0,AP1000,ME FOAK,"Stewart, W. R., Shirvan, K., Velez, E., & Wiser, R. Pathways to Cost-effective Advanced Nuclear Technology.",2017,INL-RPT-24-77048-R1.xlsx / MASTER_DATA_MAPPED col 44,GNCOA account; companion database to INL/RPT-24-77048
13,Plant Licensing,Factory Equipment Costs (2022 USD),0,AP1000,BE NOAK,"Stewart, W. R., Shirvan, K., Velez, E., & Wiser, R. Pathways to Cost-effective Advanced Nuclear Technology.",2017,INL-RPT-24-77048-R1.xlsx / MASTER_DATA_MAPPED col 45,GNCOA account; companion database to INL/RPT-24-77048
13,Plant Licensing,Site Labor Cost (2022 USD),0,AP1000,BE NOAK,"Stewart, W. R., Shirvan, K., Velez, E., & Wiser, R. Pathways to Cost-effective Advanced Nuclear Technology.",2017,INL-RPT-24-77048-R1.xlsx / MASTER_DATA_MAPPED col 46,GNCOA account; companion database to INL/RPT-24-77048
13,Plant Licensing,Site Material Cost (2022 USD),0,AP1000,BE NOAK,"Stewart, W. R., Shirvan, K., Velez, E., & Wiser, R. Pathways to Cost-effective Advanced Nuclear Technology.",2017,INL-RPT-24-77048-R1.xlsx / MASTER_DATA_MAPPED col 47,GNCOA account; companion database to INL/RPT-24-77048
13,Plant Licensing,Total Costs (2022 USD),0,AP1000,BE NOAK,"Stewart, W. R., Shirvan, K., Velez, E., & Wiser, R. Pathways to Cost-effective Advanced Nuclear Technology.",2017,INL-RPT-24-77048-R1.xlsx / MASTER_DATA_MAPPED col 48,GNCOA account; companion database to INL/RPT-24-77048
13,Plant Licensing,Factory Equipment Costs (2022 USD),0,AP1000,0,Shirvan Private Communication (TIMCAT data),unspecified,INL-RPT-24-77048-R1.xlsx / MASTER_DATA_MAPPED col 105,GNCOA account; companion database to INL/RPT-24-77048
13,Plant Licensing,Site Labor Cost (2022 USD),0,AP1000,0,Shirvan Private Communication (TIMCAT data),unspecified,INL-RPT-24-77048-R1.xlsx / MASTER_DATA_MAPPED col 106,GNCOA account; companion database to INL/RPT-24-77048
13,Plant Licensing,Site Material Cost (2022 USD),0,AP1000,0,Shirvan Private Communication (TIMCAT data),unspecified,INL-RPT-24-77048-R1.xlsx / MASTER_DATA_MAPPED col 107,GNCOA account; companion database to INL/RPT-24-77048
13,Plant Licensing,Total Costs (2022 USD),0,AP1000,NOAK,Shirvan Private Communication (Tim Cat Data),unspecified,INL-RPT-24-77048-R1.xlsx / MASTER_DATA_MAPPED col 108,GNCOA account; companion database to INL/RPT-24-77048
131,Preapplication,Factory Equipment Costs (2022 USD),0,AP1000,ME FOAK,"Stewart, W. R., Shirvan, K., Velez, E., & Wiser, R. Pathways to Cost-effective Advanced Nuclear Technology.",2017,INL-RPT-24-77048-R1.xlsx / MASTER_DATA_MAPPED col 41,GNCOA account; companion database to INL/RPT-24-77048
131,Preapplication,Site Labor Cost (2022 USD),0,AP1000,ME FOAK,"Stewart, W. R., Shirvan, K., Velez, E., & Wiser, R. Pathways to Cost-effective Advanced Nuclear Technology.",2017,INL-RPT-24-77048-R1.xlsx / MASTER_DATA_MAPPED col 42,GNCOA account; companion database to INL/RPT-24-77048
131,Preapplication,Site Material Cost (2022 USD),0,AP1000,ME FOAK,"Stewart, W. R., Shirvan, K., Velez, E., & Wiser, R. Pathways to Cost-effective Advanced Nuclear Technology.",2017,INL-RPT-24-77048-R1.xlsx / MASTER_DATA_MAPPED col 43,GNCOA account; companion database to INL/RPT-24-77048
131,Preapplication,Total Costs (2022 USD),0,AP1000,ME FOAK,"Stewart, W. R., Shirvan, K., Velez, E., & Wiser, R. Pathways to Cost-effective Advanced Nuclear Technology.",2017,INL-RPT-24-77048-R1.xlsx / MASTER_DATA_MAPPED col 44,GNCOA account; companion database to INL/RPT-24-77048
131,Preapplication,Factory Equipment Costs (2022 USD),0,AP1000,BE NOAK,"Stewart, W. R., Shirvan, K., Velez, E., & Wiser, R. Pathways to Cost-effective Advanced Nuclear Technology.",2017,INL-RPT-24-77048-R1.xlsx / MASTER_DATA_MAPPED col 45,GNCOA account; companion database to INL/RPT-24-77048
131,Preapplication,Site Labor Cost (2022 USD),0,AP1000,BE NOAK,"Stewart, W. R., Shirvan, K., Velez, E., & Wiser, R. Pathways to Cost-effective Advanced Nuclear Technology.",2017,INL-RPT-24-77048-R1.xlsx / MASTER_DATA_MAPPED col 46,GNCOA account; companion database to INL/RPT-24-77048
131,Preapplication,Site Material Cost (2022 USD),0,AP1000,BE NOAK,"Stewart, W. R., Shirvan, K., Velez, E., & Wiser, R. Pathways to Cost-effective Advanced Nuclear Technology.",2017,INL-RPT-24-77048-R1.xlsx / MASTER_DATA_MAPPED col 47,GNCOA account; companion database to INL/RPT-24-77048
131,Preapplication,Total Costs (2022 USD),0,AP1000,BE NOAK,"Stewart, W. R., Shirvan, K., Velez, E., & Wiser, R. Pathways to Cost-effective Advanced Nuclear Technology.",2017,INL-RPT-24-77048-R1.xlsx / MASTER_DATA_MAPPED col 48,GNCOA account; companion database to INL/RPT-24-77048
131,Preapplication,Factory Equipment Costs (2022 USD),0,AP1000,0,Shirvan Private Communication (TIMCAT data),unspecified,INL-RPT-24-77048-R1.xlsx / MASTER_DATA_MAPPED col 105,GNCOA account; companion database to INL/RPT-24-77048
131,Preapplication,Site Labor Cost (2022 USD),0,AP1000,0,Shirvan Private Communication (TIMCAT data),unspecified,INL-RPT-24-77048-R1.xlsx / MASTER_DATA_MAPPED col 106,GNCOA account; companion database to INL/RPT-24-77048
131,Preapplication,Site Material Cost (2022 USD),0,AP1000,0,Shirvan Private Communication (TIMCAT data),unspecified,INL-RPT-24-77048-R1.xlsx / MASTER_DATA_MAPPED col 107,GNCOA account; companion database to INL/RPT-24-77048
131,Preapplication,Total Costs (2022 USD),0,AP1000,NOAK,Shirvan Private Communication (Tim Cat Data),unspecified,INL-RPT-24-77048-R1.xlsx / MASTER_DATA_MAPPED col 108,GNCOA account; companion database to INL/RPT-24-77048
132,Preparation,Factory Equipment Costs (2022 USD),0,AP1000,ME FOAK,"Stewart, W. R., Shirvan, K., Velez, E., & Wiser, R. Pathways to Cost-effective Advanced Nuclear Technology.",2017,INL-RPT-24-77048-R1.xlsx / MASTER_DATA_MAPPED col 41,GNCOA account; companion database to INL/RPT-24-77048
132,Preparation,Site Labor Cost (2022 USD),0,AP1000,ME FOAK,"Stewart, W. R., Shirvan, K., Velez, E., & Wiser, R. Pathways to Cost-effective Advanced Nuclear Technology.",2017,INL-RPT-24-77048-R1.xlsx / MASTER_DATA_MAPPED col 42,GNCOA account; companion database to INL/RPT-24-77048
132,Preparation,Site Material Cost (2022 USD),0,AP1000,ME FOAK,"Stewart, W. R., Shirvan, K., Velez, E., & Wiser, R. Pathways to Cost-effective Advanced Nuclear Technology.",2017,INL-RPT-24-77048-R1.xlsx / MASTER_DATA_MAPPED col 43,GNCOA account; companion database to INL/RPT-24-77048
132,Preparation,Total Costs (2022 USD),0,AP1000,ME FOAK,"Stewart, W. R., Shirvan, K., Velez, E., & Wiser, R. Pathways to Cost-effective Advanced Nuclear Technology.",2017,INL-RPT-24-77048-R1.xlsx / MASTER_DATA_MAPPED col 44,GNCOA account; companion database to INL/RPT-24-77048
132,Preparation,Factory Equipment Costs (2022 USD),0,AP1000,BE NOAK,"Stewart, W. R., Shirvan, K., Velez, E., & Wiser, R. Pathways to Cost-effective Advanced Nuclear Technology.",2017,INL-RPT-24-77048-R1.xlsx / MASTER_DATA_MAPPED col 45,GNCOA account; companion database to INL/RPT-24-77048
132,Preparation,Site Labor Cost (2022 USD),0,AP1000,BE NOAK,"Stewart, W. R., Shirvan, K., Velez, E., & Wiser, R. Pathways to Cost-effective Advanced Nuclear Technology.",2017,INL-RPT-24-77048-R1.xlsx / MASTER_DATA_MAPPED col 46,GNCOA account; companion database to INL/RPT-24-77048
132,Preparation,Site Material Cost (2022 USD),0,AP1000,BE NOAK,"Stewart, W. R., Shirvan, K., Velez, E., & Wiser, R. Pathways to Cost-effective Advanced Nuclear Technology.",2017,INL-RPT-24-77048-R1.xlsx / MASTER_DATA_MAPPED col 47,GNCOA account; companion database to INL/RPT-24-77048
132,Preparation,Total Costs (2022 USD),0,AP1000,BE NOAK,"Stewart, W. R., Shirvan, K., Velez, E., & Wiser, R. Pathways to Cost-effective Advanced Nuclear Technology.",2017,INL-RPT-24-77048-R1.xlsx / MASTER_DATA_MAPPED col 48,GNCOA account; companion database to INL/RPT-24-77048
132,Preparation,Factory Equipment Costs (2022 USD),0,AP1000,0,Shirvan Private Communication (TIMCAT data),unspecified,INL-RPT-24-77048-R1.xlsx / MASTER_DATA_MAPPED col 105,GNCOA account; companion database to INL/RPT-24-77048
132,Preparation,Site Labor Cost (2022 USD),0,AP1000,0,Shirvan Private Communication (TIMCAT data),unspecified,INL-RPT-24-77048-R1.xlsx / MASTER_DATA_MAPPED col 106,GNCOA account; companion database to INL/RPT-24-77048
132,Preparation,Site Material Cost (2022 USD),0,AP1000,0,Shirvan Private Communication (TIMCAT data),unspecified,INL-RPT-24-77048-R1.xlsx / MASTER_DATA_MAPPED col 107,GNCOA account; companion database to INL/RPT-24-77048
132,Preparation,Total Costs (2022 USD),0,AP1000,NOAK,Shirvan Private Communication (Tim Cat Data),unspecified,INL-RPT-24-77048-R1.xlsx / MASTER_DATA_MAPPED col 108,GNCOA account; companion database to INL/RPT-24-77048
133,Regulatory Review,Factory Equipment Costs (2022 USD),0,AP1000,ME FOAK,"Stewart, W. R., Shirvan, K., Velez, E., & Wiser, R. Pathways to Cost-effective Advanced Nuclear Technology.",2017,INL-RPT-24-77048-R1.xlsx / MASTER_DATA_MAPPED col 41,GNCOA account; companion database to INL/RPT-24-77048
133,Regulatory Review,Site Labor Cost (2022 USD),0,AP1000,ME FOAK,"Stewart, W. R., Shirvan, K., Velez, E., & Wiser, R. Pathways to Cost-effective Advanced Nuclear Technology.",2017,INL-RPT-24-77048-R1.xlsx / MASTER_DATA_MAPPED col 42,GNCOA account; companion database to INL/RPT-24-77048
133,Regulatory Review,Site Material Cost (2022 USD),0,AP1000,ME FOAK,"Stewart, W. R., Shirvan, K., Velez, E., & Wiser, R. Pathways to Cost-effective Advanced Nuclear Technology.",2017,INL-RPT-24-77048-R1.xlsx / MASTER_DATA_MAPPED col 43,GNCOA account; companion database to INL/RPT-24-77048
133,Regulatory Review,Total Costs (2022 USD),0,AP1000,ME FOAK,"Stewart, W. R., Shirvan, K., Velez, E., & Wiser, R. Pathways to Cost-effective Advanced Nuclear Technology.",2017,INL-RPT-24-77048-R1.xlsx / MASTER_DATA_MAPPED col 44,GNCOA account; companion database to INL/RPT-24-77048
133,Regulatory Review,Factory Equipment Costs (2022 USD),0,AP1000,BE NOAK,"Stewart, W. R., Shirvan, K., Velez, E., & Wiser, R. Pathways to Cost-effective Advanced Nuclear Technology.",2017,INL-RPT-24-77048-R1.xlsx / MASTER_DATA_MAPPED col 45,GNCOA account; companion database to INL/RPT-24-77048
133,Regulatory Review,Site Labor Cost (2022 USD),0,AP1000,BE NOAK,"Stewart, W. R., Shirvan, K., Velez, E., & Wiser, R. Pathways to Cost-effective Advanced Nuclear Technology.",2017,INL-RPT-24-77048-R1.xlsx / MASTER_DATA_MAPPED col 46,GNCOA account; companion database to INL/RPT-24-77048
133,Regulatory Review,Site Material Cost (2022 USD),0,AP1000,BE NOAK,"Stewart, W. R., Shirvan, K., Velez, E., & Wiser, R. Pathways to Cost-effective Advanced Nuclear Technology.",2017,INL-RPT-24-77048-R1.xlsx / MASTER_DATA_MAPPED col 47,GNCOA account; companion database to INL/RPT-24-77048
133,Regulatory Review,Total Costs (2022 USD),0,AP1000,BE NOAK,"Stewart, W. R., Shirvan, K., Velez, E., & Wiser, R. Pathways to Cost-effective Advanced Nuclear Technology.",2017,INL-RPT-24-77048-R1.xlsx / MASTER_DATA_MAPPED col 48,GNCOA account; companion database to INL/RPT-24-77048
133,Regulatory Review,Factory Equipment Costs (2022 USD),0,AP1000,0,Shirvan Private Communication (TIMCAT data),unspecified,INL-RPT-24-77048-R1.xlsx / MASTER_DATA_MAPPED col 105,GNCOA account; companion database to INL/RPT-24-77048
133,Regulatory Review,Site Labor Cost (2022 USD),0,AP1000,0,Shirvan Private Communication (TIMCAT data),unspecified,INL-RPT-24-77048-R1.xlsx / MASTER_DATA_MAPPED col 106,GNCOA account; companion database to INL/RPT-24-77048
133,Regulatory Review,Site Material Cost (2022 USD),0,AP1000,0,Shirvan Private Communication (TIMCAT data),unspecified,INL-RPT-24-77048-R1.xlsx / MASTER_DATA_MAPPED col 107,GNCOA account; companion database to INL/RPT-24-77048
133,Regulatory Review,Total Costs (2022 USD),0,AP1000,NOAK,Shirvan Private Communication (Tim Cat Data),unspecified,INL-RPT-24-77048-R1.xlsx / MASTER_DATA_MAPPED col 108,GNCOA account; companion database to INL/RPT-24-77048
14,Plant Permits,Factory Equipment Costs (2022 USD),0,AP1000,ME FOAK,"Stewart, W. R., Shirvan, K., Velez, E., & Wiser, R. Pathways to Cost-effective Advanced Nuclear Technology.",2017,INL-RPT-24-77048-R1.xlsx / MASTER_DATA_MAPPED col 41,GNCOA account; companion database to INL/RPT-24-77048
14,Plant Permits,Site Labor Cost (2022 USD),0,AP1000,ME FOAK,"Stewart, W. R., Shirvan, K., Velez, E., & Wiser, R. Pathways to Cost-effective Advanced Nuclear Technology.",2017,INL-RPT-24-77048-R1.xlsx / MASTER_DATA_MAPPED col 42,GNCOA account; companion database to INL/RPT-24-77048
14,Plant Permits,Site Material Cost (2022 USD),0,AP1000,ME FOAK,"Stewart, W. R., Shirvan, K., Velez, E., & Wiser, R. Pathways to Cost-effective Advanced Nuclear Technology.",2017,INL-RPT-24-77048-R1.xlsx / MASTER_DATA_MAPPED col 43,GNCOA account; companion database to INL/RPT-24-77048
14,Plant Permits,Total Costs (2022 USD),0,AP1000,ME FOAK,"Stewart, W. R., Shirvan, K., Velez, E., & Wiser, R. Pathways to Cost-effective Advanced Nuclear Technology.",2017,INL-RPT-24-77048-R1.xlsx / MASTER_DATA_MAPPED col 44,GNCOA account; companion database to INL/RPT-24-77048
14,Plant Permits,Factory Equipment Costs (2022 USD),0,AP1000,BE NOAK,"Stewart, W. R., Shirvan, K., Velez, E., & Wiser, R. Pathways to Cost-effective Advanced Nuclear Technology.",2017,INL-RPT-24-77048-R1.xlsx / MASTER_DATA_MAPPED col 45,GNCOA account; companion database to INL/RPT-24-77048
14,Plant Permits,Site Labor Cost (2022 USD),0,AP1000,BE NOAK,"Stewart, W. R., Shirvan, K., Velez, E., & Wiser, R. Pathways to Cost-effective Advanced Nuclear Technology.",2017,INL-RPT-24-77048-R1.xlsx / MASTER_DATA_MAPPED col 46,GNCOA account; companion database to INL/RPT-24-77048
14,Plant Permits,Site Material Cost (2022 USD),0,AP1000,BE NOAK,"Stewart, W. R., Shirvan, K., Velez, E., & Wiser, R. Pathways to Cost-effective Advanced Nuclear Technology.",2017,INL-RPT-24-77048-R1.xlsx / MASTER_DATA_MAPPED col 47,GNCOA account; companion database to INL/RPT-24-77048
14,Plant Permits,Total Costs (2022 USD),0,AP1000,BE NOAK,"Stewart, W. R., Shirvan, K., Velez, E., & Wiser, R. Pathways to Cost-effective Advanced Nuclear Technology.",2017,INL-RPT-24-77048-R1.xlsx / MASTER_DATA_MAPPED col 48,GNCOA account; companion database to INL/RPT-24-77048
14,Plant Permits,Factory Equipment Costs (2022 USD),0,AP1000,0,Shirvan Private Communication (TIMCAT data),unspecified,INL-RPT-24-77048-R1.xlsx / MASTER_DATA_MAPPED col 105,GNCOA account; companion database to INL/RPT-24-77048
14,Plant Permits,Site Labor Cost (2022 USD),0,AP1000,0,Shirvan Private Communication (TIMCAT data),unspecified,INL-RPT-24-77048-R1.xlsx / MASTER_DATA_MAPPED col 106,GNCOA account; companion database to INL/RPT-24-77048
14,Plant Permits,Site Material Cost (2022 USD),0,AP1000,0,Shirvan Private Communication (TIMCAT data),unspecified,INL-RPT-24-77048-R1.xlsx / MASTER_DATA_MAPPED col 107,GNCOA account; companion database to INL/RPT-24-77048
14,Plant Permits,Total Costs (2022 USD),0,AP1000,NOAK,Shirvan Private Communication (Tim Cat Data),unspecified,INL-RPT-24-77048-R1.xlsx / MASTER_DATA_MAPPED col 108,GNCOA account; companion database to INL/RPT-24-77048
15,Plant Studies,Factory Equipment Costs (2022 USD),0,AP1000,ME FOAK,"Stewart, W. R., Shirvan, K., Velez, E., & Wiser, R. Pathways to Cost-effective Advanced Nuclear Technology.",2017,INL-RPT-24-77048-R1.xlsx / MASTER_DATA_MAPPED col 41,GNCOA account; companion database to INL/RPT-24-77048
15,Plant Studies,Site Labor Cost (2022 USD),0,AP1000,ME FOAK,"Stewart, W. R., Shirvan, K., Velez, E., & Wiser, R. Pathways to Cost-effective Advanced Nuclear Technology.",2017,INL-RPT-24-77048-R1.xlsx / MASTER_DATA_MAPPED col 42,GNCOA account; companion database to INL/RPT-24-77048
15,Plant Studies,Site Material Cost (2022 USD),0,AP1000,ME FOAK,"Stewart, W. R., Shirvan, K., Velez, E., & Wiser, R. Pathways to Cost-effective Advanced Nuclear Technology.",2017,INL-RPT-24-77048-R1.xlsx / MASTER_DATA_MAPPED col 43,GNCOA account; companion database to INL/RPT-24-77048
15,Plant Studies,Total Costs (2022 USD),0,AP1000,ME FOAK,"Stewart, W. R., Shirvan, K., Velez, E., & Wiser, R. Pathways to Cost-effective Advanced Nuclear Technology.",2017,INL-RPT-24-77048-R1.xlsx / MASTER_DATA_MAPPED col 44,GNCOA account; companion database to INL/RPT-24-77048
15,Plant Studies,Factory Equipment Costs (2022 USD),0,AP1000,BE NOAK,"Stewart, W. R., Shirvan, K., Velez, E., & Wiser, R. Pathways to Cost-effective Advanced Nuclear Technology.",2017,INL-RPT-24-77048-R1.xlsx / MASTER_DATA_MAPPED col 45,GNCOA account; companion database to INL/RPT-24-77048
15,Plant Studies,Site Labor Cost (2022 USD),0,AP1000,BE NOAK,"Stewart, W. R., Shirvan, K., Velez, E., & Wiser, R. Pathways to Cost-effective Advanced Nuclear Technology.",2017,INL-RPT-24-77048-R1.xlsx / MASTER_DATA_MAPPED col 46,GNCOA account; companion database to INL/RPT-24-77048
15,Plant Studies,Site Material Cost (2022 USD),0,AP1000,BE NOAK,"Stewart, W. R., Shirvan, K., Velez, E., & Wiser, R. Pathways to Cost-effective Advanced Nuclear Technology.",2017,INL-RPT-24-77048-R1.xlsx / MASTER_DATA_MAPPED col 47,GNCOA account; companion database to INL/RPT-24-77048
15,Plant Studies,Total Costs (2022 USD),0,AP1000,BE NOAK,"Stewart, W. R., Shirvan, K., Velez, E., & Wiser, R. Pathways to Cost-effective Advanced Nuclear Technology.",2017,INL-RPT-24-77048-R1.xlsx / MASTER_DATA_MAPPED col 48,GNCOA account; companion database to INL/RPT-24-77048
15,Plant Studies,Factory Equipment Costs (2022 USD),0,AP1000,0,Shirvan Private Communication (TIMCAT data),unspecified,INL-RPT-24-77048-R1.xlsx / MASTER_DATA_MAPPED col 105,GNCOA account; companion database to INL/RPT-24-77048
15,Plant Studies,Site Labor Cost (2022 USD),0,AP1000,0,Shirvan Private Communication (TIMCAT data),unspecified,INL-RPT-24-77048-R1.xlsx / MASTER_DATA_MAPPED col 106,GNCOA account; companion database to INL/RPT-24-77048
15,Plant Studies,Site Material Cost (2022 USD),0,AP1000,0,Shirvan Private Communication (TIMCAT data),unspecified,INL-RPT-24-77048-R1.xlsx / MASTER_DATA_MAPPED col 107,GNCOA account; companion database to INL/RPT-24-77048
15,Plant Studies,Total Costs (2022 USD),0,AP1000,NOAK,Shirvan Private Communication (Tim Cat Data),unspecified,INL-RPT-24-77048-R1.xlsx / MASTER_DATA_MAPPED col 108,GNCOA account; companion database to INL/RPT-24-77048
16,Plant Reports,Factory Equipment Costs (2022 USD),0,AP1000,ME FOAK,"Stewart, W. R., Shirvan, K., Velez, E., & Wiser, R. Pathways to Cost-effective Advanced Nuclear Technology.",2017,INL-RPT-24-77048-R1.xlsx / MASTER_DATA_MAPPED col 41,GNCOA account; companion database to INL/RPT-24-77048
16,Plant Reports,Site Labor Cost (2022 USD),0,AP1000,ME FOAK,"Stewart, W. R., Shirvan, K., Velez, E., & Wiser, R. Pathways to Cost-effective Advanced Nuclear Technology.",2017,INL-RPT-24-77048-R1.xlsx / MASTER_DATA_MAPPED col 42,GNCOA account; companion database to INL/RPT-24-77048
16,Plant Reports,Site Material Cost (2022 USD),0,AP1000,ME FOAK,"Stewart, W. R., Shirvan, K., Velez, E., & Wiser, R. Pathways to Cost-effective Advanced Nuclear Technology.",2017,INL-RPT-24-77048-R1.xlsx / MASTER_DATA_MAPPED col 43,GNCOA account; companion database to INL/RPT-24-77048
16,Plant Reports,Total Costs (2022 USD),0,AP1000,ME FOAK,"Stewart, W. R., Shirvan, K., Velez, E., & Wiser, R. Pathways to Cost-effective Advanced Nuclear Technology.",2017,INL-RPT-24-77048-R1.xlsx / MASTER_DATA_MAPPED col 44,GNCOA account; companion database to INL/RPT-24-77048
16,Plant Reports,Factory Equipment Costs (2022 USD),0,AP1000,BE NOAK,"Stewart, W. R., Shirvan, K., Velez, E., & Wiser, R. Pathways to Cost-effective Advanced Nuclear Technology.",2017,INL-RPT-24-77048-R1.xlsx / MASTER_DATA_MAPPED col 45,GNCOA account; companion database to INL/RPT-24-77048
16,Plant Reports,Site Labor Cost (2022 USD),0,AP1000,BE NOAK,"Stewart, W. R., Shirvan, K., Velez, E., & Wiser, R. Pathways to Cost-effective Advanced Nuclear Technology.",2017,INL-RPT-24-77048-R1.xlsx / MASTER_DATA_MAPPED col 46,GNCOA account; companion database to INL/RPT-24-77048
16,Plant Reports,Site Material Cost (2022 USD),0,AP1000,BE NOAK,"Stewart, W. R., Shirvan, K., Velez, E., & Wiser, R. Pathways to Cost-effective Advanced Nuclear Technology.",2017,INL-RPT-24-77048-R1.xlsx / MASTER_DATA_MAPPED col 47,GNCOA account; companion database to INL/RPT-24-77048
16,Plant Reports,Total Costs (2022 USD),0,AP1000,BE NOAK,"Stewart, W. R., Shirvan, K., Velez, E., & Wiser, R. Pathways to Cost-effective Advanced Nuclear Technology.",2017,INL-RPT-24-77048-R1.xlsx / MASTER_DATA_MAPPED col 48,GNCOA account; companion database to INL/RPT-24-77048
16,Plant Reports,Factory Equipment Costs (2022 USD),0,AP1000,0,Shirvan Private Communication (TIMCAT data),unspecified,INL-RPT-24-77048-R1.xlsx / MASTER_DATA_MAPPED col 105,GNCOA account; companion database to INL/RPT-24-77048
16,Plant Reports,Site Labor Cost (2022 USD),0,AP1000,0,Shirvan Private Communication (TIMCAT data),unspecified,INL-RPT-24-77048-R1.xlsx / MASTER_DATA_MAPPED col 106,GNCOA account; companion database to INL/RPT-24-77048
16,Plant Reports,Site Material Cost (2022 USD),0,AP1000,0,Shirvan Private Communication (TIMCAT data),unspecified,INL-RPT-24-77048-R1.xlsx / MASTER_DATA_MAPPED col 107,GNCOA account; companion database to INL/RPT-24-77048
16,Plant Reports,Total Costs (2022 USD),0,AP1000,NOAK,Shirvan Private Communication (Tim Cat Data),unspecified,INL-RPT-24-77048-R1.xlsx / MASTER_DATA_MAPPED col 108,GNCOA account; companion database to INL/RPT-24-77048
17,Community Outreach and Education,Factory Equipment Costs (2022 USD),0,AP1000,ME FOAK,"Stewart, W. R., Shirvan, K., Velez, E., & Wiser, R. Pathways to Cost-effective Advanced Nuclear Technology.",2017,INL-RPT-24-77048-R1.xlsx / MASTER_DATA_MAPPED col 41,GNCOA account; companion database to INL/RPT-24-77048
17,Community Outreach and Education,Site Labor Cost (2022 USD),0,AP1000,ME FOAK,"Stewart, W. R., Shirvan, K., Velez, E., & Wiser, R. Pathways to Cost-effective Advanced Nuclear Technology.",2017,INL-RPT-24-77048-R1.xlsx / MASTER_DATA_MAPPED col 42,GNCOA account; companion database to INL/RPT-24-77048
17,Community Outreach and Education,Site Material Cost (2022 USD),0,AP1000,ME FOAK,"Stewart, W. R., Shirvan, K., Velez, E., & Wiser, R. Pathways to Cost-effective Advanced Nuclear Technology.",2017,INL-RPT-24-77048-R1.xlsx / MASTER_DATA_MAPPED col 43,GNCOA account; companion database to INL/RPT-24-77048
17,Community Outreach and Education,Total Costs (2022 USD),0,AP1000,ME FOAK,"Stewart, W. R., Shirvan, K., Velez, E., & Wiser, R. Pathways to Cost-effective Advanced Nuclear Technology.",2017,INL-RPT-24-77048-R1.xlsx / MASTER_DATA_MAPPED col 44,GNCOA account; companion database to INL/RPT-24-77048
17,Community Outreach and Education,Factory Equipment Costs (2022 USD),0,AP1000,BE NOAK,"Stewart, W. R., Shirvan, K., Velez, E., & Wiser, R. Pathways to Cost-effective Advanced Nuclear Technology.",2017,INL-RPT-24-77048-R1.xlsx / MASTER_DATA_MAPPED col 45,GNCOA account; companion database to INL/RPT-24-77048
17,Community Outreach and Education,Site Labor Cost (2022 USD),0,AP1000,BE NOAK,"Stewart, W. R., Shirvan, K., Velez, E., & Wiser, R. Pathways to Cost-effective Advanced Nuclear Technology.",2017,INL-RPT-24-77048-R1.xlsx / MASTER_DATA_MAPPED col 46,GNCOA account; companion database to INL/RPT-24-77048
17,Community Outreach and Education,Site Material Cost (2022 USD),0,AP1000,BE NOAK,"Stewart, W. R., Shirvan, K., Velez, E., & Wiser, R. Pathways to Cost-effective Advanced Nuclear Technology.",2017,INL-RPT-24-77048-R1.xlsx / MASTER_DATA_MAPPED col 47,GNCOA account; companion database to INL/RPT-24-77048
17,Community Outreach and Education,Total Costs (2022 USD),0,AP1000,BE NOAK,"Stewart, W. R., Shirvan, K., Velez, E., & Wiser, R. Pathways to Cost-effective Advanced Nuclear Technology.",2017,INL-RPT-24-77048-R1.xlsx / MASTER_DATA_MAPPED col 48,GNCOA account; companion database to INL/RPT-24-77048
17,Community Outreach and Education,Factory Equipment Costs (2022 USD),0,AP1000,0,Shirvan Private Communication (TIMCAT data),unspecified,INL-RPT-24-77048-R1.xlsx / MASTER_DATA_MAPPED col 105,GNCOA account; companion database to INL/RPT-24-77048
17,Community Outreach and Education,Site Labor Cost (2022 USD),0,AP1000,0,Shirvan Private Communication (TIMCAT data),unspecified,INL-RPT-24-77048-R1.xlsx / MASTER_DATA_MAPPED col 106,GNCOA account; companion database to INL/RPT-24-77048
17,Community Outreach and Education,Site Material Cost (2022 USD),0,AP1000,0,Shirvan Private Communication (TIMCAT data),unspecified,INL-RPT-24-77048-R1.xlsx / MASTER_DATA_MAPPED col 107,GNCOA account; companion database to INL/RPT-24-77048
17,Community Outreach and Education,Total Costs (2022 USD),0,AP1000,NOAK,Shirvan Private Communication (Tim Cat Data),unspecified,INL-RPT-24-77048-R1.xlsx / MASTER_DATA_MAPPED col 108,GNCOA account; companion database to INL/RPT-24-77048
18,Other Pre-Construction Costs,Factory Equipment Costs (2022 USD),0,AP1000,ME FOAK,"Stewart, W. R., Shirvan, K., Velez, E., & Wiser, R. Pathways to Cost-effective Advanced Nuclear Technology.",2017,INL-RPT-24-77048-R1.xlsx / MASTER_DATA_MAPPED col 41,GNCOA account; companion database to INL/RPT-24-77048
18,Other Pre-Construction Costs,Site Labor Cost (2022 USD),0,AP1000,ME FOAK,"Stewart, W. R., Shirvan, K., Velez, E., & Wiser, R. Pathways to Cost-effective Advanced Nuclear Technology.",2017,INL-RPT-24-77048-R1.xlsx / MASTER_DATA_MAPPED col 42,GNCOA account; companion database to INL/RPT-24-77048
18,Other Pre-Construction Costs,Site Material Cost (2022 USD),0,AP1000,ME FOAK,"Stewart, W. R., Shirvan, K., Velez, E., & Wiser, R. Pathways to Cost-effective Advanced Nuclear Technology.",2017,INL-RPT-24-77048-R1.xlsx / MASTER_DATA_MAPPED col 43,GNCOA account; companion database to INL/RPT-24-77048
18,Other Pre-Construction Costs,Total Costs (2022 USD),0,AP1000,ME FOAK,"Stewart, W. R., Shirvan, K., Velez, E., & Wiser, R. Pathways to Cost-effective Advanced Nuclear Technology.",2017,INL-RPT-24-77048-R1.xlsx / MASTER_DATA_MAPPED col 44,GNCOA account; companion database to INL/RPT-24-77048
18,Other Pre-Construction Costs,Factory Equipment Costs (2022 USD),0,AP1000,BE NOAK,"Stewart, W. R., Shirvan, K., Velez, E., & Wiser, R. Pathways to Cost-effective Advanced Nuclear Technology.",2017,INL-RPT-24-77048-R1.xlsx / MASTER_DATA_MAPPED col 45,GNCOA account; companion database to INL/RPT-24-77048
18,Other Pre-Construction Costs,Site Labor Cost (2022 USD),0,AP1000,BE NOAK,"Stewart, W. R., Shirvan, K., Velez, E., & Wiser, R. Pathways to Cost-effective Advanced Nuclear Technology.",2017,INL-RPT-24-77048-R1.xlsx / MASTER_DATA_MAPPED col 46,GNCOA account; companion database to INL/RPT-24-77048
18,Other Pre-Construction Costs,Site Material Cost (2022 USD),0,AP1000,BE NOAK,"Stewart, W. R., Shirvan, K., Velez, E., & Wiser, R. Pathways to Cost-effective Advanced Nuclear Technology.",2017,INL-RPT-24-77048-R1.xlsx / MASTER_DATA_MAPPED col 47,GNCOA account; companion database to INL/RPT-24-77048
18,Other Pre-Construction Costs,Total Costs (2022 USD),0,AP1000,BE NOAK,"Stewart, W. R., Shirvan, K., Velez, E., & Wiser, R. Pathways to Cost-effective Advanced Nuclear Technology.",2017,INL-RPT-24-77048-R1.xlsx / MASTER_DATA_MAPPED col 48,GNCOA account; companion database to INL/RPT-24-77048
18,Other Pre-Construction Costs,Factory Equipment Costs (2022 USD),0,AP1000,0,Shirvan Private Communication (TIMCAT data),unspecified,INL-RPT-24-77048-R1.xlsx / MASTER_DATA_MAPPED col 105,GNCOA account; companion database to INL/RPT-24-77048
18,Other Pre-Construction Costs,Site Labor Cost (2022 USD),0,AP1000,0,Shirvan Private Communication (TIMCAT data),unspecified,INL-RPT-24-77048-R1.xlsx / MASTER_DATA_MAPPED col 106,GNCOA account; companion database to INL/RPT-24-77048
18,Other Pre-Construction Costs,Site Material Cost (2022 USD),0,AP1000,0,Shirvan Private Communication (TIMCAT data),unspecified,INL-RPT-24-77048-R1.xlsx / MASTER_DATA_MAPPED col 107,GNCOA account; companion database to INL/RPT-24-77048
18,Other Pre-Construction Costs,Total Costs (2022 USD),0,AP1000,NOAK,Shirvan Private Communication (Tim Cat Data),unspecified,INL-RPT-24-77048-R1.xlsx / MASTER_DATA_MAPPED col 108,GNCOA account; companion database to INL/RPT-24-77048
19,Contingency on Pre-Construction Costs,Factory Equipment Costs (2022 USD),0,AP1000,ME FOAK,"Stewart, W. R., Shirvan, K., Velez, E., & Wiser, R. Pathways to Cost-effective Advanced Nuclear Technology.",2017,INL-RPT-24-77048-R1.xlsx / MASTER_DATA_MAPPED col 41,GNCOA account; companion database to INL/RPT-24-77048
19,Contingency on Pre-Construction Costs,Site Labor Cost (2022 USD),0,AP1000,ME FOAK,"Stewart, W. R., Shirvan, K., Velez, E., & Wiser, R. Pathways to Cost-effective Advanced Nuclear Technology.",2017,INL-RPT-24-77048-R1.xlsx / MASTER_DATA_MAPPED col 42,GNCOA account; companion database to INL/RPT-24-77048
19,Contingency on Pre-Construction Costs,Site Material Cost (2022 USD),0,AP1000,ME FOAK,"Stewart, W. R., Shirvan, K., Velez, E., & Wiser, R. Pathways to Cost-effective Advanced Nuclear Technology.",2017,INL-RPT-24-77048-R1.xlsx / MASTER_DATA_MAPPED col 43,GNCOA account; companion database to INL/RPT-24-77048
19,Contingency on Pre-Construction Costs,Total Costs (2022 USD),0,AP1000,ME FOAK,"Stewart, W. R., Shirvan, K., Velez, E., & Wiser, R. Pathways to Cost-effective Advanced Nuclear Technology.",2017,INL-RPT-24-77048-R1.xlsx / MASTER_DATA_MAPPED col 44,GNCOA account; companion database to INL/RPT-24-77048
19,Contingency on Pre-Construction Costs,Factory Equipment Costs (2022 USD),0,AP1000,BE NOAK,"Stewart, W. R., Shirvan, K., Velez, E., & Wiser, R. Pathways to Cost-effective Advanced Nuclear Technology.",2017,INL-RPT-24-77048-R1.xlsx / MASTER_DATA_MAPPED col 45,GNCOA account; companion database to INL/RPT-24-77048
19,Contingency on Pre-Construction Costs,Site Labor Cost (2022 USD),0,AP1000,BE NOAK,"Stewart, W. R., Shirvan, K., Velez, E., & Wiser, R. Pathways to Cost-effective Advanced Nuclear Technology.",2017,INL-RPT-24-77048-R1.xlsx / MASTER_DATA_MAPPED col 46,GNCOA account; companion database to INL/RPT-24-77048
19,Contingency on Pre-Construction Costs,Site Material Cost (2022 USD),0,AP1000,BE NOAK,"Stewart, W. R., Shirvan, K., Velez, E., & Wiser, R. Pathways to Cost-effective Advanced Nuclear Technology.",2017,INL-RPT-24-77048-R1.xlsx / MASTER_DATA_MAPPED col 47,GNCOA account; companion database to INL/RPT-24-77048
19,Contingency on Pre-Construction Costs,Total Costs (2022 USD),0,AP1000,BE NOAK,"Stewart, W. R., Shirvan, K., Velez, E., & Wiser, R. Pathways to Cost-effective Advanced Nuclear Technology.",2017,INL-RPT-24-77048-R1.xlsx / MASTER_DATA_MAPPED col 48,GNCOA account; companion database to INL/RPT-24-77048
19,Contingency on Pre-Construction Costs,Factory Equipment Costs (2022 USD),0,AP1000,0,Shirvan Private Communication (TIMCAT data),unspecified,INL-RPT-24-77048-R1.xlsx / MASTER_DATA_MAPPED col 105,GNCOA account; companion database to INL/RPT-24-77048
19,Contingency on Pre-Construction Costs,Site Labor Cost (2022 USD),0,AP1000,0,Shirvan Private Communication (TIMCAT data),unspecified,INL-RPT-24-77048-R1.xlsx / MASTER_DATA_MAPPED col 106,GNCOA account; companion database to INL/RPT-24-77048
19,Contingency on Pre-Construction Costs,Site Material Cost (2022 USD),0,AP1000,0,Shirvan Private Communication (TIMCAT data),unspecified,INL-RPT-24-77048-R1.xlsx / MASTER_DATA_MAPPED col 107,GNCOA account; companion database to INL/RPT-24-77048
19,Contingency on Pre-Construction Costs,Total Costs (2022 USD),0,AP1000,NOAK,Shirvan Private Communication (Tim Cat Data),unspecified,INL-RPT-24-77048-R1.xlsx / MASTER_DATA_MAPPED col 108,GNCOA account; companion database to INL/RPT-24-77048
20,Capitalized Direct Costs,Factory Equipment Costs (2022 USD),0,AP1000,ME FOAK,"Stewart, W. R., Shirvan, K., Velez, E., & Wiser, R. Pathways to Cost-effective Advanced Nuclear Technology.",2017,INL-RPT-24-77048-R1.xlsx / MASTER_DATA_MAPPED col 41,GNCOA account; companion database to INL/RPT-24-77048
20,Capitalized Direct Costs,Site Labor Cost (2022 USD),0,AP1000,ME FOAK,"Stewart, W. R., Shirvan, K., Velez, E., & Wiser, R. Pathways to Cost-effective Advanced Nuclear Technology.",2017,INL-RPT-24-77048-R1.xlsx / MASTER_DATA_MAPPED col 42,GNCOA account; companion database to INL/RPT-24-77048
20,Capitalized Direct Costs,Site Material Cost (2022 USD),0,AP1000,ME FOAK,"Stewart, W. R., Shirvan, K., Velez, E., & Wiser, R. Pathways to Cost-effective Advanced Nuclear Technology.",2017,INL-RPT-24-77048-R1.xlsx / MASTER_DATA_MAPPED col 43,GNCOA account; companion database to INL/RPT-24-77048
20,Capitalized Direct Costs,Total Costs (2022 USD),7620000000,AP1000,ME FOAK,"Stewart, W. R., Shirvan, K., Velez, E., & Wiser, R. Pathways to Cost-effective Advanced Nuclear Technology.",2017,INL-RPT-24-77048-R1.xlsx / MASTER_DATA_MAPPED col 44,GNCOA account; companion database to INL/RPT-24-77048
20,Capitalized Direct Costs,Factory Equipment Costs (2022 USD),0,AP1000,BE NOAK,"Stewart, W. R., Shirvan, K., Velez, E., & Wiser, R. Pathways to Cost-effective Advanced Nuclear Technology.",2017,INL-RPT-24-77048-R1.xlsx / MASTER_DATA_MAPPED col 45,GNCOA account; companion database to INL/RPT-24-77048
20,Capitalized Direct Costs,Site Labor Cost (2022 USD),0,AP1000,BE NOAK,"Stewart, W. R., Shirvan, K., Velez, E., & Wiser, R. Pathways to Cost-effective Advanced Nuclear Technology.",2017,INL-RPT-24-77048-R1.xlsx / MASTER_DATA_MAPPED col 46,GNCOA account; companion database to INL/RPT-24-77048
20,Capitalized Direct Costs,Site Material Cost (2022 USD),0,AP1000,BE NOAK,"Stewart, W. R., Shirvan, K., Velez, E., & Wiser, R. Pathways to Cost-effective Advanced Nuclear Technology.",2017,INL-RPT-24-77048-R1.xlsx / MASTER_DATA_MAPPED col 47,GNCOA account; companion database to INL/RPT-24-77048
20,Capitalized Direct Costs,Total Costs (2022 USD),4380000000,AP1000,BE NOAK,"Stewart, W. R., Shirvan, K., Velez, E., & Wiser, R. Pathways to Cost-effective Advanced Nuclear Technology.",2017,INL-RPT-24-77048-R1.xlsx / MASTER_DATA_MAPPED col 48,GNCOA account; companion database to INL/RPT-24-77048
20,Capitalized Direct Costs,Factory Equipment Costs (2022 USD),3455320294.033104,AP1000,0,Shirvan Private Communication (TIMCAT data),unspecified,INL-RPT-24-77048-R1.xlsx / MASTER_DATA_MAPPED col 105,GNCOA account; companion database to INL/RPT-24-77048
20,Capitalized Direct Costs,Site Labor Cost (2022 USD),1762396435.7067025,AP1000,0,Shirvan Private Communication (TIMCAT data),unspecified,INL-RPT-24-77048-R1.xlsx / MASTER_DATA_MAPPED col 106,GNCOA account; companion database to INL/RPT-24-77048
20,Capitalized Direct Costs,Site Material Cost (2022 USD),666815252.5738761,AP1000,0,Shirvan Private Communication (TIMCAT data),unspecified,INL-RPT-24-77048-R1.xlsx / MASTER_DATA_MAPPED col 107,GNCOA account; companion database to INL/RPT-24-77048
20,Capitalized Direct Costs,Total Costs (2022 USD),1894115597.8745522,AP1000,NOAK,Shirvan Private Communication (Tim Cat Data),unspecified,INL-RPT-24-77048-R1.xlsx / MASTER_DATA_MAPPED col 108,GNCOA account; companion database to INL/RPT-24-77048
21,Structures and Improvements,Factory Equipment Costs (2022 USD),0,AP1000,ME FOAK,"Stewart, W. R., Shirvan, K., Velez, E., & Wiser, R. Pathways to Cost-effective Advanced Nuclear Technology.",2017,INL-RPT-24-77048-R1.xlsx / MASTER_DATA_MAPPED col 41,GNCOA account; companion database to INL/RPT-24-77048
21,Structures and Improvements,Site Labor Cost (2022 USD),0,AP1000,ME FOAK,"Stewart, W. R., Shirvan, K., Velez, E., & Wiser, R. Pathways to Cost-effective Advanced Nuclear Technology.",2017,INL-RPT-24-77048-R1.xlsx / MASTER_DATA_MAPPED col 42,GNCOA account; companion database to INL/RPT-24-77048
21,Structures and Improvements,Site Material Cost (2022 USD),0,AP1000,ME FOAK,"Stewart, W. R., Shirvan, K., Velez, E., & Wiser, R. Pathways to Cost-effective Advanced Nuclear Technology.",2017,INL-RPT-24-77048-R1.xlsx / MASTER_DATA_MAPPED col 43,GNCOA account; companion database to INL/RPT-24-77048
21,Structures and Improvements,Total Costs (2022 USD),2580000000,AP1000,ME FOAK,"Stewart, W. R., Shirvan, K., Velez, E., & Wiser, R. Pathways to Cost-effective Advanced Nuclear Technology.",2017,INL-RPT-24-77048-R1.xlsx / MASTER_DATA_MAPPED col 44,GNCOA account; companion database to INL/RPT-24-77048
21,Structures and Improvements,Factory Equipment Costs (2022 USD),0,AP1000,BE NOAK,"Stewart, W. R., Shirvan, K., Velez, E., & Wiser, R. Pathways to Cost-effective Advanced Nuclear Technology.",2017,INL-RPT-24-77048-R1.xlsx / MASTER_DATA_MAPPED col 45,GNCOA account; companion database to INL/RPT-24-77048
21,Structures and Improvements,Site Labor Cost (2022 USD),0,AP1000,BE NOAK,"Stewart, W. R., Shirvan, K., Velez, E., & Wiser, R. Pathways to Cost-effective Advanced Nuclear Technology.",2017,INL-RPT-24-77048-R1.xlsx / MASTER_DATA_MAPPED col 46,GNCOA account; companion database to INL/RPT-24-77048
21,Structures and Improvements,Site Material Cost (2022 USD),0,AP1000,BE NOAK,"Stewart, W. R., Shirvan, K., Velez, E., & Wiser, R. Pathways to Cost-effective Advanced Nuclear Technology.",2017,INL-RPT-24-77048-R1.xlsx / MASTER_DATA_MAPPED col 47,GNCOA account; companion database to INL/RPT-24-77048
21,Structures and Improvements,Total Costs (2022 USD),1490000000,AP1000,BE NOAK,"Stewart, W. R., Shirvan, K., Velez, E., & Wiser, R. Pathways to Cost-effective Advanced Nuclear Technology.",2017,INL-RPT-24-77048-R1.xlsx / MASTER_DATA_MAPPED col 48,GNCOA account; companion database to INL/RPT-24-77048
21,Structures and Improvements,Factory Equipment Costs (2022 USD),325075373.61717325,AP1000,0,Shirvan Private Communication (TIMCAT data),unspecified,INL-RPT-24-77048-R1.xlsx / MASTER_DATA_MAPPED col 105,GNCOA account; companion database to INL/RPT-24-77048
21,Structures and Improvements,Site Labor Cost (2022 USD),709078847.0542699,AP1000,0,Shirvan Private Communication (TIMCAT data),unspecified,INL-RPT-24-77048-R1.xlsx / MASTER_DATA_MAPPED col 106,GNCOA account; companion database to INL/RPT-24-77048
21,Structures and Improvements,Site Material Cost (2022 USD),412083899.6627569,AP1000,0,Shirvan Private Communication (TIMCAT data),unspecified,INL-RPT-24-77048-R1.xlsx / MASTER_DATA_MAPPED col 107,GNCOA account; companion database to INL/RPT-24-77048
21,Structures and Improvements,Total Costs (2022 USD),476998989.7713901,AP1000,NOAK,Shirvan Private Communication (Tim Cat Data),unspecified,INL-RPT-24-77048-R1.xlsx / MASTER_DATA_MAPPED col 108,GNCOA account; companion database to INL/RPT-24-77048
211,Site Preparation/Yard Work,Factory Equipment Costs (2022 USD),0,AP1000,ME FOAK,"Stewart, W. R., Shirvan, K., Velez, E., & Wiser, R. Pathways to Cost-effective Advanced Nuclear Technology.",2017,INL-RPT-24-77048-R1.xlsx / MASTER_DATA_MAPPED col 41,GNCOA account; companion database to INL/RPT-24-77048
211,Site Preparation/Yard Work,Site Labor Cost (2022 USD),0,AP1000,ME FOAK,"Stewart, W. R., Shirvan, K., Velez, E., & Wiser, R. Pathways to Cost-effective Advanced Nuclear Technology.",2017,INL-RPT-24-77048-R1.xlsx / MASTER_DATA_MAPPED col 42,GNCOA account; companion database to INL/RPT-24-77048
211,Site Preparation/Yard Work,Site Material Cost (2022 USD),0,AP1000,ME FOAK,"Stewart, W. R., Shirvan, K., Velez, E., & Wiser, R. Pathways to Cost-effective Advanced Nuclear Technology.",2017,INL-RPT-24-77048-R1.xlsx / MASTER_DATA_MAPPED col 43,GNCOA account; companion database to INL/RPT-24-77048
211,Site Preparation/Yard Work,Total Costs (2022 USD),0,AP1000,ME FOAK,"Stewart, W. R., Shirvan, K., Velez, E., & Wiser, R. Pathways to Cost-effective Advanced Nuclear Technology.",2017,INL-RPT-24-77048-R1.xlsx / MASTER_DATA_MAPPED col 44,GNCOA account; companion database to INL/RPT-24-77048
211,Site Preparation/Yard Work,Factory Equipment Costs (2022 USD),0,AP1000,BE NOAK,"Stewart, W. R., Shirvan, K., Velez, E., & Wiser, R. Pathways to Cost-effective Advanced Nuclear Technology.",2017,INL-RPT-24-77048-R1.xlsx / MASTER_DATA_MAPPED col 45,GNCOA account; companion database to INL/RPT-24-77048
211,Site Preparation/Yard Work,Site Labor Cost (2022 USD),0,AP1000,BE NOAK,"Stewart, W. R., Shirvan, K., Velez, E., & Wiser, R. Pathways to Cost-effective Advanced Nuclear Technology.",2017,INL-RPT-24-77048-R1.xlsx / MASTER_DATA_MAPPED col 46,GNCOA account; companion database to INL/RPT-24-77048
211,Site Preparation/Yard Work,Site Material Cost (2022 USD),0,AP1000,BE NOAK,"Stewart, W. R., Shirvan, K., Velez, E., & Wiser, R. Pathways to Cost-effective Advanced Nuclear Technology.",2017,INL-RPT-24-77048-R1.xlsx / MASTER_DATA_MAPPED col 47,GNCOA account; companion database to INL/RPT-24-77048
211,Site Preparation/Yard Work,Total Costs (2022 USD),0,AP1000,BE NOAK,"Stewart, W. R., Shirvan, K., Velez, E., & Wiser, R. Pathways to Cost-effective Advanced Nuclear Technology.",2017,INL-RPT-24-77048-R1.xlsx / MASTER_DATA_MAPPED col 48,GNCOA account; companion database to INL/RPT-24-77048
211,Site Preparation/Yard Work,Factory Equipment Costs (2022 USD),421704.699146601,AP1000,0,Shirvan Private Communication (TIMCAT data),unspecified,INL-RPT-24-77048-R1.xlsx / MASTER_DATA_MAPPED col 105,GNCOA account; companion database to INL/RPT-24-77048
211,Site Preparation/Yard Work,Site Labor Cost (2022 USD),23025475.5612274,AP1000,0,Shirvan Private Communication (TIMCAT data),unspecified,INL-RPT-24-77048-R1.xlsx / MASTER_DATA_MAPPED col 106,GNCOA account; companion database to INL/RPT-24-77048
211,Site Preparation/Yard Work,Site Material Cost (2022 USD),17222947.8571575,AP1000,0,Shirvan Private Communication (TIMCAT data),unspecified,INL-RPT-24-77048-R1.xlsx / MASTER_DATA_MAPPED col 107,GNCOA account; companion database to INL/RPT-24-77048
211,Site Preparation/Yard Work,Total Costs (2022 USD),40670128.1175316,AP1000,NOAK,Shirvan Private Communication (Tim Cat Data),unspecified,INL-RPT-24-77048-R1.xlsx / MASTER_DATA_MAPPED col 108,GNCOA account; companion database to INL/RPT-24-77048
212,Reactor Island Civil Structures,Factory Equipment Costs (2022 USD),0,AP1000,ME FOAK,"Stewart, W. R., Shirvan, K., Velez, E., & Wiser, R. Pathways to Cost-effective Advanced Nuclear Technology.",2017,INL-RPT-24-77048-R1.xlsx / MASTER_DATA_MAPPED col 41,GNCOA account; companion database to INL/RPT-24-77048
212,Reactor Island Civil Structures,Site Labor Cost (2022 USD),0,AP1000,ME FOAK,"Stewart, W. R., Shirvan, K., Velez, E., & Wiser, R. Pathways to Cost-effective Advanced Nuclear Technology.",2017,INL-RPT-24-77048-R1.xlsx / MASTER_DATA_MAPPED col 42,GNCOA account; companion database to INL/RPT-24-77048
212,Reactor Island Civil Structures,Site Material Cost (2022 USD),0,AP1000,ME FOAK,"Stewart, W. R., Shirvan, K., Velez, E., & Wiser, R. Pathways to Cost-effective Advanced Nuclear Technology.",2017,INL-RPT-24-77048-R1.xlsx / MASTER_DATA_MAPPED col 43,GNCOA account; companion database to INL/RPT-24-77048
212,Reactor Island Civil Structures,Total Costs (2022 USD),0,AP1000,ME FOAK,"Stewart, W. R., Shirvan, K., Velez, E., & Wiser, R. Pathways to Cost-effective Advanced Nuclear Technology.",2017,INL-RPT-24-77048-R1.xlsx / MASTER_DATA_MAPPED col 44,GNCOA account; companion database to INL/RPT-24-77048
212,Reactor Island Civil Structures,Factory Equipment Costs (2022 USD),0,AP1000,BE NOAK,"Stewart, W. R., Shirvan, K., Velez, E., & Wiser, R. Pathways to Cost-effective Advanced Nuclear Technology.",2017,INL-RPT-24-77048-R1.xlsx / MASTER_DATA_MAPPED col 45,GNCOA account; companion database to INL/RPT-24-77048
212,Reactor Island Civil Structures,Site Labor Cost (2022 USD),0,AP1000,BE NOAK,"Stewart, W. R., Shirvan, K., Velez, E., & Wiser, R. Pathways to Cost-effective Advanced Nuclear Technology.",2017,INL-RPT-24-77048-R1.xlsx / MASTER_DATA_MAPPED col 46,GNCOA account; companion database to INL/RPT-24-77048
212,Reactor Island Civil Structures,Site Material Cost (2022 USD),0,AP1000,BE NOAK,"Stewart, W. R., Shirvan, K., Velez, E., & Wiser, R. Pathways to Cost-effective Advanced Nuclear Technology.",2017,INL-RPT-24-77048-R1.xlsx / MASTER_DATA_MAPPED col 47,GNCOA account; companion database to INL/RPT-24-77048
212,Reactor Island Civil Structures,Total Costs (2022 USD),0,AP1000,BE NOAK,"Stewart, W. R., Shirvan, K., Velez, E., & Wiser, R. Pathways to Cost-effective Advanced Nuclear Technology.",2017,INL-RPT-24-77048-R1.xlsx / MASTER_DATA_MAPPED col 48,GNCOA account; companion database to INL/RPT-24-77048
212,Reactor Island Civil Structures,Factory Equipment Costs (2022 USD),90979941.9624333,AP1000,0,Shirvan Private Communication (TIMCAT data),unspecified,INL-RPT-24-77048-R1.xlsx / MASTER_DATA_MAPPED col 105,GNCOA account; companion database to INL/RPT-24-77048
212,Reactor Island Civil Structures,Site Labor Cost (2022 USD),155042636.44526437,AP1000,0,Shirvan Private Communication (TIMCAT data),unspecified,INL-RPT-24-77048-R1.xlsx / MASTER_DATA_MAPPED col 106,GNCOA account; companion database to INL/RPT-24-77048
212,Reactor Island Civil Structures,Site Material Cost (2022 USD),73263239.51710966,AP1000,0,Shirvan Private Communication (TIMCAT data),unspecified,INL-RPT-24-77048-R1.xlsx / MASTER_DATA_MAPPED col 107,GNCOA account; companion database to INL/RPT-24-77048
212,Reactor Island Civil Structures,Total Costs (2022 USD),319285817.92480695,AP1000,NOAK,Shirvan Private Communication (Tim Cat Data),unspecified,INL-RPT-24-77048-R1.xlsx / MASTER_DATA_MAPPED col 108,GNCOA account; companion database to INL/RPT-24-77048
213,Main Function Buildings,Factory Equipment Costs (2022 USD),0,AP1000,ME FOAK,"Stewart, W. R., Shirvan, K., Velez, E., & Wiser, R. Pathways to Cost-effective Advanced Nuclear Technology.",2017,INL-RPT-24-77048-R1.xlsx / MASTER_DATA_MAPPED col 41,GNCOA account; companion database to INL/RPT-24-77048
213,Main Function Buildings,Site Labor Cost (2022 USD),0,AP1000,ME FOAK,"Stewart, W. R., Shirvan, K., Velez, E., & Wiser, R. Pathways to Cost-effective Advanced Nuclear Technology.",2017,INL-RPT-24-77048-R1.xlsx / MASTER_DATA_MAPPED col 42,GNCOA account; companion database to INL/RPT-24-77048
213,Main Function Buildings,Site Material Cost (2022 USD),0,AP1000,ME FOAK,"Stewart, W. R., Shirvan, K., Velez, E., & Wiser, R. Pathways to Cost-effective Advanced Nuclear Technology.",2017,INL-RPT-24-77048-R1.xlsx / MASTER_DATA_MAPPED col 43,GNCOA account; companion database to INL/RPT-24-77048
213,Main Function Buildings,Total Costs (2022 USD),0,AP1000,ME FOAK,"Stewart, W. R., Shirvan, K., Velez, E., & Wiser, R. Pathways to Cost-effective Advanced Nuclear Technology.",2017,INL-RPT-24-77048-R1.xlsx / MASTER_DATA_MAPPED col 44,GNCOA account; companion database to INL/RPT-24-77048
213,Main Function Buildings,Factory Equipment Costs (2022 USD),0,AP1000,BE NOAK,"Stewart, W. R., Shirvan, K., Velez, E., & Wiser, R. Pathways to Cost-effective Advanced Nuclear Technology.",2017,INL-RPT-24-77048-R1.xlsx / MASTER_DATA_MAPPED col 45,GNCOA account; companion database to INL/RPT-24-77048
213,Main Function Buildings,Site Labor Cost (2022 USD),0,AP1000,BE NOAK,"Stewart, W. R., Shirvan, K., Velez, E., & Wiser, R. Pathways to Cost-effective Advanced Nuclear Technology.",2017,INL-RPT-24-77048-R1.xlsx / MASTER_DATA_MAPPED col 46,GNCOA account; companion database to INL/RPT-24-77048
213,Main Function Buildings,Site Material Cost (2022 USD),0,AP1000,BE NOAK,"Stewart, W. R., Shirvan, K., Velez, E., & Wiser, R. Pathways to Cost-effective Advanced Nuclear Technology.",2017,INL-RPT-24-77048-R1.xlsx / MASTER_DATA_MAPPED col 47,GNCOA account; companion database to INL/RPT-24-77048
213,Main Function Buildings,Total Costs (2022 USD),0,AP1000,BE NOAK,"Stewart, W. R., Shirvan, K., Velez, E., & Wiser, R. Pathways to Cost-effective Advanced Nuclear Technology.",2017,INL-RPT-24-77048-R1.xlsx / MASTER_DATA_MAPPED col 48,GNCOA account; companion database to INL/RPT-24-77048
213,Main Function Buildings,Factory Equipment Costs (2022 USD),3763676.2002087673,AP1000,0,Shirvan Private Communication (TIMCAT data),unspecified,INL-RPT-24-77048-R1.xlsx / MASTER_DATA_MAPPED col 105,GNCOA account; companion database to INL/RPT-24-77048
213,Main Function Buildings,Site Labor Cost (2022 USD),26037486.84490875,AP1000,0,Shirvan Private Communication (TIMCAT data),unspecified,INL-RPT-24-77048-R1.xlsx / MASTER_DATA_MAPPED col 106,GNCOA account; companion database to INL/RPT-24-77048
213,Main Function Buildings,Site Material Cost (2022 USD),26842519.836553674,AP1000,0,Shirvan Private Communication (TIMCAT data),unspecified,INL-RPT-24-77048-R1.xlsx / MASTER_DATA_MAPPED col 107,GNCOA account; companion database to INL/RPT-24-77048
213,Main Function Buildings,Total Costs (2022 USD),56643682.881671205,AP1000,NOAK,Shirvan Private Communication (Tim Cat Data),unspecified,INL-RPT-24-77048-R1.xlsx / MASTER_DATA_MAPPED col 108,GNCOA account; companion database to INL/RPT-24-77048
213.1,Energy Conversion Building,Factory Equipment Costs (2022 USD),0,AP1000,ME FOAK,"Stewart, W. R., Shirvan, K., Velez, E., & Wiser, R. Pathways to Cost-effective Advanced Nuclear Technology.",2017,INL-RPT-24-77048-R1.xlsx / MASTER_DATA_MAPPED col 41,GNCOA account; companion database to INL/RPT-24-77048
213.1,Energy Conversion Building,Site Labor Cost (2022 USD),0,AP1000,ME FOAK,"Stewart, W. R., Shirvan, K., Velez, E., & Wiser, R. Pathways to Cost-effective Advanced Nuclear Technology.",2017,INL-RPT-24-77048-R1.xlsx / MASTER_DATA_MAPPED col 42,GNCOA account; companion database to INL/RPT-24-77048
213.1,Energy Conversion Building,Site Material Cost (2022 USD),0,AP1000,ME FOAK,"Stewart, W. R., Shirvan, K., Velez, E., & Wiser, R. Pathways to Cost-effective Advanced Nuclear Technology.",2017,INL-RPT-24-77048-R1.xlsx / MASTER_DATA_MAPPED col 43,GNCOA account; companion database to INL/RPT-24-77048
213.1,Energy Conversion Building,Total Costs (2022 USD),0,AP1000,ME FOAK,"Stewart, W. R., Shirvan, K., Velez, E., & Wiser, R. Pathways to Cost-effective Advanced Nuclear Technology.",2017,INL-RPT-24-77048-R1.xlsx / MASTER_DATA_MAPPED col 44,GNCOA account; companion database to INL/RPT-24-77048
213.1,Energy Conversion Building,Factory Equipment Costs (2022 USD),0,AP1000,BE NOAK,"Stewart, W. R., Shirvan, K., Velez, E., & Wiser, R. Pathways to Cost-effective Advanced Nuclear Technology.",2017,INL-RPT-24-77048-R1.xlsx / MASTER_DATA_MAPPED col 45,GNCOA account; companion database to INL/RPT-24-77048
213.1,Energy Conversion Building,Site Labor Cost (2022 USD),0,AP1000,BE NOAK,"Stewart, W. R., Shirvan, K., Velez, E., & Wiser, R. Pathways to Cost-effective Advanced Nuclear Technology.",2017,INL-RPT-24-77048-R1.xlsx / MASTER_DATA_MAPPED col 46,GNCOA account; companion database to INL/RPT-24-77048
213.1,Energy Conversion Building,Site Material Cost (2022 USD),0,AP1000,BE NOAK,"Stewart, W. R., Shirvan, K., Velez, E., & Wiser, R. Pathways to Cost-effective Advanced Nuclear Technology.",2017,INL-RPT-24-77048-R1.xlsx / MASTER_DATA_MAPPED col 47,GNCOA account; companion database to INL/RPT-24-77048
213.1,Energy Conversion Building,Total Costs (2022 USD),0,AP1000,BE NOAK,"Stewart, W. R., Shirvan, K., Velez, E., & Wiser, R. Pathways to Cost-effective Advanced Nuclear Technology.",2017,INL-RPT-24-77048-R1.xlsx / MASTER_DATA_MAPPED col 48,GNCOA account; companion database to INL/RPT-24-77048
213.1,Energy Conversion Building,Factory Equipment Costs (2022 USD),1418013.01201888,AP1000,0,Shirvan Private Communication (TIMCAT data),unspecified,INL-RPT-24-77048-R1.xlsx / MASTER_DATA_MAPPED col 105,GNCOA account; companion database to INL/RPT-24-77048
213.1,Energy Conversion Building,Site Labor Cost (2022 USD),23403122.3881482,AP1000,0,Shirvan Private Communication (TIMCAT data),unspecified,INL-RPT-24-77048-R1.xlsx / MASTER_DATA_MAPPED col 106,GNCOA account; companion database to INL/RPT-24-77048
213.1,Energy Conversion Building,Site Material Cost (2022 USD),25744603.5623825,AP1000,0,Shirvan Private Communication (TIMCAT data),unspecified,INL-RPT-24-77048-R1.xlsx / MASTER_DATA_MAPPED col 107,GNCOA account; companion database to INL/RPT-24-77048
213.1,Energy Conversion Building,Total Costs (2022 USD),50565738.9625496,AP1000,NOAK,Shirvan Private Communication (Tim Cat Data),unspecified,INL-RPT-24-77048-R1.xlsx / MASTER_DATA_MAPPED col 108,GNCOA account; companion database to INL/RPT-24-77048
213.2,Control Building,Factory Equipment Costs (2022 USD),0,AP1000,ME FOAK,"Stewart, W. R., Shirvan, K., Velez, E., & Wiser, R. Pathways to Cost-effective Advanced Nuclear Technology.",2017,INL-RPT-24-77048-R1.xlsx / MASTER_DATA_MAPPED col 41,GNCOA account; companion database to INL/RPT-24-77048
213.2,Control Building,Site Labor Cost (2022 USD),0,AP1000,ME FOAK,"Stewart, W. R., Shirvan, K., Velez, E., & Wiser, R. Pathways to Cost-effective Advanced Nuclear Technology.",2017,INL-RPT-24-77048-R1.xlsx / MASTER_DATA_MAPPED col 42,GNCOA account; companion database to INL/RPT-24-77048
213.2,Control Building,Site Material Cost (2022 USD),0,AP1000,ME FOAK,"Stewart, W. R., Shirvan, K., Velez, E., & Wiser, R. Pathways to Cost-effective Advanced Nuclear Technology.",2017,INL-RPT-24-77048-R1.xlsx / MASTER_DATA_MAPPED col 43,GNCOA account; companion database to INL/RPT-24-77048
213.2,Control Building,Total Costs (2022 USD),0,AP1000,ME FOAK,"Stewart, W. R., Shirvan, K., Velez, E., & Wiser, R. Pathways to Cost-effective Advanced Nuclear Technology.",2017,INL-RPT-24-77048-R1.xlsx / MASTER_DATA_MAPPED col 44,GNCOA account; companion database to INL/RPT-24-77048
213.2,Control Building,Factory Equipment Costs (2022 USD),0,AP1000,BE NOAK,"Stewart, W. R., Shirvan, K., Velez, E., & Wiser, R. Pathways to Cost-effective Advanced Nuclear Technology.",2017,INL-RPT-24-77048-R1.xlsx / MASTER_DATA_MAPPED col 45,GNCOA account; companion database to INL/RPT-24-77048
213.2,Control Building,Site Labor Cost (2022 USD),0,AP1000,BE NOAK,"Stewart, W. R., Shirvan, K., Velez, E., & Wiser, R. Pathways to Cost-effective Advanced Nuclear Technology.",2017,INL-RPT-24-77048-R1.xlsx / MASTER_DATA_MAPPED col 46,GNCOA account; companion database to INL/RPT-24-77048
213.2,Control Building,Site Material Cost (2022 USD),0,AP1000,BE NOAK,"Stewart, W. R., Shirvan, K., Velez, E., & Wiser, R. Pathways to Cost-effective Advanced Nuclear Technology.",2017,INL-RPT-24-77048-R1.xlsx / MASTER_DATA_MAPPED col 47,GNCOA account; companion database to INL/RPT-24-77048
213.2,Control Building,Total Costs (2022 USD),0,AP1000,BE NOAK,"Stewart, W. R., Shirvan, K., Velez, E., & Wiser, R. Pathways to Cost-effective Advanced Nuclear Technology.",2017,INL-RPT-24-77048-R1.xlsx / MASTER_DATA_MAPPED col 48,GNCOA account; companion database to INL/RPT-24-77048
213.2,Control Building,Factory Equipment Costs (2022 USD),2269825.25153998,AP1000,0,Shirvan Private Communication (TIMCAT data),unspecified,INL-RPT-24-77048-R1.xlsx / MASTER_DATA_MAPPED col 105,GNCOA account; companion database to INL/RPT-24-77048
213.2,Control Building,Site Labor Cost (2022 USD),1933836.076102147,AP1000,0,Shirvan Private Communication (TIMCAT data),unspecified,INL-RPT-24-77048-R1.xlsx / MASTER_DATA_MAPPED col 106,GNCOA account; companion database to INL/RPT-24-77048
213.2,Control Building,Site Material Cost (2022 USD),852756.3839656918,AP1000,0,Shirvan Private Communication (TIMCAT data),unspecified,INL-RPT-24-77048-R1.xlsx / MASTER_DATA_MAPPED col 107,GNCOA account; companion database to INL/RPT-24-77048
213.2,Control Building,Total Costs (2022 USD),5056417.711607823,AP1000,NOAK,Shirvan Private Communication (Tim Cat Data),unspecified,INL-RPT-24-77048-R1.xlsx / MASTER_DATA_MAPPED col 108,GNCOA account; companion database to INL/RPT-24-77048
213.3,Pipe Tunnels,Factory Equipment Costs (2022 USD),0,AP1000,ME FOAK,"Stewart, W. R., Shirvan, K., Velez, E., & Wiser, R. Pathways to Cost-effective Advanced Nuclear Technology.",2017,INL-RPT-24-77048-R1.xlsx / MASTER_DATA_MAPPED col 41,GNCOA account; companion database to INL/RPT-24-77048
213.3,Pipe Tunnels,Site Labor Cost (2022 USD),0,AP1000,ME FOAK,"Stewart, W. R., Shirvan, K., Velez, E., & Wiser, R. Pathways to Cost-effective Advanced Nuclear Technology.",2017,INL-RPT-24-77048-R1.xlsx / MASTER_DATA_MAPPED col 42,GNCOA account; companion database to INL/RPT-24-77048
213.3,Pipe Tunnels,Site Material Cost (2022 USD),0,AP1000,ME FOAK,"Stewart, W. R., Shirvan, K., Velez, E., & Wiser, R. Pathways to Cost-effective Advanced Nuclear Technology.",2017,INL-RPT-24-77048-R1.xlsx / MASTER_DATA_MAPPED col 43,GNCOA account; companion database to INL/RPT-24-77048
213.3,Pipe Tunnels,Total Costs (2022 USD),0,AP1000,ME FOAK,"Stewart, W. R., Shirvan, K., Velez, E., & Wiser, R. Pathways to Cost-effective Advanced Nuclear Technology.",2017,INL-RPT-24-77048-R1.xlsx / MASTER_DATA_MAPPED col 44,GNCOA account; companion database to INL/RPT-24-77048
213.3,Pipe Tunnels,Factory Equipment Costs (2022 USD),0,AP1000,BE NOAK,"Stewart, W. R., Shirvan, K., Velez, E., & Wiser, R. Pathways to Cost-effective Advanced Nuclear Technology.",2017,INL-RPT-24-77048-R1.xlsx / MASTER_DATA_MAPPED col 45,GNCOA account; companion database to INL/RPT-24-77048
213.3,Pipe Tunnels,Site Labor Cost (2022 USD),0,AP1000,BE NOAK,"Stewart, W. R., Shirvan, K., Velez, E., & Wiser, R. Pathways to Cost-effective Advanced Nuclear Technology.",2017,INL-RPT-24-77048-R1.xlsx / MASTER_DATA_MAPPED col 46,GNCOA account; companion database to INL/RPT-24-77048
213.3,Pipe Tunnels,Site Material Cost (2022 USD),0,AP1000,BE NOAK,"Stewart, W. R., Shirvan, K., Velez, E., & Wiser, R. Pathways to Cost-effective Advanced Nuclear Technology.",2017,INL-RPT-24-77048-R1.xlsx / MASTER_DATA_MAPPED col 47,GNCOA account; companion database to INL/RPT-24-77048
213.3,Pipe Tunnels,Total Costs (2022 USD),0,AP1000,BE NOAK,"Stewart, W. R., Shirvan, K., Velez, E., & Wiser, R. Pathways to Cost-effective Advanced Nuclear Technology.",2017,INL-RPT-24-77048-R1.xlsx / MASTER_DATA_MAPPED col 48,GNCOA account; companion database to INL/RPT-24-77048
213.3,Pipe Tunnels,Factory Equipment Costs (2022 USD),75837.9366499073,AP1000,0,Shirvan Private Communication (TIMCAT data),unspecified,INL-RPT-24-77048-R1.xlsx / MASTER_DATA_MAPPED col 105,GNCOA account; companion database to INL/RPT-24-77048
213.3,Pipe Tunnels,Site Labor Cost (2022 USD),700528.380658402,AP1000,0,Shirvan Private Communication (TIMCAT data),unspecified,INL-RPT-24-77048-R1.xlsx / MASTER_DATA_MAPPED col 106,GNCOA account; companion database to INL/RPT-24-77048
213.3,Pipe Tunnels,Site Material Cost (2022 USD),245159.8902054807,AP1000,0,Shirvan Private Communication (TIMCAT data),unspecified,INL-RPT-24-77048-R1.xlsx / MASTER_DATA_MAPPED col 107,GNCOA account; companion database to INL/RPT-24-77048
213.3,Pipe Tunnels,Total Costs (2022 USD),1021526.2075137901,AP1000,NOAK,Shirvan Private Communication (Tim Cat Data),unspecified,INL-RPT-24-77048-R1.xlsx / MASTER_DATA_MAPPED col 108,GNCOA account; companion database to INL/RPT-24-77048
213.4,Electrical Tunnels,Factory Equipment Costs (2022 USD),0,AP1000,ME FOAK,"Stewart, W. R., Shirvan, K., Velez, E., & Wiser, R. Pathways to Cost-effective Advanced Nuclear Technology.",2017,INL-RPT-24-77048-R1.xlsx / MASTER_DATA_MAPPED col 41,GNCOA account; companion database to INL/RPT-24-77048
213.4,Electrical Tunnels,Site Labor Cost (2022 USD),0,AP1000,ME FOAK,"Stewart, W. R., Shirvan, K., Velez, E., & Wiser, R. Pathways to Cost-effective Advanced Nuclear Technology.",2017,INL-RPT-24-77048-R1.xlsx / MASTER_DATA_MAPPED col 42,GNCOA account; companion database to INL/RPT-24-77048
213.4,Electrical Tunnels,Site Material Cost (2022 USD),0,AP1000,ME FOAK,"Stewart, W. R., Shirvan, K., Velez, E., & Wiser, R. Pathways to Cost-effective Advanced Nuclear Technology.",2017,INL-RPT-24-77048-R1.xlsx / MASTER_DATA_MAPPED col 43,GNCOA account; companion database to INL/RPT-24-77048
213.4,Electrical Tunnels,Total Costs (2022 USD),0,AP1000,ME FOAK,"Stewart, W. R., Shirvan, K., Velez, E., & Wiser, R. Pathways to Cost-effective Advanced Nuclear Technology.",2017,INL-RPT-24-77048-R1.xlsx / MASTER_DATA_MAPPED col 44,GNCOA account; companion database to INL/RPT-24-77048
213.4,Electrical Tunnels,Factory Equipment Costs (2022 USD),0,AP1000,BE NOAK,"Stewart, W. R., Shirvan, K., Velez, E., & Wiser, R. Pathways to Cost-effective Advanced Nuclear Technology.",2017,INL-RPT-24-77048-R1.xlsx / MASTER_DATA_MAPPED col 45,GNCOA account; companion database to INL/RPT-24-77048
213.4,Electrical Tunnels,Site Labor Cost (2022 USD),0,AP1000,BE NOAK,"Stewart, W. R., Shirvan, K., Velez, E., & Wiser, R. Pathways to Cost-effective Advanced Nuclear Technology.",2017,INL-RPT-24-77048-R1.xlsx / MASTER_DATA_MAPPED col 46,GNCOA account; companion database to INL/RPT-24-77048
213.4,Electrical Tunnels,Site Material Cost (2022 USD),0,AP1000,BE NOAK,"Stewart, W. R., Shirvan, K., Velez, E., & Wiser, R. Pathways to Cost-effective Advanced Nuclear Technology.",2017,INL-RPT-24-77048-R1.xlsx / MASTER_DATA_MAPPED col 47,GNCOA account; companion database to INL/RPT-24-77048
213.4,Electrical Tunnels,Total Costs (2022 USD),0,AP1000,BE NOAK,"Stewart, W. R., Shirvan, K., Velez, E., & Wiser, R. Pathways to Cost-effective Advanced Nuclear Technology.",2017,INL-RPT-24-77048-R1.xlsx / MASTER_DATA_MAPPED col 48,GNCOA account; companion database to INL/RPT-24-77048
213.4,Electrical Tunnels,Factory Equipment Costs (2022 USD),0,AP1000,0,Shirvan Private Communication (TIMCAT data),unspecified,INL-RPT-24-77048-R1.xlsx / MASTER_DATA_MAPPED col 105,GNCOA account; companion database to INL/RPT-24-77048
213.4,Electrical Tunnels,Site Labor Cost (2022 USD),0,AP1000,0,Shirvan Private Communication (TIMCAT data),unspecified,INL-RPT-24-77048-R1.xlsx / MASTER_DATA_MAPPED col 106,GNCOA account; companion database to INL/RPT-24-77048
213.4,Electrical Tunnels,Site Material Cost (2022 USD),0,AP1000,0,Shirvan Private Communication (TIMCAT data),unspecified,INL-RPT-24-77048-R1.xlsx / MASTER_DATA_MAPPED col 107,GNCOA account; companion database to INL/RPT-24-77048
213.4,Electrical Tunnels,Total Costs (2022 USD),0,AP1000,NOAK,Shirvan Private Communication (Tim Cat Data),unspecified,INL-RPT-24-77048-R1.xlsx / MASTER_DATA_MAPPED col 108,GNCOA account; companion database to INL/RPT-24-77048
214,Buildings to Support Main Function,Factory Equipment Costs (2022 USD),0,AP1000,ME FOAK,"Stewart, W. R., Shirvan, K., Velez, E., & Wiser, R. Pathways to Cost-effective Advanced Nuclear Technology.",2017,INL-RPT-24-77048-R1.xlsx / MASTER_DATA_MAPPED col 41,GNCOA account; companion database to INL/RPT-24-77048
214,Buildings to Support Main Function,Site Labor Cost (2022 USD),0,AP1000,ME FOAK,"Stewart, W. R., Shirvan, K., Velez, E., & Wiser, R. Pathways to Cost-effective Advanced Nuclear Technology.",2017,INL-RPT-24-77048-R1.xlsx / MASTER_DATA_MAPPED col 42,GNCOA account; companion database to INL/RPT-24-77048
214,Buildings to Support Main Function,Site Material Cost (2022 USD),0,AP1000,ME FOAK,"Stewart, W. R., Shirvan, K., Velez, E., & Wiser, R. Pathways to Cost-effective Advanced Nuclear Technology.",2017,INL-RPT-24-77048-R1.xlsx / MASTER_DATA_MAPPED col 43,GNCOA account; companion database to INL/RPT-24-77048
214,Buildings to Support Main Function,Total Costs (2022 USD),0,AP1000,ME FOAK,"Stewart, W. R., Shirvan, K., Velez, E., & Wiser, R. Pathways to Cost-effective Advanced Nuclear Technology.",2017,INL-RPT-24-77048-R1.xlsx / MASTER_DATA_MAPPED col 44,GNCOA account; companion database to INL/RPT-24-77048
214,Buildings to Support Main Function,Factory Equipment Costs (2022 USD),0,AP1000,BE NOAK,"Stewart, W. R., Shirvan, K., Velez, E., & Wiser, R. Pathways to Cost-effective Advanced Nuclear Technology.",2017,INL-RPT-24-77048-R1.xlsx / MASTER_DATA_MAPPED col 45,GNCOA account; companion database to INL/RPT-24-77048
214,Buildings to Support Main Function,Site Labor Cost (2022 USD),0,AP1000,BE NOAK,"Stewart, W. R., Shirvan, K., Velez, E., & Wiser, R. Pathways to Cost-effective Advanced Nuclear Technology.",2017,INL-RPT-24-77048-R1.xlsx / MASTER_DATA_MAPPED col 46,GNCOA account; companion database to INL/RPT-24-77048
214,Buildings to Support Main Function,Site Material Cost (2022 USD),0,AP1000,BE NOAK,"Stewart, W. R., Shirvan, K., Velez, E., & Wiser, R. Pathways to Cost-effective Advanced Nuclear Technology.",2017,INL-RPT-24-77048-R1.xlsx / MASTER_DATA_MAPPED col 47,GNCOA account; companion database to INL/RPT-24-77048
214,Buildings to Support Main Function,Total Costs (2022 USD),0,AP1000,BE NOAK,"Stewart, W. R., Shirvan, K., Velez, E., & Wiser, R. Pathways to Cost-effective Advanced Nuclear Technology.",2017,INL-RPT-24-77048-R1.xlsx / MASTER_DATA_MAPPED col 48,GNCOA account; companion database to INL/RPT-24-77048
214,Buildings to Support Main Function,Factory Equipment Costs (2022 USD),10972695.74956334,AP1000,0,Shirvan Private Communication (TIMCAT data),unspecified,INL-RPT-24-77048-R1.xlsx / MASTER_DATA_MAPPED col 105,GNCOA account; companion database to INL/RPT-24-77048
214,Buildings to Support Main Function,Site Labor Cost (2022 USD),22728946.650092814,AP1000,0,Shirvan Private Communication (TIMCAT data),unspecified,INL-RPT-24-77048-R1.xlsx / MASTER_DATA_MAPPED col 106,GNCOA account; companion database to INL/RPT-24-77048
214,Buildings to Support Main Function,Site Material Cost (2022 USD),17983198.27255765,AP1000,0,Shirvan Private Communication (TIMCAT data),unspecified,INL-RPT-24-77048-R1.xlsx / MASTER_DATA_MAPPED col 107,GNCOA account; companion database to INL/RPT-24-77048
214,Buildings to Support Main Function,Total Costs (2022 USD),36656498.586560525,AP1000,NOAK,Shirvan Private Communication (Tim Cat Data),unspecified,INL-RPT-24-77048-R1.xlsx / MASTER_DATA_MAPPED col 108,GNCOA account; companion database to INL/RPT-24-77048
214.1,Spent Fuel Management Building,Factory Equipment Costs (2022 USD),0,AP1000,ME FOAK,"Stewart, W. R., Shirvan, K., Velez, E., & Wiser, R. Pathways to Cost-effective Advanced Nuclear Technology.",2017,INL-RPT-24-77048-R1.xlsx / MASTER_DATA_MAPPED col 41,GNCOA account; companion database to INL/RPT-24-77048
214.1,Spent Fuel Management Building,Site Labor Cost (2022 USD),0,AP1000,ME FOAK,"Stewart, W. R., Shirvan, K., Velez, E., & Wiser, R. Pathways to Cost-effective Advanced Nuclear Technology.",2017,INL-RPT-24-77048-R1.xlsx / MASTER_DATA_MAPPED col 42,GNCOA account; companion database to INL/RPT-24-77048
214.1,Spent Fuel Management Building,Site Material Cost (2022 USD),0,AP1000,ME FOAK,"Stewart, W. R., Shirvan, K., Velez, E., & Wiser, R. Pathways to Cost-effective Advanced Nuclear Technology.",2017,INL-RPT-24-77048-R1.xlsx / MASTER_DATA_MAPPED col 43,GNCOA account; companion database to INL/RPT-24-77048
214.1,Spent Fuel Management Building,Total Costs (2022 USD),0,AP1000,ME FOAK,"Stewart, W. R., Shirvan, K., Velez, E., & Wiser, R. Pathways to Cost-effective Advanced Nuclear Technology.",2017,INL-RPT-24-77048-R1.xlsx / MASTER_DATA_MAPPED col 44,GNCOA account; companion database to INL/RPT-24-77048
214.1,Spent Fuel Management Building,Factory Equipment Costs (2022 USD),0,AP1000,BE NOAK,"Stewart, W. R., Shirvan, K., Velez, E., & Wiser, R. Pathways to Cost-effective Advanced Nuclear Technology.",2017,INL-RPT-24-77048-R1.xlsx / MASTER_DATA_MAPPED col 45,GNCOA account; companion database to INL/RPT-24-77048
214.1,Spent Fuel Management Building,Site Labor Cost (2022 USD),0,AP1000,BE NOAK,"Stewart, W. R., Shirvan, K., Velez, E., & Wiser, R. Pathways to Cost-effective Advanced Nuclear Technology.",2017,INL-RPT-24-77048-R1.xlsx / MASTER_DATA_MAPPED col 46,GNCOA account; companion database to INL/RPT-24-77048
214.1,Spent Fuel Management Building,Site Material Cost (2022 USD),0,AP1000,BE NOAK,"Stewart, W. R., Shirvan, K., Velez, E., & Wiser, R. Pathways to Cost-effective Advanced Nuclear Technology.",2017,INL-RPT-24-77048-R1.xlsx / MASTER_DATA_MAPPED col 47,GNCOA account; companion database to INL/RPT-24-77048
214.1,Spent Fuel Management Building,Total Costs (2022 USD),0,AP1000,BE NOAK,"Stewart, W. R., Shirvan, K., Velez, E., & Wiser, R. Pathways to Cost-effective Advanced Nuclear Technology.",2017,INL-RPT-24-77048-R1.xlsx / MASTER_DATA_MAPPED col 48,GNCOA account; companion database to INL/RPT-24-77048
214.1,Spent Fuel Management Building,Factory Equipment Costs (2022 USD),2157342.35364667,AP1000,0,Shirvan Private Communication (TIMCAT data),unspecified,INL-RPT-24-77048-R1.xlsx / MASTER_DATA_MAPPED col 105,GNCOA account; companion database to INL/RPT-24-77048
214.1,Spent Fuel Management Building,Site Labor Cost (2022 USD),5644279.52709806,AP1000,0,Shirvan Private Communication (TIMCAT data),unspecified,INL-RPT-24-77048-R1.xlsx / MASTER_DATA_MAPPED col 106,GNCOA account; companion database to INL/RPT-24-77048
214.1,Spent Fuel Management Building,Site Material Cost (2022 USD),6371857.49544505,AP1000,0,Shirvan Private Communication (TIMCAT data),unspecified,INL-RPT-24-77048-R1.xlsx / MASTER_DATA_MAPPED col 107,GNCOA account; companion database to INL/RPT-24-77048
214.1,Spent Fuel Management Building,Total Costs (2022 USD),14173479.3761897,AP1000,NOAK,Shirvan Private Communication (Tim Cat Data),unspecified,INL-RPT-24-77048-R1.xlsx / MASTER_DATA_MAPPED col 108,GNCOA account; companion database to INL/RPT-24-77048
214.2,Balance of Plant Service Building,Factory Equipment Costs (2022 USD),0,AP1000,ME FOAK,"Stewart, W. R., Shirvan, K., Velez, E., & Wiser, R. Pathways to Cost-effective Advanced Nuclear Technology.",2017,INL-RPT-24-77048-R1.xlsx / MASTER_DATA_MAPPED col 41,GNCOA account; companion database to INL/RPT-24-77048
214.2,Balance of Plant Service Building,Site Labor Cost (2022 USD),0,AP1000,ME FOAK,"Stewart, W. R., Shirvan, K., Velez, E., & Wiser, R. Pathways to Cost-effective Advanced Nuclear Technology.",2017,INL-RPT-24-77048-R1.xlsx / MASTER_DATA_MAPPED col 42,GNCOA account; companion database to INL/RPT-24-77048
214.2,Balance of Plant Service Building,Site Material Cost (2022 USD),0,AP1000,ME FOAK,"Stewart, W. R., Shirvan, K., Velez, E., & Wiser, R. Pathways to Cost-effective Advanced Nuclear Technology.",2017,INL-RPT-24-77048-R1.xlsx / MASTER_DATA_MAPPED col 43,GNCOA account; companion database to INL/RPT-24-77048
214.2,Balance of Plant Service Building,Total Costs (2022 USD),0,AP1000,ME FOAK,"Stewart, W. R., Shirvan, K., Velez, E., & Wiser, R. Pathways to Cost-effective Advanced Nuclear Technology.",2017,INL-RPT-24-77048-R1.xlsx / MASTER_DATA_MAPPED col 44,GNCOA account; companion database to INL/RPT-24-77048
214.2,Balance of Plant Service Building,Factory Equipment Costs (2022 USD),0,AP1000,BE NOAK,"Stewart, W. R., Shirvan, K., Velez, E., & Wiser, R. Pathways to Cost-effective Advanced Nuclear Technology.",2017,INL-RPT-24-77048-R1.xlsx / MASTER_DATA_MAPPED col 45,GNCOA account; companion database to INL/RPT-24-77048
214.2,Balance of Plant Service Building,Site Labor Cost (2022 USD),0,AP1000,BE NOAK,"Stewart, W. R., Shirvan, K., Velez, E., & Wiser, R. Pathways to Cost-effective Advanced Nuclear Technology.",2017,INL-RPT-24-77048-R1.xlsx / MASTER_DATA_MAPPED col 46,GNCOA account; companion database to INL/RPT-24-77048
214.2,Balance of Plant Service Building,Site Material Cost (2022 USD),0,AP1000,BE NOAK,"Stewart, W. R., Shirvan, K., Velez, E., & Wiser, R. Pathways to Cost-effective Advanced Nuclear Technology.",2017,INL-RPT-24-77048-R1.xlsx / MASTER_DATA_MAPPED col 47,GNCOA account; companion database to INL/RPT-24-77048
214.2,Balance of Plant Service Building,Total Costs (2022 USD),0,AP1000,BE NOAK,"Stewart, W. R., Shirvan, K., Velez, E., & Wiser, R. Pathways to Cost-effective Advanced Nuclear Technology.",2017,INL-RPT-24-77048-R1.xlsx / MASTER_DATA_MAPPED col 48,GNCOA account; companion database to INL/RPT-24-77048
214.2,Balance of Plant Service Building,Factory Equipment Costs (2022 USD),0,AP1000,0,Shirvan Private Communication (TIMCAT data),unspecified,INL-RPT-24-77048-R1.xlsx / MASTER_DATA_MAPPED col 105,GNCOA account; companion database to INL/RPT-24-77048
214.2,Balance of Plant Service Building,Site Labor Cost (2022 USD),0,AP1000,0,Shirvan Private Communication (TIMCAT data),unspecified,INL-RPT-24-77048-R1.xlsx / MASTER_DATA_MAPPED col 106,GNCOA account; companion database to INL/RPT-24-77048
214.2,Balance of Plant Service Building,Site Material Cost (2022 USD),0,AP1000,0,Shirvan Private Communication (TIMCAT data),unspecified,INL-RPT-24-77048-R1.xlsx / MASTER_DATA_MAPPED col 107,GNCOA account; companion database to INL/RPT-24-77048
214.2,Balance of Plant Service Building,Total Costs (2022 USD),0,AP1000,NOAK,Shirvan Private Communication (Tim Cat Data),unspecified,INL-RPT-24-77048-R1.xlsx / MASTER_DATA_MAPPED col 108,GNCOA account; companion database to INL/RPT-24-77048
214.3,Wastewater Treatment Building,Factory Equipment Costs (2022 USD),0,AP1000,ME FOAK,"Stewart, W. R., Shirvan, K., Velez, E., & Wiser, R. Pathways to Cost-effective Advanced Nuclear Technology.",2017,INL-RPT-24-77048-R1.xlsx / MASTER_DATA_MAPPED col 41,GNCOA account; companion database to INL/RPT-24-77048
214.3,Wastewater Treatment Building,Site Labor Cost (2022 USD),0,AP1000,ME FOAK,"Stewart, W. R., Shirvan, K., Velez, E., & Wiser, R. Pathways to Cost-effective Advanced Nuclear Technology.",2017,INL-RPT-24-77048-R1.xlsx / MASTER_DATA_MAPPED col 42,GNCOA account; companion database to INL/RPT-24-77048
214.3,Wastewater Treatment Building,Site Material Cost (2022 USD),0,AP1000,ME FOAK,"Stewart, W. R., Shirvan, K., Velez, E., & Wiser, R. Pathways to Cost-effective Advanced Nuclear Technology.",2017,INL-RPT-24-77048-R1.xlsx / MASTER_DATA_MAPPED col 43,GNCOA account; companion database to INL/RPT-24-77048
214.3,Wastewater Treatment Building,Total Costs (2022 USD),0,AP1000,ME FOAK,"Stewart, W. R., Shirvan, K., Velez, E., & Wiser, R. Pathways to Cost-effective Advanced Nuclear Technology.",2017,INL-RPT-24-77048-R1.xlsx / MASTER_DATA_MAPPED col 44,GNCOA account; companion database to INL/RPT-24-77048
214.3,Wastewater Treatment Building,Factory Equipment Costs (2022 USD),0,AP1000,BE NOAK,"Stewart, W. R., Shirvan, K., Velez, E., & Wiser, R. Pathways to Cost-effective Advanced Nuclear Technology.",2017,INL-RPT-24-77048-R1.xlsx / MASTER_DATA_MAPPED col 45,GNCOA account; companion database to INL/RPT-24-77048
214.3,Wastewater Treatment Building,Site Labor Cost (2022 USD),0,AP1000,BE NOAK,"Stewart, W. R., Shirvan, K., Velez, E., & Wiser, R. Pathways to Cost-effective Advanced Nuclear Technology.",2017,INL-RPT-24-77048-R1.xlsx / MASTER_DATA_MAPPED col 46,GNCOA account; companion database to INL/RPT-24-77048
214.3,Wastewater Treatment Building,Site Material Cost (2022 USD),0,AP1000,BE NOAK,"Stewart, W. R., Shirvan, K., Velez, E., & Wiser, R. Pathways to Cost-effective Advanced Nuclear Technology.",2017,INL-RPT-24-77048-R1.xlsx / MASTER_DATA_MAPPED col 47,GNCOA account; companion database to INL/RPT-24-77048
214.3,Wastewater Treatment Building,Total Costs (2022 USD),0,AP1000,BE NOAK,"Stewart, W. R., Shirvan, K., Velez, E., & Wiser, R. Pathways to Cost-effective Advanced Nuclear Technology.",2017,INL-RPT-24-77048-R1.xlsx / MASTER_DATA_MAPPED col 48,GNCOA account; companion database to INL/RPT-24-77048
214.3,Wastewater Treatment Building,Factory Equipment Costs (2022 USD),0,AP1000,0,Shirvan Private Communication (TIMCAT data),unspecified,INL-RPT-24-77048-R1.xlsx / MASTER_DATA_MAPPED col 105,GNCOA account; companion database to INL/RPT-24-77048
214.3,Wastewater Treatment Building,Site Labor Cost (2022 USD),0,AP1000,0,Shirvan Private Communication (TIMCAT data),unspecified,INL-RPT-24-77048-R1.xlsx / MASTER_DATA_MAPPED col 106,GNCOA account; companion database to INL/RPT-24-77048
214.3,Wastewater Treatment Building,Site Material Cost (2022 USD),0,AP1000,0,Shirvan Private Communication (TIMCAT data),unspecified,INL-RPT-24-77048-R1.xlsx / MASTER_DATA_MAPPED col 107,GNCOA account; companion database to INL/RPT-24-77048
214.3,Wastewater Treatment Building,Total Costs (2022 USD),0,AP1000,NOAK,Shirvan Private Communication (Tim Cat Data),unspecified,INL-RPT-24-77048-R1.xlsx / MASTER_DATA_MAPPED col 108,GNCOA account; companion database to INL/RPT-24-77048
214.4,Maintenance Shops,Factory Equipment Costs (2022 USD),0,AP1000,ME FOAK,"Stewart, W. R., Shirvan, K., Velez, E., & Wiser, R. Pathways to Cost-effective Advanced Nuclear Technology.",2017,INL-RPT-24-77048-R1.xlsx / MASTER_DATA_MAPPED col 41,GNCOA account; companion database to INL/RPT-24-77048
214.4,Maintenance Shops,Site Labor Cost (2022 USD),0,AP1000,ME FOAK,"Stewart, W. R., Shirvan, K., Velez, E., & Wiser, R. Pathways to Cost-effective Advanced Nuclear Technology.",2017,INL-RPT-24-77048-R1.xlsx / MASTER_DATA_MAPPED col 42,GNCOA account; companion database to INL/RPT-24-77048
214.4,Maintenance Shops,Site Material Cost (2022 USD),0,AP1000,ME FOAK,"Stewart, W. R., Shirvan, K., Velez, E., & Wiser, R. Pathways to Cost-effective Advanced Nuclear Technology.",2017,INL-RPT-24-77048-R1.xlsx / MASTER_DATA_MAPPED col 43,GNCOA account; companion database to INL/RPT-24-77048
214.4,Maintenance Shops,Total Costs (2022 USD),0,AP1000,ME FOAK,"Stewart, W. R., Shirvan, K., Velez, E., & Wiser, R. Pathways to Cost-effective Advanced Nuclear Technology.",2017,INL-RPT-24-77048-R1.xlsx / MASTER_DATA_MAPPED col 44,GNCOA account; companion database to INL/RPT-24-77048
214.4,Maintenance Shops,Factory Equipment Costs (2022 USD),0,AP1000,BE NOAK,"Stewart, W. R., Shirvan, K., Velez, E., & Wiser, R. Pathways to Cost-effective Advanced Nuclear Technology.",2017,INL-RPT-24-77048-R1.xlsx / MASTER_DATA_MAPPED col 45,GNCOA account; companion database to INL/RPT-24-77048
214.4,Maintenance Shops,Site Labor Cost (2022 USD),0,AP1000,BE NOAK,"Stewart, W. R., Shirvan, K., Velez, E., & Wiser, R. Pathways to Cost-effective Advanced Nuclear Technology.",2017,INL-RPT-24-77048-R1.xlsx / MASTER_DATA_MAPPED col 46,GNCOA account; companion database to INL/RPT-24-77048
214.4,Maintenance Shops,Site Material Cost (2022 USD),0,AP1000,BE NOAK,"Stewart, W. R., Shirvan, K., Velez, E., & Wiser, R. Pathways to Cost-effective Advanced Nuclear Technology.",2017,INL-RPT-24-77048-R1.xlsx / MASTER_DATA_MAPPED col 47,GNCOA account; companion database to INL/RPT-24-77048
214.4,Maintenance Shops,Total Costs (2022 USD),0,AP1000,BE NOAK,"Stewart, W. R., Shirvan, K., Velez, E., & Wiser, R. Pathways to Cost-effective Advanced Nuclear Technology.",2017,INL-RPT-24-77048-R1.xlsx / MASTER_DATA_MAPPED col 48,GNCOA account; companion database to INL/RPT-24-77048
214.4,Maintenance Shops,Factory Equipment Costs (2022 USD),0,AP1000,0,Shirvan Private Communication (TIMCAT data),unspecified,INL-RPT-24-77048-R1.xlsx / MASTER_DATA_MAPPED col 105,GNCOA account; companion database to INL/RPT-24-77048
214.4,Maintenance Shops,Site Labor Cost (2022 USD),0,AP1000,0,Shirvan Private Communication (TIMCAT data),unspecified,INL-RPT-24-77048-R1.xlsx / MASTER_DATA_MAPPED col 106,GNCOA account; companion database to INL/RPT-24-77048
214.4,Maintenance Shops,Site Material Cost (2022 USD),0,AP1000,0,Shirvan Private Communication (TIMCAT data),unspecified,INL-RPT-24-77048-R1.xlsx / MASTER_DATA_MAPPED col 107,GNCOA account; companion database to INL/RPT-24-77048
214.4,Maintenance Shops,Total Costs (2022 USD),0,AP1000,NOAK,Shirvan Private Communication (Tim Cat Data),unspecified,INL-RPT-24-77048-R1.xlsx / MASTER_DATA_MAPPED col 108,GNCOA account; companion database to INL/RPT-24-77048
214.5,Fire Protection Building,Factory Equipment Costs (2022 USD),0,AP1000,ME FOAK,"Stewart, W. R., Shirvan, K., Velez, E., & Wiser, R. Pathways to Cost-effective Advanced Nuclear Technology.",2017,INL-RPT-24-77048-R1.xlsx / MASTER_DATA_MAPPED col 41,GNCOA account; companion database to INL/RPT-24-77048
214.5,Fire Protection Building,Site Labor Cost (2022 USD),0,AP1000,ME FOAK,"Stewart, W. R., Shirvan, K., Velez, E., & Wiser, R. Pathways to Cost-effective Advanced Nuclear Technology.",2017,INL-RPT-24-77048-R1.xlsx / MASTER_DATA_MAPPED col 42,GNCOA account; companion database to INL/RPT-24-77048
214.5,Fire Protection Building,Site Material Cost (2022 USD),0,AP1000,ME FOAK,"Stewart, W. R., Shirvan, K., Velez, E., & Wiser, R. Pathways to Cost-effective Advanced Nuclear Technology.",2017,INL-RPT-24-77048-R1.xlsx / MASTER_DATA_MAPPED col 43,GNCOA account; companion database to INL/RPT-24-77048
214.5,Fire Protection Building,Total Costs (2022 USD),0,AP1000,ME FOAK,"Stewart, W. R., Shirvan, K., Velez, E., & Wiser, R. Pathways to Cost-effective Advanced Nuclear Technology.",2017,INL-RPT-24-77048-R1.xlsx / MASTER_DATA_MAPPED col 44,GNCOA account; companion database to INL/RPT-24-77048
214.5,Fire Protection Building,Factory Equipment Costs (2022 USD),0,AP1000,BE NOAK,"Stewart, W. R., Shirvan, K., Velez, E., & Wiser, R. Pathways to Cost-effective Advanced Nuclear Technology.",2017,INL-RPT-24-77048-R1.xlsx / MASTER_DATA_MAPPED col 45,GNCOA account; companion database to INL/RPT-24-77048
214.5,Fire Protection Building,Site Labor Cost (2022 USD),0,AP1000,BE NOAK,"Stewart, W. R., Shirvan, K., Velez, E., & Wiser, R. Pathways to Cost-effective Advanced Nuclear Technology.",2017,INL-RPT-24-77048-R1.xlsx / MASTER_DATA_MAPPED col 46,GNCOA account; companion database to INL/RPT-24-77048
214.5,Fire Protection Building,Site Material Cost (2022 USD),0,AP1000,BE NOAK,"Stewart, W. R., Shirvan, K., Velez, E., & Wiser, R. Pathways to Cost-effective Advanced Nuclear Technology.",2017,INL-RPT-24-77048-R1.xlsx / MASTER_DATA_MAPPED col 47,GNCOA account; companion database to INL/RPT-24-77048
214.5,Fire Protection Building,Total Costs (2022 USD),0,AP1000,BE NOAK,"Stewart, W. R., Shirvan, K., Velez, E., & Wiser, R. Pathways to Cost-effective Advanced Nuclear Technology.",2017,INL-RPT-24-77048-R1.xlsx / MASTER_DATA_MAPPED col 48,GNCOA account; companion database to INL/RPT-24-77048
214.5,Fire Protection Building,Factory Equipment Costs (2022 USD),85968.7088186312,AP1000,0,Shirvan Private Communication (TIMCAT data),unspecified,INL-RPT-24-77048-R1.xlsx / MASTER_DATA_MAPPED col 105,GNCOA account; companion database to INL/RPT-24-77048
214.5,Fire Protection Building,Site Labor Cost (2022 USD),491774.465661396,AP1000,0,Shirvan Private Communication (TIMCAT data),unspecified,INL-RPT-24-77048-R1.xlsx / MASTER_DATA_MAPPED col 106,GNCOA account; companion database to INL/RPT-24-77048
214.5,Fire Protection Building,Site Material Cost (2022 USD),277119.53498342,AP1000,0,Shirvan Private Communication (TIMCAT data),unspecified,INL-RPT-24-77048-R1.xlsx / MASTER_DATA_MAPPED col 107,GNCOA account; companion database to INL/RPT-24-77048
214.5,Fire Protection Building,Total Costs (2022 USD),854862.709463448,AP1000,NOAK,Shirvan Private Communication (Tim Cat Data),unspecified,INL-RPT-24-77048-R1.xlsx / MASTER_DATA_MAPPED col 108,GNCOA account; companion database to INL/RPT-24-77048
214.6,Non-essential Switchgear Building,Factory Equipment Costs (2022 USD),0,AP1000,ME FOAK,"Stewart, W. R., Shirvan, K., Velez, E., & Wiser, R. Pathways to Cost-effective Advanced Nuclear Technology.",2017,INL-RPT-24-77048-R1.xlsx / MASTER_DATA_MAPPED col 41,GNCOA account; companion database to INL/RPT-24-77048
214.6,Non-essential Switchgear Building,Site Labor Cost (2022 USD),0,AP1000,ME FOAK,"Stewart, W. R., Shirvan, K., Velez, E., & Wiser, R. Pathways to Cost-effective Advanced Nuclear Technology.",2017,INL-RPT-24-77048-R1.xlsx / MASTER_DATA_MAPPED col 42,GNCOA account; companion database to INL/RPT-24-77048
214.6,Non-essential Switchgear Building,Site Material Cost (2022 USD),0,AP1000,ME FOAK,"Stewart, W. R., Shirvan, K., Velez, E., & Wiser, R. Pathways to Cost-effective Advanced Nuclear Technology.",2017,INL-RPT-24-77048-R1.xlsx / MASTER_DATA_MAPPED col 43,GNCOA account; companion database to INL/RPT-24-77048
214.6,Non-essential Switchgear Building,Total Costs (2022 USD),0,AP1000,ME FOAK,"Stewart, W. R., Shirvan, K., Velez, E., & Wiser, R. Pathways to Cost-effective Advanced Nuclear Technology.",2017,INL-RPT-24-77048-R1.xlsx / MASTER_DATA_MAPPED col 44,GNCOA account; companion database to INL/RPT-24-77048
214.6,Non-essential Switchgear Building,Factory Equipment Costs (2022 USD),0,AP1000,BE NOAK,"Stewart, W. R., Shirvan, K., Velez, E., & Wiser, R. Pathways to Cost-effective Advanced Nuclear Technology.",2017,INL-RPT-24-77048-R1.xlsx / MASTER_DATA_MAPPED col 45,GNCOA account; companion database to INL/RPT-24-77048
214.6,Non-essential Switchgear Building,Site Labor Cost (2022 USD),0,AP1000,BE NOAK,"Stewart, W. R., Shirvan, K., Velez, E., & Wiser, R. Pathways to Cost-effective Advanced Nuclear Technology.",2017,INL-RPT-24-77048-R1.xlsx / MASTER_DATA_MAPPED col 46,GNCOA account; companion database to INL/RPT-24-77048
214.6,Non-essential Switchgear Building,Site Material Cost (2022 USD),0,AP1000,BE NOAK,"Stewart, W. R., Shirvan, K., Velez, E., & Wiser, R. Pathways to Cost-effective Advanced Nuclear Technology.",2017,INL-RPT-24-77048-R1.xlsx / MASTER_DATA_MAPPED col 47,GNCOA account; companion database to INL/RPT-24-77048
214.6,Non-essential Switchgear Building,Total Costs (2022 USD),0,AP1000,BE NOAK,"Stewart, W. R., Shirvan, K., Velez, E., & Wiser, R. Pathways to Cost-effective Advanced Nuclear Technology.",2017,INL-RPT-24-77048-R1.xlsx / MASTER_DATA_MAPPED col 48,GNCOA account; companion database to INL/RPT-24-77048
214.6,Non-essential Switchgear Building,Factory Equipment Costs (2022 USD),0,AP1000,0,Shirvan Private Communication (TIMCAT data),unspecified,INL-RPT-24-77048-R1.xlsx / MASTER_DATA_MAPPED col 105,GNCOA account; companion database to INL/RPT-24-77048
214.6,Non-essential Switchgear Building,Site Labor Cost (2022 USD),0,AP1000,0,Shirvan Private Communication (TIMCAT data),unspecified,INL-RPT-24-77048-R1.xlsx / MASTER_DATA_MAPPED col 106,GNCOA account; companion database to INL/RPT-24-77048
214.6,Non-essential Switchgear Building,Site Material Cost (2022 USD),0,AP1000,0,Shirvan Private Communication (TIMCAT data),unspecified,INL-RPT-24-77048-R1.xlsx / MASTER_DATA_MAPPED col 107,GNCOA account; companion database to INL/RPT-24-77048
214.6,Non-essential Switchgear Building,Total Costs (2022 USD),0,AP1000,NOAK,Shirvan Private Communication (Tim Cat Data),unspecified,INL-RPT-24-77048-R1.xlsx / MASTER_DATA_MAPPED col 108,GNCOA account; companion database to INL/RPT-24-77048
214.7,Emergency and Start-up Power Systems,Factory Equipment Costs (2022 USD),0,AP1000,ME FOAK,"Stewart, W. R., Shirvan, K., Velez, E., & Wiser, R. Pathways to Cost-effective Advanced Nuclear Technology.",2017,INL-RPT-24-77048-R1.xlsx / MASTER_DATA_MAPPED col 41,GNCOA account; companion database to INL/RPT-24-77048
214.7,Emergency and Start-up Power Systems,Site Labor Cost (2022 USD),0,AP1000,ME FOAK,"Stewart, W. R., Shirvan, K., Velez, E., & Wiser, R. Pathways to Cost-effective Advanced Nuclear Technology.",2017,INL-RPT-24-77048-R1.xlsx / MASTER_DATA_MAPPED col 42,GNCOA account; companion database to INL/RPT-24-77048
214.7,Emergency and Start-up Power Systems,Site Material Cost (2022 USD),0,AP1000,ME FOAK,"Stewart, W. R., Shirvan, K., Velez, E., & Wiser, R. Pathways to Cost-effective Advanced Nuclear Technology.",2017,INL-RPT-24-77048-R1.xlsx / MASTER_DATA_MAPPED col 43,GNCOA account; companion database to INL/RPT-24-77048
214.7,Emergency and Start-up Power Systems,Total Costs (2022 USD),0,AP1000,ME FOAK,"Stewart, W. R., Shirvan, K., Velez, E., & Wiser, R. Pathways to Cost-effective Advanced Nuclear Technology.",2017,INL-RPT-24-77048-R1.xlsx / MASTER_DATA_MAPPED col 44,GNCOA account; companion database to INL/RPT-24-77048
214.7,Emergency and Start-up Power Systems,Factory Equipment Costs (2022 USD),0,AP1000,BE NOAK,"Stewart, W. R., Shirvan, K., Velez, E., & Wiser, R. Pathways to Cost-effective Advanced Nuclear Technology.",2017,INL-RPT-24-77048-R1.xlsx / MASTER_DATA_MAPPED col 45,GNCOA account; companion database to INL/RPT-24-77048
214.7,Emergency and Start-up Power Systems,Site Labor Cost (2022 USD),0,AP1000,BE NOAK,"Stewart, W. R., Shirvan, K., Velez, E., & Wiser, R. Pathways to Cost-effective Advanced Nuclear Technology.",2017,INL-RPT-24-77048-R1.xlsx / MASTER_DATA_MAPPED col 46,GNCOA account; companion database to INL/RPT-24-77048
214.7,Emergency and Start-up Power Systems,Site Material Cost (2022 USD),0,AP1000,BE NOAK,"Stewart, W. R., Shirvan, K., Velez, E., & Wiser, R. Pathways to Cost-effective Advanced Nuclear Technology.",2017,INL-RPT-24-77048-R1.xlsx / MASTER_DATA_MAPPED col 47,GNCOA account; companion database to INL/RPT-24-77048
214.7,Emergency and Start-up Power Systems,Total Costs (2022 USD),0,AP1000,BE NOAK,"Stewart, W. R., Shirvan, K., Velez, E., & Wiser, R. Pathways to Cost-effective Advanced Nuclear Technology.",2017,INL-RPT-24-77048-R1.xlsx / MASTER_DATA_MAPPED col 48,GNCOA account; companion database to INL/RPT-24-77048
214.7,Emergency and Start-up Power Systems,Factory Equipment Costs (2022 USD),0,AP1000,0,Shirvan Private Communication (TIMCAT data),unspecified,INL-RPT-24-77048-R1.xlsx / MASTER_DATA_MAPPED col 105,GNCOA account; companion database to INL/RPT-24-77048
214.7,Emergency and Start-up Power Systems,Site Labor Cost (2022 USD),0,AP1000,0,Shirvan Private Communication (TIMCAT data),unspecified,INL-RPT-24-77048-R1.xlsx / MASTER_DATA_MAPPED col 106,GNCOA account; companion database to INL/RPT-24-77048
214.7,Emergency and Start-up Power Systems,Site Material Cost (2022 USD),0,AP1000,0,Shirvan Private Communication (TIMCAT data),unspecified,INL-RPT-24-77048-R1.xlsx / MASTER_DATA_MAPPED col 107,GNCOA account; companion database to INL/RPT-24-77048
214.7,Emergency and Start-up Power Systems,Total Costs (2022 USD),0,AP1000,NOAK,Shirvan Private Communication (Tim Cat Data),unspecified,INL-RPT-24-77048-R1.xlsx / MASTER_DATA_MAPPED col 108,GNCOA account; companion database to INL/RPT-24-77048
215,Supply Chain Buildings,Factory Equipment Costs (2022 USD),0,AP1000,ME FOAK,"Stewart, W. R., Shirvan, K., Velez, E., & Wiser, R. Pathways to Cost-effective Advanced Nuclear Technology.",2017,INL-RPT-24-77048-R1.xlsx / MASTER_DATA_MAPPED col 41,GNCOA account; companion database to INL/RPT-24-77048
215,Supply Chain Buildings,Site Labor Cost (2022 USD),0,AP1000,ME FOAK,"Stewart, W. R., Shirvan, K., Velez, E., & Wiser, R. Pathways to Cost-effective Advanced Nuclear Technology.",2017,INL-RPT-24-77048-R1.xlsx / MASTER_DATA_MAPPED col 42,GNCOA account; companion database to INL/RPT-24-77048
215,Supply Chain Buildings,Site Material Cost (2022 USD),0,AP1000,ME FOAK,"Stewart, W. R., Shirvan, K., Velez, E., & Wiser, R. Pathways to Cost-effective Advanced Nuclear Technology.",2017,INL-RPT-24-77048-R1.xlsx / MASTER_DATA_MAPPED col 43,GNCOA account; companion database to INL/RPT-24-77048
215,Supply Chain Buildings,Total Costs (2022 USD),0,AP1000,ME FOAK,"Stewart, W. R., Shirvan, K., Velez, E., & Wiser, R. Pathways to Cost-effective Advanced Nuclear Technology.",2017,INL-RPT-24-77048-R1.xlsx / MASTER_DATA_MAPPED col 44,GNCOA account; companion database to INL/RPT-24-77048
215,Supply Chain Buildings,Factory Equipment Costs (2022 USD),0,AP1000,BE NOAK,"Stewart, W. R., Shirvan, K., Velez, E., & Wiser, R. Pathways to Cost-effective Advanced Nuclear Technology.",2017,INL-RPT-24-77048-R1.xlsx / MASTER_DATA_MAPPED col 45,GNCOA account; companion database to INL/RPT-24-77048
215,Supply Chain Buildings,Site Labor Cost (2022 USD),0,AP1000,BE NOAK,"Stewart, W. R., Shirvan, K., Velez, E., & Wiser, R. Pathways to Cost-effective Advanced Nuclear Technology.",2017,INL-RPT-24-77048-R1.xlsx / MASTER_DATA_MAPPED col 46,GNCOA account; companion database to INL/RPT-24-77048
215,Supply Chain Buildings,Site Material Cost (2022 USD),0,AP1000,BE NOAK,"Stewart, W. R., Shirvan, K., Velez, E., & Wiser, R. Pathways to Cost-effective Advanced Nuclear Technology.",2017,INL-RPT-24-77048-R1.xlsx / MASTER_DATA_MAPPED col 47,GNCOA account; companion database to INL/RPT-24-77048
215,Supply Chain Buildings,Total Costs (2022 USD),0,AP1000,BE NOAK,"Stewart, W. R., Shirvan, K., Velez, E., & Wiser, R. Pathways to Cost-effective Advanced Nuclear Technology.",2017,INL-RPT-24-77048-R1.xlsx / MASTER_DATA_MAPPED col 48,GNCOA account; companion database to INL/RPT-24-77048
215,Supply Chain Buildings,Factory Equipment Costs (2022 USD),1454503.66984,AP1000,0,Shirvan Private Communication (TIMCAT data),unspecified,INL-RPT-24-77048-R1.xlsx / MASTER_DATA_MAPPED col 105,GNCOA account; companion database to INL/RPT-24-77048
215,Supply Chain Buildings,Site Labor Cost (2022 USD),8616677.73781782,AP1000,0,Shirvan Private Communication (TIMCAT data),unspecified,INL-RPT-24-77048-R1.xlsx / MASTER_DATA_MAPPED col 106,GNCOA account; companion database to INL/RPT-24-77048
215,Supply Chain Buildings,Site Material Cost (2022 USD),4722283.16278563,AP1000,0,Shirvan Private Communication (TIMCAT data),unspecified,INL-RPT-24-77048-R1.xlsx / MASTER_DATA_MAPPED col 107,GNCOA account; companion database to INL/RPT-24-77048
215,Supply Chain Buildings,Total Costs (2022 USD),14793464.5704434,AP1000,NOAK,Shirvan Private Communication (Tim Cat Data),unspecified,INL-RPT-24-77048-R1.xlsx / MASTER_DATA_MAPPED col 108,GNCOA account; companion database to INL/RPT-24-77048
215.1,Storage and Warehouse Buildings,Factory Equipment Costs (2022 USD),0,AP1000,ME FOAK,"Stewart, W. R., Shirvan, K., Velez, E., & Wiser, R. Pathways to Cost-effective Advanced Nuclear Technology.",2017,INL-RPT-24-77048-R1.xlsx / MASTER_DATA_MAPPED col 41,GNCOA account; companion database to INL/RPT-24-77048
215.1,Storage and Warehouse Buildings,Site Labor Cost (2022 USD),0,AP1000,ME FOAK,"Stewart, W. R., Shirvan, K., Velez, E., & Wiser, R. Pathways to Cost-effective Advanced Nuclear Technology.",2017,INL-RPT-24-77048-R1.xlsx / MASTER_DATA_MAPPED col 42,GNCOA account; companion database to INL/RPT-24-77048
215.1,Storage and Warehouse Buildings,Site Material Cost (2022 USD),0,AP1000,ME FOAK,"Stewart, W. R., Shirvan, K., Velez, E., & Wiser, R. Pathways to Cost-effective Advanced Nuclear Technology.",2017,INL-RPT-24-77048-R1.xlsx / MASTER_DATA_MAPPED col 43,GNCOA account; companion database to INL/RPT-24-77048
215.1,Storage and Warehouse Buildings,Total Costs (2022 USD),0,AP1000,ME FOAK,"Stewart, W. R., Shirvan, K., Velez, E., & Wiser, R. Pathways to Cost-effective Advanced Nuclear Technology.",2017,INL-RPT-24-77048-R1.xlsx / MASTER_DATA_MAPPED col 44,GNCOA account; companion database to INL/RPT-24-77048
215.1,Storage and Warehouse Buildings,Factory Equipment Costs (2022 USD),0,AP1000,BE NOAK,"Stewart, W. R., Shirvan, K., Velez, E., & Wiser, R. Pathways to Cost-effective Advanced Nuclear Technology.",2017,INL-RPT-24-77048-R1.xlsx / MASTER_DATA_MAPPED col 45,GNCOA account; companion database to INL/RPT-24-77048
215.1,Storage and Warehouse Buildings,Site Labor Cost (2022 USD),0,AP1000,BE NOAK,"Stewart, W. R., Shirvan, K., Velez, E., & Wiser, R. Pathways to Cost-effective Advanced Nuclear Technology.",2017,INL-RPT-24-77048-R1.xlsx / MASTER_DATA_MAPPED col 46,GNCOA account; companion database to INL/RPT-24-77048
215.1,Storage and Warehouse Buildings,Site Material Cost (2022 USD),0,AP1000,BE NOAK,"Stewart, W. R., Shirvan, K., Velez, E., & Wiser, R. Pathways to Cost-effective Advanced Nuclear Technology.",2017,INL-RPT-24-77048-R1.xlsx / MASTER_DATA_MAPPED col 47,GNCOA account; companion database to INL/RPT-24-77048
215.1,Storage and Warehouse Buildings,Total Costs (2022 USD),0,AP1000,BE NOAK,"Stewart, W. R., Shirvan, K., Velez, E., & Wiser, R. Pathways to Cost-effective Advanced Nuclear Technology.",2017,INL-RPT-24-77048-R1.xlsx / MASTER_DATA_MAPPED col 48,GNCOA account; companion database to INL/RPT-24-77048
215.1,Storage and Warehouse Buildings,Factory Equipment Costs (2022 USD),0,AP1000,0,Shirvan Private Communication (TIMCAT data),unspecified,INL-RPT-24-77048-R1.xlsx / MASTER_DATA_MAPPED col 105,GNCOA account; companion database to INL/RPT-24-77048
215.1,Storage and Warehouse Buildings,Site Labor Cost (2022 USD),0,AP1000,0,Shirvan Private Communication (TIMCAT data),unspecified,INL-RPT-24-77048-R1.xlsx / MASTER_DATA_MAPPED col 106,GNCOA account; companion database to INL/RPT-24-77048
215.1,Storage and Warehouse Buildings,Site Material Cost (2022 USD),0,AP1000,0,Shirvan Private Communication (TIMCAT data),unspecified,INL-RPT-24-77048-R1.xlsx / MASTER_DATA_MAPPED col 107,GNCOA account; companion database to INL/RPT-24-77048
215.1,Storage and Warehouse Buildings,Total Costs (2022 USD),0,AP1000,NOAK,Shirvan Private Communication (Tim Cat Data),unspecified,INL-RPT-24-77048-R1.xlsx / MASTER_DATA_MAPPED col 108,GNCOA account; companion database to INL/RPT-24-77048
215.2,Unloading Facility for Material Requiring Special Consideration,Factory Equipment Costs (2022 USD),0,AP1000,ME FOAK,"Stewart, W. R., Shirvan, K., Velez, E., & Wiser, R. Pathways to Cost-effective Advanced Nuclear Technology.",2017,INL-RPT-24-77048-R1.xlsx / MASTER_DATA_MAPPED col 41,GNCOA account; companion database to INL/RPT-24-77048
215.2,Unloading Facility for Material Requiring Special Consideration,Site Labor Cost (2022 USD),0,AP1000,ME FOAK,"Stewart, W. R., Shirvan, K., Velez, E., & Wiser, R. Pathways to Cost-effective Advanced Nuclear Technology.",2017,INL-RPT-24-77048-R1.xlsx / MASTER_DATA_MAPPED col 42,GNCOA account; companion database to INL/RPT-24-77048
215.2,Unloading Facility for Material Requiring Special Consideration,Site Material Cost (2022 USD),0,AP1000,ME FOAK,"Stewart, W. R., Shirvan, K., Velez, E., & Wiser, R. Pathways to Cost-effective Advanced Nuclear Technology.",2017,INL-RPT-24-77048-R1.xlsx / MASTER_DATA_MAPPED col 43,GNCOA account; companion database to INL/RPT-24-77048
215.2,Unloading Facility for Material Requiring Special Consideration,Total Costs (2022 USD),0,AP1000,ME FOAK,"Stewart, W. R., Shirvan, K., Velez, E., & Wiser, R. Pathways to Cost-effective Advanced Nuclear Technology.",2017,INL-RPT-24-77048-R1.xlsx / MASTER_DATA_MAPPED col 44,GNCOA account; companion database to INL/RPT-24-77048
215.2,Unloading Facility for Material Requiring Special Consideration,Factory Equipment Costs (2022 USD),0,AP1000,BE NOAK,"Stewart, W. R., Shirvan, K., Velez, E., & Wiser, R. Pathways to Cost-effective Advanced Nuclear Technology.",2017,INL-RPT-24-77048-R1.xlsx / MASTER_DATA_MAPPED col 45,GNCOA account; companion database to INL/RPT-24-77048
215.2,Unloading Facility for Material Requiring Special Consideration,Site Labor Cost (2022 USD),0,AP1000,BE NOAK,"Stewart, W. R., Shirvan, K., Velez, E., & Wiser, R. Pathways to Cost-effective Advanced Nuclear Technology.",2017,INL-RPT-24-77048-R1.xlsx / MASTER_DATA_MAPPED col 46,GNCOA account; companion database to INL/RPT-24-77048
215.2,Unloading Facility for Material Requiring Special Consideration,Site Material Cost (2022 USD),0,AP1000,BE NOAK,"Stewart, W. R., Shirvan, K., Velez, E., & Wiser, R. Pathways to Cost-effective Advanced Nuclear Technology.",2017,INL-RPT-24-77048-R1.xlsx / MASTER_DATA_MAPPED col 47,GNCOA account; companion database to INL/RPT-24-77048
215.2,Unloading Facility for Material Requiring Special Consideration,Total Costs (2022 USD),0,AP1000,BE NOAK,"Stewart, W. R., Shirvan, K., Velez, E., & Wiser, R. Pathways to Cost-effective Advanced Nuclear Technology.",2017,INL-RPT-24-77048-R1.xlsx / MASTER_DATA_MAPPED col 48,GNCOA account; companion database to INL/RPT-24-77048
215.2,Unloading Facility for Material Requiring Special Consideration,Factory Equipment Costs (2022 USD),0,AP1000,0,Shirvan Private Communication (TIMCAT data),unspecified,INL-RPT-24-77048-R1.xlsx / MASTER_DATA_MAPPED col 105,GNCOA account; companion database to INL/RPT-24-77048
215.2,Unloading Facility for Material Requiring Special Consideration,Site Labor Cost (2022 USD),0,AP1000,0,Shirvan Private Communication (TIMCAT data),unspecified,INL-RPT-24-77048-R1.xlsx / MASTER_DATA_MAPPED col 106,GNCOA account; companion database to INL/RPT-24-77048
215.2,Unloading Facility for Material Requiring Special Consideration,Site Material Cost (2022 USD),0,AP1000,0,Shirvan Private Communication (TIMCAT data),unspecified,INL-RPT-24-77048-R1.xlsx / MASTER_DATA_MAPPED col 107,GNCOA account; companion database to INL/RPT-24-77048
215.2,Unloading Facility for Material Requiring Special Consideration,Total Costs (2022 USD),0,AP1000,NOAK,Shirvan Private Communication (Tim Cat Data),unspecified,INL-RPT-24-77048-R1.xlsx / MASTER_DATA_MAPPED col 108,GNCOA account; companion database to INL/RPT-24-77048
215.3,Reactor Receiving and Assembly Building,Factory Equipment Costs (2022 USD),0,AP1000,ME FOAK,"Stewart, W. R., Shirvan, K., Velez, E., & Wiser, R. Pathways to Cost-effective Advanced Nuclear Technology.",2017,INL-RPT-24-77048-R1.xlsx / MASTER_DATA_MAPPED col 41,GNCOA account; companion database to INL/RPT-24-77048
215.3,Reactor Receiving and Assembly Building,Site Labor Cost (2022 USD),0,AP1000,ME FOAK,"Stewart, W. R., Shirvan, K., Velez, E., & Wiser, R. Pathways to Cost-effective Advanced Nuclear Technology.",2017,INL-RPT-24-77048-R1.xlsx / MASTER_DATA_MAPPED col 42,GNCOA account; companion database to INL/RPT-24-77048
215.3,Reactor Receiving and Assembly Building,Site Material Cost (2022 USD),0,AP1000,ME FOAK,"Stewart, W. R., Shirvan, K., Velez, E., & Wiser, R. Pathways to Cost-effective Advanced Nuclear Technology.",2017,INL-RPT-24-77048-R1.xlsx / MASTER_DATA_MAPPED col 43,GNCOA account; companion database to INL/RPT-24-77048
215.3,Reactor Receiving and Assembly Building,Total Costs (2022 USD),0,AP1000,ME FOAK,"Stewart, W. R., Shirvan, K., Velez, E., & Wiser, R. Pathways to Cost-effective Advanced Nuclear Technology.",2017,INL-RPT-24-77048-R1.xlsx / MASTER_DATA_MAPPED col 44,GNCOA account; companion database to INL/RPT-24-77048
215.3,Reactor Receiving and Assembly Building,Factory Equipment Costs (2022 USD),0,AP1000,BE NOAK,"Stewart, W. R., Shirvan, K., Velez, E., & Wiser, R. Pathways to Cost-effective Advanced Nuclear Technology.",2017,INL-RPT-24-77048-R1.xlsx / MASTER_DATA_MAPPED col 45,GNCOA account; companion database to INL/RPT-24-77048
215.3,Reactor Receiving and Assembly Building,Site Labor Cost (2022 USD),0,AP1000,BE NOAK,"Stewart, W. R., Shirvan, K., Velez, E., & Wiser, R. Pathways to Cost-effective Advanced Nuclear Technology.",2017,INL-RPT-24-77048-R1.xlsx / MASTER_DATA_MAPPED col 46,GNCOA account; companion database to INL/RPT-24-77048
215.3,Reactor Receiving and Assembly Building,Site Material Cost (2022 USD),0,AP1000,BE NOAK,"Stewart, W. R., Shirvan, K., Velez, E., & Wiser, R. Pathways to Cost-effective Advanced Nuclear Technology.",2017,INL-RPT-24-77048-R1.xlsx / MASTER_DATA_MAPPED col 47,GNCOA account; companion database to INL/RPT-24-77048
215.3,Reactor Receiving and Assembly Building,Total Costs (2022 USD),0,AP1000,BE NOAK,"Stewart, W. R., Shirvan, K., Velez, E., & Wiser, R. Pathways to Cost-effective Advanced Nuclear Technology.",2017,INL-RPT-24-77048-R1.xlsx / MASTER_DATA_MAPPED col 48,GNCOA account; companion database to INL/RPT-24-77048
215.3,Reactor Receiving and Assembly Building,Factory Equipment Costs (2022 USD),0,AP1000,0,Shirvan Private Communication (TIMCAT data),unspecified,INL-RPT-24-77048-R1.xlsx / MASTER_DATA_MAPPED col 105,GNCOA account; companion database to INL/RPT-24-77048
215.3,Reactor Receiving and Assembly Building,Site Labor Cost (2022 USD),0,AP1000,0,Shirvan Private Communication (TIMCAT data),unspecified,INL-RPT-24-77048-R1.xlsx / MASTER_DATA_MAPPED col 106,GNCOA account; companion database to INL/RPT-24-77048
215.3,Reactor Receiving and Assembly Building,Site Material Cost (2022 USD),0,AP1000,0,Shirvan Private Communication (TIMCAT data),unspecified,INL-RPT-24-77048-R1.xlsx / MASTER_DATA_MAPPED col 107,GNCOA account; companion database to INL/RPT-24-77048
215.3,Reactor Receiving and Assembly Building,Total Costs (2022 USD),0,AP1000,NOAK,Shirvan Private Communication (Tim Cat Data),unspecified,INL-RPT-24-77048-R1.xlsx / MASTER_DATA_MAPPED col 108,GNCOA account; companion database to INL/RPT-24-77048
215.4,Radwaste Building,Factory Equipment Costs (2022 USD),0,AP1000,ME FOAK,"Stewart, W. R., Shirvan, K., Velez, E., & Wiser, R. Pathways to Cost-effective Advanced Nuclear Technology.",2017,INL-RPT-24-77048-R1.xlsx / MASTER_DATA_MAPPED col 41,GNCOA account; companion database to INL/RPT-24-77048
215.4,Radwaste Building,Site Labor Cost (2022 USD),0,AP1000,ME FOAK,"Stewart, W. R., Shirvan, K., Velez, E., & Wiser, R. Pathways to Cost-effective Advanced Nuclear Technology.",2017,INL-RPT-24-77048-R1.xlsx / MASTER_DATA_MAPPED col 42,GNCOA account; companion database to INL/RPT-24-77048
215.4,Radwaste Building,Site Material Cost (2022 USD),0,AP1000,ME FOAK,"Stewart, W. R., Shirvan, K., Velez, E., & Wiser, R. Pathways to Cost-effective Advanced Nuclear Technology.",2017,INL-RPT-24-77048-R1.xlsx / MASTER_DATA_MAPPED col 43,GNCOA account; companion database to INL/RPT-24-77048
215.4,Radwaste Building,Total Costs (2022 USD),0,AP1000,ME FOAK,"Stewart, W. R., Shirvan, K., Velez, E., & Wiser, R. Pathways to Cost-effective Advanced Nuclear Technology.",2017,INL-RPT-24-77048-R1.xlsx / MASTER_DATA_MAPPED col 44,GNCOA account; companion database to INL/RPT-24-77048
215.4,Radwaste Building,Factory Equipment Costs (2022 USD),0,AP1000,BE NOAK,"Stewart, W. R., Shirvan, K., Velez, E., & Wiser, R. Pathways to Cost-effective Advanced Nuclear Technology.",2017,INL-RPT-24-77048-R1.xlsx / MASTER_DATA_MAPPED col 45,GNCOA account; companion database to INL/RPT-24-77048
215.4,Radwaste Building,Site Labor Cost (2022 USD),0,AP1000,BE NOAK,"Stewart, W. R., Shirvan, K., Velez, E., & Wiser, R. Pathways to Cost-effective Advanced Nuclear Technology.",2017,INL-RPT-24-77048-R1.xlsx / MASTER_DATA_MAPPED col 46,GNCOA account; companion database to INL/RPT-24-77048
215.4,Radwaste Building,Site Material Cost (2022 USD),0,AP1000,BE NOAK,"Stewart, W. R., Shirvan, K., Velez, E., & Wiser, R. Pathways to Cost-effective Advanced Nuclear Technology.",2017,INL-RPT-24-77048-R1.xlsx / MASTER_DATA_MAPPED col 47,GNCOA account; companion database to INL/RPT-24-77048
215.4,Radwaste Building,Total Costs (2022 USD),0,AP1000,BE NOAK,"Stewart, W. R., Shirvan, K., Velez, E., & Wiser, R. Pathways to Cost-effective Advanced Nuclear Technology.",2017,INL-RPT-24-77048-R1.xlsx / MASTER_DATA_MAPPED col 48,GNCOA account; companion database to INL/RPT-24-77048
215.4,Radwaste Building,Factory Equipment Costs (2022 USD),1454503.66984,AP1000,0,Shirvan Private Communication (TIMCAT data),unspecified,INL-RPT-24-77048-R1.xlsx / MASTER_DATA_MAPPED col 105,GNCOA account; companion database to INL/RPT-24-77048
215.4,Radwaste Building,Site Labor Cost (2022 USD),8616677.73781782,AP1000,0,Shirvan Private Communication (TIMCAT data),unspecified,INL-RPT-24-77048-R1.xlsx / MASTER_DATA_MAPPED col 106,GNCOA account; companion database to INL/RPT-24-77048
215.4,Radwaste Building,Site Material Cost (2022 USD),4722283.16278563,AP1000,0,Shirvan Private Communication (TIMCAT data),unspecified,INL-RPT-24-77048-R1.xlsx / MASTER_DATA_MAPPED col 107,GNCOA account; companion database to INL/RPT-24-77048
215.4,Radwaste Building,Total Costs (2022 USD),14793464.5704434,AP1000,NOAK,Shirvan Private Communication (Tim Cat Data),unspecified,INL-RPT-24-77048-R1.xlsx / MASTER_DATA_MAPPED col 108,GNCOA account; companion database to INL/RPT-24-77048
215.5,Fuel Service Building,Factory Equipment Costs (2022 USD),0,AP1000,ME FOAK,"Stewart, W. R., Shirvan, K., Velez, E., & Wiser, R. Pathways to Cost-effective Advanced Nuclear Technology.",2017,INL-RPT-24-77048-R1.xlsx / MASTER_DATA_MAPPED col 41,GNCOA account; companion database to INL/RPT-24-77048
215.5,Fuel Service Building,Site Labor Cost (2022 USD),0,AP1000,ME FOAK,"Stewart, W. R., Shirvan, K., Velez, E., & Wiser, R. Pathways to Cost-effective Advanced Nuclear Technology.",2017,INL-RPT-24-77048-R1.xlsx / MASTER_DATA_MAPPED col 42,GNCOA account; companion database to INL/RPT-24-77048
215.5,Fuel Service Building,Site Material Cost (2022 USD),0,AP1000,ME FOAK,"Stewart, W. R., Shirvan, K., Velez, E., & Wiser, R. Pathways to Cost-effective Advanced Nuclear Technology.",2017,INL-RPT-24-77048-R1.xlsx / MASTER_DATA_MAPPED col 43,GNCOA account; companion database to INL/RPT-24-77048
215.5,Fuel Service Building,Total Costs (2022 USD),0,AP1000,ME FOAK,"Stewart, W. R., Shirvan, K., Velez, E., & Wiser, R. Pathways to Cost-effective Advanced Nuclear Technology.",2017,INL-RPT-24-77048-R1.xlsx / MASTER_DATA_MAPPED col 44,GNCOA account; companion database to INL/RPT-24-77048
215.5,Fuel Service Building,Factory Equipment Costs (2022 USD),0,AP1000,BE NOAK,"Stewart, W. R., Shirvan, K., Velez, E., & Wiser, R. Pathways to Cost-effective Advanced Nuclear Technology.",2017,INL-RPT-24-77048-R1.xlsx / MASTER_DATA_MAPPED col 45,GNCOA account; companion database to INL/RPT-24-77048
215.5,Fuel Service Building,Site Labor Cost (2022 USD),0,AP1000,BE NOAK,"Stewart, W. R., Shirvan, K., Velez, E., & Wiser, R. Pathways to Cost-effective Advanced Nuclear Technology.",2017,INL-RPT-24-77048-R1.xlsx / MASTER_DATA_MAPPED col 46,GNCOA account; companion database to INL/RPT-24-77048
215.5,Fuel Service Building,Site Material Cost (2022 USD),0,AP1000,BE NOAK,"Stewart, W. R., Shirvan, K., Velez, E., & Wiser, R. Pathways to Cost-effective Advanced Nuclear Technology.",2017,INL-RPT-24-77048-R1.xlsx / MASTER_DATA_MAPPED col 47,GNCOA account; companion database to INL/RPT-24-77048
215.5,Fuel Service Building,Total Costs (2022 USD),0,AP1000,BE NOAK,"Stewart, W. R., Shirvan, K., Velez, E., & Wiser, R. Pathways to Cost-effective Advanced Nuclear Technology.",2017,INL-RPT-24-77048-R1.xlsx / MASTER_DATA_MAPPED col 48,GNCOA account; companion database to INL/RPT-24-77048
215.5,Fuel Service Building,Factory Equipment Costs (2022 USD),0,AP1000,0,Shirvan Private Communication (TIMCAT data),unspecified,INL-RPT-24-77048-R1.xlsx / MASTER_DATA_MAPPED col 105,GNCOA account; companion database to INL/RPT-24-77048
215.5,Fuel Service Building,Site Labor Cost (2022 USD),0,AP1000,0,Shirvan Private Communication (TIMCAT data),unspecified,INL-RPT-24-77048-R1.xlsx / MASTER_DATA_MAPPED col 106,GNCOA account; companion database to INL/RPT-24-77048
215.5,Fuel Service Building,Site Material Cost (2022 USD),0,AP1000,0,Shirvan Private Communication (TIMCAT data),unspecified,INL-RPT-24-77048-R1.xlsx / MASTER_DATA_MAPPED col 107,GNCOA account; companion database to INL/RPT-24-77048
215.5,Fuel Service Building,Total Costs (2022 USD),0,AP1000,NOAK,Shirvan Private Communication (Tim Cat Data),unspecified,INL-RPT-24-77048-R1.xlsx / MASTER_DATA_MAPPED col 108,GNCOA account; companion database to INL/RPT-24-77048
216,Human Resources Buildings,Factory Equipment Costs (2022 USD),0,AP1000,ME FOAK,"Stewart, W. R., Shirvan, K., Velez, E., & Wiser, R. Pathways to Cost-effective Advanced Nuclear Technology.",2017,INL-RPT-24-77048-R1.xlsx / MASTER_DATA_MAPPED col 41,GNCOA account; companion database to INL/RPT-24-77048
216,Human Resources Buildings,Site Labor Cost (2022 USD),0,AP1000,ME FOAK,"Stewart, W. R., Shirvan, K., Velez, E., & Wiser, R. Pathways to Cost-effective Advanced Nuclear Technology.",2017,INL-RPT-24-77048-R1.xlsx / MASTER_DATA_MAPPED col 42,GNCOA account; companion database to INL/RPT-24-77048
216,Human Resources Buildings,Site Material Cost (2022 USD),0,AP1000,ME FOAK,"Stewart, W. R., Shirvan, K., Velez, E., & Wiser, R. Pathways to Cost-effective Advanced Nuclear Technology.",2017,INL-RPT-24-77048-R1.xlsx / MASTER_DATA_MAPPED col 43,GNCOA account; companion database to INL/RPT-24-77048
216,Human Resources Buildings,Total Costs (2022 USD),0,AP1000,ME FOAK,"Stewart, W. R., Shirvan, K., Velez, E., & Wiser, R. Pathways to Cost-effective Advanced Nuclear Technology.",2017,INL-RPT-24-77048-R1.xlsx / MASTER_DATA_MAPPED col 44,GNCOA account; companion database to INL/RPT-24-77048
216,Human Resources Buildings,Factory Equipment Costs (2022 USD),0,AP1000,BE NOAK,"Stewart, W. R., Shirvan, K., Velez, E., & Wiser, R. Pathways to Cost-effective Advanced Nuclear Technology.",2017,INL-RPT-24-77048-R1.xlsx / MASTER_DATA_MAPPED col 45,GNCOA account; companion database to INL/RPT-24-77048
216,Human Resources Buildings,Site Labor Cost (2022 USD),0,AP1000,BE NOAK,"Stewart, W. R., Shirvan, K., Velez, E., & Wiser, R. Pathways to Cost-effective Advanced Nuclear Technology.",2017,INL-RPT-24-77048-R1.xlsx / MASTER_DATA_MAPPED col 46,GNCOA account; companion database to INL/RPT-24-77048
216,Human Resources Buildings,Site Material Cost (2022 USD),0,AP1000,BE NOAK,"Stewart, W. R., Shirvan, K., Velez, E., & Wiser, R. Pathways to Cost-effective Advanced Nuclear Technology.",2017,INL-RPT-24-77048-R1.xlsx / MASTER_DATA_MAPPED col 47,GNCOA account; companion database to INL/RPT-24-77048
216,Human Resources Buildings,Total Costs (2022 USD),0,AP1000,BE NOAK,"Stewart, W. R., Shirvan, K., Velez, E., & Wiser, R. Pathways to Cost-effective Advanced Nuclear Technology.",2017,INL-RPT-24-77048-R1.xlsx / MASTER_DATA_MAPPED col 48,GNCOA account; companion database to INL/RPT-24-77048
216,Human Resources Buildings,Factory Equipment Costs (2022 USD),2230789.209065295,AP1000,0,Shirvan Private Communication (TIMCAT data),unspecified,INL-RPT-24-77048-R1.xlsx / MASTER_DATA_MAPPED col 105,GNCOA account; companion database to INL/RPT-24-77048
216,Human Resources Buildings,Site Labor Cost (2022 USD),4967783.874316517,AP1000,0,Shirvan Private Communication (TIMCAT data),unspecified,INL-RPT-24-77048-R1.xlsx / MASTER_DATA_MAPPED col 106,GNCOA account; companion database to INL/RPT-24-77048
216,Human Resources Buildings,Site Material Cost (2022 USD),1750824.606994609,AP1000,0,Shirvan Private Communication (TIMCAT data),unspecified,INL-RPT-24-77048-R1.xlsx / MASTER_DATA_MAPPED col 107,GNCOA account; companion database to INL/RPT-24-77048
216,Human Resources Buildings,Total Costs (2022 USD),8949397.690376421,AP1000,NOAK,Shirvan Private Communication (Tim Cat Data),unspecified,INL-RPT-24-77048-R1.xlsx / MASTER_DATA_MAPPED col 108,GNCOA account; companion database to INL/RPT-24-77048
216.1,Administration Building,Factory Equipment Costs (2022 USD),0,AP1000,ME FOAK,"Stewart, W. R., Shirvan, K., Velez, E., & Wiser, R. Pathways to Cost-effective Advanced Nuclear Technology.",2017,INL-RPT-24-77048-R1.xlsx / MASTER_DATA_MAPPED col 41,GNCOA account; companion database to INL/RPT-24-77048
216.1,Administration Building,Site Labor Cost (2022 USD),0,AP1000,ME FOAK,"Stewart, W. R., Shirvan, K., Velez, E., & Wiser, R. Pathways to Cost-effective Advanced Nuclear Technology.",2017,INL-RPT-24-77048-R1.xlsx / MASTER_DATA_MAPPED col 42,GNCOA account; companion database to INL/RPT-24-77048
216.1,Administration Building,Site Material Cost (2022 USD),0,AP1000,ME FOAK,"Stewart, W. R., Shirvan, K., Velez, E., & Wiser, R. Pathways to Cost-effective Advanced Nuclear Technology.",2017,INL-RPT-24-77048-R1.xlsx / MASTER_DATA_MAPPED col 43,GNCOA account; companion database to INL/RPT-24-77048
216.1,Administration Building,Total Costs (2022 USD),0,AP1000,ME FOAK,"Stewart, W. R., Shirvan, K., Velez, E., & Wiser, R. Pathways to Cost-effective Advanced Nuclear Technology.",2017,INL-RPT-24-77048-R1.xlsx / MASTER_DATA_MAPPED col 44,GNCOA account; companion database to INL/RPT-24-77048
216.1,Administration Building,Factory Equipment Costs (2022 USD),0,AP1000,BE NOAK,"Stewart, W. R., Shirvan, K., Velez, E., & Wiser, R. Pathways to Cost-effective Advanced Nuclear Technology.",2017,INL-RPT-24-77048-R1.xlsx / MASTER_DATA_MAPPED col 45,GNCOA account; companion database to INL/RPT-24-77048
216.1,Administration Building,Site Labor Cost (2022 USD),0,AP1000,BE NOAK,"Stewart, W. R., Shirvan, K., Velez, E., & Wiser, R. Pathways to Cost-effective Advanced Nuclear Technology.",2017,INL-RPT-24-77048-R1.xlsx / MASTER_DATA_MAPPED col 46,GNCOA account; companion database to INL/RPT-24-77048
216.1,Administration Building,Site Material Cost (2022 USD),0,AP1000,BE NOAK,"Stewart, W. R., Shirvan, K., Velez, E., & Wiser, R. Pathways to Cost-effective Advanced Nuclear Technology.",2017,INL-RPT-24-77048-R1.xlsx / MASTER_DATA_MAPPED col 47,GNCOA account; companion database to INL/RPT-24-77048
216.1,Administration Building,Total Costs (2022 USD),0,AP1000,BE NOAK,"Stewart, W. R., Shirvan, K., Velez, E., & Wiser, R. Pathways to Cost-effective Advanced Nuclear Technology.",2017,INL-RPT-24-77048-R1.xlsx / MASTER_DATA_MAPPED col 48,GNCOA account; companion database to INL/RPT-24-77048
216.1,Administration Building,Factory Equipment Costs (2022 USD),1928788.9476223,AP1000,0,Shirvan Private Communication (TIMCAT data),unspecified,INL-RPT-24-77048-R1.xlsx / MASTER_DATA_MAPPED col 105,GNCOA account; companion database to INL/RPT-24-77048
216.1,Administration Building,Site Labor Cost (2022 USD),1999657.78385707,AP1000,0,Shirvan Private Communication (TIMCAT data),unspecified,INL-RPT-24-77048-R1.xlsx / MASTER_DATA_MAPPED col 106,GNCOA account; companion database to INL/RPT-24-77048
216.1,Administration Building,Site Material Cost (2022 USD),360782.804764622,AP1000,0,Shirvan Private Communication (TIMCAT data),unspecified,INL-RPT-24-77048-R1.xlsx / MASTER_DATA_MAPPED col 107,GNCOA account; companion database to INL/RPT-24-77048
216.1,Administration Building,Total Costs (2022 USD),4289229.536244,AP1000,NOAK,Shirvan Private Communication (Tim Cat Data),unspecified,INL-RPT-24-77048-R1.xlsx / MASTER_DATA_MAPPED col 108,GNCOA account; companion database to INL/RPT-24-77048
216.2,Security Building and Gatehouse,Factory Equipment Costs (2022 USD),0,AP1000,ME FOAK,"Stewart, W. R., Shirvan, K., Velez, E., & Wiser, R. Pathways to Cost-effective Advanced Nuclear Technology.",2017,INL-RPT-24-77048-R1.xlsx / MASTER_DATA_MAPPED col 41,GNCOA account; companion database to INL/RPT-24-77048
216.2,Security Building and Gatehouse,Site Labor Cost (2022 USD),0,AP1000,ME FOAK,"Stewart, W. R., Shirvan, K., Velez, E., & Wiser, R. Pathways to Cost-effective Advanced Nuclear Technology.",2017,INL-RPT-24-77048-R1.xlsx / MASTER_DATA_MAPPED col 42,GNCOA account; companion database to INL/RPT-24-77048
216.2,Security Building and Gatehouse,Site Material Cost (2022 USD),0,AP1000,ME FOAK,"Stewart, W. R., Shirvan, K., Velez, E., & Wiser, R. Pathways to Cost-effective Advanced Nuclear Technology.",2017,INL-RPT-24-77048-R1.xlsx / MASTER_DATA_MAPPED col 43,GNCOA account; companion database to INL/RPT-24-77048
216.2,Security Building and Gatehouse,Total Costs (2022 USD),0,AP1000,ME FOAK,"Stewart, W. R., Shirvan, K., Velez, E., & Wiser, R. Pathways to Cost-effective Advanced Nuclear Technology.",2017,INL-RPT-24-77048-R1.xlsx / MASTER_DATA_MAPPED col 44,GNCOA account; companion database to INL/RPT-24-77048
216.2,Security Building and Gatehouse,Factory Equipment Costs (2022 USD),0,AP1000,BE NOAK,"Stewart, W. R., Shirvan, K., Velez, E., & Wiser, R. Pathways to Cost-effective Advanced Nuclear Technology.",2017,INL-RPT-24-77048-R1.xlsx / MASTER_DATA_MAPPED col 45,GNCOA account; companion database to INL/RPT-24-77048
216.2,Security Building and Gatehouse,Site Labor Cost (2022 USD),0,AP1000,BE NOAK,"Stewart, W. R., Shirvan, K., Velez, E., & Wiser, R. Pathways to Cost-effective Advanced Nuclear Technology.",2017,INL-RPT-24-77048-R1.xlsx / MASTER_DATA_MAPPED col 46,GNCOA account; companion database to INL/RPT-24-77048
216.2,Security Building and Gatehouse,Site Material Cost (2022 USD),0,AP1000,BE NOAK,"Stewart, W. R., Shirvan, K., Velez, E., & Wiser, R. Pathways to Cost-effective Advanced Nuclear Technology.",2017,INL-RPT-24-77048-R1.xlsx / MASTER_DATA_MAPPED col 47,GNCOA account; companion database to INL/RPT-24-77048
216.2,Security Building and Gatehouse,Total Costs (2022 USD),0,AP1000,BE NOAK,"Stewart, W. R., Shirvan, K., Velez, E., & Wiser, R. Pathways to Cost-effective Advanced Nuclear Technology.",2017,INL-RPT-24-77048-R1.xlsx / MASTER_DATA_MAPPED col 48,GNCOA account; companion database to INL/RPT-24-77048
216.2,Security Building and Gatehouse,Factory Equipment Costs (2022 USD),167778.162270011,AP1000,0,Shirvan Private Communication (TIMCAT data),unspecified,INL-RPT-24-77048-R1.xlsx / MASTER_DATA_MAPPED col 105,GNCOA account; companion database to INL/RPT-24-77048
216.2,Security Building and Gatehouse,Site Labor Cost (2022 USD),2040987.39672821,AP1000,0,Shirvan Private Communication (TIMCAT data),unspecified,INL-RPT-24-77048-R1.xlsx / MASTER_DATA_MAPPED col 106,GNCOA account; companion database to INL/RPT-24-77048
216.2,Security Building and Gatehouse,Site Material Cost (2022 USD),867222.141692051,AP1000,0,Shirvan Private Communication (TIMCAT data),unspecified,INL-RPT-24-77048-R1.xlsx / MASTER_DATA_MAPPED col 107,GNCOA account; companion database to INL/RPT-24-77048
216.2,Security Building and Gatehouse,Total Costs (2022 USD),3075987.70069027,AP1000,NOAK,Shirvan Private Communication (Tim Cat Data),unspecified,INL-RPT-24-77048-R1.xlsx / MASTER_DATA_MAPPED col 108,GNCOA account; companion database to INL/RPT-24-77048
216.3,Training Center,Factory Equipment Costs (2022 USD),0,AP1000,ME FOAK,"Stewart, W. R., Shirvan, K., Velez, E., & Wiser, R. Pathways to Cost-effective Advanced Nuclear Technology.",2017,INL-RPT-24-77048-R1.xlsx / MASTER_DATA_MAPPED col 41,GNCOA account; companion database to INL/RPT-24-77048
216.3,Training Center,Site Labor Cost (2022 USD),0,AP1000,ME FOAK,"Stewart, W. R., Shirvan, K., Velez, E., & Wiser, R. Pathways to Cost-effective Advanced Nuclear Technology.",2017,INL-RPT-24-77048-R1.xlsx / MASTER_DATA_MAPPED col 42,GNCOA account; companion database to INL/RPT-24-77048
216.3,Training Center,Site Material Cost (2022 USD),0,AP1000,ME FOAK,"Stewart, W. R., Shirvan, K., Velez, E., & Wiser, R. Pathways to Cost-effective Advanced Nuclear Technology.",2017,INL-RPT-24-77048-R1.xlsx / MASTER_DATA_MAPPED col 43,GNCOA account; companion database to INL/RPT-24-77048
216.3,Training Center,Total Costs (2022 USD),0,AP1000,ME FOAK,"Stewart, W. R., Shirvan, K., Velez, E., & Wiser, R. Pathways to Cost-effective Advanced Nuclear Technology.",2017,INL-RPT-24-77048-R1.xlsx / MASTER_DATA_MAPPED col 44,GNCOA account; companion database to INL/RPT-24-77048
216.3,Training Center,Factory Equipment Costs (2022 USD),0,AP1000,BE NOAK,"Stewart, W. R., Shirvan, K., Velez, E., & Wiser, R. Pathways to Cost-effective Advanced Nuclear Technology.",2017,INL-RPT-24-77048-R1.xlsx / MASTER_DATA_MAPPED col 45,GNCOA account; companion database to INL/RPT-24-77048
216.3,Training Center,Site Labor Cost (2022 USD),0,AP1000,BE NOAK,"Stewart, W. R., Shirvan, K., Velez, E., & Wiser, R. Pathways to Cost-effective Advanced Nuclear Technology.",2017,INL-RPT-24-77048-R1.xlsx / MASTER_DATA_MAPPED col 46,GNCOA account; companion database to INL/RPT-24-77048
216.3,Training Center,Site Material Cost (2022 USD),0,AP1000,BE NOAK,"Stewart, W. R., Shirvan, K., Velez, E., & Wiser, R. Pathways to Cost-effective Advanced Nuclear Technology.",2017,INL-RPT-24-77048-R1.xlsx / MASTER_DATA_MAPPED col 47,GNCOA account; companion database to INL/RPT-24-77048
216.3,Training Center,Total Costs (2022 USD),0,AP1000,BE NOAK,"Stewart, W. R., Shirvan, K., Velez, E., & Wiser, R. Pathways to Cost-effective Advanced Nuclear Technology.",2017,INL-RPT-24-77048-R1.xlsx / MASTER_DATA_MAPPED col 48,GNCOA account; companion database to INL/RPT-24-77048
216.3,Training Center,Factory Equipment Costs (2022 USD),0,AP1000,0,Shirvan Private Communication (TIMCAT data),unspecified,INL-RPT-24-77048-R1.xlsx / MASTER_DATA_MAPPED col 105,GNCOA account; companion database to INL/RPT-24-77048
216.3,Training Center,Site Labor Cost (2022 USD),0,AP1000,0,Shirvan Private Communication (TIMCAT data),unspecified,INL-RPT-24-77048-R1.xlsx / MASTER_DATA_MAPPED col 106,GNCOA account; companion database to INL/RPT-24-77048
216.3,Training Center,Site Material Cost (2022 USD),0,AP1000,0,Shirvan Private Communication (TIMCAT data),unspecified,INL-RPT-24-77048-R1.xlsx / MASTER_DATA_MAPPED col 107,GNCOA account; companion database to INL/RPT-24-77048
216.3,Training Center,Total Costs (2022 USD),0,AP1000,NOAK,Shirvan Private Communication (Tim Cat Data),unspecified,INL-RPT-24-77048-R1.xlsx / MASTER_DATA_MAPPED col 108,GNCOA account; companion database to INL/RPT-24-77048
216.4,Operation and Maintenance (O&M) Center,Factory Equipment Costs (2022 USD),0,AP1000,ME FOAK,"Stewart, W. R., Shirvan, K., Velez, E., & Wiser, R. Pathways to Cost-effective Advanced Nuclear Technology.",2017,INL-RPT-24-77048-R1.xlsx / MASTER_DATA_MAPPED col 41,GNCOA account; companion database to INL/RPT-24-77048
216.4,Operation and Maintenance (O&M) Center,Site Labor Cost (2022 USD),0,AP1000,ME FOAK,"Stewart, W. R., Shirvan, K., Velez, E., & Wiser, R. Pathways to Cost-effective Advanced Nuclear Technology.",2017,INL-RPT-24-77048-R1.xlsx / MASTER_DATA_MAPPED col 42,GNCOA account; companion database to INL/RPT-24-77048
216.4,Operation and Maintenance (O&M) Center,Site Material Cost (2022 USD),0,AP1000,ME FOAK,"Stewart, W. R., Shirvan, K., Velez, E., & Wiser, R. Pathways to Cost-effective Advanced Nuclear Technology.",2017,INL-RPT-24-77048-R1.xlsx / MASTER_DATA_MAPPED col 43,GNCOA account; companion database to INL/RPT-24-77048
216.4,Operation and Maintenance (O&M) Center,Total Costs (2022 USD),0,AP1000,ME FOAK,"Stewart, W. R., Shirvan, K., Velez, E., & Wiser, R. Pathways to Cost-effective Advanced Nuclear Technology.",2017,INL-RPT-24-77048-R1.xlsx / MASTER_DATA_MAPPED col 44,GNCOA account; companion database to INL/RPT-24-77048
216.4,Operation and Maintenance (O&M) Center,Factory Equipment Costs (2022 USD),0,AP1000,BE NOAK,"Stewart, W. R., Shirvan, K., Velez, E., & Wiser, R. Pathways to Cost-effective Advanced Nuclear Technology.",2017,INL-RPT-24-77048-R1.xlsx / MASTER_DATA_MAPPED col 45,GNCOA account; companion database to INL/RPT-24-77048
216.4,Operation and Maintenance (O&M) Center,Site Labor Cost (2022 USD),0,AP1000,BE NOAK,"Stewart, W. R., Shirvan, K., Velez, E., & Wiser, R. Pathways to Cost-effective Advanced Nuclear Technology.",2017,INL-RPT-24-77048-R1.xlsx / MASTER_DATA_MAPPED col 46,GNCOA account; companion database to INL/RPT-24-77048
216.4,Operation and Maintenance (O&M) Center,Site Material Cost (2022 USD),0,AP1000,BE NOAK,"Stewart, W. R., Shirvan, K., Velez, E., & Wiser, R. Pathways to Cost-effective Advanced Nuclear Technology.",2017,INL-RPT-24-77048-R1.xlsx / MASTER_DATA_MAPPED col 47,GNCOA account; companion database to INL/RPT-24-77048
216.4,Operation and Maintenance (O&M) Center,Total Costs (2022 USD),0,AP1000,BE NOAK,"Stewart, W. R., Shirvan, K., Velez, E., & Wiser, R. Pathways to Cost-effective Advanced Nuclear Technology.",2017,INL-RPT-24-77048-R1.xlsx / MASTER_DATA_MAPPED col 48,GNCOA account; companion database to INL/RPT-24-77048
216.4,Operation and Maintenance (O&M) Center,Factory Equipment Costs (2022 USD),134222.099172984,AP1000,0,Shirvan Private Communication (TIMCAT data),unspecified,INL-RPT-24-77048-R1.xlsx / MASTER_DATA_MAPPED col 105,GNCOA account; companion database to INL/RPT-24-77048
216.4,Operation and Maintenance (O&M) Center,Site Labor Cost (2022 USD),927138.693731237,AP1000,0,Shirvan Private Communication (TIMCAT data),unspecified,INL-RPT-24-77048-R1.xlsx / MASTER_DATA_MAPPED col 106,GNCOA account; companion database to INL/RPT-24-77048
216.4,Operation and Maintenance (O&M) Center,Site Material Cost (2022 USD),522819.660537936,AP1000,0,Shirvan Private Communication (TIMCAT data),unspecified,INL-RPT-24-77048-R1.xlsx / MASTER_DATA_MAPPED col 107,GNCOA account; companion database to INL/RPT-24-77048
216.4,Operation and Maintenance (O&M) Center,Total Costs (2022 USD),1584180.45344215,AP1000,NOAK,Shirvan Private Communication (Tim Cat Data),unspecified,INL-RPT-24-77048-R1.xlsx / MASTER_DATA_MAPPED col 108,GNCOA account; companion database to INL/RPT-24-77048
217,Miscellaneous Other Structures,Factory Equipment Costs (2022 USD),0,AP1000,ME FOAK,"Stewart, W. R., Shirvan, K., Velez, E., & Wiser, R. Pathways to Cost-effective Advanced Nuclear Technology.",2017,INL-RPT-24-77048-R1.xlsx / MASTER_DATA_MAPPED col 41,GNCOA account; companion database to INL/RPT-24-77048
217,Miscellaneous Other Structures,Site Labor Cost (2022 USD),0,AP1000,ME FOAK,"Stewart, W. R., Shirvan, K., Velez, E., & Wiser, R. Pathways to Cost-effective Advanced Nuclear Technology.",2017,INL-RPT-24-77048-R1.xlsx / MASTER_DATA_MAPPED col 42,GNCOA account; companion database to INL/RPT-24-77048
217,Miscellaneous Other Structures,Site Material Cost (2022 USD),0,AP1000,ME FOAK,"Stewart, W. R., Shirvan, K., Velez, E., & Wiser, R. Pathways to Cost-effective Advanced Nuclear Technology.",2017,INL-RPT-24-77048-R1.xlsx / MASTER_DATA_MAPPED col 43,GNCOA account; companion database to INL/RPT-24-77048
217,Miscellaneous Other Structures,Total Costs (2022 USD),0,AP1000,ME FOAK,"Stewart, W. R., Shirvan, K., Velez, E., & Wiser, R. Pathways to Cost-effective Advanced Nuclear Technology.",2017,INL-RPT-24-77048-R1.xlsx / MASTER_DATA_MAPPED col 44,GNCOA account; companion database to INL/RPT-24-77048
217,Miscellaneous Other Structures,Factory Equipment Costs (2022 USD),0,AP1000,BE NOAK,"Stewart, W. R., Shirvan, K., Velez, E., & Wiser, R. Pathways to Cost-effective Advanced Nuclear Technology.",2017,INL-RPT-24-77048-R1.xlsx / MASTER_DATA_MAPPED col 45,GNCOA account; companion database to INL/RPT-24-77048
217,Miscellaneous Other Structures,Site Labor Cost (2022 USD),0,AP1000,BE NOAK,"Stewart, W. R., Shirvan, K., Velez, E., & Wiser, R. Pathways to Cost-effective Advanced Nuclear Technology.",2017,INL-RPT-24-77048-R1.xlsx / MASTER_DATA_MAPPED col 46,GNCOA account; companion database to INL/RPT-24-77048
217,Miscellaneous Other Structures,Site Material Cost (2022 USD),0,AP1000,BE NOAK,"Stewart, W. R., Shirvan, K., Velez, E., & Wiser, R. Pathways to Cost-effective Advanced Nuclear Technology.",2017,INL-RPT-24-77048-R1.xlsx / MASTER_DATA_MAPPED col 47,GNCOA account; companion database to INL/RPT-24-77048
217,Miscellaneous Other Structures,Total Costs (2022 USD),0,AP1000,BE NOAK,"Stewart, W. R., Shirvan, K., Velez, E., & Wiser, R. Pathways to Cost-effective Advanced Nuclear Technology.",2017,INL-RPT-24-77048-R1.xlsx / MASTER_DATA_MAPPED col 48,GNCOA account; companion database to INL/RPT-24-77048
217,Miscellaneous Other Structures,Factory Equipment Costs (2022 USD),0,AP1000,0,Shirvan Private Communication (TIMCAT data),unspecified,INL-RPT-24-77048-R1.xlsx / MASTER_DATA_MAPPED col 105,GNCOA account; companion database to INL/RPT-24-77048
217,Miscellaneous Other Structures,Site Labor Cost (2022 USD),0,AP1000,0,Shirvan Private Communication (TIMCAT data),unspecified,INL-RPT-24-77048-R1.xlsx / MASTER_DATA_MAPPED col 106,GNCOA account; companion database to INL/RPT-24-77048
217,Miscellaneous Other Structures,Site Material Cost (2022 USD),0,AP1000,0,Shirvan Private Communication (TIMCAT data),unspecified,INL-RPT-24-77048-R1.xlsx / MASTER_DATA_MAPPED col 107,GNCOA account; companion database to INL/RPT-24-77048
217,Miscellaneous Other Structures,Total Costs (2022 USD),0,AP1000,NOAK,Shirvan Private Communication (Tim Cat Data),unspecified,INL-RPT-24-77048-R1.xlsx / MASTER_DATA_MAPPED col 108,GNCOA account; companion database to INL/RPT-24-77048
217.1,Foundations for Outside Equipment and Tanks,Factory Equipment Costs (2022 USD),0,AP1000,ME FOAK,"Stewart, W. R., Shirvan, K., Velez, E., & Wiser, R. Pathways to Cost-effective Advanced Nuclear Technology.",2017,INL-RPT-24-77048-R1.xlsx / MASTER_DATA_MAPPED col 41,GNCOA account; companion database to INL/RPT-24-77048
217.1,Foundations for Outside Equipment and Tanks,Site Labor Cost (2022 USD),0,AP1000,ME FOAK,"Stewart, W. R., Shirvan, K., Velez, E., & Wiser, R. Pathways to Cost-effective Advanced Nuclear Technology.",2017,INL-RPT-24-77048-R1.xlsx / MASTER_DATA_MAPPED col 42,GNCOA account; companion database to INL/RPT-24-77048
217.1,Foundations for Outside Equipment and Tanks,Site Material Cost (2022 USD),0,AP1000,ME FOAK,"Stewart, W. R., Shirvan, K., Velez, E., & Wiser, R. Pathways to Cost-effective Advanced Nuclear Technology.",2017,INL-RPT-24-77048-R1.xlsx / MASTER_DATA_MAPPED col 43,GNCOA account; companion database to INL/RPT-24-77048
217.1,Foundations for Outside Equipment and Tanks,Total Costs (2022 USD),0,AP1000,ME FOAK,"Stewart, W. R., Shirvan, K., Velez, E., & Wiser, R. Pathways to Cost-effective Advanced Nuclear Technology.",2017,INL-RPT-24-77048-R1.xlsx / MASTER_DATA_MAPPED col 44,GNCOA account; companion database to INL/RPT-24-77048
217.1,Foundations for Outside Equipment and Tanks,Factory Equipment Costs (2022 USD),0,AP1000,BE NOAK,"Stewart, W. R., Shirvan, K., Velez, E., & Wiser, R. Pathways to Cost-effective Advanced Nuclear Technology.",2017,INL-RPT-24-77048-R1.xlsx / MASTER_DATA_MAPPED col 45,GNCOA account; companion database to INL/RPT-24-77048
217.1,Foundations for Outside Equipment and Tanks,Site Labor Cost (2022 USD),0,AP1000,BE NOAK,"Stewart, W. R., Shirvan, K., Velez, E., & Wiser, R. Pathways to Cost-effective Advanced Nuclear Technology.",2017,INL-RPT-24-77048-R1.xlsx / MASTER_DATA_MAPPED col 46,GNCOA account; companion database to INL/RPT-24-77048
217.1,Foundations for Outside Equipment and Tanks,Site Material Cost (2022 USD),0,AP1000,BE NOAK,"Stewart, W. R., Shirvan, K., Velez, E., & Wiser, R. Pathways to Cost-effective Advanced Nuclear Technology.",2017,INL-RPT-24-77048-R1.xlsx / MASTER_DATA_MAPPED col 47,GNCOA account; companion database to INL/RPT-24-77048
217.1,Foundations for Outside Equipment and Tanks,Total Costs (2022 USD),0,AP1000,BE NOAK,"Stewart, W. R., Shirvan, K., Velez, E., & Wiser, R. Pathways to Cost-effective Advanced Nuclear Technology.",2017,INL-RPT-24-77048-R1.xlsx / MASTER_DATA_MAPPED col 48,GNCOA account; companion database to INL/RPT-24-77048
217.1,Foundations for Outside Equipment and Tanks,Factory Equipment Costs (2022 USD),0,AP1000,0,Shirvan Private Communication (TIMCAT data),unspecified,INL-RPT-24-77048-R1.xlsx / MASTER_DATA_MAPPED col 105,GNCOA account; companion database to INL/RPT-24-77048
217.1,Foundations for Outside Equipment and Tanks,Site Labor Cost (2022 USD),0,AP1000,0,Shirvan Private Communication (TIMCAT data),unspecified,INL-RPT-24-77048-R1.xlsx / MASTER_DATA_MAPPED col 106,GNCOA account; companion database to INL/RPT-24-77048
217.1,Foundations for Outside Equipment and Tanks,Site Material Cost (2022 USD),0,AP1000,0,Shirvan Private Communication (TIMCAT data),unspecified,INL-RPT-24-77048-R1.xlsx / MASTER_DATA_MAPPED col 107,GNCOA account; companion database to INL/RPT-24-77048
217.1,Foundations for Outside Equipment and Tanks,Total Costs (2022 USD),0,AP1000,NOAK,Shirvan Private Communication (Tim Cat Data),unspecified,INL-RPT-24-77048-R1.xlsx / MASTER_DATA_MAPPED col 108,GNCOA account; companion database to INL/RPT-24-77048
217.2,Railroad Tracks,Factory Equipment Costs (2022 USD),0,AP1000,ME FOAK,"Stewart, W. R., Shirvan, K., Velez, E., & Wiser, R. Pathways to Cost-effective Advanced Nuclear Technology.",2017,INL-RPT-24-77048-R1.xlsx / MASTER_DATA_MAPPED col 41,GNCOA account; companion database to INL/RPT-24-77048
217.2,Railroad Tracks,Site Labor Cost (2022 USD),0,AP1000,ME FOAK,"Stewart, W. R., Shirvan, K., Velez, E., & Wiser, R. Pathways to Cost-effective Advanced Nuclear Technology.",2017,INL-RPT-24-77048-R1.xlsx / MASTER_DATA_MAPPED col 42,GNCOA account; companion database to INL/RPT-24-77048
217.2,Railroad Tracks,Site Material Cost (2022 USD),0,AP1000,ME FOAK,"Stewart, W. R., Shirvan, K., Velez, E., & Wiser, R. Pathways to Cost-effective Advanced Nuclear Technology.",2017,INL-RPT-24-77048-R1.xlsx / MASTER_DATA_MAPPED col 43,GNCOA account; companion database to INL/RPT-24-77048
217.2,Railroad Tracks,Total Costs (2022 USD),0,AP1000,ME FOAK,"Stewart, W. R., Shirvan, K., Velez, E., & Wiser, R. Pathways to Cost-effective Advanced Nuclear Technology.",2017,INL-RPT-24-77048-R1.xlsx / MASTER_DATA_MAPPED col 44,GNCOA account; companion database to INL/RPT-24-77048
217.2,Railroad Tracks,Factory Equipment Costs (2022 USD),0,AP1000,BE NOAK,"Stewart, W. R., Shirvan, K., Velez, E., & Wiser, R. Pathways to Cost-effective Advanced Nuclear Technology.",2017,INL-RPT-24-77048-R1.xlsx / MASTER_DATA_MAPPED col 45,GNCOA account; companion database to INL/RPT-24-77048
217.2,Railroad Tracks,Site Labor Cost (2022 USD),0,AP1000,BE NOAK,"Stewart, W. R., Shirvan, K., Velez, E., & Wiser, R. Pathways to Cost-effective Advanced Nuclear Technology.",2017,INL-RPT-24-77048-R1.xlsx / MASTER_DATA_MAPPED col 46,GNCOA account; companion database to INL/RPT-24-77048
217.2,Railroad Tracks,Site Material Cost (2022 USD),0,AP1000,BE NOAK,"Stewart, W. R., Shirvan, K., Velez, E., & Wiser, R. Pathways to Cost-effective Advanced Nuclear Technology.",2017,INL-RPT-24-77048-R1.xlsx / MASTER_DATA_MAPPED col 47,GNCOA account; companion database to INL/RPT-24-77048
217.2,Railroad Tracks,Total Costs (2022 USD),0,AP1000,BE NOAK,"Stewart, W. R., Shirvan, K., Velez, E., & Wiser, R. Pathways to Cost-effective Advanced Nuclear Technology.",2017,INL-RPT-24-77048-R1.xlsx / MASTER_DATA_MAPPED col 48,GNCOA account; companion database to INL/RPT-24-77048
217.2,Railroad Tracks,Factory Equipment Costs (2022 USD),0,AP1000,0,Shirvan Private Communication (TIMCAT data),unspecified,INL-RPT-24-77048-R1.xlsx / MASTER_DATA_MAPPED col 105,GNCOA account; companion database to INL/RPT-24-77048
217.2,Railroad Tracks,Site Labor Cost (2022 USD),0,AP1000,0,Shirvan Private Communication (TIMCAT data),unspecified,INL-RPT-24-77048-R1.xlsx / MASTER_DATA_MAPPED col 106,GNCOA account; companion database to INL/RPT-24-77048
217.2,Railroad Tracks,Site Material Cost (2022 USD),0,AP1000,0,Shirvan Private Communication (TIMCAT data),unspecified,INL-RPT-24-77048-R1.xlsx / MASTER_DATA_MAPPED col 107,GNCOA account; companion database to INL/RPT-24-77048
217.2,Railroad Tracks,Total Costs (2022 USD),0,AP1000,NOAK,Shirvan Private Communication (Tim Cat Data),unspecified,INL-RPT-24-77048-R1.xlsx / MASTER_DATA_MAPPED col 108,GNCOA account; companion database to INL/RPT-24-77048
217.3,Roads and Paved Areas,Factory Equipment Costs (2022 USD),0,AP1000,ME FOAK,"Stewart, W. R., Shirvan, K., Velez, E., & Wiser, R. Pathways to Cost-effective Advanced Nuclear Technology.",2017,INL-RPT-24-77048-R1.xlsx / MASTER_DATA_MAPPED col 41,GNCOA account; companion database to INL/RPT-24-77048
217.3,Roads and Paved Areas,Site Labor Cost (2022 USD),0,AP1000,ME FOAK,"Stewart, W. R., Shirvan, K., Velez, E., & Wiser, R. Pathways to Cost-effective Advanced Nuclear Technology.",2017,INL-RPT-24-77048-R1.xlsx / MASTER_DATA_MAPPED col 42,GNCOA account; companion database to INL/RPT-24-77048
217.3,Roads and Paved Areas,Site Material Cost (2022 USD),0,AP1000,ME FOAK,"Stewart, W. R., Shirvan, K., Velez, E., & Wiser, R. Pathways to Cost-effective Advanced Nuclear Technology.",2017,INL-RPT-24-77048-R1.xlsx / MASTER_DATA_MAPPED col 43,GNCOA account; companion database to INL/RPT-24-77048
217.3,Roads and Paved Areas,Total Costs (2022 USD),0,AP1000,ME FOAK,"Stewart, W. R., Shirvan, K., Velez, E., & Wiser, R. Pathways to Cost-effective Advanced Nuclear Technology.",2017,INL-RPT-24-77048-R1.xlsx / MASTER_DATA_MAPPED col 44,GNCOA account; companion database to INL/RPT-24-77048
217.3,Roads and Paved Areas,Factory Equipment Costs (2022 USD),0,AP1000,BE NOAK,"Stewart, W. R., Shirvan, K., Velez, E., & Wiser, R. Pathways to Cost-effective Advanced Nuclear Technology.",2017,INL-RPT-24-77048-R1.xlsx / MASTER_DATA_MAPPED col 45,GNCOA account; companion database to INL/RPT-24-77048
217.3,Roads and Paved Areas,Site Labor Cost (2022 USD),0,AP1000,BE NOAK,"Stewart, W. R., Shirvan, K., Velez, E., & Wiser, R. Pathways to Cost-effective Advanced Nuclear Technology.",2017,INL-RPT-24-77048-R1.xlsx / MASTER_DATA_MAPPED col 46,GNCOA account; companion database to INL/RPT-24-77048
217.3,Roads and Paved Areas,Site Material Cost (2022 USD),0,AP1000,BE NOAK,"Stewart, W. R., Shirvan, K., Velez, E., & Wiser, R. Pathways to Cost-effective Advanced Nuclear Technology.",2017,INL-RPT-24-77048-R1.xlsx / MASTER_DATA_MAPPED col 47,GNCOA account; companion database to INL/RPT-24-77048
217.3,Roads and Paved Areas,Total Costs (2022 USD),0,AP1000,BE NOAK,"Stewart, W. R., Shirvan, K., Velez, E., & Wiser, R. Pathways to Cost-effective Advanced Nuclear Technology.",2017,INL-RPT-24-77048-R1.xlsx / MASTER_DATA_MAPPED col 48,GNCOA account; companion database to INL/RPT-24-77048
217.3,Roads and Paved Areas,Factory Equipment Costs (2022 USD),0,AP1000,0,Shirvan Private Communication (TIMCAT data),unspecified,INL-RPT-24-77048-R1.xlsx / MASTER_DATA_MAPPED col 105,GNCOA account; companion database to INL/RPT-24-77048
217.3,Roads and Paved Areas,Site Labor Cost (2022 USD),0,AP1000,0,Shirvan Private Communication (TIMCAT data),unspecified,INL-RPT-24-77048-R1.xlsx / MASTER_DATA_MAPPED col 106,GNCOA account; companion database to INL/RPT-24-77048
217.3,Roads and Paved Areas,Site Material Cost (2022 USD),0,AP1000,0,Shirvan Private Communication (TIMCAT data),unspecified,INL-RPT-24-77048-R1.xlsx / MASTER_DATA_MAPPED col 107,GNCOA account; companion database to INL/RPT-24-77048
217.3,Roads and Paved Areas,Total Costs (2022 USD),0,AP1000,NOAK,Shirvan Private Communication (Tim Cat Data),unspecified,INL-RPT-24-77048-R1.xlsx / MASTER_DATA_MAPPED col 108,GNCOA account; companion database to INL/RPT-24-77048
217.4,Beyond Design-Basis Building,Factory Equipment Costs (2022 USD),0,AP1000,ME FOAK,"Stewart, W. R., Shirvan, K., Velez, E., & Wiser, R. Pathways to Cost-effective Advanced Nuclear Technology.",2017,INL-RPT-24-77048-R1.xlsx / MASTER_DATA_MAPPED col 41,GNCOA account; companion database to INL/RPT-24-77048
217.4,Beyond Design-Basis Building,Site Labor Cost (2022 USD),0,AP1000,ME FOAK,"Stewart, W. R., Shirvan, K., Velez, E., & Wiser, R. Pathways to Cost-effective Advanced Nuclear Technology.",2017,INL-RPT-24-77048-R1.xlsx / MASTER_DATA_MAPPED col 42,GNCOA account; companion database to INL/RPT-24-77048
217.4,Beyond Design-Basis Building,Site Material Cost (2022 USD),0,AP1000,ME FOAK,"Stewart, W. R., Shirvan, K., Velez, E., & Wiser, R. Pathways to Cost-effective Advanced Nuclear Technology.",2017,INL-RPT-24-77048-R1.xlsx / MASTER_DATA_MAPPED col 43,GNCOA account; companion database to INL/RPT-24-77048
217.4,Beyond Design-Basis Building,Total Costs (2022 USD),0,AP1000,ME FOAK,"Stewart, W. R., Shirvan, K., Velez, E., & Wiser, R. Pathways to Cost-effective Advanced Nuclear Technology.",2017,INL-RPT-24-77048-R1.xlsx / MASTER_DATA_MAPPED col 44,GNCOA account; companion database to INL/RPT-24-77048
217.4,Beyond Design-Basis Building,Factory Equipment Costs (2022 USD),0,AP1000,BE NOAK,"Stewart, W. R., Shirvan, K., Velez, E., & Wiser, R. Pathways to Cost-effective Advanced Nuclear Technology.",2017,INL-RPT-24-77048-R1.xlsx / MASTER_DATA_MAPPED col 45,GNCOA account; companion database to INL/RPT-24-77048
217.4,Beyond Design-Basis Building,Site Labor Cost (2022 USD),0,AP1000,BE NOAK,"Stewart, W. R., Shirvan, K., Velez, E., & Wiser, R. Pathways to Cost-effective Advanced Nuclear Technology.",2017,INL-RPT-24-77048-R1.xlsx / MASTER_DATA_MAPPED col 46,GNCOA account; companion database to INL/RPT-24-77048
217.4,Beyond Design-Basis Building,Site Material Cost (2022 USD),0,AP1000,BE NOAK,"Stewart, W. R., Shirvan, K., Velez, E., & Wiser, R. Pathways to Cost-effective Advanced Nuclear Technology.",2017,INL-RPT-24-77048-R1.xlsx / MASTER_DATA_MAPPED col 47,GNCOA account; companion database to INL/RPT-24-77048
217.4,Beyond Design-Basis Building,Total Costs (2022 USD),0,AP1000,BE NOAK,"Stewart, W. R., Shirvan, K., Velez, E., & Wiser, R. Pathways to Cost-effective Advanced Nuclear Technology.",2017,INL-RPT-24-77048-R1.xlsx / MASTER_DATA_MAPPED col 48,GNCOA account; companion database to INL/RPT-24-77048
217.4,Beyond Design-Basis Building,Factory Equipment Costs (2022 USD),0,AP1000,0,Shirvan Private Communication (TIMCAT data),unspecified,INL-RPT-24-77048-R1.xlsx / MASTER_DATA_MAPPED col 105,GNCOA account; companion database to INL/RPT-24-77048
217.4,Beyond Design-Basis Building,Site Labor Cost (2022 USD),0,AP1000,0,Shirvan Private Communication (TIMCAT data),unspecified,INL-RPT-24-77048-R1.xlsx / MASTER_DATA_MAPPED col 106,GNCOA account; companion database to INL/RPT-24-77048
217.4,Beyond Design-Basis Building,Site Material Cost (2022 USD),0,AP1000,0,Shirvan Private Communication (TIMCAT data),unspecified,INL-RPT-24-77048-R1.xlsx / MASTER_DATA_MAPPED col 107,GNCOA account; companion database to INL/RPT-24-77048
217.4,Beyond Design-Basis Building,Total Costs (2022 USD),0,AP1000,NOAK,Shirvan Private Communication (Tim Cat Data),unspecified,INL-RPT-24-77048-R1.xlsx / MASTER_DATA_MAPPED col 108,GNCOA account; companion database to INL/RPT-24-77048
22,Reactor System,Factory Equipment Costs (2022 USD),0,AP1000,ME FOAK,"Stewart, W. R., Shirvan, K., Velez, E., & Wiser, R. Pathways to Cost-effective Advanced Nuclear Technology.",2017,INL-RPT-24-77048-R1.xlsx / MASTER_DATA_MAPPED col 41,GNCOA account; companion database to INL/RPT-24-77048
22,Reactor System,Site Labor Cost (2022 USD),0,AP1000,ME FOAK,"Stewart, W. R., Shirvan, K., Velez, E., & Wiser, R. Pathways to Cost-effective Advanced Nuclear Technology.",2017,INL-RPT-24-77048-R1.xlsx / MASTER_DATA_MAPPED col 42,GNCOA account; companion database to INL/RPT-24-77048
22,Reactor System,Site Material Cost (2022 USD),0,AP1000,ME FOAK,"Stewart, W. R., Shirvan, K., Velez, E., & Wiser, R. Pathways to Cost-effective Advanced Nuclear Technology.",2017,INL-RPT-24-77048-R1.xlsx / MASTER_DATA_MAPPED col 43,GNCOA account; companion database to INL/RPT-24-77048
22,Reactor System,Total Costs (2022 USD),2570000000,AP1000,ME FOAK,"Stewart, W. R., Shirvan, K., Velez, E., & Wiser, R. Pathways to Cost-effective Advanced Nuclear Technology.",2017,INL-RPT-24-77048-R1.xlsx / MASTER_DATA_MAPPED col 44,GNCOA account; companion database to INL/RPT-24-77048
22,Reactor System,Factory Equipment Costs (2022 USD),0,AP1000,BE NOAK,"Stewart, W. R., Shirvan, K., Velez, E., & Wiser, R. Pathways to Cost-effective Advanced Nuclear Technology.",2017,INL-RPT-24-77048-R1.xlsx / MASTER_DATA_MAPPED col 45,GNCOA account; companion database to INL/RPT-24-77048
22,Reactor System,Site Labor Cost (2022 USD),0,AP1000,BE NOAK,"Stewart, W. R., Shirvan, K., Velez, E., & Wiser, R. Pathways to Cost-effective Advanced Nuclear Technology.",2017,INL-RPT-24-77048-R1.xlsx / MASTER_DATA_MAPPED col 46,GNCOA account; companion database to INL/RPT-24-77048
22,Reactor System,Site Material Cost (2022 USD),0,AP1000,BE NOAK,"Stewart, W. R., Shirvan, K., Velez, E., & Wiser, R. Pathways to Cost-effective Advanced Nuclear Technology.",2017,INL-RPT-24-77048-R1.xlsx / MASTER_DATA_MAPPED col 47,GNCOA account; companion database to INL/RPT-24-77048
22,Reactor System,Total Costs (2022 USD),1480000000,AP1000,BE NOAK,"Stewart, W. R., Shirvan, K., Velez, E., & Wiser, R. Pathways to Cost-effective Advanced Nuclear Technology.",2017,INL-RPT-24-77048-R1.xlsx / MASTER_DATA_MAPPED col 48,GNCOA account; companion database to INL/RPT-24-77048
22,Reactor System,Factory Equipment Costs (2022 USD),1447620728.2306724,AP1000,0,Shirvan Private Communication (TIMCAT data),unspecified,INL-RPT-24-77048-R1.xlsx / MASTER_DATA_MAPPED col 105,GNCOA account; companion database to INL/RPT-24-77048
22,Reactor System,Site Labor Cost (2022 USD),274729235.4068053,AP1000,0,Shirvan Private Communication (TIMCAT data),unspecified,INL-RPT-24-77048-R1.xlsx / MASTER_DATA_MAPPED col 106,GNCOA account; companion database to INL/RPT-24-77048
22,Reactor System,Site Material Cost (2022 USD),76591489.86052361,AP1000,0,Shirvan Private Communication (TIMCAT data),unspecified,INL-RPT-24-77048-R1.xlsx / MASTER_DATA_MAPPED col 107,GNCOA account; companion database to INL/RPT-24-77048
22,Reactor System,Total Costs (2022 USD),599647151.1660004,AP1000,NOAK,Shirvan Private Communication (Tim Cat Data),unspecified,INL-RPT-24-77048-R1.xlsx / MASTER_DATA_MAPPED col 108,GNCOA account; companion database to INL/RPT-24-77048
221,Reactor Components,Factory Equipment Costs (2022 USD),0,AP1000,ME FOAK,"Stewart, W. R., Shirvan, K., Velez, E., & Wiser, R. Pathways to Cost-effective Advanced Nuclear Technology.",2017,INL-RPT-24-77048-R1.xlsx / MASTER_DATA_MAPPED col 41,GNCOA account; companion database to INL/RPT-24-77048
221,Reactor Components,Site Labor Cost (2022 USD),0,AP1000,ME FOAK,"Stewart, W. R., Shirvan, K., Velez, E., & Wiser, R. Pathways to Cost-effective Advanced Nuclear Technology.",2017,INL-RPT-24-77048-R1.xlsx / MASTER_DATA_MAPPED col 42,GNCOA account; companion database to INL/RPT-24-77048
221,Reactor Components,Site Material Cost (2022 USD),0,AP1000,ME FOAK,"Stewart, W. R., Shirvan, K., Velez, E., & Wiser, R. Pathways to Cost-effective Advanced Nuclear Technology.",2017,INL-RPT-24-77048-R1.xlsx / MASTER_DATA_MAPPED col 43,GNCOA account; companion database to INL/RPT-24-77048
221,Reactor Components,Total Costs (2022 USD),0,AP1000,ME FOAK,"Stewart, W. R., Shirvan, K., Velez, E., & Wiser, R. Pathways to Cost-effective Advanced Nuclear Technology.",2017,INL-RPT-24-77048-R1.xlsx / MASTER_DATA_MAPPED col 44,GNCOA account; companion database to INL/RPT-24-77048
221,Reactor Components,Factory Equipment Costs (2022 USD),0,AP1000,BE NOAK,"Stewart, W. R., Shirvan, K., Velez, E., & Wiser, R. Pathways to Cost-effective Advanced Nuclear Technology.",2017,INL-RPT-24-77048-R1.xlsx / MASTER_DATA_MAPPED col 45,GNCOA account; companion database to INL/RPT-24-77048
221,Reactor Components,Site Labor Cost (2022 USD),0,AP1000,BE NOAK,"Stewart, W. R., Shirvan, K., Velez, E., & Wiser, R. Pathways to Cost-effective Advanced Nuclear Technology.",2017,INL-RPT-24-77048-R1.xlsx / MASTER_DATA_MAPPED col 46,GNCOA account; companion database to INL/RPT-24-77048
221,Reactor Components,Site Material Cost (2022 USD),0,AP1000,BE NOAK,"Stewart, W. R., Shirvan, K., Velez, E., & Wiser, R. Pathways to Cost-effective Advanced Nuclear Technology.",2017,INL-RPT-24-77048-R1.xlsx / MASTER_DATA_MAPPED col 47,GNCOA account; companion database to INL/RPT-24-77048
221,Reactor Components,Total Costs (2022 USD),0,AP1000,BE NOAK,"Stewart, W. R., Shirvan, K., Velez, E., & Wiser, R. Pathways to Cost-effective Advanced Nuclear Technology.",2017,INL-RPT-24-77048-R1.xlsx / MASTER_DATA_MAPPED col 48,GNCOA account; companion database to INL/RPT-24-77048
221,Reactor Components,Factory Equipment Costs (2022 USD),129049898.867066,AP1000,0,Shirvan Private Communication (TIMCAT data),unspecified,INL-RPT-24-77048-R1.xlsx / MASTER_DATA_MAPPED col 105,GNCOA account; companion database to INL/RPT-24-77048
221,Reactor Components,Site Labor Cost (2022 USD),5608993.93752238,AP1000,0,Shirvan Private Communication (TIMCAT data),unspecified,INL-RPT-24-77048-R1.xlsx / MASTER_DATA_MAPPED col 106,GNCOA account; companion database to INL/RPT-24-77048
221,Reactor Components,Site Material Cost (2022 USD),9529053.69147241,AP1000,0,Shirvan Private Communication (TIMCAT data),unspecified,INL-RPT-24-77048-R1.xlsx / MASTER_DATA_MAPPED col 107,GNCOA account; companion database to INL/RPT-24-77048
221,Reactor Components,Total Costs (2022 USD),144187946.496061,AP1000,NOAK,Shirvan Private Communication (Tim Cat Data),unspecified,INL-RPT-24-77048-R1.xlsx / MASTER_DATA_MAPPED col 108,GNCOA account; companion database to INL/RPT-24-77048
221.11,Reactor support,Factory Equipment Costs (2022 USD),0,AP1000,ME FOAK,"Stewart, W. R., Shirvan, K., Velez, E., & Wiser, R. Pathways to Cost-effective Advanced Nuclear Technology.",2017,INL-RPT-24-77048-R1.xlsx / MASTER_DATA_MAPPED col 41,GNCOA account; companion database to INL/RPT-24-77048
221.11,Reactor support,Site Labor Cost (2022 USD),0,AP1000,ME FOAK,"Stewart, W. R., Shirvan, K., Velez, E., & Wiser, R. Pathways to Cost-effective Advanced Nuclear Technology.",2017,INL-RPT-24-77048-R1.xlsx / MASTER_DATA_MAPPED col 42,GNCOA account; companion database to INL/RPT-24-77048
221.11,Reactor support,Site Material Cost (2022 USD),0,AP1000,ME FOAK,"Stewart, W. R., Shirvan, K., Velez, E., & Wiser, R. Pathways to Cost-effective Advanced Nuclear Technology.",2017,INL-RPT-24-77048-R1.xlsx / MASTER_DATA_MAPPED col 43,GNCOA account; companion database to INL/RPT-24-77048
221.11,Reactor support,Total Costs (2022 USD),0,AP1000,ME FOAK,"Stewart, W. R., Shirvan, K., Velez, E., & Wiser, R. Pathways to Cost-effective Advanced Nuclear Technology.",2017,INL-RPT-24-77048-R1.xlsx / MASTER_DATA_MAPPED col 44,GNCOA account; companion database to INL/RPT-24-77048
221.11,Reactor support,Factory Equipment Costs (2022 USD),0,AP1000,BE NOAK,"Stewart, W. R., Shirvan, K., Velez, E., & Wiser, R. Pathways to Cost-effective Advanced Nuclear Technology.",2017,INL-RPT-24-77048-R1.xlsx / MASTER_DATA_MAPPED col 45,GNCOA account; companion database to INL/RPT-24-77048
221.11,Reactor support,Site Labor Cost (2022 USD),0,AP1000,BE NOAK,"Stewart, W. R., Shirvan, K., Velez, E., & Wiser, R. Pathways to Cost-effective Advanced Nuclear Technology.",2017,INL-RPT-24-77048-R1.xlsx / MASTER_DATA_MAPPED col 46,GNCOA account; companion database to INL/RPT-24-77048
221.11,Reactor support,Site Material Cost (2022 USD),0,AP1000,BE NOAK,"Stewart, W. R., Shirvan, K., Velez, E., & Wiser, R. Pathways to Cost-effective Advanced Nuclear Technology.",2017,INL-RPT-24-77048-R1.xlsx / MASTER_DATA_MAPPED col 47,GNCOA account; companion database to INL/RPT-24-77048
221.11,Reactor support,Total Costs (2022 USD),0,AP1000,BE NOAK,"Stewart, W. R., Shirvan, K., Velez, E., & Wiser, R. Pathways to Cost-effective Advanced Nuclear Technology.",2017,INL-RPT-24-77048-R1.xlsx / MASTER_DATA_MAPPED col 48,GNCOA account; companion database to INL/RPT-24-77048
221.11,Reactor support,Factory Equipment Costs (2022 USD),0,AP1000,0,Shirvan Private Communication (TIMCAT data),unspecified,INL-RPT-24-77048-R1.xlsx / MASTER_DATA_MAPPED col 105,GNCOA account; companion database to INL/RPT-24-77048
221.11,Reactor support,Site Labor Cost (2022 USD),0,AP1000,0,Shirvan Private Communication (TIMCAT data),unspecified,INL-RPT-24-77048-R1.xlsx / MASTER_DATA_MAPPED col 106,GNCOA account; companion database to INL/RPT-24-77048
221.11,Reactor support,Site Material Cost (2022 USD),0,AP1000,0,Shirvan Private Communication (TIMCAT data),unspecified,INL-RPT-24-77048-R1.xlsx / MASTER_DATA_MAPPED col 107,GNCOA account; companion database to INL/RPT-24-77048
221.11,Reactor support,Total Costs (2022 USD),0,AP1000,NOAK,Shirvan Private Communication (Tim Cat Data),unspecified,INL-RPT-24-77048-R1.xlsx / MASTER_DATA_MAPPED col 108,GNCOA account; companion database to INL/RPT-24-77048
221.12,Outer vessel structure,Factory Equipment Costs (2022 USD),0,AP1000,ME FOAK,"Stewart, W. R., Shirvan, K., Velez, E., & Wiser, R. Pathways to Cost-effective Advanced Nuclear Technology.",2017,INL-RPT-24-77048-R1.xlsx / MASTER_DATA_MAPPED col 41,GNCOA account; companion database to INL/RPT-24-77048
221.12,Outer vessel structure,Site Labor Cost (2022 USD),0,AP1000,ME FOAK,"Stewart, W. R., Shirvan, K., Velez, E., & Wiser, R. Pathways to Cost-effective Advanced Nuclear Technology.",2017,INL-RPT-24-77048-R1.xlsx / MASTER_DATA_MAPPED col 42,GNCOA account; companion database to INL/RPT-24-77048
221.12,Outer vessel structure,Site Material Cost (2022 USD),0,AP1000,ME FOAK,"Stewart, W. R., Shirvan, K., Velez, E., & Wiser, R. Pathways to Cost-effective Advanced Nuclear Technology.",2017,INL-RPT-24-77048-R1.xlsx / MASTER_DATA_MAPPED col 43,GNCOA account; companion database to INL/RPT-24-77048
221.12,Outer vessel structure,Total Costs (2022 USD),0,AP1000,ME FOAK,"Stewart, W. R., Shirvan, K., Velez, E., & Wiser, R. Pathways to Cost-effective Advanced Nuclear Technology.",2017,INL-RPT-24-77048-R1.xlsx / MASTER_DATA_MAPPED col 44,GNCOA account; companion database to INL/RPT-24-77048
221.12,Outer vessel structure,Factory Equipment Costs (2022 USD),0,AP1000,BE NOAK,"Stewart, W. R., Shirvan, K., Velez, E., & Wiser, R. Pathways to Cost-effective Advanced Nuclear Technology.",2017,INL-RPT-24-77048-R1.xlsx / MASTER_DATA_MAPPED col 45,GNCOA account; companion database to INL/RPT-24-77048
221.12,Outer vessel structure,Site Labor Cost (2022 USD),0,AP1000,BE NOAK,"Stewart, W. R., Shirvan, K., Velez, E., & Wiser, R. Pathways to Cost-effective Advanced Nuclear Technology.",2017,INL-RPT-24-77048-R1.xlsx / MASTER_DATA_MAPPED col 46,GNCOA account; companion database to INL/RPT-24-77048
221.12,Outer vessel structure,Site Material Cost (2022 USD),0,AP1000,BE NOAK,"Stewart, W. R., Shirvan, K., Velez, E., & Wiser, R. Pathways to Cost-effective Advanced Nuclear Technology.",2017,INL-RPT-24-77048-R1.xlsx / MASTER_DATA_MAPPED col 47,GNCOA account; companion database to INL/RPT-24-77048
221.12,Outer vessel structure,Total Costs (2022 USD),0,AP1000,BE NOAK,"Stewart, W. R., Shirvan, K., Velez, E., & Wiser, R. Pathways to Cost-effective Advanced Nuclear Technology.",2017,INL-RPT-24-77048-R1.xlsx / MASTER_DATA_MAPPED col 48,GNCOA account; companion database to INL/RPT-24-77048
221.12,Outer vessel structure,Factory Equipment Costs (2022 USD),0,AP1000,0,Shirvan Private Communication (TIMCAT data),unspecified,INL-RPT-24-77048-R1.xlsx / MASTER_DATA_MAPPED col 105,GNCOA account; companion database to INL/RPT-24-77048
221.12,Outer vessel structure,Site Labor Cost (2022 USD),0,AP1000,0,Shirvan Private Communication (TIMCAT data),unspecified,INL-RPT-24-77048-R1.xlsx / MASTER_DATA_MAPPED col 106,GNCOA account; companion database to INL/RPT-24-77048
221.12,Outer vessel structure,Site Material Cost (2022 USD),0,AP1000,0,Shirvan Private Communication (TIMCAT data),unspecified,INL-RPT-24-77048-R1.xlsx / MASTER_DATA_MAPPED col 107,GNCOA account; companion database to INL/RPT-24-77048
221.12,Outer vessel structure,Total Costs (2022 USD),0,AP1000,NOAK,Shirvan Private Communication (Tim Cat Data),unspecified,INL-RPT-24-77048-R1.xlsx / MASTER_DATA_MAPPED col 108,GNCOA account; companion database to INL/RPT-24-77048
221.13,Inner vessel structure,Factory Equipment Costs (2022 USD),0,AP1000,ME FOAK,"Stewart, W. R., Shirvan, K., Velez, E., & Wiser, R. Pathways to Cost-effective Advanced Nuclear Technology.",2017,INL-RPT-24-77048-R1.xlsx / MASTER_DATA_MAPPED col 41,GNCOA account; companion database to INL/RPT-24-77048
221.13,Inner vessel structure,Site Labor Cost (2022 USD),0,AP1000,ME FOAK,"Stewart, W. R., Shirvan, K., Velez, E., & Wiser, R. Pathways to Cost-effective Advanced Nuclear Technology.",2017,INL-RPT-24-77048-R1.xlsx / MASTER_DATA_MAPPED col 42,GNCOA account; companion database to INL/RPT-24-77048
221.13,Inner vessel structure,Site Material Cost (2022 USD),0,AP1000,ME FOAK,"Stewart, W. R., Shirvan, K., Velez, E., & Wiser, R. Pathways to Cost-effective Advanced Nuclear Technology.",2017,INL-RPT-24-77048-R1.xlsx / MASTER_DATA_MAPPED col 43,GNCOA account; companion database to INL/RPT-24-77048
221.13,Inner vessel structure,Total Costs (2022 USD),0,AP1000,ME FOAK,"Stewart, W. R., Shirvan, K., Velez, E., & Wiser, R. Pathways to Cost-effective Advanced Nuclear Technology.",2017,INL-RPT-24-77048-R1.xlsx / MASTER_DATA_MAPPED col 44,GNCOA account; companion database to INL/RPT-24-77048
221.13,Inner vessel structure,Factory Equipment Costs (2022 USD),0,AP1000,BE NOAK,"Stewart, W. R., Shirvan, K., Velez, E., & Wiser, R. Pathways to Cost-effective Advanced Nuclear Technology.",2017,INL-RPT-24-77048-R1.xlsx / MASTER_DATA_MAPPED col 45,GNCOA account; companion database to INL/RPT-24-77048
221.13,Inner vessel structure,Site Labor Cost (2022 USD),0,AP1000,BE NOAK,"Stewart, W. R., Shirvan, K., Velez, E., & Wiser, R. Pathways to Cost-effective Advanced Nuclear Technology.",2017,INL-RPT-24-77048-R1.xlsx / MASTER_DATA_MAPPED col 46,GNCOA account; companion database to INL/RPT-24-77048
221.13,Inner vessel structure,Site Material Cost (2022 USD),0,AP1000,BE NOAK,"Stewart, W. R., Shirvan, K., Velez, E., & Wiser, R. Pathways to Cost-effective Advanced Nuclear Technology.",2017,INL-RPT-24-77048-R1.xlsx / MASTER_DATA_MAPPED col 47,GNCOA account; companion database to INL/RPT-24-77048
221.13,Inner vessel structure,Total Costs (2022 USD),0,AP1000,BE NOAK,"Stewart, W. R., Shirvan, K., Velez, E., & Wiser, R. Pathways to Cost-effective Advanced Nuclear Technology.",2017,INL-RPT-24-77048-R1.xlsx / MASTER_DATA_MAPPED col 48,GNCOA account; companion database to INL/RPT-24-77048
221.13,Inner vessel structure,Factory Equipment Costs (2022 USD),0,AP1000,0,Shirvan Private Communication (TIMCAT data),unspecified,INL-RPT-24-77048-R1.xlsx / MASTER_DATA_MAPPED col 105,GNCOA account; companion database to INL/RPT-24-77048
221.13,Inner vessel structure,Site Labor Cost (2022 USD),0,AP1000,0,Shirvan Private Communication (TIMCAT data),unspecified,INL-RPT-24-77048-R1.xlsx / MASTER_DATA_MAPPED col 106,GNCOA account; companion database to INL/RPT-24-77048
221.13,Inner vessel structure,Site Material Cost (2022 USD),0,AP1000,0,Shirvan Private Communication (TIMCAT data),unspecified,INL-RPT-24-77048-R1.xlsx / MASTER_DATA_MAPPED col 107,GNCOA account; companion database to INL/RPT-24-77048
221.13,Inner vessel structure,Total Costs (2022 USD),0,AP1000,NOAK,Shirvan Private Communication (Tim Cat Data),unspecified,INL-RPT-24-77048-R1.xlsx / MASTER_DATA_MAPPED col 108,GNCOA account; companion database to INL/RPT-24-77048
221.21,Reactivity control system,Factory Equipment Costs (2022 USD),0,AP1000,ME FOAK,"Stewart, W. R., Shirvan, K., Velez, E., & Wiser, R. Pathways to Cost-effective Advanced Nuclear Technology.",2017,INL-RPT-24-77048-R1.xlsx / MASTER_DATA_MAPPED col 41,GNCOA account; companion database to INL/RPT-24-77048
221.21,Reactivity control system,Site Labor Cost (2022 USD),0,AP1000,ME FOAK,"Stewart, W. R., Shirvan, K., Velez, E., & Wiser, R. Pathways to Cost-effective Advanced Nuclear Technology.",2017,INL-RPT-24-77048-R1.xlsx / MASTER_DATA_MAPPED col 42,GNCOA account; companion database to INL/RPT-24-77048
221.21,Reactivity control system,Site Material Cost (2022 USD),0,AP1000,ME FOAK,"Stewart, W. R., Shirvan, K., Velez, E., & Wiser, R. Pathways to Cost-effective Advanced Nuclear Technology.",2017,INL-RPT-24-77048-R1.xlsx / MASTER_DATA_MAPPED col 43,GNCOA account; companion database to INL/RPT-24-77048
221.21,Reactivity control system,Total Costs (2022 USD),0,AP1000,ME FOAK,"Stewart, W. R., Shirvan, K., Velez, E., & Wiser, R. Pathways to Cost-effective Advanced Nuclear Technology.",2017,INL-RPT-24-77048-R1.xlsx / MASTER_DATA_MAPPED col 44,GNCOA account; companion database to INL/RPT-24-77048
221.21,Reactivity control system,Factory Equipment Costs (2022 USD),0,AP1000,BE NOAK,"Stewart, W. R., Shirvan, K., Velez, E., & Wiser, R. Pathways to Cost-effective Advanced Nuclear Technology.",2017,INL-RPT-24-77048-R1.xlsx / MASTER_DATA_MAPPED col 45,GNCOA account; companion database to INL/RPT-24-77048
221.21,Reactivity control system,Site Labor Cost (2022 USD),0,AP1000,BE NOAK,"Stewart, W. R., Shirvan, K., Velez, E., & Wiser, R. Pathways to Cost-effective Advanced Nuclear Technology.",2017,INL-RPT-24-77048-R1.xlsx / MASTER_DATA_MAPPED col 46,GNCOA account; companion database to INL/RPT-24-77048
221.21,Reactivity control system,Site Material Cost (2022 USD),0,AP1000,BE NOAK,"Stewart, W. R., Shirvan, K., Velez, E., & Wiser, R. Pathways to Cost-effective Advanced Nuclear Technology.",2017,INL-RPT-24-77048-R1.xlsx / MASTER_DATA_MAPPED col 47,GNCOA account; companion database to INL/RPT-24-77048
221.21,Reactivity control system,Total Costs (2022 USD),0,AP1000,BE NOAK,"Stewart, W. R., Shirvan, K., Velez, E., & Wiser, R. Pathways to Cost-effective Advanced Nuclear Technology.",2017,INL-RPT-24-77048-R1.xlsx / MASTER_DATA_MAPPED col 48,GNCOA account; companion database to INL/RPT-24-77048
221.21,Reactivity control system,Factory Equipment Costs (2022 USD),0,AP1000,0,Shirvan Private Communication (TIMCAT data),unspecified,INL-RPT-24-77048-R1.xlsx / MASTER_DATA_MAPPED col 105,GNCOA account; companion database to INL/RPT-24-77048
221.21,Reactivity control system,Site Labor Cost (2022 USD),0,AP1000,0,Shirvan Private Communication (TIMCAT data),unspecified,INL-RPT-24-77048-R1.xlsx / MASTER_DATA_MAPPED col 106,GNCOA account; companion database to INL/RPT-24-77048
221.21,Reactivity control system,Site Material Cost (2022 USD),0,AP1000,0,Shirvan Private Communication (TIMCAT data),unspecified,INL-RPT-24-77048-R1.xlsx / MASTER_DATA_MAPPED col 107,GNCOA account; companion database to INL/RPT-24-77048
221.21,Reactivity control system,Total Costs (2022 USD),0,AP1000,NOAK,Shirvan Private Communication (Tim Cat Data),unspecified,INL-RPT-24-77048-R1.xlsx / MASTER_DATA_MAPPED col 108,GNCOA account; companion database to INL/RPT-24-77048
221.31,Reflector,Factory Equipment Costs (2022 USD),0,AP1000,ME FOAK,"Stewart, W. R., Shirvan, K., Velez, E., & Wiser, R. Pathways to Cost-effective Advanced Nuclear Technology.",2017,INL-RPT-24-77048-R1.xlsx / MASTER_DATA_MAPPED col 41,GNCOA account; companion database to INL/RPT-24-77048
221.31,Reflector,Site Labor Cost (2022 USD),0,AP1000,ME FOAK,"Stewart, W. R., Shirvan, K., Velez, E., & Wiser, R. Pathways to Cost-effective Advanced Nuclear Technology.",2017,INL-RPT-24-77048-R1.xlsx / MASTER_DATA_MAPPED col 42,GNCOA account; companion database to INL/RPT-24-77048
221.31,Reflector,Site Material Cost (2022 USD),0,AP1000,ME FOAK,"Stewart, W. R., Shirvan, K., Velez, E., & Wiser, R. Pathways to Cost-effective Advanced Nuclear Technology.",2017,INL-RPT-24-77048-R1.xlsx / MASTER_DATA_MAPPED col 43,GNCOA account; companion database to INL/RPT-24-77048
221.31,Reflector,Total Costs (2022 USD),0,AP1000,ME FOAK,"Stewart, W. R., Shirvan, K., Velez, E., & Wiser, R. Pathways to Cost-effective Advanced Nuclear Technology.",2017,INL-RPT-24-77048-R1.xlsx / MASTER_DATA_MAPPED col 44,GNCOA account; companion database to INL/RPT-24-77048
221.31,Reflector,Factory Equipment Costs (2022 USD),0,AP1000,BE NOAK,"Stewart, W. R., Shirvan, K., Velez, E., & Wiser, R. Pathways to Cost-effective Advanced Nuclear Technology.",2017,INL-RPT-24-77048-R1.xlsx / MASTER_DATA_MAPPED col 45,GNCOA account; companion database to INL/RPT-24-77048
221.31,Reflector,Site Labor Cost (2022 USD),0,AP1000,BE NOAK,"Stewart, W. R., Shirvan, K., Velez, E., & Wiser, R. Pathways to Cost-effective Advanced Nuclear Technology.",2017,INL-RPT-24-77048-R1.xlsx / MASTER_DATA_MAPPED col 46,GNCOA account; companion database to INL/RPT-24-77048
221.31,Reflector,Site Material Cost (2022 USD),0,AP1000,BE NOAK,"Stewart, W. R., Shirvan, K., Velez, E., & Wiser, R. Pathways to Cost-effective Advanced Nuclear Technology.",2017,INL-RPT-24-77048-R1.xlsx / MASTER_DATA_MAPPED col 47,GNCOA account; companion database to INL/RPT-24-77048
221.31,Reflector,Total Costs (2022 USD),0,AP1000,BE NOAK,"Stewart, W. R., Shirvan, K., Velez, E., & Wiser, R. Pathways to Cost-effective Advanced Nuclear Technology.",2017,INL-RPT-24-77048-R1.xlsx / MASTER_DATA_MAPPED col 48,GNCOA account; companion database to INL/RPT-24-77048
221.31,Reflector,Factory Equipment Costs (2022 USD),0,AP1000,0,Shirvan Private Communication (TIMCAT data),unspecified,INL-RPT-24-77048-R1.xlsx / MASTER_DATA_MAPPED col 105,GNCOA account; companion database to INL/RPT-24-77048
221.31,Reflector,Site Labor Cost (2022 USD),0,AP1000,0,Shirvan Private Communication (TIMCAT data),unspecified,INL-RPT-24-77048-R1.xlsx / MASTER_DATA_MAPPED col 106,GNCOA account; companion database to INL/RPT-24-77048
221.31,Reflector,Site Material Cost (2022 USD),0,AP1000,0,Shirvan Private Communication (TIMCAT data),unspecified,INL-RPT-24-77048-R1.xlsx / MASTER_DATA_MAPPED col 107,GNCOA account; companion database to INL/RPT-24-77048
221.31,Reflector,Total Costs (2022 USD),0,AP1000,NOAK,Shirvan Private Communication (Tim Cat Data),unspecified,INL-RPT-24-77048-R1.xlsx / MASTER_DATA_MAPPED col 108,GNCOA account; companion database to INL/RPT-24-77048
221.32,Shield,Factory Equipment Costs (2022 USD),0,AP1000,ME FOAK,"Stewart, W. R., Shirvan, K., Velez, E., & Wiser, R. Pathways to Cost-effective Advanced Nuclear Technology.",2017,INL-RPT-24-77048-R1.xlsx / MASTER_DATA_MAPPED col 41,GNCOA account; companion database to INL/RPT-24-77048
221.32,Shield,Site Labor Cost (2022 USD),0,AP1000,ME FOAK,"Stewart, W. R., Shirvan, K., Velez, E., & Wiser, R. Pathways to Cost-effective Advanced Nuclear Technology.",2017,INL-RPT-24-77048-R1.xlsx / MASTER_DATA_MAPPED col 42,GNCOA account; companion database to INL/RPT-24-77048
221.32,Shield,Site Material Cost (2022 USD),0,AP1000,ME FOAK,"Stewart, W. R., Shirvan, K., Velez, E., & Wiser, R. Pathways to Cost-effective Advanced Nuclear Technology.",2017,INL-RPT-24-77048-R1.xlsx / MASTER_DATA_MAPPED col 43,GNCOA account; companion database to INL/RPT-24-77048
221.32,Shield,Total Costs (2022 USD),0,AP1000,ME FOAK,"Stewart, W. R., Shirvan, K., Velez, E., & Wiser, R. Pathways to Cost-effective Advanced Nuclear Technology.",2017,INL-RPT-24-77048-R1.xlsx / MASTER_DATA_MAPPED col 44,GNCOA account; companion database to INL/RPT-24-77048
221.32,Shield,Factory Equipment Costs (2022 USD),0,AP1000,BE NOAK,"Stewart, W. R., Shirvan, K., Velez, E., & Wiser, R. Pathways to Cost-effective Advanced Nuclear Technology.",2017,INL-RPT-24-77048-R1.xlsx / MASTER_DATA_MAPPED col 45,GNCOA account; companion database to INL/RPT-24-77048
221.32,Shield,Site Labor Cost (2022 USD),0,AP1000,BE NOAK,"Stewart, W. R., Shirvan, K., Velez, E., & Wiser, R. Pathways to Cost-effective Advanced Nuclear Technology.",2017,INL-RPT-24-77048-R1.xlsx / MASTER_DATA_MAPPED col 46,GNCOA account; companion database to INL/RPT-24-77048
221.32,Shield,Site Material Cost (2022 USD),0,AP1000,BE NOAK,"Stewart, W. R., Shirvan, K., Velez, E., & Wiser, R. Pathways to Cost-effective Advanced Nuclear Technology.",2017,INL-RPT-24-77048-R1.xlsx / MASTER_DATA_MAPPED col 47,GNCOA account; companion database to INL/RPT-24-77048
221.32,Shield,Total Costs (2022 USD),0,AP1000,BE NOAK,"Stewart, W. R., Shirvan, K., Velez, E., & Wiser, R. Pathways to Cost-effective Advanced Nuclear Technology.",2017,INL-RPT-24-77048-R1.xlsx / MASTER_DATA_MAPPED col 48,GNCOA account; companion database to INL/RPT-24-77048
221.32,Shield,Factory Equipment Costs (2022 USD),0,AP1000,0,Shirvan Private Communication (TIMCAT data),unspecified,INL-RPT-24-77048-R1.xlsx / MASTER_DATA_MAPPED col 105,GNCOA account; companion database to INL/RPT-24-77048
221.32,Shield,Site Labor Cost (2022 USD),0,AP1000,0,Shirvan Private Communication (TIMCAT data),unspecified,INL-RPT-24-77048-R1.xlsx / MASTER_DATA_MAPPED col 106,GNCOA account; companion database to INL/RPT-24-77048
221.32,Shield,Site Material Cost (2022 USD),0,AP1000,0,Shirvan Private Communication (TIMCAT data),unspecified,INL-RPT-24-77048-R1.xlsx / MASTER_DATA_MAPPED col 107,GNCOA account; companion database to INL/RPT-24-77048
221.32,Shield,Total Costs (2022 USD),0,AP1000,NOAK,Shirvan Private Communication (Tim Cat Data),unspecified,INL-RPT-24-77048-R1.xlsx / MASTER_DATA_MAPPED col 108,GNCOA account; companion database to INL/RPT-24-77048
221.33,Moderator,Factory Equipment Costs (2022 USD),0,AP1000,ME FOAK,"Stewart, W. R., Shirvan, K., Velez, E., & Wiser, R. Pathways to Cost-effective Advanced Nuclear Technology.",2017,INL-RPT-24-77048-R1.xlsx / MASTER_DATA_MAPPED col 41,GNCOA account; companion database to INL/RPT-24-77048
221.33,Moderator,Site Labor Cost (2022 USD),0,AP1000,ME FOAK,"Stewart, W. R., Shirvan, K., Velez, E., & Wiser, R. Pathways to Cost-effective Advanced Nuclear Technology.",2017,INL-RPT-24-77048-R1.xlsx / MASTER_DATA_MAPPED col 42,GNCOA account; companion database to INL/RPT-24-77048
221.33,Moderator,Site Material Cost (2022 USD),0,AP1000,ME FOAK,"Stewart, W. R., Shirvan, K., Velez, E., & Wiser, R. Pathways to Cost-effective Advanced Nuclear Technology.",2017,INL-RPT-24-77048-R1.xlsx / MASTER_DATA_MAPPED col 43,GNCOA account; companion database to INL/RPT-24-77048
221.33,Moderator,Total Costs (2022 USD),0,AP1000,ME FOAK,"Stewart, W. R., Shirvan, K., Velez, E., & Wiser, R. Pathways to Cost-effective Advanced Nuclear Technology.",2017,INL-RPT-24-77048-R1.xlsx / MASTER_DATA_MAPPED col 44,GNCOA account; companion database to INL/RPT-24-77048
221.33,Moderator,Factory Equipment Costs (2022 USD),0,AP1000,BE NOAK,"Stewart, W. R., Shirvan, K., Velez, E., & Wiser, R. Pathways to Cost-effective Advanced Nuclear Technology.",2017,INL-RPT-24-77048-R1.xlsx / MASTER_DATA_MAPPED col 45,GNCOA account; companion database to INL/RPT-24-77048
221.33,Moderator,Site Labor Cost (2022 USD),0,AP1000,BE NOAK,"Stewart, W. R., Shirvan, K., Velez, E., & Wiser, R. Pathways to Cost-effective Advanced Nuclear Technology.",2017,INL-RPT-24-77048-R1.xlsx / MASTER_DATA_MAPPED col 46,GNCOA account; companion database to INL/RPT-24-77048
221.33,Moderator,Site Material Cost (2022 USD),0,AP1000,BE NOAK,"Stewart, W. R., Shirvan, K., Velez, E., & Wiser, R. Pathways to Cost-effective Advanced Nuclear Technology.",2017,INL-RPT-24-77048-R1.xlsx / MASTER_DATA_MAPPED col 47,GNCOA account; companion database to INL/RPT-24-77048
221.33,Moderator,Total Costs (2022 USD),0,AP1000,BE NOAK,"Stewart, W. R., Shirvan, K., Velez, E., & Wiser, R. Pathways to Cost-effective Advanced Nuclear Technology.",2017,INL-RPT-24-77048-R1.xlsx / MASTER_DATA_MAPPED col 48,GNCOA account; companion database to INL/RPT-24-77048
221.33,Moderator,Factory Equipment Costs (2022 USD),0,AP1000,0,Shirvan Private Communication (TIMCAT data),unspecified,INL-RPT-24-77048-R1.xlsx / MASTER_DATA_MAPPED col 105,GNCOA account; companion database to INL/RPT-24-77048
221.33,Moderator,Site Labor Cost (2022 USD),0,AP1000,0,Shirvan Private Communication (TIMCAT data),unspecified,INL-RPT-24-77048-R1.xlsx / MASTER_DATA_MAPPED col 106,GNCOA account; companion database to INL/RPT-24-77048
221.33,Moderator,Site Material Cost (2022 USD),0,AP1000,0,Shirvan Private Communication (TIMCAT data),unspecified,INL-RPT-24-77048-R1.xlsx / MASTER_DATA_MAPPED col 107,GNCOA account; companion database to INL/RPT-24-77048
221.33,Moderator,Total Costs (2022 USD),0,AP1000,NOAK,Shirvan Private Communication (Tim Cat Data),unspecified,INL-RPT-24-77048-R1.xlsx / MASTER_DATA_MAPPED col 108,GNCOA account; companion database to INL/RPT-24-77048
222,Main Heat Transport System,Factory Equipment Costs (2022 USD),0,AP1000,ME FOAK,"Stewart, W. R., Shirvan, K., Velez, E., & Wiser, R. Pathways to Cost-effective Advanced Nuclear Technology.",2017,INL-RPT-24-77048-R1.xlsx / MASTER_DATA_MAPPED col 41,GNCOA account; companion database to INL/RPT-24-77048
222,Main Heat Transport System,Site Labor Cost (2022 USD),0,AP1000,ME FOAK,"Stewart, W. R., Shirvan, K., Velez, E., & Wiser, R. Pathways to Cost-effective Advanced Nuclear Technology.",2017,INL-RPT-24-77048-R1.xlsx / MASTER_DATA_MAPPED col 42,GNCOA account; companion database to INL/RPT-24-77048
222,Main Heat Transport System,Site Material Cost (2022 USD),0,AP1000,ME FOAK,"Stewart, W. R., Shirvan, K., Velez, E., & Wiser, R. Pathways to Cost-effective Advanced Nuclear Technology.",2017,INL-RPT-24-77048-R1.xlsx / MASTER_DATA_MAPPED col 43,GNCOA account; companion database to INL/RPT-24-77048
222,Main Heat Transport System,Total Costs (2022 USD),0,AP1000,ME FOAK,"Stewart, W. R., Shirvan, K., Velez, E., & Wiser, R. Pathways to Cost-effective Advanced Nuclear Technology.",2017,INL-RPT-24-77048-R1.xlsx / MASTER_DATA_MAPPED col 44,GNCOA account; companion database to INL/RPT-24-77048
222,Main Heat Transport System,Factory Equipment Costs (2022 USD),0,AP1000,BE NOAK,"Stewart, W. R., Shirvan, K., Velez, E., & Wiser, R. Pathways to Cost-effective Advanced Nuclear Technology.",2017,INL-RPT-24-77048-R1.xlsx / MASTER_DATA_MAPPED col 45,GNCOA account; companion database to INL/RPT-24-77048
222,Main Heat Transport System,Site Labor Cost (2022 USD),0,AP1000,BE NOAK,"Stewart, W. R., Shirvan, K., Velez, E., & Wiser, R. Pathways to Cost-effective Advanced Nuclear Technology.",2017,INL-RPT-24-77048-R1.xlsx / MASTER_DATA_MAPPED col 46,GNCOA account; companion database to INL/RPT-24-77048
222,Main Heat Transport System,Site Material Cost (2022 USD),0,AP1000,BE NOAK,"Stewart, W. R., Shirvan, K., Velez, E., & Wiser, R. Pathways to Cost-effective Advanced Nuclear Technology.",2017,INL-RPT-24-77048-R1.xlsx / MASTER_DATA_MAPPED col 47,GNCOA account; companion database to INL/RPT-24-77048
222,Main Heat Transport System,Total Costs (2022 USD),0,AP1000,BE NOAK,"Stewart, W. R., Shirvan, K., Velez, E., & Wiser, R. Pathways to Cost-effective Advanced Nuclear Technology.",2017,INL-RPT-24-77048-R1.xlsx / MASTER_DATA_MAPPED col 48,GNCOA account; companion database to INL/RPT-24-77048
222,Main Heat Transport System,Factory Equipment Costs (2022 USD),238587087.436658,AP1000,0,Shirvan Private Communication (TIMCAT data),unspecified,INL-RPT-24-77048-R1.xlsx / MASTER_DATA_MAPPED col 105,GNCOA account; companion database to INL/RPT-24-77048
222,Main Heat Transport System,Site Labor Cost (2022 USD),9186082.60429932,AP1000,0,Shirvan Private Communication (TIMCAT data),unspecified,INL-RPT-24-77048-R1.xlsx / MASTER_DATA_MAPPED col 106,GNCOA account; companion database to INL/RPT-24-77048
222,Main Heat Transport System,Site Material Cost (2022 USD),1220427.19950574,AP1000,0,Shirvan Private Communication (TIMCAT data),unspecified,INL-RPT-24-77048-R1.xlsx / MASTER_DATA_MAPPED col 107,GNCOA account; companion database to INL/RPT-24-77048
222,Main Heat Transport System,Total Costs (2022 USD),248993597.240463,AP1000,NOAK,Shirvan Private Communication (Tim Cat Data),unspecified,INL-RPT-24-77048-R1.xlsx / MASTER_DATA_MAPPED col 108,GNCOA account; companion database to INL/RPT-24-77048
222.1,Reactor heat transfer piping system,Factory Equipment Costs (2022 USD),0,AP1000,ME FOAK,"Stewart, W. R., Shirvan, K., Velez, E., & Wiser, R. Pathways to Cost-effective Advanced Nuclear Technology.",2017,INL-RPT-24-77048-R1.xlsx / MASTER_DATA_MAPPED col 41,GNCOA account; companion database to INL/RPT-24-77048
222.1,Reactor heat transfer piping system,Site Labor Cost (2022 USD),0,AP1000,ME FOAK,"Stewart, W. R., Shirvan, K., Velez, E., & Wiser, R. Pathways to Cost-effective Advanced Nuclear Technology.",2017,INL-RPT-24-77048-R1.xlsx / MASTER_DATA_MAPPED col 42,GNCOA account; companion database to INL/RPT-24-77048
222.1,Reactor heat transfer piping system,Site Material Cost (2022 USD),0,AP1000,ME FOAK,"Stewart, W. R., Shirvan, K., Velez, E., & Wiser, R. Pathways to Cost-effective Advanced Nuclear Technology.",2017,INL-RPT-24-77048-R1.xlsx / MASTER_DATA_MAPPED col 43,GNCOA account; companion database to INL/RPT-24-77048
222.1,Reactor heat transfer piping system,Total Costs (2022 USD),0,AP1000,ME FOAK,"Stewart, W. R., Shirvan, K., Velez, E., & Wiser, R. Pathways to Cost-effective Advanced Nuclear Technology.",2017,INL-RPT-24-77048-R1.xlsx / MASTER_DATA_MAPPED col 44,GNCOA account; companion database to INL/RPT-24-77048
222.1,Reactor heat transfer piping system,Factory Equipment Costs (2022 USD),0,AP1000,BE NOAK,"Stewart, W. R., Shirvan, K., Velez, E., & Wiser, R. Pathways to Cost-effective Advanced Nuclear Technology.",2017,INL-RPT-24-77048-R1.xlsx / MASTER_DATA_MAPPED col 45,GNCOA account; companion database to INL/RPT-24-77048
222.1,Reactor heat transfer piping system,Site Labor Cost (2022 USD),0,AP1000,BE NOAK,"Stewart, W. R., Shirvan, K., Velez, E., & Wiser, R. Pathways to Cost-effective Advanced Nuclear Technology.",2017,INL-RPT-24-77048-R1.xlsx / MASTER_DATA_MAPPED col 46,GNCOA account; companion database to INL/RPT-24-77048
222.1,Reactor heat transfer piping system,Site Material Cost (2022 USD),0,AP1000,BE NOAK,"Stewart, W. R., Shirvan, K., Velez, E., & Wiser, R. Pathways to Cost-effective Advanced Nuclear Technology.",2017,INL-RPT-24-77048-R1.xlsx / MASTER_DATA_MAPPED col 47,GNCOA account; companion database to INL/RPT-24-77048
222.1,Reactor heat transfer piping system,Total Costs (2022 USD),0,AP1000,BE NOAK,"Stewart, W. R., Shirvan, K., Velez, E., & Wiser, R. Pathways to Cost-effective Advanced Nuclear Technology.",2017,INL-RPT-24-77048-R1.xlsx / MASTER_DATA_MAPPED col 48,GNCOA account; companion database to INL/RPT-24-77048
222.1,Reactor heat transfer piping system,Factory Equipment Costs (2022 USD),0,AP1000,0,Shirvan Private Communication (TIMCAT data),unspecified,INL-RPT-24-77048-R1.xlsx / MASTER_DATA_MAPPED col 105,GNCOA account; companion database to INL/RPT-24-77048
222.1,Reactor heat transfer piping system,Site Labor Cost (2022 USD),0,AP1000,0,Shirvan Private Communication (TIMCAT data),unspecified,INL-RPT-24-77048-R1.xlsx / MASTER_DATA_MAPPED col 106,GNCOA account; companion database to INL/RPT-24-77048
222.1,Reactor heat transfer piping system,Site Material Cost (2022 USD),0,AP1000,0,Shirvan Private Communication (TIMCAT data),unspecified,INL-RPT-24-77048-R1.xlsx / MASTER_DATA_MAPPED col 107,GNCOA account; companion database to INL/RPT-24-77048
222.1,Reactor heat transfer piping system,Total Costs (2022 USD),0,AP1000,NOAK,Shirvan Private Communication (Tim Cat Data),unspecified,INL-RPT-24-77048-R1.xlsx / MASTER_DATA_MAPPED col 108,GNCOA account; companion database to INL/RPT-24-77048
222.2,Heat exchangers,Factory Equipment Costs (2022 USD),0,AP1000,ME FOAK,"Stewart, W. R., Shirvan, K., Velez, E., & Wiser, R. Pathways to Cost-effective Advanced Nuclear Technology.",2017,INL-RPT-24-77048-R1.xlsx / MASTER_DATA_MAPPED col 41,GNCOA account; companion database to INL/RPT-24-77048
222.2,Heat exchangers,Site Labor Cost (2022 USD),0,AP1000,ME FOAK,"Stewart, W. R., Shirvan, K., Velez, E., & Wiser, R. Pathways to Cost-effective Advanced Nuclear Technology.",2017,INL-RPT-24-77048-R1.xlsx / MASTER_DATA_MAPPED col 42,GNCOA account; companion database to INL/RPT-24-77048
222.2,Heat exchangers,Site Material Cost (2022 USD),0,AP1000,ME FOAK,"Stewart, W. R., Shirvan, K., Velez, E., & Wiser, R. Pathways to Cost-effective Advanced Nuclear Technology.",2017,INL-RPT-24-77048-R1.xlsx / MASTER_DATA_MAPPED col 43,GNCOA account; companion database to INL/RPT-24-77048
222.2,Heat exchangers,Total Costs (2022 USD),0,AP1000,ME FOAK,"Stewart, W. R., Shirvan, K., Velez, E., & Wiser, R. Pathways to Cost-effective Advanced Nuclear Technology.",2017,INL-RPT-24-77048-R1.xlsx / MASTER_DATA_MAPPED col 44,GNCOA account; companion database to INL/RPT-24-77048
222.2,Heat exchangers,Factory Equipment Costs (2022 USD),0,AP1000,BE NOAK,"Stewart, W. R., Shirvan, K., Velez, E., & Wiser, R. Pathways to Cost-effective Advanced Nuclear Technology.",2017,INL-RPT-24-77048-R1.xlsx / MASTER_DATA_MAPPED col 45,GNCOA account; companion database to INL/RPT-24-77048
222.2,Heat exchangers,Site Labor Cost (2022 USD),0,AP1000,BE NOAK,"Stewart, W. R., Shirvan, K., Velez, E., & Wiser, R. Pathways to Cost-effective Advanced Nuclear Technology.",2017,INL-RPT-24-77048-R1.xlsx / MASTER_DATA_MAPPED col 46,GNCOA account; companion database to INL/RPT-24-77048
222.2,Heat exchangers,Site Material Cost (2022 USD),0,AP1000,BE NOAK,"Stewart, W. R., Shirvan, K., Velez, E., & Wiser, R. Pathways to Cost-effective Advanced Nuclear Technology.",2017,INL-RPT-24-77048-R1.xlsx / MASTER_DATA_MAPPED col 47,GNCOA account; companion database to INL/RPT-24-77048
222.2,Heat exchangers,Total Costs (2022 USD),0,AP1000,BE NOAK,"Stewart, W. R., Shirvan, K., Velez, E., & Wiser, R. Pathways to Cost-effective Advanced Nuclear Technology.",2017,INL-RPT-24-77048-R1.xlsx / MASTER_DATA_MAPPED col 48,GNCOA account; companion database to INL/RPT-24-77048
222.2,Heat exchangers,Factory Equipment Costs (2022 USD),0,AP1000,0,Shirvan Private Communication (TIMCAT data),unspecified,INL-RPT-24-77048-R1.xlsx / MASTER_DATA_MAPPED col 105,GNCOA account; companion database to INL/RPT-24-77048
222.2,Heat exchangers,Site Labor Cost (2022 USD),0,AP1000,0,Shirvan Private Communication (TIMCAT data),unspecified,INL-RPT-24-77048-R1.xlsx / MASTER_DATA_MAPPED col 106,GNCOA account; companion database to INL/RPT-24-77048
222.2,Heat exchangers,Site Material Cost (2022 USD),0,AP1000,0,Shirvan Private Communication (TIMCAT data),unspecified,INL-RPT-24-77048-R1.xlsx / MASTER_DATA_MAPPED col 107,GNCOA account; companion database to INL/RPT-24-77048
222.2,Heat exchangers,Total Costs (2022 USD),0,AP1000,NOAK,Shirvan Private Communication (Tim Cat Data),unspecified,INL-RPT-24-77048-R1.xlsx / MASTER_DATA_MAPPED col 108,GNCOA account; companion database to INL/RPT-24-77048
222.3,Pressurizer system,Factory Equipment Costs (2022 USD),0,AP1000,ME FOAK,"Stewart, W. R., Shirvan, K., Velez, E., & Wiser, R. Pathways to Cost-effective Advanced Nuclear Technology.",2017,INL-RPT-24-77048-R1.xlsx / MASTER_DATA_MAPPED col 41,GNCOA account; companion database to INL/RPT-24-77048
222.3,Pressurizer system,Site Labor Cost (2022 USD),0,AP1000,ME FOAK,"Stewart, W. R., Shirvan, K., Velez, E., & Wiser, R. Pathways to Cost-effective Advanced Nuclear Technology.",2017,INL-RPT-24-77048-R1.xlsx / MASTER_DATA_MAPPED col 42,GNCOA account; companion database to INL/RPT-24-77048
222.3,Pressurizer system,Site Material Cost (2022 USD),0,AP1000,ME FOAK,"Stewart, W. R., Shirvan, K., Velez, E., & Wiser, R. Pathways to Cost-effective Advanced Nuclear Technology.",2017,INL-RPT-24-77048-R1.xlsx / MASTER_DATA_MAPPED col 43,GNCOA account; companion database to INL/RPT-24-77048
222.3,Pressurizer system,Total Costs (2022 USD),0,AP1000,ME FOAK,"Stewart, W. R., Shirvan, K., Velez, E., & Wiser, R. Pathways to Cost-effective Advanced Nuclear Technology.",2017,INL-RPT-24-77048-R1.xlsx / MASTER_DATA_MAPPED col 44,GNCOA account; companion database to INL/RPT-24-77048
222.3,Pressurizer system,Factory Equipment Costs (2022 USD),0,AP1000,BE NOAK,"Stewart, W. R., Shirvan, K., Velez, E., & Wiser, R. Pathways to Cost-effective Advanced Nuclear Technology.",2017,INL-RPT-24-77048-R1.xlsx / MASTER_DATA_MAPPED col 45,GNCOA account; companion database to INL/RPT-24-77048
222.3,Pressurizer system,Site Labor Cost (2022 USD),0,AP1000,BE NOAK,"Stewart, W. R., Shirvan, K., Velez, E., & Wiser, R. Pathways to Cost-effective Advanced Nuclear Technology.",2017,INL-RPT-24-77048-R1.xlsx / MASTER_DATA_MAPPED col 46,GNCOA account; companion database to INL/RPT-24-77048
222.3,Pressurizer system,Site Material Cost (2022 USD),0,AP1000,BE NOAK,"Stewart, W. R., Shirvan, K., Velez, E., & Wiser, R. Pathways to Cost-effective Advanced Nuclear Technology.",2017,INL-RPT-24-77048-R1.xlsx / MASTER_DATA_MAPPED col 47,GNCOA account; companion database to INL/RPT-24-77048
222.3,Pressurizer system,Total Costs (2022 USD),0,AP1000,BE NOAK,"Stewart, W. R., Shirvan, K., Velez, E., & Wiser, R. Pathways to Cost-effective Advanced Nuclear Technology.",2017,INL-RPT-24-77048-R1.xlsx / MASTER_DATA_MAPPED col 48,GNCOA account; companion database to INL/RPT-24-77048
222.3,Pressurizer system,Factory Equipment Costs (2022 USD),0,AP1000,0,Shirvan Private Communication (TIMCAT data),unspecified,INL-RPT-24-77048-R1.xlsx / MASTER_DATA_MAPPED col 105,GNCOA account; companion database to INL/RPT-24-77048
222.3,Pressurizer system,Site Labor Cost (2022 USD),0,AP1000,0,Shirvan Private Communication (TIMCAT data),unspecified,INL-RPT-24-77048-R1.xlsx / MASTER_DATA_MAPPED col 106,GNCOA account; companion database to INL/RPT-24-77048
222.3,Pressurizer system,Site Material Cost (2022 USD),0,AP1000,0,Shirvan Private Communication (TIMCAT data),unspecified,INL-RPT-24-77048-R1.xlsx / MASTER_DATA_MAPPED col 107,GNCOA account; companion database to INL/RPT-24-77048
222.3,Pressurizer system,Total Costs (2022 USD),0,AP1000,NOAK,Shirvan Private Communication (Tim Cat Data),unspecified,INL-RPT-24-77048-R1.xlsx / MASTER_DATA_MAPPED col 108,GNCOA account; companion database to INL/RPT-24-77048
223,Safety Systems,Factory Equipment Costs (2022 USD),0,AP1000,ME FOAK,"Stewart, W. R., Shirvan, K., Velez, E., & Wiser, R. Pathways to Cost-effective Advanced Nuclear Technology.",2017,INL-RPT-24-77048-R1.xlsx / MASTER_DATA_MAPPED col 41,GNCOA account; companion database to INL/RPT-24-77048
223,Safety Systems,Site Labor Cost (2022 USD),0,AP1000,ME FOAK,"Stewart, W. R., Shirvan, K., Velez, E., & Wiser, R. Pathways to Cost-effective Advanced Nuclear Technology.",2017,INL-RPT-24-77048-R1.xlsx / MASTER_DATA_MAPPED col 42,GNCOA account; companion database to INL/RPT-24-77048
223,Safety Systems,Site Material Cost (2022 USD),0,AP1000,ME FOAK,"Stewart, W. R., Shirvan, K., Velez, E., & Wiser, R. Pathways to Cost-effective Advanced Nuclear Technology.",2017,INL-RPT-24-77048-R1.xlsx / MASTER_DATA_MAPPED col 43,GNCOA account; companion database to INL/RPT-24-77048
223,Safety Systems,Total Costs (2022 USD),0,AP1000,ME FOAK,"Stewart, W. R., Shirvan, K., Velez, E., & Wiser, R. Pathways to Cost-effective Advanced Nuclear Technology.",2017,INL-RPT-24-77048-R1.xlsx / MASTER_DATA_MAPPED col 44,GNCOA account; companion database to INL/RPT-24-77048
223,Safety Systems,Factory Equipment Costs (2022 USD),0,AP1000,BE NOAK,"Stewart, W. R., Shirvan, K., Velez, E., & Wiser, R. Pathways to Cost-effective Advanced Nuclear Technology.",2017,INL-RPT-24-77048-R1.xlsx / MASTER_DATA_MAPPED col 45,GNCOA account; companion database to INL/RPT-24-77048
223,Safety Systems,Site Labor Cost (2022 USD),0,AP1000,BE NOAK,"Stewart, W. R., Shirvan, K., Velez, E., & Wiser, R. Pathways to Cost-effective Advanced Nuclear Technology.",2017,INL-RPT-24-77048-R1.xlsx / MASTER_DATA_MAPPED col 46,GNCOA account; companion database to INL/RPT-24-77048
223,Safety Systems,Site Material Cost (2022 USD),0,AP1000,BE NOAK,"Stewart, W. R., Shirvan, K., Velez, E., & Wiser, R. Pathways to Cost-effective Advanced Nuclear Technology.",2017,INL-RPT-24-77048-R1.xlsx / MASTER_DATA_MAPPED col 47,GNCOA account; companion database to INL/RPT-24-77048
223,Safety Systems,Total Costs (2022 USD),0,AP1000,BE NOAK,"Stewart, W. R., Shirvan, K., Velez, E., & Wiser, R. Pathways to Cost-effective Advanced Nuclear Technology.",2017,INL-RPT-24-77048-R1.xlsx / MASTER_DATA_MAPPED col 48,GNCOA account; companion database to INL/RPT-24-77048
223,Safety Systems,Factory Equipment Costs (2022 USD),24736854.1772289,AP1000,0,Shirvan Private Communication (TIMCAT data),unspecified,INL-RPT-24-77048-R1.xlsx / MASTER_DATA_MAPPED col 105,GNCOA account; companion database to INL/RPT-24-77048
223,Safety Systems,Site Labor Cost (2022 USD),14789786.9923279,AP1000,0,Shirvan Private Communication (TIMCAT data),unspecified,INL-RPT-24-77048-R1.xlsx / MASTER_DATA_MAPPED col 106,GNCOA account; companion database to INL/RPT-24-77048
223,Safety Systems,Site Material Cost (2022 USD),2026988.27729702,AP1000,0,Shirvan Private Communication (TIMCAT data),unspecified,INL-RPT-24-77048-R1.xlsx / MASTER_DATA_MAPPED col 107,GNCOA account; companion database to INL/RPT-24-77048
223,Safety Systems,Total Costs (2022 USD),41553629.4468539,AP1000,NOAK,Shirvan Private Communication (Tim Cat Data),unspecified,INL-RPT-24-77048-R1.xlsx / MASTER_DATA_MAPPED col 108,GNCOA account; companion database to INL/RPT-24-77048
223.1,Residual Heat Removal System,Factory Equipment Costs (2022 USD),0,AP1000,ME FOAK,"Stewart, W. R., Shirvan, K., Velez, E., & Wiser, R. Pathways to Cost-effective Advanced Nuclear Technology.",2017,INL-RPT-24-77048-R1.xlsx / MASTER_DATA_MAPPED col 41,GNCOA account; companion database to INL/RPT-24-77048
223.1,Residual Heat Removal System,Site Labor Cost (2022 USD),0,AP1000,ME FOAK,"Stewart, W. R., Shirvan, K., Velez, E., & Wiser, R. Pathways to Cost-effective Advanced Nuclear Technology.",2017,INL-RPT-24-77048-R1.xlsx / MASTER_DATA_MAPPED col 42,GNCOA account; companion database to INL/RPT-24-77048
223.1,Residual Heat Removal System,Site Material Cost (2022 USD),0,AP1000,ME FOAK,"Stewart, W. R., Shirvan, K., Velez, E., & Wiser, R. Pathways to Cost-effective Advanced Nuclear Technology.",2017,INL-RPT-24-77048-R1.xlsx / MASTER_DATA_MAPPED col 43,GNCOA account; companion database to INL/RPT-24-77048
223.1,Residual Heat Removal System,Total Costs (2022 USD),0,AP1000,ME FOAK,"Stewart, W. R., Shirvan, K., Velez, E., & Wiser, R. Pathways to Cost-effective Advanced Nuclear Technology.",2017,INL-RPT-24-77048-R1.xlsx / MASTER_DATA_MAPPED col 44,GNCOA account; companion database to INL/RPT-24-77048
223.1,Residual Heat Removal System,Factory Equipment Costs (2022 USD),0,AP1000,BE NOAK,"Stewart, W. R., Shirvan, K., Velez, E., & Wiser, R. Pathways to Cost-effective Advanced Nuclear Technology.",2017,INL-RPT-24-77048-R1.xlsx / MASTER_DATA_MAPPED col 45,GNCOA account; companion database to INL/RPT-24-77048
223.1,Residual Heat Removal System,Site Labor Cost (2022 USD),0,AP1000,BE NOAK,"Stewart, W. R., Shirvan, K., Velez, E., & Wiser, R. Pathways to Cost-effective Advanced Nuclear Technology.",2017,INL-RPT-24-77048-R1.xlsx / MASTER_DATA_MAPPED col 46,GNCOA account; companion database to INL/RPT-24-77048
223.1,Residual Heat Removal System,Site Material Cost (2022 USD),0,AP1000,BE NOAK,"Stewart, W. R., Shirvan, K., Velez, E., & Wiser, R. Pathways to Cost-effective Advanced Nuclear Technology.",2017,INL-RPT-24-77048-R1.xlsx / MASTER_DATA_MAPPED col 47,GNCOA account; companion database to INL/RPT-24-77048
223.1,Residual Heat Removal System,Total Costs (2022 USD),0,AP1000,BE NOAK,"Stewart, W. R., Shirvan, K., Velez, E., & Wiser, R. Pathways to Cost-effective Advanced Nuclear Technology.",2017,INL-RPT-24-77048-R1.xlsx / MASTER_DATA_MAPPED col 48,GNCOA account; companion database to INL/RPT-24-77048
223.1,Residual Heat Removal System,Factory Equipment Costs (2022 USD),0,AP1000,0,Shirvan Private Communication (TIMCAT data),unspecified,INL-RPT-24-77048-R1.xlsx / MASTER_DATA_MAPPED col 105,GNCOA account; companion database to INL/RPT-24-77048
223.1,Residual Heat Removal System,Site Labor Cost (2022 USD),0,AP1000,0,Shirvan Private Communication (TIMCAT data),unspecified,INL-RPT-24-77048-R1.xlsx / MASTER_DATA_MAPPED col 106,GNCOA account; companion database to INL/RPT-24-77048
223.1,Residual Heat Removal System,Site Material Cost (2022 USD),0,AP1000,0,Shirvan Private Communication (TIMCAT data),unspecified,INL-RPT-24-77048-R1.xlsx / MASTER_DATA_MAPPED col 107,GNCOA account; companion database to INL/RPT-24-77048
223.1,Residual Heat Removal System,Total Costs (2022 USD),0,AP1000,NOAK,Shirvan Private Communication (Tim Cat Data),unspecified,INL-RPT-24-77048-R1.xlsx / MASTER_DATA_MAPPED col 108,GNCOA account; companion database to INL/RPT-24-77048
223.3,Safety Injection System,Factory Equipment Costs (2022 USD),0,AP1000,ME FOAK,"Stewart, W. R., Shirvan, K., Velez, E., & Wiser, R. Pathways to Cost-effective Advanced Nuclear Technology.",2017,INL-RPT-24-77048-R1.xlsx / MASTER_DATA_MAPPED col 41,GNCOA account; companion database to INL/RPT-24-77048
223.3,Safety Injection System,Site Labor Cost (2022 USD),0,AP1000,ME FOAK,"Stewart, W. R., Shirvan, K., Velez, E., & Wiser, R. Pathways to Cost-effective Advanced Nuclear Technology.",2017,INL-RPT-24-77048-R1.xlsx / MASTER_DATA_MAPPED col 42,GNCOA account; companion database to INL/RPT-24-77048
223.3,Safety Injection System,Site Material Cost (2022 USD),0,AP1000,ME FOAK,"Stewart, W. R., Shirvan, K., Velez, E., & Wiser, R. Pathways to Cost-effective Advanced Nuclear Technology.",2017,INL-RPT-24-77048-R1.xlsx / MASTER_DATA_MAPPED col 43,GNCOA account; companion database to INL/RPT-24-77048
223.3,Safety Injection System,Total Costs (2022 USD),0,AP1000,ME FOAK,"Stewart, W. R., Shirvan, K., Velez, E., & Wiser, R. Pathways to Cost-effective Advanced Nuclear Technology.",2017,INL-RPT-24-77048-R1.xlsx / MASTER_DATA_MAPPED col 44,GNCOA account; companion database to INL/RPT-24-77048
223.3,Safety Injection System,Factory Equipment Costs (2022 USD),0,AP1000,BE NOAK,"Stewart, W. R., Shirvan, K., Velez, E., & Wiser, R. Pathways to Cost-effective Advanced Nuclear Technology.",2017,INL-RPT-24-77048-R1.xlsx / MASTER_DATA_MAPPED col 45,GNCOA account; companion database to INL/RPT-24-77048
223.3,Safety Injection System,Site Labor Cost (2022 USD),0,AP1000,BE NOAK,"Stewart, W. R., Shirvan, K., Velez, E., & Wiser, R. Pathways to Cost-effective Advanced Nuclear Technology.",2017,INL-RPT-24-77048-R1.xlsx / MASTER_DATA_MAPPED col 46,GNCOA account; companion database to INL/RPT-24-77048
223.3,Safety Injection System,Site Material Cost (2022 USD),0,AP1000,BE NOAK,"Stewart, W. R., Shirvan, K., Velez, E., & Wiser, R. Pathways to Cost-effective Advanced Nuclear Technology.",2017,INL-RPT-24-77048-R1.xlsx / MASTER_DATA_MAPPED col 47,GNCOA account; companion database to INL/RPT-24-77048
223.3,Safety Injection System,Total Costs (2022 USD),0,AP1000,BE NOAK,"Stewart, W. R., Shirvan, K., Velez, E., & Wiser, R. Pathways to Cost-effective Advanced Nuclear Technology.",2017,INL-RPT-24-77048-R1.xlsx / MASTER_DATA_MAPPED col 48,GNCOA account; companion database to INL/RPT-24-77048
223.3,Safety Injection System,Factory Equipment Costs (2022 USD),0,AP1000,0,Shirvan Private Communication (TIMCAT data),unspecified,INL-RPT-24-77048-R1.xlsx / MASTER_DATA_MAPPED col 105,GNCOA account; companion database to INL/RPT-24-77048
223.3,Safety Injection System,Site Labor Cost (2022 USD),0,AP1000,0,Shirvan Private Communication (TIMCAT data),unspecified,INL-RPT-24-77048-R1.xlsx / MASTER_DATA_MAPPED col 106,GNCOA account; companion database to INL/RPT-24-77048
223.3,Safety Injection System,Site Material Cost (2022 USD),0,AP1000,0,Shirvan Private Communication (TIMCAT data),unspecified,INL-RPT-24-77048-R1.xlsx / MASTER_DATA_MAPPED col 107,GNCOA account; companion database to INL/RPT-24-77048
223.3,Safety Injection System,Total Costs (2022 USD),0,AP1000,NOAK,Shirvan Private Communication (Tim Cat Data),unspecified,INL-RPT-24-77048-R1.xlsx / MASTER_DATA_MAPPED col 108,GNCOA account; companion database to INL/RPT-24-77048
223.4,Containment Spray System,Factory Equipment Costs (2022 USD),0,AP1000,ME FOAK,"Stewart, W. R., Shirvan, K., Velez, E., & Wiser, R. Pathways to Cost-effective Advanced Nuclear Technology.",2017,INL-RPT-24-77048-R1.xlsx / MASTER_DATA_MAPPED col 41,GNCOA account; companion database to INL/RPT-24-77048
223.4,Containment Spray System,Site Labor Cost (2022 USD),0,AP1000,ME FOAK,"Stewart, W. R., Shirvan, K., Velez, E., & Wiser, R. Pathways to Cost-effective Advanced Nuclear Technology.",2017,INL-RPT-24-77048-R1.xlsx / MASTER_DATA_MAPPED col 42,GNCOA account; companion database to INL/RPT-24-77048
223.4,Containment Spray System,Site Material Cost (2022 USD),0,AP1000,ME FOAK,"Stewart, W. R., Shirvan, K., Velez, E., & Wiser, R. Pathways to Cost-effective Advanced Nuclear Technology.",2017,INL-RPT-24-77048-R1.xlsx / MASTER_DATA_MAPPED col 43,GNCOA account; companion database to INL/RPT-24-77048
223.4,Containment Spray System,Total Costs (2022 USD),0,AP1000,ME FOAK,"Stewart, W. R., Shirvan, K., Velez, E., & Wiser, R. Pathways to Cost-effective Advanced Nuclear Technology.",2017,INL-RPT-24-77048-R1.xlsx / MASTER_DATA_MAPPED col 44,GNCOA account; companion database to INL/RPT-24-77048
223.4,Containment Spray System,Factory Equipment Costs (2022 USD),0,AP1000,BE NOAK,"Stewart, W. R., Shirvan, K., Velez, E., & Wiser, R. Pathways to Cost-effective Advanced Nuclear Technology.",2017,INL-RPT-24-77048-R1.xlsx / MASTER_DATA_MAPPED col 45,GNCOA account; companion database to INL/RPT-24-77048
223.4,Containment Spray System,Site Labor Cost (2022 USD),0,AP1000,BE NOAK,"Stewart, W. R., Shirvan, K., Velez, E., & Wiser, R. Pathways to Cost-effective Advanced Nuclear Technology.",2017,INL-RPT-24-77048-R1.xlsx / MASTER_DATA_MAPPED col 46,GNCOA account; companion database to INL/RPT-24-77048
223.4,Containment Spray System,Site Material Cost (2022 USD),0,AP1000,BE NOAK,"Stewart, W. R., Shirvan, K., Velez, E., & Wiser, R. Pathways to Cost-effective Advanced Nuclear Technology.",2017,INL-RPT-24-77048-R1.xlsx / MASTER_DATA_MAPPED col 47,GNCOA account; companion database to INL/RPT-24-77048
223.4,Containment Spray System,Total Costs (2022 USD),0,AP1000,BE NOAK,"Stewart, W. R., Shirvan, K., Velez, E., & Wiser, R. Pathways to Cost-effective Advanced Nuclear Technology.",2017,INL-RPT-24-77048-R1.xlsx / MASTER_DATA_MAPPED col 48,GNCOA account; companion database to INL/RPT-24-77048
223.4,Containment Spray System,Factory Equipment Costs (2022 USD),0,AP1000,0,Shirvan Private Communication (TIMCAT data),unspecified,INL-RPT-24-77048-R1.xlsx / MASTER_DATA_MAPPED col 105,GNCOA account; companion database to INL/RPT-24-77048
223.4,Containment Spray System,Site Labor Cost (2022 USD),0,AP1000,0,Shirvan Private Communication (TIMCAT data),unspecified,INL-RPT-24-77048-R1.xlsx / MASTER_DATA_MAPPED col 106,GNCOA account; companion database to INL/RPT-24-77048
223.4,Containment Spray System,Site Material Cost (2022 USD),0,AP1000,0,Shirvan Private Communication (TIMCAT data),unspecified,INL-RPT-24-77048-R1.xlsx / MASTER_DATA_MAPPED col 107,GNCOA account; companion database to INL/RPT-24-77048
223.4,Containment Spray System,Total Costs (2022 USD),0,AP1000,NOAK,Shirvan Private Communication (Tim Cat Data),unspecified,INL-RPT-24-77048-R1.xlsx / MASTER_DATA_MAPPED col 108,GNCOA account; companion database to INL/RPT-24-77048
223.5,Combustible Gas Control System,Factory Equipment Costs (2022 USD),0,AP1000,ME FOAK,"Stewart, W. R., Shirvan, K., Velez, E., & Wiser, R. Pathways to Cost-effective Advanced Nuclear Technology.",2017,INL-RPT-24-77048-R1.xlsx / MASTER_DATA_MAPPED col 41,GNCOA account; companion database to INL/RPT-24-77048
223.5,Combustible Gas Control System,Site Labor Cost (2022 USD),0,AP1000,ME FOAK,"Stewart, W. R., Shirvan, K., Velez, E., & Wiser, R. Pathways to Cost-effective Advanced Nuclear Technology.",2017,INL-RPT-24-77048-R1.xlsx / MASTER_DATA_MAPPED col 42,GNCOA account; companion database to INL/RPT-24-77048
223.5,Combustible Gas Control System,Site Material Cost (2022 USD),0,AP1000,ME FOAK,"Stewart, W. R., Shirvan, K., Velez, E., & Wiser, R. Pathways to Cost-effective Advanced Nuclear Technology.",2017,INL-RPT-24-77048-R1.xlsx / MASTER_DATA_MAPPED col 43,GNCOA account; companion database to INL/RPT-24-77048
223.5,Combustible Gas Control System,Total Costs (2022 USD),0,AP1000,ME FOAK,"Stewart, W. R., Shirvan, K., Velez, E., & Wiser, R. Pathways to Cost-effective Advanced Nuclear Technology.",2017,INL-RPT-24-77048-R1.xlsx / MASTER_DATA_MAPPED col 44,GNCOA account; companion database to INL/RPT-24-77048
223.5,Combustible Gas Control System,Factory Equipment Costs (2022 USD),0,AP1000,BE NOAK,"Stewart, W. R., Shirvan, K., Velez, E., & Wiser, R. Pathways to Cost-effective Advanced Nuclear Technology.",2017,INL-RPT-24-77048-R1.xlsx / MASTER_DATA_MAPPED col 45,GNCOA account; companion database to INL/RPT-24-77048
223.5,Combustible Gas Control System,Site Labor Cost (2022 USD),0,AP1000,BE NOAK,"Stewart, W. R., Shirvan, K., Velez, E., & Wiser, R. Pathways to Cost-effective Advanced Nuclear Technology.",2017,INL-RPT-24-77048-R1.xlsx / MASTER_DATA_MAPPED col 46,GNCOA account; companion database to INL/RPT-24-77048
223.5,Combustible Gas Control System,Site Material Cost (2022 USD),0,AP1000,BE NOAK,"Stewart, W. R., Shirvan, K., Velez, E., & Wiser, R. Pathways to Cost-effective Advanced Nuclear Technology.",2017,INL-RPT-24-77048-R1.xlsx / MASTER_DATA_MAPPED col 47,GNCOA account; companion database to INL/RPT-24-77048
223.5,Combustible Gas Control System,Total Costs (2022 USD),0,AP1000,BE NOAK,"Stewart, W. R., Shirvan, K., Velez, E., & Wiser, R. Pathways to Cost-effective Advanced Nuclear Technology.",2017,INL-RPT-24-77048-R1.xlsx / MASTER_DATA_MAPPED col 48,GNCOA account; companion database to INL/RPT-24-77048
223.5,Combustible Gas Control System,Factory Equipment Costs (2022 USD),0,AP1000,0,Shirvan Private Communication (TIMCAT data),unspecified,INL-RPT-24-77048-R1.xlsx / MASTER_DATA_MAPPED col 105,GNCOA account; companion database to INL/RPT-24-77048
223.5,Combustible Gas Control System,Site Labor Cost (2022 USD),0,AP1000,0,Shirvan Private Communication (TIMCAT data),unspecified,INL-RPT-24-77048-R1.xlsx / MASTER_DATA_MAPPED col 106,GNCOA account; companion database to INL/RPT-24-77048
223.5,Combustible Gas Control System,Site Material Cost (2022 USD),0,AP1000,0,Shirvan Private Communication (TIMCAT data),unspecified,INL-RPT-24-77048-R1.xlsx / MASTER_DATA_MAPPED col 107,GNCOA account; companion database to INL/RPT-24-77048
223.5,Combustible Gas Control System,Total Costs (2022 USD),0,AP1000,NOAK,Shirvan Private Communication (Tim Cat Data),unspecified,INL-RPT-24-77048-R1.xlsx / MASTER_DATA_MAPPED col 108,GNCOA account; companion database to INL/RPT-24-77048
223.2,Reactor Cavity Cooling System (RCCS),Factory Equipment Costs (2022 USD),0,AP1000,ME FOAK,"Stewart, W. R., Shirvan, K., Velez, E., & Wiser, R. Pathways to Cost-effective Advanced Nuclear Technology.",2017,INL-RPT-24-77048-R1.xlsx / MASTER_DATA_MAPPED col 41,GNCOA account; companion database to INL/RPT-24-77048
223.2,Reactor Cavity Cooling System (RCCS),Site Labor Cost (2022 USD),0,AP1000,ME FOAK,"Stewart, W. R., Shirvan, K., Velez, E., & Wiser, R. Pathways to Cost-effective Advanced Nuclear Technology.",2017,INL-RPT-24-77048-R1.xlsx / MASTER_DATA_MAPPED col 42,GNCOA account; companion database to INL/RPT-24-77048
223.2,Reactor Cavity Cooling System (RCCS),Site Material Cost (2022 USD),0,AP1000,ME FOAK,"Stewart, W. R., Shirvan, K., Velez, E., & Wiser, R. Pathways to Cost-effective Advanced Nuclear Technology.",2017,INL-RPT-24-77048-R1.xlsx / MASTER_DATA_MAPPED col 43,GNCOA account; companion database to INL/RPT-24-77048
223.2,Reactor Cavity Cooling System (RCCS),Total Costs (2022 USD),0,AP1000,ME FOAK,"Stewart, W. R., Shirvan, K., Velez, E., & Wiser, R. Pathways to Cost-effective Advanced Nuclear Technology.",2017,INL-RPT-24-77048-R1.xlsx / MASTER_DATA_MAPPED col 44,GNCOA account; companion database to INL/RPT-24-77048
223.2,Reactor Cavity Cooling System (RCCS),Factory Equipment Costs (2022 USD),0,AP1000,BE NOAK,"Stewart, W. R., Shirvan, K., Velez, E., & Wiser, R. Pathways to Cost-effective Advanced Nuclear Technology.",2017,INL-RPT-24-77048-R1.xlsx / MASTER_DATA_MAPPED col 45,GNCOA account; companion database to INL/RPT-24-77048
223.2,Reactor Cavity Cooling System (RCCS),Site Labor Cost (2022 USD),0,AP1000,BE NOAK,"Stewart, W. R., Shirvan, K., Velez, E., & Wiser, R. Pathways to Cost-effective Advanced Nuclear Technology.",2017,INL-RPT-24-77048-R1.xlsx / MASTER_DATA_MAPPED col 46,GNCOA account; companion database to INL/RPT-24-77048
223.2,Reactor Cavity Cooling System (RCCS),Site Material Cost (2022 USD),0,AP1000,BE NOAK,"Stewart, W. R., Shirvan, K., Velez, E., & Wiser, R. Pathways to Cost-effective Advanced Nuclear Technology.",2017,INL-RPT-24-77048-R1.xlsx / MASTER_DATA_MAPPED col 47,GNCOA account; companion database to INL/RPT-24-77048
223.2,Reactor Cavity Cooling System (RCCS),Total Costs (2022 USD),0,AP1000,BE NOAK,"Stewart, W. R., Shirvan, K., Velez, E., & Wiser, R. Pathways to Cost-effective Advanced Nuclear Technology.",2017,INL-RPT-24-77048-R1.xlsx / MASTER_DATA_MAPPED col 48,GNCOA account; companion database to INL/RPT-24-77048
223.2,Reactor Cavity Cooling System (RCCS),Factory Equipment Costs (2022 USD),0,AP1000,0,Shirvan Private Communication (TIMCAT data),unspecified,INL-RPT-24-77048-R1.xlsx / MASTER_DATA_MAPPED col 105,GNCOA account; companion database to INL/RPT-24-77048
223.2,Reactor Cavity Cooling System (RCCS),Site Labor Cost (2022 USD),0,AP1000,0,Shirvan Private Communication (TIMCAT data),unspecified,INL-RPT-24-77048-R1.xlsx / MASTER_DATA_MAPPED col 106,GNCOA account; companion database to INL/RPT-24-77048
223.2,Reactor Cavity Cooling System (RCCS),Site Material Cost (2022 USD),0,AP1000,0,Shirvan Private Communication (TIMCAT data),unspecified,INL-RPT-24-77048-R1.xlsx / MASTER_DATA_MAPPED col 107,GNCOA account; companion database to INL/RPT-24-77048
223.2,Reactor Cavity Cooling System (RCCS),Total Costs (2022 USD),0,AP1000,NOAK,Shirvan Private Communication (Tim Cat Data),unspecified,INL-RPT-24-77048-R1.xlsx / MASTER_DATA_MAPPED col 108,GNCOA account; companion database to INL/RPT-24-77048
224,Radioactive Byproduct Processing Systems,Factory Equipment Costs (2022 USD),0,AP1000,ME FOAK,"Stewart, W. R., Shirvan, K., Velez, E., & Wiser, R. Pathways to Cost-effective Advanced Nuclear Technology.",2017,INL-RPT-24-77048-R1.xlsx / MASTER_DATA_MAPPED col 41,GNCOA account; companion database to INL/RPT-24-77048
224,Radioactive Byproduct Processing Systems,Site Labor Cost (2022 USD),0,AP1000,ME FOAK,"Stewart, W. R., Shirvan, K., Velez, E., & Wiser, R. Pathways to Cost-effective Advanced Nuclear Technology.",2017,INL-RPT-24-77048-R1.xlsx / MASTER_DATA_MAPPED col 42,GNCOA account; companion database to INL/RPT-24-77048
224,Radioactive Byproduct Processing Systems,Site Material Cost (2022 USD),0,AP1000,ME FOAK,"Stewart, W. R., Shirvan, K., Velez, E., & Wiser, R. Pathways to Cost-effective Advanced Nuclear Technology.",2017,INL-RPT-24-77048-R1.xlsx / MASTER_DATA_MAPPED col 43,GNCOA account; companion database to INL/RPT-24-77048
224,Radioactive Byproduct Processing Systems,Total Costs (2022 USD),0,AP1000,ME FOAK,"Stewart, W. R., Shirvan, K., Velez, E., & Wiser, R. Pathways to Cost-effective Advanced Nuclear Technology.",2017,INL-RPT-24-77048-R1.xlsx / MASTER_DATA_MAPPED col 44,GNCOA account; companion database to INL/RPT-24-77048
224,Radioactive Byproduct Processing Systems,Factory Equipment Costs (2022 USD),0,AP1000,BE NOAK,"Stewart, W. R., Shirvan, K., Velez, E., & Wiser, R. Pathways to Cost-effective Advanced Nuclear Technology.",2017,INL-RPT-24-77048-R1.xlsx / MASTER_DATA_MAPPED col 45,GNCOA account; companion database to INL/RPT-24-77048
224,Radioactive Byproduct Processing Systems,Site Labor Cost (2022 USD),0,AP1000,BE NOAK,"Stewart, W. R., Shirvan, K., Velez, E., & Wiser, R. Pathways to Cost-effective Advanced Nuclear Technology.",2017,INL-RPT-24-77048-R1.xlsx / MASTER_DATA_MAPPED col 46,GNCOA account; companion database to INL/RPT-24-77048
224,Radioactive Byproduct Processing Systems,Site Material Cost (2022 USD),0,AP1000,BE NOAK,"Stewart, W. R., Shirvan, K., Velez, E., & Wiser, R. Pathways to Cost-effective Advanced Nuclear Technology.",2017,INL-RPT-24-77048-R1.xlsx / MASTER_DATA_MAPPED col 47,GNCOA account; companion database to INL/RPT-24-77048
224,Radioactive Byproduct Processing Systems,Total Costs (2022 USD),0,AP1000,BE NOAK,"Stewart, W. R., Shirvan, K., Velez, E., & Wiser, R. Pathways to Cost-effective Advanced Nuclear Technology.",2017,INL-RPT-24-77048-R1.xlsx / MASTER_DATA_MAPPED col 48,GNCOA account; companion database to INL/RPT-24-77048
224,Radioactive Byproduct Processing Systems,Factory Equipment Costs (2022 USD),26220307.7127478,AP1000,0,Shirvan Private Communication (TIMCAT data),unspecified,INL-RPT-24-77048-R1.xlsx / MASTER_DATA_MAPPED col 105,GNCOA account; companion database to INL/RPT-24-77048
224,Radioactive Byproduct Processing Systems,Site Labor Cost (2022 USD),11780886.2725053,AP1000,0,Shirvan Private Communication (TIMCAT data),unspecified,INL-RPT-24-77048-R1.xlsx / MASTER_DATA_MAPPED col 106,GNCOA account; companion database to INL/RPT-24-77048
224,Radioactive Byproduct Processing Systems,Site Material Cost (2022 USD),1478029.19722902,AP1000,0,Shirvan Private Communication (TIMCAT data),unspecified,INL-RPT-24-77048-R1.xlsx / MASTER_DATA_MAPPED col 107,GNCOA account; companion database to INL/RPT-24-77048
224,Radioactive Byproduct Processing Systems,Total Costs (2022 USD),39479223.1824822,AP1000,NOAK,Shirvan Private Communication (Tim Cat Data),unspecified,INL-RPT-24-77048-R1.xlsx / MASTER_DATA_MAPPED col 108,GNCOA account; companion database to INL/RPT-24-77048
225,Fuel Handling Systems,Factory Equipment Costs (2022 USD),0,AP1000,ME FOAK,"Stewart, W. R., Shirvan, K., Velez, E., & Wiser, R. Pathways to Cost-effective Advanced Nuclear Technology.",2017,INL-RPT-24-77048-R1.xlsx / MASTER_DATA_MAPPED col 41,GNCOA account; companion database to INL/RPT-24-77048
225,Fuel Handling Systems,Site Labor Cost (2022 USD),0,AP1000,ME FOAK,"Stewart, W. R., Shirvan, K., Velez, E., & Wiser, R. Pathways to Cost-effective Advanced Nuclear Technology.",2017,INL-RPT-24-77048-R1.xlsx / MASTER_DATA_MAPPED col 42,GNCOA account; companion database to INL/RPT-24-77048
225,Fuel Handling Systems,Site Material Cost (2022 USD),0,AP1000,ME FOAK,"Stewart, W. R., Shirvan, K., Velez, E., & Wiser, R. Pathways to Cost-effective Advanced Nuclear Technology.",2017,INL-RPT-24-77048-R1.xlsx / MASTER_DATA_MAPPED col 43,GNCOA account; companion database to INL/RPT-24-77048
225,Fuel Handling Systems,Total Costs (2022 USD),0,AP1000,ME FOAK,"Stewart, W. R., Shirvan, K., Velez, E., & Wiser, R. Pathways to Cost-effective Advanced Nuclear Technology.",2017,INL-RPT-24-77048-R1.xlsx / MASTER_DATA_MAPPED col 44,GNCOA account; companion database to INL/RPT-24-77048
225,Fuel Handling Systems,Factory Equipment Costs (2022 USD),0,AP1000,BE NOAK,"Stewart, W. R., Shirvan, K., Velez, E., & Wiser, R. Pathways to Cost-effective Advanced Nuclear Technology.",2017,INL-RPT-24-77048-R1.xlsx / MASTER_DATA_MAPPED col 45,GNCOA account; companion database to INL/RPT-24-77048
225,Fuel Handling Systems,Site Labor Cost (2022 USD),0,AP1000,BE NOAK,"Stewart, W. R., Shirvan, K., Velez, E., & Wiser, R. Pathways to Cost-effective Advanced Nuclear Technology.",2017,INL-RPT-24-77048-R1.xlsx / MASTER_DATA_MAPPED col 46,GNCOA account; companion database to INL/RPT-24-77048
225,Fuel Handling Systems,Site Material Cost (2022 USD),0,AP1000,BE NOAK,"Stewart, W. R., Shirvan, K., Velez, E., & Wiser, R. Pathways to Cost-effective Advanced Nuclear Technology.",2017,INL-RPT-24-77048-R1.xlsx / MASTER_DATA_MAPPED col 47,GNCOA account; companion database to INL/RPT-24-77048
225,Fuel Handling Systems,Total Costs (2022 USD),0,AP1000,BE NOAK,"Stewart, W. R., Shirvan, K., Velez, E., & Wiser, R. Pathways to Cost-effective Advanced Nuclear Technology.",2017,INL-RPT-24-77048-R1.xlsx / MASTER_DATA_MAPPED col 48,GNCOA account; companion database to INL/RPT-24-77048
225,Fuel Handling Systems,Factory Equipment Costs (2022 USD),3200761.72765788,AP1000,0,Shirvan Private Communication (TIMCAT data),unspecified,INL-RPT-24-77048-R1.xlsx / MASTER_DATA_MAPPED col 105,GNCOA account; companion database to INL/RPT-24-77048
225,Fuel Handling Systems,Site Labor Cost (2022 USD),1148952.85198066,AP1000,0,Shirvan Private Communication (TIMCAT data),unspecified,INL-RPT-24-77048-R1.xlsx / MASTER_DATA_MAPPED col 106,GNCOA account; companion database to INL/RPT-24-77048
225,Fuel Handling Systems,Site Material Cost (2022 USD),132043.578128386,AP1000,0,Shirvan Private Communication (TIMCAT data),unspecified,INL-RPT-24-77048-R1.xlsx / MASTER_DATA_MAPPED col 107,GNCOA account; companion database to INL/RPT-24-77048
225,Fuel Handling Systems,Total Costs (2022 USD),4481758.15776693,AP1000,NOAK,Shirvan Private Communication (Tim Cat Data),unspecified,INL-RPT-24-77048-R1.xlsx / MASTER_DATA_MAPPED col 108,GNCOA account; companion database to INL/RPT-24-77048
225.1,Core Refueling Equipment,Factory Equipment Costs (2022 USD),0,AP1000,ME FOAK,"Stewart, W. R., Shirvan, K., Velez, E., & Wiser, R. Pathways to Cost-effective Advanced Nuclear Technology.",2017,INL-RPT-24-77048-R1.xlsx / MASTER_DATA_MAPPED col 41,GNCOA account; companion database to INL/RPT-24-77048
225.1,Core Refueling Equipment,Site Labor Cost (2022 USD),0,AP1000,ME FOAK,"Stewart, W. R., Shirvan, K., Velez, E., & Wiser, R. Pathways to Cost-effective Advanced Nuclear Technology.",2017,INL-RPT-24-77048-R1.xlsx / MASTER_DATA_MAPPED col 42,GNCOA account; companion database to INL/RPT-24-77048
225.1,Core Refueling Equipment,Site Material Cost (2022 USD),0,AP1000,ME FOAK,"Stewart, W. R., Shirvan, K., Velez, E., & Wiser, R. Pathways to Cost-effective Advanced Nuclear Technology.",2017,INL-RPT-24-77048-R1.xlsx / MASTER_DATA_MAPPED col 43,GNCOA account; companion database to INL/RPT-24-77048
225.1,Core Refueling Equipment,Total Costs (2022 USD),0,AP1000,ME FOAK,"Stewart, W. R., Shirvan, K., Velez, E., & Wiser, R. Pathways to Cost-effective Advanced Nuclear Technology.",2017,INL-RPT-24-77048-R1.xlsx / MASTER_DATA_MAPPED col 44,GNCOA account; companion database to INL/RPT-24-77048
225.1,Core Refueling Equipment,Factory Equipment Costs (2022 USD),0,AP1000,BE NOAK,"Stewart, W. R., Shirvan, K., Velez, E., & Wiser, R. Pathways to Cost-effective Advanced Nuclear Technology.",2017,INL-RPT-24-77048-R1.xlsx / MASTER_DATA_MAPPED col 45,GNCOA account; companion database to INL/RPT-24-77048
225.1,Core Refueling Equipment,Site Labor Cost (2022 USD),0,AP1000,BE NOAK,"Stewart, W. R., Shirvan, K., Velez, E., & Wiser, R. Pathways to Cost-effective Advanced Nuclear Technology.",2017,INL-RPT-24-77048-R1.xlsx / MASTER_DATA_MAPPED col 46,GNCOA account; companion database to INL/RPT-24-77048
225.1,Core Refueling Equipment,Site Material Cost (2022 USD),0,AP1000,BE NOAK,"Stewart, W. R., Shirvan, K., Velez, E., & Wiser, R. Pathways to Cost-effective Advanced Nuclear Technology.",2017,INL-RPT-24-77048-R1.xlsx / MASTER_DATA_MAPPED col 47,GNCOA account; companion database to INL/RPT-24-77048
225.1,Core Refueling Equipment,Total Costs (2022 USD),0,AP1000,BE NOAK,"Stewart, W. R., Shirvan, K., Velez, E., & Wiser, R. Pathways to Cost-effective Advanced Nuclear Technology.",2017,INL-RPT-24-77048-R1.xlsx / MASTER_DATA_MAPPED col 48,GNCOA account; companion database to INL/RPT-24-77048
225.1,Core Refueling Equipment,Factory Equipment Costs (2022 USD),0,AP1000,0,Shirvan Private Communication (TIMCAT data),unspecified,INL-RPT-24-77048-R1.xlsx / MASTER_DATA_MAPPED col 105,GNCOA account; companion database to INL/RPT-24-77048
225.1,Core Refueling Equipment,Site Labor Cost (2022 USD),0,AP1000,0,Shirvan Private Communication (TIMCAT data),unspecified,INL-RPT-24-77048-R1.xlsx / MASTER_DATA_MAPPED col 106,GNCOA account; companion database to INL/RPT-24-77048
225.1,Core Refueling Equipment,Site Material Cost (2022 USD),0,AP1000,0,Shirvan Private Communication (TIMCAT data),unspecified,INL-RPT-24-77048-R1.xlsx / MASTER_DATA_MAPPED col 107,GNCOA account; companion database to INL/RPT-24-77048
225.1,Core Refueling Equipment,Total Costs (2022 USD),0,AP1000,NOAK,Shirvan Private Communication (Tim Cat Data),unspecified,INL-RPT-24-77048-R1.xlsx / MASTER_DATA_MAPPED col 108,GNCOA account; companion database to INL/RPT-24-77048
226,Other Reactor Plant Equipment,Factory Equipment Costs (2022 USD),0,AP1000,ME FOAK,"Stewart, W. R., Shirvan, K., Velez, E., & Wiser, R. Pathways to Cost-effective Advanced Nuclear Technology.",2017,INL-RPT-24-77048-R1.xlsx / MASTER_DATA_MAPPED col 41,GNCOA account; companion database to INL/RPT-24-77048
226,Other Reactor Plant Equipment,Site Labor Cost (2022 USD),0,AP1000,ME FOAK,"Stewart, W. R., Shirvan, K., Velez, E., & Wiser, R. Pathways to Cost-effective Advanced Nuclear Technology.",2017,INL-RPT-24-77048-R1.xlsx / MASTER_DATA_MAPPED col 42,GNCOA account; companion database to INL/RPT-24-77048
226,Other Reactor Plant Equipment,Site Material Cost (2022 USD),0,AP1000,ME FOAK,"Stewart, W. R., Shirvan, K., Velez, E., & Wiser, R. Pathways to Cost-effective Advanced Nuclear Technology.",2017,INL-RPT-24-77048-R1.xlsx / MASTER_DATA_MAPPED col 43,GNCOA account; companion database to INL/RPT-24-77048
226,Other Reactor Plant Equipment,Total Costs (2022 USD),0,AP1000,ME FOAK,"Stewart, W. R., Shirvan, K., Velez, E., & Wiser, R. Pathways to Cost-effective Advanced Nuclear Technology.",2017,INL-RPT-24-77048-R1.xlsx / MASTER_DATA_MAPPED col 44,GNCOA account; companion database to INL/RPT-24-77048
226,Other Reactor Plant Equipment,Factory Equipment Costs (2022 USD),0,AP1000,BE NOAK,"Stewart, W. R., Shirvan, K., Velez, E., & Wiser, R. Pathways to Cost-effective Advanced Nuclear Technology.",2017,INL-RPT-24-77048-R1.xlsx / MASTER_DATA_MAPPED col 45,GNCOA account; companion database to INL/RPT-24-77048
226,Other Reactor Plant Equipment,Site Labor Cost (2022 USD),0,AP1000,BE NOAK,"Stewart, W. R., Shirvan, K., Velez, E., & Wiser, R. Pathways to Cost-effective Advanced Nuclear Technology.",2017,INL-RPT-24-77048-R1.xlsx / MASTER_DATA_MAPPED col 46,GNCOA account; companion database to INL/RPT-24-77048
226,Other Reactor Plant Equipment,Site Material Cost (2022 USD),0,AP1000,BE NOAK,"Stewart, W. R., Shirvan, K., Velez, E., & Wiser, R. Pathways to Cost-effective Advanced Nuclear Technology.",2017,INL-RPT-24-77048-R1.xlsx / MASTER_DATA_MAPPED col 47,GNCOA account; companion database to INL/RPT-24-77048
226,Other Reactor Plant Equipment,Total Costs (2022 USD),0,AP1000,BE NOAK,"Stewart, W. R., Shirvan, K., Velez, E., & Wiser, R. Pathways to Cost-effective Advanced Nuclear Technology.",2017,INL-RPT-24-77048-R1.xlsx / MASTER_DATA_MAPPED col 48,GNCOA account; companion database to INL/RPT-24-77048
226,Other Reactor Plant Equipment,Factory Equipment Costs (2022 USD),28763224.6655194,AP1000,0,Shirvan Private Communication (TIMCAT data),unspecified,INL-RPT-24-77048-R1.xlsx / MASTER_DATA_MAPPED col 105,GNCOA account; companion database to INL/RPT-24-77048
226,Other Reactor Plant Equipment,Site Labor Cost (2022 USD),26126623.1382557,AP1000,0,Shirvan Private Communication (TIMCAT data),unspecified,INL-RPT-24-77048-R1.xlsx / MASTER_DATA_MAPPED col 106,GNCOA account; companion database to INL/RPT-24-77048
226,Other Reactor Plant Equipment,Site Material Cost (2022 USD),3911916.27810409,AP1000,0,Shirvan Private Communication (TIMCAT data),unspecified,INL-RPT-24-77048-R1.xlsx / MASTER_DATA_MAPPED col 107,GNCOA account; companion database to INL/RPT-24-77048
226,Other Reactor Plant Equipment,Total Costs (2022 USD),58801764.0818793,AP1000,NOAK,Shirvan Private Communication (Tim Cat Data),unspecified,INL-RPT-24-77048-R1.xlsx / MASTER_DATA_MAPPED col 108,GNCOA account; companion database to INL/RPT-24-77048
227,Reactor Instrumentation and Control (I&C),Factory Equipment Costs (2022 USD),0,AP1000,ME FOAK,"Stewart, W. R., Shirvan, K., Velez, E., & Wiser, R. Pathways to Cost-effective Advanced Nuclear Technology.",2017,INL-RPT-24-77048-R1.xlsx / MASTER_DATA_MAPPED col 41,GNCOA account; companion database to INL/RPT-24-77048
227,Reactor Instrumentation and Control (I&C),Site Labor Cost (2022 USD),0,AP1000,ME FOAK,"Stewart, W. R., Shirvan, K., Velez, E., & Wiser, R. Pathways to Cost-effective Advanced Nuclear Technology.",2017,INL-RPT-24-77048-R1.xlsx / MASTER_DATA_MAPPED col 42,GNCOA account; companion database to INL/RPT-24-77048
227,Reactor Instrumentation and Control (I&C),Site Material Cost (2022 USD),0,AP1000,ME FOAK,"Stewart, W. R., Shirvan, K., Velez, E., & Wiser, R. Pathways to Cost-effective Advanced Nuclear Technology.",2017,INL-RPT-24-77048-R1.xlsx / MASTER_DATA_MAPPED col 43,GNCOA account; companion database to INL/RPT-24-77048
227,Reactor Instrumentation and Control (I&C),Total Costs (2022 USD),0,AP1000,ME FOAK,"Stewart, W. R., Shirvan, K., Velez, E., & Wiser, R. Pathways to Cost-effective Advanced Nuclear Technology.",2017,INL-RPT-24-77048-R1.xlsx / MASTER_DATA_MAPPED col 44,GNCOA account; companion database to INL/RPT-24-77048
227,Reactor Instrumentation and Control (I&C),Factory Equipment Costs (2022 USD),0,AP1000,BE NOAK,"Stewart, W. R., Shirvan, K., Velez, E., & Wiser, R. Pathways to Cost-effective Advanced Nuclear Technology.",2017,INL-RPT-24-77048-R1.xlsx / MASTER_DATA_MAPPED col 45,GNCOA account; companion database to INL/RPT-24-77048
227,Reactor Instrumentation and Control (I&C),Site Labor Cost (2022 USD),0,AP1000,BE NOAK,"Stewart, W. R., Shirvan, K., Velez, E., & Wiser, R. Pathways to Cost-effective Advanced Nuclear Technology.",2017,INL-RPT-24-77048-R1.xlsx / MASTER_DATA_MAPPED col 46,GNCOA account; companion database to INL/RPT-24-77048
227,Reactor Instrumentation and Control (I&C),Site Material Cost (2022 USD),0,AP1000,BE NOAK,"Stewart, W. R., Shirvan, K., Velez, E., & Wiser, R. Pathways to Cost-effective Advanced Nuclear Technology.",2017,INL-RPT-24-77048-R1.xlsx / MASTER_DATA_MAPPED col 47,GNCOA account; companion database to INL/RPT-24-77048
227,Reactor Instrumentation and Control (I&C),Total Costs (2022 USD),0,AP1000,BE NOAK,"Stewart, W. R., Shirvan, K., Velez, E., & Wiser, R. Pathways to Cost-effective Advanced Nuclear Technology.",2017,INL-RPT-24-77048-R1.xlsx / MASTER_DATA_MAPPED col 48,GNCOA account; companion database to INL/RPT-24-77048
227,Reactor Instrumentation and Control (I&C),Factory Equipment Costs (2022 USD),31982108.1566791,AP1000,0,Shirvan Private Communication (TIMCAT data),unspecified,INL-RPT-24-77048-R1.xlsx / MASTER_DATA_MAPPED col 105,GNCOA account; companion database to INL/RPT-24-77048
227,Reactor Instrumentation and Control (I&C),Site Labor Cost (2022 USD),14674658.4875367,AP1000,0,Shirvan Private Communication (TIMCAT data),unspecified,INL-RPT-24-77048-R1.xlsx / MASTER_DATA_MAPPED col 106,GNCOA account; companion database to INL/RPT-24-77048
227,Reactor Instrumentation and Control (I&C),Site Material Cost (2022 USD),1599725.14140523,AP1000,0,Shirvan Private Communication (TIMCAT data),unspecified,INL-RPT-24-77048-R1.xlsx / MASTER_DATA_MAPPED col 107,GNCOA account; companion database to INL/RPT-24-77048
227,Reactor Instrumentation and Control (I&C),Total Costs (2022 USD),48256491.785621,AP1000,NOAK,Shirvan Private Communication (Tim Cat Data),unspecified,INL-RPT-24-77048-R1.xlsx / MASTER_DATA_MAPPED col 108,GNCOA account; companion database to INL/RPT-24-77048
228,Reactor Plant Miscellaneous Items,Factory Equipment Costs (2022 USD),0,AP1000,ME FOAK,"Stewart, W. R., Shirvan, K., Velez, E., & Wiser, R. Pathways to Cost-effective Advanced Nuclear Technology.",2017,INL-RPT-24-77048-R1.xlsx / MASTER_DATA_MAPPED col 41,GNCOA account; companion database to INL/RPT-24-77048
228,Reactor Plant Miscellaneous Items,Site Labor Cost (2022 USD),0,AP1000,ME FOAK,"Stewart, W. R., Shirvan, K., Velez, E., & Wiser, R. Pathways to Cost-effective Advanced Nuclear Technology.",2017,INL-RPT-24-77048-R1.xlsx / MASTER_DATA_MAPPED col 42,GNCOA account; companion database to INL/RPT-24-77048
228,Reactor Plant Miscellaneous Items,Site Material Cost (2022 USD),0,AP1000,ME FOAK,"Stewart, W. R., Shirvan, K., Velez, E., & Wiser, R. Pathways to Cost-effective Advanced Nuclear Technology.",2017,INL-RPT-24-77048-R1.xlsx / MASTER_DATA_MAPPED col 43,GNCOA account; companion database to INL/RPT-24-77048
228,Reactor Plant Miscellaneous Items,Total Costs (2022 USD),0,AP1000,ME FOAK,"Stewart, W. R., Shirvan, K., Velez, E., & Wiser, R. Pathways to Cost-effective Advanced Nuclear Technology.",2017,INL-RPT-24-77048-R1.xlsx / MASTER_DATA_MAPPED col 44,GNCOA account; companion database to INL/RPT-24-77048
228,Reactor Plant Miscellaneous Items,Factory Equipment Costs (2022 USD),0,AP1000,BE NOAK,"Stewart, W. R., Shirvan, K., Velez, E., & Wiser, R. Pathways to Cost-effective Advanced Nuclear Technology.",2017,INL-RPT-24-77048-R1.xlsx / MASTER_DATA_MAPPED col 45,GNCOA account; companion database to INL/RPT-24-77048
228,Reactor Plant Miscellaneous Items,Site Labor Cost (2022 USD),0,AP1000,BE NOAK,"Stewart, W. R., Shirvan, K., Velez, E., & Wiser, R. Pathways to Cost-effective Advanced Nuclear Technology.",2017,INL-RPT-24-77048-R1.xlsx / MASTER_DATA_MAPPED col 46,GNCOA account; companion database to INL/RPT-24-77048
228,Reactor Plant Miscellaneous Items,Site Material Cost (2022 USD),0,AP1000,BE NOAK,"Stewart, W. R., Shirvan, K., Velez, E., & Wiser, R. Pathways to Cost-effective Advanced Nuclear Technology.",2017,INL-RPT-24-77048-R1.xlsx / MASTER_DATA_MAPPED col 47,GNCOA account; companion database to INL/RPT-24-77048
228,Reactor Plant Miscellaneous Items,Total Costs (2022 USD),0,AP1000,BE NOAK,"Stewart, W. R., Shirvan, K., Velez, E., & Wiser, R. Pathways to Cost-effective Advanced Nuclear Technology.",2017,INL-RPT-24-77048-R1.xlsx / MASTER_DATA_MAPPED col 48,GNCOA account; companion database to INL/RPT-24-77048
228,Reactor Plant Miscellaneous Items,Factory Equipment Costs (2022 USD),0,AP1000,0,Shirvan Private Communication (TIMCAT data),unspecified,INL-RPT-24-77048-R1.xlsx / MASTER_DATA_MAPPED col 105,GNCOA account; companion database to INL/RPT-24-77048
228,Reactor Plant Miscellaneous Items,Site Labor Cost (2022 USD),8260427.51784042,AP1000,0,Shirvan Private Communication (TIMCAT data),unspecified,INL-RPT-24-77048-R1.xlsx / MASTER_DATA_MAPPED col 106,GNCOA account; companion database to INL/RPT-24-77048
228,Reactor Plant Miscellaneous Items,Site Material Cost (2022 USD),5632313.25703266,AP1000,0,Shirvan Private Communication (TIMCAT data),unspecified,INL-RPT-24-77048-R1.xlsx / MASTER_DATA_MAPPED col 107,GNCOA account; companion database to INL/RPT-24-77048
228,Reactor Plant Miscellaneous Items,Total Costs (2022 USD),13892740.774873,AP1000,NOAK,Shirvan Private Communication (Tim Cat Data),unspecified,INL-RPT-24-77048-R1.xlsx / MASTER_DATA_MAPPED col 108,GNCOA account; companion database to INL/RPT-24-77048
23,Energy Conversion System,Factory Equipment Costs (2022 USD),0,AP1000,ME FOAK,"Stewart, W. R., Shirvan, K., Velez, E., & Wiser, R. Pathways to Cost-effective Advanced Nuclear Technology.",2017,INL-RPT-24-77048-R1.xlsx / MASTER_DATA_MAPPED col 41,GNCOA account; companion database to INL/RPT-24-77048
23,Energy Conversion System,Site Labor Cost (2022 USD),0,AP1000,ME FOAK,"Stewart, W. R., Shirvan, K., Velez, E., & Wiser, R. Pathways to Cost-effective Advanced Nuclear Technology.",2017,INL-RPT-24-77048-R1.xlsx / MASTER_DATA_MAPPED col 42,GNCOA account; companion database to INL/RPT-24-77048
23,Energy Conversion System,Site Material Cost (2022 USD),0,AP1000,ME FOAK,"Stewart, W. R., Shirvan, K., Velez, E., & Wiser, R. Pathways to Cost-effective Advanced Nuclear Technology.",2017,INL-RPT-24-77048-R1.xlsx / MASTER_DATA_MAPPED col 43,GNCOA account; companion database to INL/RPT-24-77048
23,Energy Conversion System,Total Costs (2022 USD),1730000000,AP1000,ME FOAK,"Stewart, W. R., Shirvan, K., Velez, E., & Wiser, R. Pathways to Cost-effective Advanced Nuclear Technology.",2017,INL-RPT-24-77048-R1.xlsx / MASTER_DATA_MAPPED col 44,GNCOA account; companion database to INL/RPT-24-77048
23,Energy Conversion System,Factory Equipment Costs (2022 USD),0,AP1000,BE NOAK,"Stewart, W. R., Shirvan, K., Velez, E., & Wiser, R. Pathways to Cost-effective Advanced Nuclear Technology.",2017,INL-RPT-24-77048-R1.xlsx / MASTER_DATA_MAPPED col 45,GNCOA account; companion database to INL/RPT-24-77048
23,Energy Conversion System,Site Labor Cost (2022 USD),0,AP1000,BE NOAK,"Stewart, W. R., Shirvan, K., Velez, E., & Wiser, R. Pathways to Cost-effective Advanced Nuclear Technology.",2017,INL-RPT-24-77048-R1.xlsx / MASTER_DATA_MAPPED col 46,GNCOA account; companion database to INL/RPT-24-77048
23,Energy Conversion System,Site Material Cost (2022 USD),0,AP1000,BE NOAK,"Stewart, W. R., Shirvan, K., Velez, E., & Wiser, R. Pathways to Cost-effective Advanced Nuclear Technology.",2017,INL-RPT-24-77048-R1.xlsx / MASTER_DATA_MAPPED col 47,GNCOA account; companion database to INL/RPT-24-77048
23,Energy Conversion System,Total Costs (2022 USD),990000000,AP1000,BE NOAK,"Stewart, W. R., Shirvan, K., Velez, E., & Wiser, R. Pathways to Cost-effective Advanced Nuclear Technology.",2017,INL-RPT-24-77048-R1.xlsx / MASTER_DATA_MAPPED col 48,GNCOA account; companion database to INL/RPT-24-77048
23,Energy Conversion System,Factory Equipment Costs (2022 USD),1521022321.1706462,AP1000,0,Shirvan Private Communication (TIMCAT data),unspecified,INL-RPT-24-77048-R1.xlsx / MASTER_DATA_MAPPED col 105,GNCOA account; companion database to INL/RPT-24-77048
23,Energy Conversion System,Site Labor Cost (2022 USD),510579012.09724134,AP1000,0,Shirvan Private Communication (TIMCAT data),unspecified,INL-RPT-24-77048-R1.xlsx / MASTER_DATA_MAPPED col 106,GNCOA account; companion database to INL/RPT-24-77048
23,Energy Conversion System,Site Material Cost (2022 USD),96771960.94484445,AP1000,0,Shirvan Private Communication (TIMCAT data),unspecified,INL-RPT-24-77048-R1.xlsx / MASTER_DATA_MAPPED col 107,GNCOA account; companion database to INL/RPT-24-77048
23,Energy Conversion System,Total Costs (2022 USD),614814270.1670141,AP1000,NOAK,Shirvan Private Communication (Tim Cat Data),unspecified,INL-RPT-24-77048-R1.xlsx / MASTER_DATA_MAPPED col 108,GNCOA account; companion database to INL/RPT-24-77048
231,Reactor-Application Interface Systems,Factory Equipment Costs (2022 USD),0,AP1000,ME FOAK,"Stewart, W. R., Shirvan, K., Velez, E., & Wiser, R. Pathways to Cost-effective Advanced Nuclear Technology.",2017,INL-RPT-24-77048-R1.xlsx / MASTER_DATA_MAPPED col 41,GNCOA account; companion database to INL/RPT-24-77048
231,Reactor-Application Interface Systems,Site Labor Cost (2022 USD),0,AP1000,ME FOAK,"Stewart, W. R., Shirvan, K., Velez, E., & Wiser, R. Pathways to Cost-effective Advanced Nuclear Technology.",2017,INL-RPT-24-77048-R1.xlsx / MASTER_DATA_MAPPED col 42,GNCOA account; companion database to INL/RPT-24-77048
231,Reactor-Application Interface Systems,Site Material Cost (2022 USD),0,AP1000,ME FOAK,"Stewart, W. R., Shirvan, K., Velez, E., & Wiser, R. Pathways to Cost-effective Advanced Nuclear Technology.",2017,INL-RPT-24-77048-R1.xlsx / MASTER_DATA_MAPPED col 43,GNCOA account; companion database to INL/RPT-24-77048
231,Reactor-Application Interface Systems,Total Costs (2022 USD),0,AP1000,ME FOAK,"Stewart, W. R., Shirvan, K., Velez, E., & Wiser, R. Pathways to Cost-effective Advanced Nuclear Technology.",2017,INL-RPT-24-77048-R1.xlsx / MASTER_DATA_MAPPED col 44,GNCOA account; companion database to INL/RPT-24-77048
231,Reactor-Application Interface Systems,Factory Equipment Costs (2022 USD),0,AP1000,BE NOAK,"Stewart, W. R., Shirvan, K., Velez, E., & Wiser, R. Pathways to Cost-effective Advanced Nuclear Technology.",2017,INL-RPT-24-77048-R1.xlsx / MASTER_DATA_MAPPED col 45,GNCOA account; companion database to INL/RPT-24-77048
231,Reactor-Application Interface Systems,Site Labor Cost (2022 USD),0,AP1000,BE NOAK,"Stewart, W. R., Shirvan, K., Velez, E., & Wiser, R. Pathways to Cost-effective Advanced Nuclear Technology.",2017,INL-RPT-24-77048-R1.xlsx / MASTER_DATA_MAPPED col 46,GNCOA account; companion database to INL/RPT-24-77048
231,Reactor-Application Interface Systems,Site Material Cost (2022 USD),0,AP1000,BE NOAK,"Stewart, W. R., Shirvan, K., Velez, E., & Wiser, R. Pathways to Cost-effective Advanced Nuclear Technology.",2017,INL-RPT-24-77048-R1.xlsx / MASTER_DATA_MAPPED col 47,GNCOA account; companion database to INL/RPT-24-77048
231,Reactor-Application Interface Systems,Total Costs (2022 USD),0,AP1000,BE NOAK,"Stewart, W. R., Shirvan, K., Velez, E., & Wiser, R. Pathways to Cost-effective Advanced Nuclear Technology.",2017,INL-RPT-24-77048-R1.xlsx / MASTER_DATA_MAPPED col 48,GNCOA account; companion database to INL/RPT-24-77048
231,Reactor-Application Interface Systems,Factory Equipment Costs (2022 USD),0,AP1000,0,Shirvan Private Communication (TIMCAT data),unspecified,INL-RPT-24-77048-R1.xlsx / MASTER_DATA_MAPPED col 105,GNCOA account; companion database to INL/RPT-24-77048
231,Reactor-Application Interface Systems,Site Labor Cost (2022 USD),0,AP1000,0,Shirvan Private Communication (TIMCAT data),unspecified,INL-RPT-24-77048-R1.xlsx / MASTER_DATA_MAPPED col 106,GNCOA account; companion database to INL/RPT-24-77048
231,Reactor-Application Interface Systems,Site Material Cost (2022 USD),0,AP1000,0,Shirvan Private Communication (TIMCAT data),unspecified,INL-RPT-24-77048-R1.xlsx / MASTER_DATA_MAPPED col 107,GNCOA account; companion database to INL/RPT-24-77048
231,Reactor-Application Interface Systems,Total Costs (2022 USD),0,AP1000,NOAK,Shirvan Private Communication (Tim Cat Data),unspecified,INL-RPT-24-77048-R1.xlsx / MASTER_DATA_MAPPED col 108,GNCOA account; companion database to INL/RPT-24-77048
231.1,Thermal Energy Piping Systems,Factory Equipment Costs (2022 USD),0,AP1000,ME FOAK,"Stewart, W. R., Shirvan, K., Velez, E., & Wiser, R. Pathways to Cost-effective Advanced Nuclear Technology.",2017,INL-RPT-24-77048-R1.xlsx / MASTER_DATA_MAPPED col 41,GNCOA account; companion database to INL/RPT-24-77048
231.1,Thermal Energy Piping Systems,Site Labor Cost (2022 USD),0,AP1000,ME FOAK,"Stewart, W. R., Shirvan, K., Velez, E., & Wiser, R. Pathways to Cost-effective Advanced Nuclear Technology.",2017,INL-RPT-24-77048-R1.xlsx / MASTER_DATA_MAPPED col 42,GNCOA account; companion database to INL/RPT-24-77048
231.1,Thermal Energy Piping Systems,Site Material Cost (2022 USD),0,AP1000,ME FOAK,"Stewart, W. R., Shirvan, K., Velez, E., & Wiser, R. Pathways to Cost-effective Advanced Nuclear Technology.",2017,INL-RPT-24-77048-R1.xlsx / MASTER_DATA_MAPPED col 43,GNCOA account; companion database to INL/RPT-24-77048
231.1,Thermal Energy Piping Systems,Total Costs (2022 USD),0,AP1000,ME FOAK,"Stewart, W. R., Shirvan, K., Velez, E., & Wiser, R. Pathways to Cost-effective Advanced Nuclear Technology.",2017,INL-RPT-24-77048-R1.xlsx / MASTER_DATA_MAPPED col 44,GNCOA account; companion database to INL/RPT-24-77048
231.1,Thermal Energy Piping Systems,Factory Equipment Costs (2022 USD),0,AP1000,BE NOAK,"Stewart, W. R., Shirvan, K., Velez, E., & Wiser, R. Pathways to Cost-effective Advanced Nuclear Technology.",2017,INL-RPT-24-77048-R1.xlsx / MASTER_DATA_MAPPED col 45,GNCOA account; companion database to INL/RPT-24-77048
231.1,Thermal Energy Piping Systems,Site Labor Cost (2022 USD),0,AP1000,BE NOAK,"Stewart, W. R., Shirvan, K., Velez, E., & Wiser, R. Pathways to Cost-effective Advanced Nuclear Technology.",2017,INL-RPT-24-77048-R1.xlsx / MASTER_DATA_MAPPED col 46,GNCOA account; companion database to INL/RPT-24-77048
231.1,Thermal Energy Piping Systems,Site Material Cost (2022 USD),0,AP1000,BE NOAK,"Stewart, W. R., Shirvan, K., Velez, E., & Wiser, R. Pathways to Cost-effective Advanced Nuclear Technology.",2017,INL-RPT-24-77048-R1.xlsx / MASTER_DATA_MAPPED col 47,GNCOA account; companion database to INL/RPT-24-77048
231.1,Thermal Energy Piping Systems,Total Costs (2022 USD),0,AP1000,BE NOAK,"Stewart, W. R., Shirvan, K., Velez, E., & Wiser, R. Pathways to Cost-effective Advanced Nuclear Technology.",2017,INL-RPT-24-77048-R1.xlsx / MASTER_DATA_MAPPED col 48,GNCOA account; companion database to INL/RPT-24-77048
231.1,Thermal Energy Piping Systems,Factory Equipment Costs (2022 USD),0,AP1000,0,Shirvan Private Communication (TIMCAT data),unspecified,INL-RPT-24-77048-R1.xlsx / MASTER_DATA_MAPPED col 105,GNCOA account; companion database to INL/RPT-24-77048
231.1,Thermal Energy Piping Systems,Site Labor Cost (2022 USD),0,AP1000,0,Shirvan Private Communication (TIMCAT data),unspecified,INL-RPT-24-77048-R1.xlsx / MASTER_DATA_MAPPED col 106,GNCOA account; companion database to INL/RPT-24-77048
231.1,Thermal Energy Piping Systems,Site Material Cost (2022 USD),0,AP1000,0,Shirvan Private Communication (TIMCAT data),unspecified,INL-RPT-24-77048-R1.xlsx / MASTER_DATA_MAPPED col 107,GNCOA account; companion database to INL/RPT-24-77048
231.1,Thermal Energy Piping Systems,Total Costs (2022 USD),0,AP1000,NOAK,Shirvan Private Communication (Tim Cat Data),unspecified,INL-RPT-24-77048-R1.xlsx / MASTER_DATA_MAPPED col 108,GNCOA account; companion database to INL/RPT-24-77048
231.2,Thermal Energy Storage Systems,Factory Equipment Costs (2022 USD),0,AP1000,ME FOAK,"Stewart, W. R., Shirvan, K., Velez, E., & Wiser, R. Pathways to Cost-effective Advanced Nuclear Technology.",2017,INL-RPT-24-77048-R1.xlsx / MASTER_DATA_MAPPED col 41,GNCOA account; companion database to INL/RPT-24-77048
231.2,Thermal Energy Storage Systems,Site Labor Cost (2022 USD),0,AP1000,ME FOAK,"Stewart, W. R., Shirvan, K., Velez, E., & Wiser, R. Pathways to Cost-effective Advanced Nuclear Technology.",2017,INL-RPT-24-77048-R1.xlsx / MASTER_DATA_MAPPED col 42,GNCOA account; companion database to INL/RPT-24-77048
231.2,Thermal Energy Storage Systems,Site Material Cost (2022 USD),0,AP1000,ME FOAK,"Stewart, W. R., Shirvan, K., Velez, E., & Wiser, R. Pathways to Cost-effective Advanced Nuclear Technology.",2017,INL-RPT-24-77048-R1.xlsx / MASTER_DATA_MAPPED col 43,GNCOA account; companion database to INL/RPT-24-77048
231.2,Thermal Energy Storage Systems,Total Costs (2022 USD),0,AP1000,ME FOAK,"Stewart, W. R., Shirvan, K., Velez, E., & Wiser, R. Pathways to Cost-effective Advanced Nuclear Technology.",2017,INL-RPT-24-77048-R1.xlsx / MASTER_DATA_MAPPED col 44,GNCOA account; companion database to INL/RPT-24-77048
231.2,Thermal Energy Storage Systems,Factory Equipment Costs (2022 USD),0,AP1000,BE NOAK,"Stewart, W. R., Shirvan, K., Velez, E., & Wiser, R. Pathways to Cost-effective Advanced Nuclear Technology.",2017,INL-RPT-24-77048-R1.xlsx / MASTER_DATA_MAPPED col 45,GNCOA account; companion database to INL/RPT-24-77048
231.2,Thermal Energy Storage Systems,Site Labor Cost (2022 USD),0,AP1000,BE NOAK,"Stewart, W. R., Shirvan, K., Velez, E., & Wiser, R. Pathways to Cost-effective Advanced Nuclear Technology.",2017,INL-RPT-24-77048-R1.xlsx / MASTER_DATA_MAPPED col 46,GNCOA account; companion database to INL/RPT-24-77048
231.2,Thermal Energy Storage Systems,Site Material Cost (2022 USD),0,AP1000,BE NOAK,"Stewart, W. R., Shirvan, K., Velez, E., & Wiser, R. Pathways to Cost-effective Advanced Nuclear Technology.",2017,INL-RPT-24-77048-R1.xlsx / MASTER_DATA_MAPPED col 47,GNCOA account; companion database to INL/RPT-24-77048
231.2,Thermal Energy Storage Systems,Total Costs (2022 USD),0,AP1000,BE NOAK,"Stewart, W. R., Shirvan, K., Velez, E., & Wiser, R. Pathways to Cost-effective Advanced Nuclear Technology.",2017,INL-RPT-24-77048-R1.xlsx / MASTER_DATA_MAPPED col 48,GNCOA account; companion database to INL/RPT-24-77048
231.2,Thermal Energy Storage Systems,Factory Equipment Costs (2022 USD),0,AP1000,0,Shirvan Private Communication (TIMCAT data),unspecified,INL-RPT-24-77048-R1.xlsx / MASTER_DATA_MAPPED col 105,GNCOA account; companion database to INL/RPT-24-77048
231.2,Thermal Energy Storage Systems,Site Labor Cost (2022 USD),0,AP1000,0,Shirvan Private Communication (TIMCAT data),unspecified,INL-RPT-24-77048-R1.xlsx / MASTER_DATA_MAPPED col 106,GNCOA account; companion database to INL/RPT-24-77048
231.2,Thermal Energy Storage Systems,Site Material Cost (2022 USD),0,AP1000,0,Shirvan Private Communication (TIMCAT data),unspecified,INL-RPT-24-77048-R1.xlsx / MASTER_DATA_MAPPED col 107,GNCOA account; companion database to INL/RPT-24-77048
231.2,Thermal Energy Storage Systems,Total Costs (2022 USD),0,AP1000,NOAK,Shirvan Private Communication (Tim Cat Data),unspecified,INL-RPT-24-77048-R1.xlsx / MASTER_DATA_MAPPED col 108,GNCOA account; companion database to INL/RPT-24-77048
232,Energy Applications,Factory Equipment Costs (2022 USD),0,AP1000,ME FOAK,"Stewart, W. R., Shirvan, K., Velez, E., & Wiser, R. Pathways to Cost-effective Advanced Nuclear Technology.",2017,INL-RPT-24-77048-R1.xlsx / MASTER_DATA_MAPPED col 41,GNCOA account; companion database to INL/RPT-24-77048
232,Energy Applications,Site Labor Cost (2022 USD),0,AP1000,ME FOAK,"Stewart, W. R., Shirvan, K., Velez, E., & Wiser, R. Pathways to Cost-effective Advanced Nuclear Technology.",2017,INL-RPT-24-77048-R1.xlsx / MASTER_DATA_MAPPED col 42,GNCOA account; companion database to INL/RPT-24-77048
232,Energy Applications,Site Material Cost (2022 USD),0,AP1000,ME FOAK,"Stewart, W. R., Shirvan, K., Velez, E., & Wiser, R. Pathways to Cost-effective Advanced Nuclear Technology.",2017,INL-RPT-24-77048-R1.xlsx / MASTER_DATA_MAPPED col 43,GNCOA account; companion database to INL/RPT-24-77048
232,Energy Applications,Total Costs (2022 USD),0,AP1000,ME FOAK,"Stewart, W. R., Shirvan, K., Velez, E., & Wiser, R. Pathways to Cost-effective Advanced Nuclear Technology.",2017,INL-RPT-24-77048-R1.xlsx / MASTER_DATA_MAPPED col 44,GNCOA account; companion database to INL/RPT-24-77048
232,Energy Applications,Factory Equipment Costs (2022 USD),0,AP1000,BE NOAK,"Stewart, W. R., Shirvan, K., Velez, E., & Wiser, R. Pathways to Cost-effective Advanced Nuclear Technology.",2017,INL-RPT-24-77048-R1.xlsx / MASTER_DATA_MAPPED col 45,GNCOA account; companion database to INL/RPT-24-77048
232,Energy Applications,Site Labor Cost (2022 USD),0,AP1000,BE NOAK,"Stewart, W. R., Shirvan, K., Velez, E., & Wiser, R. Pathways to Cost-effective Advanced Nuclear Technology.",2017,INL-RPT-24-77048-R1.xlsx / MASTER_DATA_MAPPED col 46,GNCOA account; companion database to INL/RPT-24-77048
232,Energy Applications,Site Material Cost (2022 USD),0,AP1000,BE NOAK,"Stewart, W. R., Shirvan, K., Velez, E., & Wiser, R. Pathways to Cost-effective Advanced Nuclear Technology.",2017,INL-RPT-24-77048-R1.xlsx / MASTER_DATA_MAPPED col 47,GNCOA account; companion database to INL/RPT-24-77048
232,Energy Applications,Total Costs (2022 USD),0,AP1000,BE NOAK,"Stewart, W. R., Shirvan, K., Velez, E., & Wiser, R. Pathways to Cost-effective Advanced Nuclear Technology.",2017,INL-RPT-24-77048-R1.xlsx / MASTER_DATA_MAPPED col 48,GNCOA account; companion database to INL/RPT-24-77048
232,Energy Applications,Factory Equipment Costs (2022 USD),324469607.3367078,AP1000,0,Shirvan Private Communication (TIMCAT data),unspecified,INL-RPT-24-77048-R1.xlsx / MASTER_DATA_MAPPED col 105,GNCOA account; companion database to INL/RPT-24-77048
232,Energy Applications,Site Labor Cost (2022 USD),81692647.6069752,AP1000,0,Shirvan Private Communication (TIMCAT data),unspecified,INL-RPT-24-77048-R1.xlsx / MASTER_DATA_MAPPED col 106,GNCOA account; companion database to INL/RPT-24-77048
232,Energy Applications,Site Material Cost (2022 USD),11505132.9345313,AP1000,0,Shirvan Private Communication (TIMCAT data),unspecified,INL-RPT-24-77048-R1.xlsx / MASTER_DATA_MAPPED col 107,GNCOA account; companion database to INL/RPT-24-77048
232,Energy Applications,Total Costs (2022 USD),417667387.87821364,AP1000,NOAK,Shirvan Private Communication (Tim Cat Data),unspecified,INL-RPT-24-77048-R1.xlsx / MASTER_DATA_MAPPED col 108,GNCOA account; companion database to INL/RPT-24-77048
232.1,Electricity Generation Systems,Factory Equipment Costs (2022 USD),0,AP1000,ME FOAK,"Stewart, W. R., Shirvan, K., Velez, E., & Wiser, R. Pathways to Cost-effective Advanced Nuclear Technology.",2017,INL-RPT-24-77048-R1.xlsx / MASTER_DATA_MAPPED col 41,GNCOA account; companion database to INL/RPT-24-77048
232.1,Electricity Generation Systems,Site Labor Cost (2022 USD),0,AP1000,ME FOAK,"Stewart, W. R., Shirvan, K., Velez, E., & Wiser, R. Pathways to Cost-effective Advanced Nuclear Technology.",2017,INL-RPT-24-77048-R1.xlsx / MASTER_DATA_MAPPED col 42,GNCOA account; companion database to INL/RPT-24-77048
232.1,Electricity Generation Systems,Site Material Cost (2022 USD),0,AP1000,ME FOAK,"Stewart, W. R., Shirvan, K., Velez, E., & Wiser, R. Pathways to Cost-effective Advanced Nuclear Technology.",2017,INL-RPT-24-77048-R1.xlsx / MASTER_DATA_MAPPED col 43,GNCOA account; companion database to INL/RPT-24-77048
232.1,Electricity Generation Systems,Total Costs (2022 USD),0,AP1000,ME FOAK,"Stewart, W. R., Shirvan, K., Velez, E., & Wiser, R. Pathways to Cost-effective Advanced Nuclear Technology.",2017,INL-RPT-24-77048-R1.xlsx / MASTER_DATA_MAPPED col 44,GNCOA account; companion database to INL/RPT-24-77048
232.1,Electricity Generation Systems,Factory Equipment Costs (2022 USD),0,AP1000,BE NOAK,"Stewart, W. R., Shirvan, K., Velez, E., & Wiser, R. Pathways to Cost-effective Advanced Nuclear Technology.",2017,INL-RPT-24-77048-R1.xlsx / MASTER_DATA_MAPPED col 45,GNCOA account; companion database to INL/RPT-24-77048
232.1,Electricity Generation Systems,Site Labor Cost (2022 USD),0,AP1000,BE NOAK,"Stewart, W. R., Shirvan, K., Velez, E., & Wiser, R. Pathways to Cost-effective Advanced Nuclear Technology.",2017,INL-RPT-24-77048-R1.xlsx / MASTER_DATA_MAPPED col 46,GNCOA account; companion database to INL/RPT-24-77048
232.1,Electricity Generation Systems,Site Material Cost (2022 USD),0,AP1000,BE NOAK,"Stewart, W. R., Shirvan, K., Velez, E., & Wiser, R. Pathways to Cost-effective Advanced Nuclear Technology.",2017,INL-RPT-24-77048-R1.xlsx / MASTER_DATA_MAPPED col 47,GNCOA account; companion database to INL/RPT-24-77048
232.1,Electricity Generation Systems,Total Costs (2022 USD),0,AP1000,BE NOAK,"Stewart, W. R., Shirvan, K., Velez, E., & Wiser, R. Pathways to Cost-effective Advanced Nuclear Technology.",2017,INL-RPT-24-77048-R1.xlsx / MASTER_DATA_MAPPED col 48,GNCOA account; companion database to INL/RPT-24-77048
232.1,Electricity Generation Systems,Factory Equipment Costs (2022 USD),30000257.7524664,AP1000,0,Shirvan Private Communication (TIMCAT data),unspecified,INL-RPT-24-77048-R1.xlsx / MASTER_DATA_MAPPED col 105,GNCOA account; companion database to INL/RPT-24-77048
232.1,Electricity Generation Systems,Site Labor Cost (2022 USD),33502547.7027916,AP1000,0,Shirvan Private Communication (TIMCAT data),unspecified,INL-RPT-24-77048-R1.xlsx / MASTER_DATA_MAPPED col 106,GNCOA account; companion database to INL/RPT-24-77048
232.1,Electricity Generation Systems,Site Material Cost (2022 USD),4181144.83951034,AP1000,0,Shirvan Private Communication (TIMCAT data),unspecified,INL-RPT-24-77048-R1.xlsx / MASTER_DATA_MAPPED col 107,GNCOA account; companion database to INL/RPT-24-77048
232.1,Electricity Generation Systems,Total Costs (2022 USD),67683950.2947683,AP1000,NOAK,Shirvan Private Communication (Tim Cat Data),unspecified,INL-RPT-24-77048-R1.xlsx / MASTER_DATA_MAPPED col 108,GNCOA account; companion database to INL/RPT-24-77048
232.2,Process Heat Export Equipment,Factory Equipment Costs (2022 USD),0,AP1000,ME FOAK,"Stewart, W. R., Shirvan, K., Velez, E., & Wiser, R. Pathways to Cost-effective Advanced Nuclear Technology.",2017,INL-RPT-24-77048-R1.xlsx / MASTER_DATA_MAPPED col 41,GNCOA account; companion database to INL/RPT-24-77048
232.2,Process Heat Export Equipment,Site Labor Cost (2022 USD),0,AP1000,ME FOAK,"Stewart, W. R., Shirvan, K., Velez, E., & Wiser, R. Pathways to Cost-effective Advanced Nuclear Technology.",2017,INL-RPT-24-77048-R1.xlsx / MASTER_DATA_MAPPED col 42,GNCOA account; companion database to INL/RPT-24-77048
232.2,Process Heat Export Equipment,Site Material Cost (2022 USD),0,AP1000,ME FOAK,"Stewart, W. R., Shirvan, K., Velez, E., & Wiser, R. Pathways to Cost-effective Advanced Nuclear Technology.",2017,INL-RPT-24-77048-R1.xlsx / MASTER_DATA_MAPPED col 43,GNCOA account; companion database to INL/RPT-24-77048
232.2,Process Heat Export Equipment,Total Costs (2022 USD),0,AP1000,ME FOAK,"Stewart, W. R., Shirvan, K., Velez, E., & Wiser, R. Pathways to Cost-effective Advanced Nuclear Technology.",2017,INL-RPT-24-77048-R1.xlsx / MASTER_DATA_MAPPED col 44,GNCOA account; companion database to INL/RPT-24-77048
232.2,Process Heat Export Equipment,Factory Equipment Costs (2022 USD),0,AP1000,BE NOAK,"Stewart, W. R., Shirvan, K., Velez, E., & Wiser, R. Pathways to Cost-effective Advanced Nuclear Technology.",2017,INL-RPT-24-77048-R1.xlsx / MASTER_DATA_MAPPED col 45,GNCOA account; companion database to INL/RPT-24-77048
232.2,Process Heat Export Equipment,Site Labor Cost (2022 USD),0,AP1000,BE NOAK,"Stewart, W. R., Shirvan, K., Velez, E., & Wiser, R. Pathways to Cost-effective Advanced Nuclear Technology.",2017,INL-RPT-24-77048-R1.xlsx / MASTER_DATA_MAPPED col 46,GNCOA account; companion database to INL/RPT-24-77048
232.2,Process Heat Export Equipment,Site Material Cost (2022 USD),0,AP1000,BE NOAK,"Stewart, W. R., Shirvan, K., Velez, E., & Wiser, R. Pathways to Cost-effective Advanced Nuclear Technology.",2017,INL-RPT-24-77048-R1.xlsx / MASTER_DATA_MAPPED col 47,GNCOA account; companion database to INL/RPT-24-77048
232.2,Process Heat Export Equipment,Total Costs (2022 USD),0,AP1000,BE NOAK,"Stewart, W. R., Shirvan, K., Velez, E., & Wiser, R. Pathways to Cost-effective Advanced Nuclear Technology.",2017,INL-RPT-24-77048-R1.xlsx / MASTER_DATA_MAPPED col 48,GNCOA account; companion database to INL/RPT-24-77048
232.2,Process Heat Export Equipment,Factory Equipment Costs (2022 USD),0,AP1000,0,Shirvan Private Communication (TIMCAT data),unspecified,INL-RPT-24-77048-R1.xlsx / MASTER_DATA_MAPPED col 105,GNCOA account; companion database to INL/RPT-24-77048
232.2,Process Heat Export Equipment,Site Labor Cost (2022 USD),0,AP1000,0,Shirvan Private Communication (TIMCAT data),unspecified,INL-RPT-24-77048-R1.xlsx / MASTER_DATA_MAPPED col 106,GNCOA account; companion database to INL/RPT-24-77048
232.2,Process Heat Export Equipment,Site Material Cost (2022 USD),0,AP1000,0,Shirvan Private Communication (TIMCAT data),unspecified,INL-RPT-24-77048-R1.xlsx / MASTER_DATA_MAPPED col 107,GNCOA account; companion database to INL/RPT-24-77048
232.2,Process Heat Export Equipment,Total Costs (2022 USD),0,AP1000,NOAK,Shirvan Private Communication (Tim Cat Data),unspecified,INL-RPT-24-77048-R1.xlsx / MASTER_DATA_MAPPED col 108,GNCOA account; companion database to INL/RPT-24-77048
232.3,Hydrogen Production Systems,Factory Equipment Costs (2022 USD),0,AP1000,ME FOAK,"Stewart, W. R., Shirvan, K., Velez, E., & Wiser, R. Pathways to Cost-effective Advanced Nuclear Technology.",2017,INL-RPT-24-77048-R1.xlsx / MASTER_DATA_MAPPED col 41,GNCOA account; companion database to INL/RPT-24-77048
232.3,Hydrogen Production Systems,Site Labor Cost (2022 USD),0,AP1000,ME FOAK,"Stewart, W. R., Shirvan, K., Velez, E., & Wiser, R. Pathways to Cost-effective Advanced Nuclear Technology.",2017,INL-RPT-24-77048-R1.xlsx / MASTER_DATA_MAPPED col 42,GNCOA account; companion database to INL/RPT-24-77048
232.3,Hydrogen Production Systems,Site Material Cost (2022 USD),0,AP1000,ME FOAK,"Stewart, W. R., Shirvan, K., Velez, E., & Wiser, R. Pathways to Cost-effective Advanced Nuclear Technology.",2017,INL-RPT-24-77048-R1.xlsx / MASTER_DATA_MAPPED col 43,GNCOA account; companion database to INL/RPT-24-77048
232.3,Hydrogen Production Systems,Total Costs (2022 USD),0,AP1000,ME FOAK,"Stewart, W. R., Shirvan, K., Velez, E., & Wiser, R. Pathways to Cost-effective Advanced Nuclear Technology.",2017,INL-RPT-24-77048-R1.xlsx / MASTER_DATA_MAPPED col 44,GNCOA account; companion database to INL/RPT-24-77048
232.3,Hydrogen Production Systems,Factory Equipment Costs (2022 USD),0,AP1000,BE NOAK,"Stewart, W. R., Shirvan, K., Velez, E., & Wiser, R. Pathways to Cost-effective Advanced Nuclear Technology.",2017,INL-RPT-24-77048-R1.xlsx / MASTER_DATA_MAPPED col 45,GNCOA account; companion database to INL/RPT-24-77048
232.3,Hydrogen Production Systems,Site Labor Cost (2022 USD),0,AP1000,BE NOAK,"Stewart, W. R., Shirvan, K., Velez, E., & Wiser, R. Pathways to Cost-effective Advanced Nuclear Technology.",2017,INL-RPT-24-77048-R1.xlsx / MASTER_DATA_MAPPED col 46,GNCOA account; companion database to INL/RPT-24-77048
232.3,Hydrogen Production Systems,Site Material Cost (2022 USD),0,AP1000,BE NOAK,"Stewart, W. R., Shirvan, K., Velez, E., & Wiser, R. Pathways to Cost-effective Advanced Nuclear Technology.",2017,INL-RPT-24-77048-R1.xlsx / MASTER_DATA_MAPPED col 47,GNCOA account; companion database to INL/RPT-24-77048
232.3,Hydrogen Production Systems,Total Costs (2022 USD),0,AP1000,BE NOAK,"Stewart, W. R., Shirvan, K., Velez, E., & Wiser, R. Pathways to Cost-effective Advanced Nuclear Technology.",2017,INL-RPT-24-77048-R1.xlsx / MASTER_DATA_MAPPED col 48,GNCOA account; companion database to INL/RPT-24-77048
232.3,Hydrogen Production Systems,Factory Equipment Costs (2022 USD),0,AP1000,0,Shirvan Private Communication (TIMCAT data),unspecified,INL-RPT-24-77048-R1.xlsx / MASTER_DATA_MAPPED col 105,GNCOA account; companion database to INL/RPT-24-77048
232.3,Hydrogen Production Systems,Site Labor Cost (2022 USD),0,AP1000,0,Shirvan Private Communication (TIMCAT data),unspecified,INL-RPT-24-77048-R1.xlsx / MASTER_DATA_MAPPED col 106,GNCOA account; companion database to INL/RPT-24-77048
232.3,Hydrogen Production Systems,Site Material Cost (2022 USD),0,AP1000,0,Shirvan Private Communication (TIMCAT data),unspecified,INL-RPT-24-77048-R1.xlsx / MASTER_DATA_MAPPED col 107,GNCOA account; companion database to INL/RPT-24-77048
232.3,Hydrogen Production Systems,Total Costs (2022 USD),0,AP1000,NOAK,Shirvan Private Communication (Tim Cat Data),unspecified,INL-RPT-24-77048-R1.xlsx / MASTER_DATA_MAPPED col 108,GNCOA account; companion database to INL/RPT-24-77048
232.4,Ammonia Production Systems,Factory Equipment Costs (2022 USD),0,AP1000,ME FOAK,"Stewart, W. R., Shirvan, K., Velez, E., & Wiser, R. Pathways to Cost-effective Advanced Nuclear Technology.",2017,INL-RPT-24-77048-R1.xlsx / MASTER_DATA_MAPPED col 41,GNCOA account; companion database to INL/RPT-24-77048
232.4,Ammonia Production Systems,Site Labor Cost (2022 USD),0,AP1000,ME FOAK,"Stewart, W. R., Shirvan, K., Velez, E., & Wiser, R. Pathways to Cost-effective Advanced Nuclear Technology.",2017,INL-RPT-24-77048-R1.xlsx / MASTER_DATA_MAPPED col 42,GNCOA account; companion database to INL/RPT-24-77048
232.4,Ammonia Production Systems,Site Material Cost (2022 USD),0,AP1000,ME FOAK,"Stewart, W. R., Shirvan, K., Velez, E., & Wiser, R. Pathways to Cost-effective Advanced Nuclear Technology.",2017,INL-RPT-24-77048-R1.xlsx / MASTER_DATA_MAPPED col 43,GNCOA account; companion database to INL/RPT-24-77048
232.4,Ammonia Production Systems,Total Costs (2022 USD),0,AP1000,ME FOAK,"Stewart, W. R., Shirvan, K., Velez, E., & Wiser, R. Pathways to Cost-effective Advanced Nuclear Technology.",2017,INL-RPT-24-77048-R1.xlsx / MASTER_DATA_MAPPED col 44,GNCOA account; companion database to INL/RPT-24-77048
232.4,Ammonia Production Systems,Factory Equipment Costs (2022 USD),0,AP1000,BE NOAK,"Stewart, W. R., Shirvan, K., Velez, E., & Wiser, R. Pathways to Cost-effective Advanced Nuclear Technology.",2017,INL-RPT-24-77048-R1.xlsx / MASTER_DATA_MAPPED col 45,GNCOA account; companion database to INL/RPT-24-77048
232.4,Ammonia Production Systems,Site Labor Cost (2022 USD),0,AP1000,BE NOAK,"Stewart, W. R., Shirvan, K., Velez, E., & Wiser, R. Pathways to Cost-effective Advanced Nuclear Technology.",2017,INL-RPT-24-77048-R1.xlsx / MASTER_DATA_MAPPED col 46,GNCOA account; companion database to INL/RPT-24-77048
232.4,Ammonia Production Systems,Site Material Cost (2022 USD),0,AP1000,BE NOAK,"Stewart, W. R., Shirvan, K., Velez, E., & Wiser, R. Pathways to Cost-effective Advanced Nuclear Technology.",2017,INL-RPT-24-77048-R1.xlsx / MASTER_DATA_MAPPED col 47,GNCOA account; companion database to INL/RPT-24-77048
232.4,Ammonia Production Systems,Total Costs (2022 USD),0,AP1000,BE NOAK,"Stewart, W. R., Shirvan, K., Velez, E., & Wiser, R. Pathways to Cost-effective Advanced Nuclear Technology.",2017,INL-RPT-24-77048-R1.xlsx / MASTER_DATA_MAPPED col 48,GNCOA account; companion database to INL/RPT-24-77048
232.4,Ammonia Production Systems,Factory Equipment Costs (2022 USD),0,AP1000,0,Shirvan Private Communication (TIMCAT data),unspecified,INL-RPT-24-77048-R1.xlsx / MASTER_DATA_MAPPED col 105,GNCOA account; companion database to INL/RPT-24-77048
232.4,Ammonia Production Systems,Site Labor Cost (2022 USD),0,AP1000,0,Shirvan Private Communication (TIMCAT data),unspecified,INL-RPT-24-77048-R1.xlsx / MASTER_DATA_MAPPED col 106,GNCOA account; companion database to INL/RPT-24-77048
232.4,Ammonia Production Systems,Site Material Cost (2022 USD),0,AP1000,0,Shirvan Private Communication (TIMCAT data),unspecified,INL-RPT-24-77048-R1.xlsx / MASTER_DATA_MAPPED col 107,GNCOA account; companion database to INL/RPT-24-77048
232.4,Ammonia Production Systems,Total Costs (2022 USD),0,AP1000,NOAK,Shirvan Private Communication (Tim Cat Data),unspecified,INL-RPT-24-77048-R1.xlsx / MASTER_DATA_MAPPED col 108,GNCOA account; companion database to INL/RPT-24-77048
232.5,Other Synfuel Production Systems,Factory Equipment Costs (2022 USD),0,AP1000,ME FOAK,"Stewart, W. R., Shirvan, K., Velez, E., & Wiser, R. Pathways to Cost-effective Advanced Nuclear Technology.",2017,INL-RPT-24-77048-R1.xlsx / MASTER_DATA_MAPPED col 41,GNCOA account; companion database to INL/RPT-24-77048
232.5,Other Synfuel Production Systems,Site Labor Cost (2022 USD),0,AP1000,ME FOAK,"Stewart, W. R., Shirvan, K., Velez, E., & Wiser, R. Pathways to Cost-effective Advanced Nuclear Technology.",2017,INL-RPT-24-77048-R1.xlsx / MASTER_DATA_MAPPED col 42,GNCOA account; companion database to INL/RPT-24-77048
232.5,Other Synfuel Production Systems,Site Material Cost (2022 USD),0,AP1000,ME FOAK,"Stewart, W. R., Shirvan, K., Velez, E., & Wiser, R. Pathways to Cost-effective Advanced Nuclear Technology.",2017,INL-RPT-24-77048-R1.xlsx / MASTER_DATA_MAPPED col 43,GNCOA account; companion database to INL/RPT-24-77048
232.5,Other Synfuel Production Systems,Total Costs (2022 USD),0,AP1000,ME FOAK,"Stewart, W. R., Shirvan, K., Velez, E., & Wiser, R. Pathways to Cost-effective Advanced Nuclear Technology.",2017,INL-RPT-24-77048-R1.xlsx / MASTER_DATA_MAPPED col 44,GNCOA account; companion database to INL/RPT-24-77048
232.5,Other Synfuel Production Systems,Factory Equipment Costs (2022 USD),0,AP1000,BE NOAK,"Stewart, W. R., Shirvan, K., Velez, E., & Wiser, R. Pathways to Cost-effective Advanced Nuclear Technology.",2017,INL-RPT-24-77048-R1.xlsx / MASTER_DATA_MAPPED col 45,GNCOA account; companion database to INL/RPT-24-77048
232.5,Other Synfuel Production Systems,Site Labor Cost (2022 USD),0,AP1000,BE NOAK,"Stewart, W. R., Shirvan, K., Velez, E., & Wiser, R. Pathways to Cost-effective Advanced Nuclear Technology.",2017,INL-RPT-24-77048-R1.xlsx / MASTER_DATA_MAPPED col 46,GNCOA account; companion database to INL/RPT-24-77048
232.5,Other Synfuel Production Systems,Site Material Cost (2022 USD),0,AP1000,BE NOAK,"Stewart, W. R., Shirvan, K., Velez, E., & Wiser, R. Pathways to Cost-effective Advanced Nuclear Technology.",2017,INL-RPT-24-77048-R1.xlsx / MASTER_DATA_MAPPED col 47,GNCOA account; companion database to INL/RPT-24-77048
232.5,Other Synfuel Production Systems,Total Costs (2022 USD),0,AP1000,BE NOAK,"Stewart, W. R., Shirvan, K., Velez, E., & Wiser, R. Pathways to Cost-effective Advanced Nuclear Technology.",2017,INL-RPT-24-77048-R1.xlsx / MASTER_DATA_MAPPED col 48,GNCOA account; companion database to INL/RPT-24-77048
232.5,Other Synfuel Production Systems,Factory Equipment Costs (2022 USD),0,AP1000,0,Shirvan Private Communication (TIMCAT data),unspecified,INL-RPT-24-77048-R1.xlsx / MASTER_DATA_MAPPED col 105,GNCOA account; companion database to INL/RPT-24-77048
232.5,Other Synfuel Production Systems,Site Labor Cost (2022 USD),0,AP1000,0,Shirvan Private Communication (TIMCAT data),unspecified,INL-RPT-24-77048-R1.xlsx / MASTER_DATA_MAPPED col 106,GNCOA account; companion database to INL/RPT-24-77048
232.5,Other Synfuel Production Systems,Site Material Cost (2022 USD),0,AP1000,0,Shirvan Private Communication (TIMCAT data),unspecified,INL-RPT-24-77048-R1.xlsx / MASTER_DATA_MAPPED col 107,GNCOA account; companion database to INL/RPT-24-77048
232.5,Other Synfuel Production Systems,Total Costs (2022 USD),0,AP1000,NOAK,Shirvan Private Communication (Tim Cat Data),unspecified,INL-RPT-24-77048-R1.xlsx / MASTER_DATA_MAPPED col 108,GNCOA account; companion database to INL/RPT-24-77048
232.6,Water Desalination Equipment,Factory Equipment Costs (2022 USD),0,AP1000,ME FOAK,"Stewart, W. R., Shirvan, K., Velez, E., & Wiser, R. Pathways to Cost-effective Advanced Nuclear Technology.",2017,INL-RPT-24-77048-R1.xlsx / MASTER_DATA_MAPPED col 41,GNCOA account; companion database to INL/RPT-24-77048
232.6,Water Desalination Equipment,Site Labor Cost (2022 USD),0,AP1000,ME FOAK,"Stewart, W. R., Shirvan, K., Velez, E., & Wiser, R. Pathways to Cost-effective Advanced Nuclear Technology.",2017,INL-RPT-24-77048-R1.xlsx / MASTER_DATA_MAPPED col 42,GNCOA account; companion database to INL/RPT-24-77048
232.6,Water Desalination Equipment,Site Material Cost (2022 USD),0,AP1000,ME FOAK,"Stewart, W. R., Shirvan, K., Velez, E., & Wiser, R. Pathways to Cost-effective Advanced Nuclear Technology.",2017,INL-RPT-24-77048-R1.xlsx / MASTER_DATA_MAPPED col 43,GNCOA account; companion database to INL/RPT-24-77048
232.6,Water Desalination Equipment,Total Costs (2022 USD),0,AP1000,ME FOAK,"Stewart, W. R., Shirvan, K., Velez, E., & Wiser, R. Pathways to Cost-effective Advanced Nuclear Technology.",2017,INL-RPT-24-77048-R1.xlsx / MASTER_DATA_MAPPED col 44,GNCOA account; companion database to INL/RPT-24-77048
232.6,Water Desalination Equipment,Factory Equipment Costs (2022 USD),0,AP1000,BE NOAK,"Stewart, W. R., Shirvan, K., Velez, E., & Wiser, R. Pathways to Cost-effective Advanced Nuclear Technology.",2017,INL-RPT-24-77048-R1.xlsx / MASTER_DATA_MAPPED col 45,GNCOA account; companion database to INL/RPT-24-77048
232.6,Water Desalination Equipment,Site Labor Cost (2022 USD),0,AP1000,BE NOAK,"Stewart, W. R., Shirvan, K., Velez, E., & Wiser, R. Pathways to Cost-effective Advanced Nuclear Technology.",2017,INL-RPT-24-77048-R1.xlsx / MASTER_DATA_MAPPED col 46,GNCOA account; companion database to INL/RPT-24-77048
232.6,Water Desalination Equipment,Site Material Cost (2022 USD),0,AP1000,BE NOAK,"Stewart, W. R., Shirvan, K., Velez, E., & Wiser, R. Pathways to Cost-effective Advanced Nuclear Technology.",2017,INL-RPT-24-77048-R1.xlsx / MASTER_DATA_MAPPED col 47,GNCOA account; companion database to INL/RPT-24-77048
232.6,Water Desalination Equipment,Total Costs (2022 USD),0,AP1000,BE NOAK,"Stewart, W. R., Shirvan, K., Velez, E., & Wiser, R. Pathways to Cost-effective Advanced Nuclear Technology.",2017,INL-RPT-24-77048-R1.xlsx / MASTER_DATA_MAPPED col 48,GNCOA account; companion database to INL/RPT-24-77048
232.6,Water Desalination Equipment,Factory Equipment Costs (2022 USD),0,AP1000,0,Shirvan Private Communication (TIMCAT data),unspecified,INL-RPT-24-77048-R1.xlsx / MASTER_DATA_MAPPED col 105,GNCOA account; companion database to INL/RPT-24-77048
232.6,Water Desalination Equipment,Site Labor Cost (2022 USD),0,AP1000,0,Shirvan Private Communication (TIMCAT data),unspecified,INL-RPT-24-77048-R1.xlsx / MASTER_DATA_MAPPED col 106,GNCOA account; companion database to INL/RPT-24-77048
232.6,Water Desalination Equipment,Site Material Cost (2022 USD),0,AP1000,0,Shirvan Private Communication (TIMCAT data),unspecified,INL-RPT-24-77048-R1.xlsx / MASTER_DATA_MAPPED col 107,GNCOA account; companion database to INL/RPT-24-77048
232.6,Water Desalination Equipment,Total Costs (2022 USD),0,AP1000,NOAK,Shirvan Private Communication (Tim Cat Data),unspecified,INL-RPT-24-77048-R1.xlsx / MASTER_DATA_MAPPED col 108,GNCOA account; companion database to INL/RPT-24-77048
232.7,Carbon Storage and Sequestration Equipment,Factory Equipment Costs (2022 USD),0,AP1000,ME FOAK,"Stewart, W. R., Shirvan, K., Velez, E., & Wiser, R. Pathways to Cost-effective Advanced Nuclear Technology.",2017,INL-RPT-24-77048-R1.xlsx / MASTER_DATA_MAPPED col 41,GNCOA account; companion database to INL/RPT-24-77048
232.7,Carbon Storage and Sequestration Equipment,Site Labor Cost (2022 USD),0,AP1000,ME FOAK,"Stewart, W. R., Shirvan, K., Velez, E., & Wiser, R. Pathways to Cost-effective Advanced Nuclear Technology.",2017,INL-RPT-24-77048-R1.xlsx / MASTER_DATA_MAPPED col 42,GNCOA account; companion database to INL/RPT-24-77048
232.7,Carbon Storage and Sequestration Equipment,Site Material Cost (2022 USD),0,AP1000,ME FOAK,"Stewart, W. R., Shirvan, K., Velez, E., & Wiser, R. Pathways to Cost-effective Advanced Nuclear Technology.",2017,INL-RPT-24-77048-R1.xlsx / MASTER_DATA_MAPPED col 43,GNCOA account; companion database to INL/RPT-24-77048
232.7,Carbon Storage and Sequestration Equipment,Total Costs (2022 USD),0,AP1000,ME FOAK,"Stewart, W. R., Shirvan, K., Velez, E., & Wiser, R. Pathways to Cost-effective Advanced Nuclear Technology.",2017,INL-RPT-24-77048-R1.xlsx / MASTER_DATA_MAPPED col 44,GNCOA account; companion database to INL/RPT-24-77048
232.7,Carbon Storage and Sequestration Equipment,Factory Equipment Costs (2022 USD),0,AP1000,BE NOAK,"Stewart, W. R., Shirvan, K., Velez, E., & Wiser, R. Pathways to Cost-effective Advanced Nuclear Technology.",2017,INL-RPT-24-77048-R1.xlsx / MASTER_DATA_MAPPED col 45,GNCOA account; companion database to INL/RPT-24-77048
232.7,Carbon Storage and Sequestration Equipment,Site Labor Cost (2022 USD),0,AP1000,BE NOAK,"Stewart, W. R., Shirvan, K., Velez, E., & Wiser, R. Pathways to Cost-effective Advanced Nuclear Technology.",2017,INL-RPT-24-77048-R1.xlsx / MASTER_DATA_MAPPED col 46,GNCOA account; companion database to INL/RPT-24-77048
232.7,Carbon Storage and Sequestration Equipment,Site Material Cost (2022 USD),0,AP1000,BE NOAK,"Stewart, W. R., Shirvan, K., Velez, E., & Wiser, R. Pathways to Cost-effective Advanced Nuclear Technology.",2017,INL-RPT-24-77048-R1.xlsx / MASTER_DATA_MAPPED col 47,GNCOA account; companion database to INL/RPT-24-77048
232.7,Carbon Storage and Sequestration Equipment,Total Costs (2022 USD),0,AP1000,BE NOAK,"Stewart, W. R., Shirvan, K., Velez, E., & Wiser, R. Pathways to Cost-effective Advanced Nuclear Technology.",2017,INL-RPT-24-77048-R1.xlsx / MASTER_DATA_MAPPED col 48,GNCOA account; companion database to INL/RPT-24-77048
232.7,Carbon Storage and Sequestration Equipment,Factory Equipment Costs (2022 USD),0,AP1000,0,Shirvan Private Communication (TIMCAT data),unspecified,INL-RPT-24-77048-R1.xlsx / MASTER_DATA_MAPPED col 105,GNCOA account; companion database to INL/RPT-24-77048
232.7,Carbon Storage and Sequestration Equipment,Site Labor Cost (2022 USD),0,AP1000,0,Shirvan Private Communication (TIMCAT data),unspecified,INL-RPT-24-77048-R1.xlsx / MASTER_DATA_MAPPED col 106,GNCOA account; companion database to INL/RPT-24-77048
232.7,Carbon Storage and Sequestration Equipment,Site Material Cost (2022 USD),0,AP1000,0,Shirvan Private Communication (TIMCAT data),unspecified,INL-RPT-24-77048-R1.xlsx / MASTER_DATA_MAPPED col 107,GNCOA account; companion database to INL/RPT-24-77048
232.7,Carbon Storage and Sequestration Equipment,Total Costs (2022 USD),0,AP1000,NOAK,Shirvan Private Communication (Tim Cat Data),unspecified,INL-RPT-24-77048-R1.xlsx / MASTER_DATA_MAPPED col 108,GNCOA account; companion database to INL/RPT-24-77048
232.7,Isotope Production Equipment,Factory Equipment Costs (2022 USD),0,AP1000,ME FOAK,"Stewart, W. R., Shirvan, K., Velez, E., & Wiser, R. Pathways to Cost-effective Advanced Nuclear Technology.",2017,INL-RPT-24-77048-R1.xlsx / MASTER_DATA_MAPPED col 41,GNCOA account; companion database to INL/RPT-24-77048
232.7,Isotope Production Equipment,Site Labor Cost (2022 USD),0,AP1000,ME FOAK,"Stewart, W. R., Shirvan, K., Velez, E., & Wiser, R. Pathways to Cost-effective Advanced Nuclear Technology.",2017,INL-RPT-24-77048-R1.xlsx / MASTER_DATA_MAPPED col 42,GNCOA account; companion database to INL/RPT-24-77048
232.7,Isotope Production Equipment,Site Material Cost (2022 USD),0,AP1000,ME FOAK,"Stewart, W. R., Shirvan, K., Velez, E., & Wiser, R. Pathways to Cost-effective Advanced Nuclear Technology.",2017,INL-RPT-24-77048-R1.xlsx / MASTER_DATA_MAPPED col 43,GNCOA account; companion database to INL/RPT-24-77048
232.7,Isotope Production Equipment,Total Costs (2022 USD),0,AP1000,ME FOAK,"Stewart, W. R., Shirvan, K., Velez, E., & Wiser, R. Pathways to Cost-effective Advanced Nuclear Technology.",2017,INL-RPT-24-77048-R1.xlsx / MASTER_DATA_MAPPED col 44,GNCOA account; companion database to INL/RPT-24-77048
232.7,Isotope Production Equipment,Factory Equipment Costs (2022 USD),0,AP1000,BE NOAK,"Stewart, W. R., Shirvan, K., Velez, E., & Wiser, R. Pathways to Cost-effective Advanced Nuclear Technology.",2017,INL-RPT-24-77048-R1.xlsx / MASTER_DATA_MAPPED col 45,GNCOA account; companion database to INL/RPT-24-77048
232.7,Isotope Production Equipment,Site Labor Cost (2022 USD),0,AP1000,BE NOAK,"Stewart, W. R., Shirvan, K., Velez, E., & Wiser, R. Pathways to Cost-effective Advanced Nuclear Technology.",2017,INL-RPT-24-77048-R1.xlsx / MASTER_DATA_MAPPED col 46,GNCOA account; companion database to INL/RPT-24-77048
232.7,Isotope Production Equipment,Site Material Cost (2022 USD),0,AP1000,BE NOAK,"Stewart, W. R., Shirvan, K., Velez, E., & Wiser, R. Pathways to Cost-effective Advanced Nuclear Technology.",2017,INL-RPT-24-77048-R1.xlsx / MASTER_DATA_MAPPED col 47,GNCOA account; companion database to INL/RPT-24-77048
232.7,Isotope Production Equipment,Total Costs (2022 USD),0,AP1000,BE NOAK,"Stewart, W. R., Shirvan, K., Velez, E., & Wiser, R. Pathways to Cost-effective Advanced Nuclear Technology.",2017,INL-RPT-24-77048-R1.xlsx / MASTER_DATA_MAPPED col 48,GNCOA account; companion database to INL/RPT-24-77048
232.7,Isotope Production Equipment,Factory Equipment Costs (2022 USD),0,AP1000,0,Shirvan Private Communication (TIMCAT data),unspecified,INL-RPT-24-77048-R1.xlsx / MASTER_DATA_MAPPED col 105,GNCOA account; companion database to INL/RPT-24-77048
232.7,Isotope Production Equipment,Site Labor Cost (2022 USD),0,AP1000,0,Shirvan Private Communication (TIMCAT data),unspecified,INL-RPT-24-77048-R1.xlsx / MASTER_DATA_MAPPED col 106,GNCOA account; companion database to INL/RPT-24-77048
232.7,Isotope Production Equipment,Site Material Cost (2022 USD),0,AP1000,0,Shirvan Private Communication (TIMCAT data),unspecified,INL-RPT-24-77048-R1.xlsx / MASTER_DATA_MAPPED col 107,GNCOA account; companion database to INL/RPT-24-77048
232.7,Isotope Production Equipment,Total Costs (2022 USD),0,AP1000,NOAK,Shirvan Private Communication (Tim Cat Data),unspecified,INL-RPT-24-77048-R1.xlsx / MASTER_DATA_MAPPED col 108,GNCOA account; companion database to INL/RPT-24-77048
232.7,Battery Storage Systems,Factory Equipment Costs (2022 USD),0,AP1000,ME FOAK,"Stewart, W. R., Shirvan, K., Velez, E., & Wiser, R. Pathways to Cost-effective Advanced Nuclear Technology.",2017,INL-RPT-24-77048-R1.xlsx / MASTER_DATA_MAPPED col 41,GNCOA account; companion database to INL/RPT-24-77048
232.7,Battery Storage Systems,Site Labor Cost (2022 USD),0,AP1000,ME FOAK,"Stewart, W. R., Shirvan, K., Velez, E., & Wiser, R. Pathways to Cost-effective Advanced Nuclear Technology.",2017,INL-RPT-24-77048-R1.xlsx / MASTER_DATA_MAPPED col 42,GNCOA account; companion database to INL/RPT-24-77048
232.7,Battery Storage Systems,Site Material Cost (2022 USD),0,AP1000,ME FOAK,"Stewart, W. R., Shirvan, K., Velez, E., & Wiser, R. Pathways to Cost-effective Advanced Nuclear Technology.",2017,INL-RPT-24-77048-R1.xlsx / MASTER_DATA_MAPPED col 43,GNCOA account; companion database to INL/RPT-24-77048
232.7,Battery Storage Systems,Total Costs (2022 USD),0,AP1000,ME FOAK,"Stewart, W. R., Shirvan, K., Velez, E., & Wiser, R. Pathways to Cost-effective Advanced Nuclear Technology.",2017,INL-RPT-24-77048-R1.xlsx / MASTER_DATA_MAPPED col 44,GNCOA account; companion database to INL/RPT-24-77048
232.7,Battery Storage Systems,Factory Equipment Costs (2022 USD),0,AP1000,BE NOAK,"Stewart, W. R., Shirvan, K., Velez, E., & Wiser, R. Pathways to Cost-effective Advanced Nuclear Technology.",2017,INL-RPT-24-77048-R1.xlsx / MASTER_DATA_MAPPED col 45,GNCOA account; companion database to INL/RPT-24-77048
232.7,Battery Storage Systems,Site Labor Cost (2022 USD),0,AP1000,BE NOAK,"Stewart, W. R., Shirvan, K., Velez, E., & Wiser, R. Pathways to Cost-effective Advanced Nuclear Technology.",2017,INL-RPT-24-77048-R1.xlsx / MASTER_DATA_MAPPED col 46,GNCOA account; companion database to INL/RPT-24-77048
232.7,Battery Storage Systems,Site Material Cost (2022 USD),0,AP1000,BE NOAK,"Stewart, W. R., Shirvan, K., Velez, E., & Wiser, R. Pathways to Cost-effective Advanced Nuclear Technology.",2017,INL-RPT-24-77048-R1.xlsx / MASTER_DATA_MAPPED col 47,GNCOA account; companion database to INL/RPT-24-77048
232.7,Battery Storage Systems,Total Costs (2022 USD),0,AP1000,BE NOAK,"Stewart, W. R., Shirvan, K., Velez, E., & Wiser, R. Pathways to Cost-effective Advanced Nuclear Technology.",2017,INL-RPT-24-77048-R1.xlsx / MASTER_DATA_MAPPED col 48,GNCOA account; companion database to INL/RPT-24-77048
232.7,Battery Storage Systems,Factory Equipment Costs (2022 USD),0,AP1000,0,Shirvan Private Communication (TIMCAT data),unspecified,INL-RPT-24-77048-R1.xlsx / MASTER_DATA_MAPPED col 105,GNCOA account; companion database to INL/RPT-24-77048
232.7,Battery Storage Systems,Site Labor Cost (2022 USD),0,AP1000,0,Shirvan Private Communication (TIMCAT data),unspecified,INL-RPT-24-77048-R1.xlsx / MASTER_DATA_MAPPED col 106,GNCOA account; companion database to INL/RPT-24-77048
232.7,Battery Storage Systems,Site Material Cost (2022 USD),0,AP1000,0,Shirvan Private Communication (TIMCAT data),unspecified,INL-RPT-24-77048-R1.xlsx / MASTER_DATA_MAPPED col 107,GNCOA account; companion database to INL/RPT-24-77048
232.7,Battery Storage Systems,Total Costs (2022 USD),0,AP1000,NOAK,Shirvan Private Communication (Tim Cat Data),unspecified,INL-RPT-24-77048-R1.xlsx / MASTER_DATA_MAPPED col 108,GNCOA account; companion database to INL/RPT-24-77048
233,Ultimate Heat Sink,Factory Equipment Costs (2022 USD),0,AP1000,ME FOAK,"Stewart, W. R., Shirvan, K., Velez, E., & Wiser, R. Pathways to Cost-effective Advanced Nuclear Technology.",2017,INL-RPT-24-77048-R1.xlsx / MASTER_DATA_MAPPED col 41,GNCOA account; companion database to INL/RPT-24-77048
233,Ultimate Heat Sink,Site Labor Cost (2022 USD),0,AP1000,ME FOAK,"Stewart, W. R., Shirvan, K., Velez, E., & Wiser, R. Pathways to Cost-effective Advanced Nuclear Technology.",2017,INL-RPT-24-77048-R1.xlsx / MASTER_DATA_MAPPED col 42,GNCOA account; companion database to INL/RPT-24-77048
233,Ultimate Heat Sink,Site Material Cost (2022 USD),0,AP1000,ME FOAK,"Stewart, W. R., Shirvan, K., Velez, E., & Wiser, R. Pathways to Cost-effective Advanced Nuclear Technology.",2017,INL-RPT-24-77048-R1.xlsx / MASTER_DATA_MAPPED col 43,GNCOA account; companion database to INL/RPT-24-77048
233,Ultimate Heat Sink,Total Costs (2022 USD),280000000,AP1000,ME FOAK,"Stewart, W. R., Shirvan, K., Velez, E., & Wiser, R. Pathways to Cost-effective Advanced Nuclear Technology.",2017,INL-RPT-24-77048-R1.xlsx / MASTER_DATA_MAPPED col 44,GNCOA account; companion database to INL/RPT-24-77048
233,Ultimate Heat Sink,Factory Equipment Costs (2022 USD),0,AP1000,BE NOAK,"Stewart, W. R., Shirvan, K., Velez, E., & Wiser, R. Pathways to Cost-effective Advanced Nuclear Technology.",2017,INL-RPT-24-77048-R1.xlsx / MASTER_DATA_MAPPED col 45,GNCOA account; companion database to INL/RPT-24-77048
233,Ultimate Heat Sink,Site Labor Cost (2022 USD),0,AP1000,BE NOAK,"Stewart, W. R., Shirvan, K., Velez, E., & Wiser, R. Pathways to Cost-effective Advanced Nuclear Technology.",2017,INL-RPT-24-77048-R1.xlsx / MASTER_DATA_MAPPED col 46,GNCOA account; companion database to INL/RPT-24-77048
233,Ultimate Heat Sink,Site Material Cost (2022 USD),0,AP1000,BE NOAK,"Stewart, W. R., Shirvan, K., Velez, E., & Wiser, R. Pathways to Cost-effective Advanced Nuclear Technology.",2017,INL-RPT-24-77048-R1.xlsx / MASTER_DATA_MAPPED col 47,GNCOA account; companion database to INL/RPT-24-77048
233,Ultimate Heat Sink,Total Costs (2022 USD),160000000,AP1000,BE NOAK,"Stewart, W. R., Shirvan, K., Velez, E., & Wiser, R. Pathways to Cost-effective Advanced Nuclear Technology.",2017,INL-RPT-24-77048-R1.xlsx / MASTER_DATA_MAPPED col 48,GNCOA account; companion database to INL/RPT-24-77048
233,Ultimate Heat Sink,Factory Equipment Costs (2022 USD),251242947.3973264,AP1000,0,Shirvan Private Communication (TIMCAT data),unspecified,INL-RPT-24-77048-R1.xlsx / MASTER_DATA_MAPPED col 105,GNCOA account; companion database to INL/RPT-24-77048
233,Ultimate Heat Sink,Site Labor Cost (2022 USD),119441069.4555118,AP1000,0,Shirvan Private Communication (TIMCAT data),unspecified,INL-RPT-24-77048-R1.xlsx / MASTER_DATA_MAPPED col 106,GNCOA account; companion database to INL/RPT-24-77048
233,Ultimate Heat Sink,Site Material Cost (2022 USD),23304505.550792396,AP1000,0,Shirvan Private Communication (TIMCAT data),unspecified,INL-RPT-24-77048-R1.xlsx / MASTER_DATA_MAPPED col 107,GNCOA account; companion database to INL/RPT-24-77048
233,Ultimate Heat Sink,Total Costs (2022 USD),285758851.22798276,AP1000,NOAK,Shirvan Private Communication (Tim Cat Data),unspecified,INL-RPT-24-77048-R1.xlsx / MASTER_DATA_MAPPED col 108,GNCOA account; companion database to INL/RPT-24-77048
233.1,Water Condensing Systems,Factory Equipment Costs (2022 USD),0,AP1000,ME FOAK,"Stewart, W. R., Shirvan, K., Velez, E., & Wiser, R. Pathways to Cost-effective Advanced Nuclear Technology.",2017,INL-RPT-24-77048-R1.xlsx / MASTER_DATA_MAPPED col 41,GNCOA account; companion database to INL/RPT-24-77048
233.1,Water Condensing Systems,Site Labor Cost (2022 USD),0,AP1000,ME FOAK,"Stewart, W. R., Shirvan, K., Velez, E., & Wiser, R. Pathways to Cost-effective Advanced Nuclear Technology.",2017,INL-RPT-24-77048-R1.xlsx / MASTER_DATA_MAPPED col 42,GNCOA account; companion database to INL/RPT-24-77048
233.1,Water Condensing Systems,Site Material Cost (2022 USD),0,AP1000,ME FOAK,"Stewart, W. R., Shirvan, K., Velez, E., & Wiser, R. Pathways to Cost-effective Advanced Nuclear Technology.",2017,INL-RPT-24-77048-R1.xlsx / MASTER_DATA_MAPPED col 43,GNCOA account; companion database to INL/RPT-24-77048
233.1,Water Condensing Systems,Total Costs (2022 USD),0,AP1000,ME FOAK,"Stewart, W. R., Shirvan, K., Velez, E., & Wiser, R. Pathways to Cost-effective Advanced Nuclear Technology.",2017,INL-RPT-24-77048-R1.xlsx / MASTER_DATA_MAPPED col 44,GNCOA account; companion database to INL/RPT-24-77048
233.1,Water Condensing Systems,Factory Equipment Costs (2022 USD),0,AP1000,BE NOAK,"Stewart, W. R., Shirvan, K., Velez, E., & Wiser, R. Pathways to Cost-effective Advanced Nuclear Technology.",2017,INL-RPT-24-77048-R1.xlsx / MASTER_DATA_MAPPED col 45,GNCOA account; companion database to INL/RPT-24-77048
233.1,Water Condensing Systems,Site Labor Cost (2022 USD),0,AP1000,BE NOAK,"Stewart, W. R., Shirvan, K., Velez, E., & Wiser, R. Pathways to Cost-effective Advanced Nuclear Technology.",2017,INL-RPT-24-77048-R1.xlsx / MASTER_DATA_MAPPED col 46,GNCOA account; companion database to INL/RPT-24-77048
233.1,Water Condensing Systems,Site Material Cost (2022 USD),0,AP1000,BE NOAK,"Stewart, W. R., Shirvan, K., Velez, E., & Wiser, R. Pathways to Cost-effective Advanced Nuclear Technology.",2017,INL-RPT-24-77048-R1.xlsx / MASTER_DATA_MAPPED col 47,GNCOA account; companion database to INL/RPT-24-77048
233.1,Water Condensing Systems,Total Costs (2022 USD),0,AP1000,BE NOAK,"Stewart, W. R., Shirvan, K., Velez, E., & Wiser, R. Pathways to Cost-effective Advanced Nuclear Technology.",2017,INL-RPT-24-77048-R1.xlsx / MASTER_DATA_MAPPED col 48,GNCOA account; companion database to INL/RPT-24-77048
233.1,Water Condensing Systems,Factory Equipment Costs (2022 USD),68601611.45869103,AP1000,0,Shirvan Private Communication (TIMCAT data),unspecified,INL-RPT-24-77048-R1.xlsx / MASTER_DATA_MAPPED col 105,GNCOA account; companion database to INL/RPT-24-77048
233.1,Water Condensing Systems,Site Labor Cost (2022 USD),32921723.69676825,AP1000,0,Shirvan Private Communication (TIMCAT data),unspecified,INL-RPT-24-77048-R1.xlsx / MASTER_DATA_MAPPED col 106,GNCOA account; companion database to INL/RPT-24-77048
233.1,Water Condensing Systems,Site Material Cost (2022 USD),6706336.020188659,AP1000,0,Shirvan Private Communication (TIMCAT data),unspecified,INL-RPT-24-77048-R1.xlsx / MASTER_DATA_MAPPED col 107,GNCOA account; companion database to INL/RPT-24-77048
233.1,Water Condensing Systems,Total Costs (2022 USD),108229671.17564796,AP1000,NOAK,Shirvan Private Communication (Tim Cat Data),unspecified,INL-RPT-24-77048-R1.xlsx / MASTER_DATA_MAPPED col 108,GNCOA account; companion database to INL/RPT-24-77048
233.2,Air-based Cooling Systems,Factory Equipment Costs (2022 USD),0,AP1000,ME FOAK,"Stewart, W. R., Shirvan, K., Velez, E., & Wiser, R. Pathways to Cost-effective Advanced Nuclear Technology.",2017,INL-RPT-24-77048-R1.xlsx / MASTER_DATA_MAPPED col 41,GNCOA account; companion database to INL/RPT-24-77048
233.2,Air-based Cooling Systems,Site Labor Cost (2022 USD),0,AP1000,ME FOAK,"Stewart, W. R., Shirvan, K., Velez, E., & Wiser, R. Pathways to Cost-effective Advanced Nuclear Technology.",2017,INL-RPT-24-77048-R1.xlsx / MASTER_DATA_MAPPED col 42,GNCOA account; companion database to INL/RPT-24-77048
233.2,Air-based Cooling Systems,Site Material Cost (2022 USD),0,AP1000,ME FOAK,"Stewart, W. R., Shirvan, K., Velez, E., & Wiser, R. Pathways to Cost-effective Advanced Nuclear Technology.",2017,INL-RPT-24-77048-R1.xlsx / MASTER_DATA_MAPPED col 43,GNCOA account; companion database to INL/RPT-24-77048
233.2,Air-based Cooling Systems,Total Costs (2022 USD),0,AP1000,ME FOAK,"Stewart, W. R., Shirvan, K., Velez, E., & Wiser, R. Pathways to Cost-effective Advanced Nuclear Technology.",2017,INL-RPT-24-77048-R1.xlsx / MASTER_DATA_MAPPED col 44,GNCOA account; companion database to INL/RPT-24-77048
233.2,Air-based Cooling Systems,Factory Equipment Costs (2022 USD),0,AP1000,BE NOAK,"Stewart, W. R., Shirvan, K., Velez, E., & Wiser, R. Pathways to Cost-effective Advanced Nuclear Technology.",2017,INL-RPT-24-77048-R1.xlsx / MASTER_DATA_MAPPED col 45,GNCOA account; companion database to INL/RPT-24-77048
233.2,Air-based Cooling Systems,Site Labor Cost (2022 USD),0,AP1000,BE NOAK,"Stewart, W. R., Shirvan, K., Velez, E., & Wiser, R. Pathways to Cost-effective Advanced Nuclear Technology.",2017,INL-RPT-24-77048-R1.xlsx / MASTER_DATA_MAPPED col 46,GNCOA account; companion database to INL/RPT-24-77048
233.2,Air-based Cooling Systems,Site Material Cost (2022 USD),0,AP1000,BE NOAK,"Stewart, W. R., Shirvan, K., Velez, E., & Wiser, R. Pathways to Cost-effective Advanced Nuclear Technology.",2017,INL-RPT-24-77048-R1.xlsx / MASTER_DATA_MAPPED col 47,GNCOA account; companion database to INL/RPT-24-77048
233.2,Air-based Cooling Systems,Total Costs (2022 USD),0,AP1000,BE NOAK,"Stewart, W. R., Shirvan, K., Velez, E., & Wiser, R. Pathways to Cost-effective Advanced Nuclear Technology.",2017,INL-RPT-24-77048-R1.xlsx / MASTER_DATA_MAPPED col 48,GNCOA account; companion database to INL/RPT-24-77048
233.2,Air-based Cooling Systems,Factory Equipment Costs (2022 USD),0,AP1000,0,Shirvan Private Communication (TIMCAT data),unspecified,INL-RPT-24-77048-R1.xlsx / MASTER_DATA_MAPPED col 105,GNCOA account; companion database to INL/RPT-24-77048
233.2,Air-based Cooling Systems,Site Labor Cost (2022 USD),0,AP1000,0,Shirvan Private Communication (TIMCAT data),unspecified,INL-RPT-24-77048-R1.xlsx / MASTER_DATA_MAPPED col 106,GNCOA account; companion database to INL/RPT-24-77048
233.2,Air-based Cooling Systems,Site Material Cost (2022 USD),0,AP1000,0,Shirvan Private Communication (TIMCAT data),unspecified,INL-RPT-24-77048-R1.xlsx / MASTER_DATA_MAPPED col 107,GNCOA account; companion database to INL/RPT-24-77048
233.2,Air-based Cooling Systems,Total Costs (2022 USD),0,AP1000,NOAK,Shirvan Private Communication (Tim Cat Data),unspecified,INL-RPT-24-77048-R1.xlsx / MASTER_DATA_MAPPED col 108,GNCOA account; companion database to INL/RPT-24-77048
234,Feed Heating Systems,Factory Equipment Costs (2022 USD),0,AP1000,ME FOAK,"Stewart, W. R., Shirvan, K., Velez, E., & Wiser, R. Pathways to Cost-effective Advanced Nuclear Technology.",2017,INL-RPT-24-77048-R1.xlsx / MASTER_DATA_MAPPED col 41,GNCOA account; companion database to INL/RPT-24-77048
234,Feed Heating Systems,Site Labor Cost (2022 USD),0,AP1000,ME FOAK,"Stewart, W. R., Shirvan, K., Velez, E., & Wiser, R. Pathways to Cost-effective Advanced Nuclear Technology.",2017,INL-RPT-24-77048-R1.xlsx / MASTER_DATA_MAPPED col 42,GNCOA account; companion database to INL/RPT-24-77048
234,Feed Heating Systems,Site Material Cost (2022 USD),0,AP1000,ME FOAK,"Stewart, W. R., Shirvan, K., Velez, E., & Wiser, R. Pathways to Cost-effective Advanced Nuclear Technology.",2017,INL-RPT-24-77048-R1.xlsx / MASTER_DATA_MAPPED col 43,GNCOA account; companion database to INL/RPT-24-77048
234,Feed Heating Systems,Total Costs (2022 USD),0,AP1000,ME FOAK,"Stewart, W. R., Shirvan, K., Velez, E., & Wiser, R. Pathways to Cost-effective Advanced Nuclear Technology.",2017,INL-RPT-24-77048-R1.xlsx / MASTER_DATA_MAPPED col 44,GNCOA account; companion database to INL/RPT-24-77048
234,Feed Heating Systems,Factory Equipment Costs (2022 USD),0,AP1000,BE NOAK,"Stewart, W. R., Shirvan, K., Velez, E., & Wiser, R. Pathways to Cost-effective Advanced Nuclear Technology.",2017,INL-RPT-24-77048-R1.xlsx / MASTER_DATA_MAPPED col 45,GNCOA account; companion database to INL/RPT-24-77048
234,Feed Heating Systems,Site Labor Cost (2022 USD),0,AP1000,BE NOAK,"Stewart, W. R., Shirvan, K., Velez, E., & Wiser, R. Pathways to Cost-effective Advanced Nuclear Technology.",2017,INL-RPT-24-77048-R1.xlsx / MASTER_DATA_MAPPED col 46,GNCOA account; companion database to INL/RPT-24-77048
234,Feed Heating Systems,Site Material Cost (2022 USD),0,AP1000,BE NOAK,"Stewart, W. R., Shirvan, K., Velez, E., & Wiser, R. Pathways to Cost-effective Advanced Nuclear Technology.",2017,INL-RPT-24-77048-R1.xlsx / MASTER_DATA_MAPPED col 47,GNCOA account; companion database to INL/RPT-24-77048
234,Feed Heating Systems,Total Costs (2022 USD),0,AP1000,BE NOAK,"Stewart, W. R., Shirvan, K., Velez, E., & Wiser, R. Pathways to Cost-effective Advanced Nuclear Technology.",2017,INL-RPT-24-77048-R1.xlsx / MASTER_DATA_MAPPED col 48,GNCOA account; companion database to INL/RPT-24-77048
234,Feed Heating Systems,Factory Equipment Costs (2022 USD),38581917.5059423,AP1000,0,Shirvan Private Communication (TIMCAT data),unspecified,INL-RPT-24-77048-R1.xlsx / MASTER_DATA_MAPPED col 105,GNCOA account; companion database to INL/RPT-24-77048
234,Feed Heating Systems,Site Labor Cost (2022 USD),19355101.0337582,AP1000,0,Shirvan Private Communication (TIMCAT data),unspecified,INL-RPT-24-77048-R1.xlsx / MASTER_DATA_MAPPED col 106,GNCOA account; companion database to INL/RPT-24-77048
234,Feed Heating Systems,Site Material Cost (2022 USD),2385996.10224246,AP1000,0,Shirvan Private Communication (TIMCAT data),unspecified,INL-RPT-24-77048-R1.xlsx / MASTER_DATA_MAPPED col 107,GNCOA account; companion database to INL/RPT-24-77048
234,Feed Heating Systems,Total Costs (2022 USD),60323014.641943,AP1000,NOAK,Shirvan Private Communication (Tim Cat Data),unspecified,INL-RPT-24-77048-R1.xlsx / MASTER_DATA_MAPPED col 108,GNCOA account; companion database to INL/RPT-24-77048
235,Common Plant Equipment,Factory Equipment Costs (2022 USD),0,AP1000,ME FOAK,"Stewart, W. R., Shirvan, K., Velez, E., & Wiser, R. Pathways to Cost-effective Advanced Nuclear Technology.",2017,INL-RPT-24-77048-R1.xlsx / MASTER_DATA_MAPPED col 41,GNCOA account; companion database to INL/RPT-24-77048
235,Common Plant Equipment,Site Labor Cost (2022 USD),0,AP1000,ME FOAK,"Stewart, W. R., Shirvan, K., Velez, E., & Wiser, R. Pathways to Cost-effective Advanced Nuclear Technology.",2017,INL-RPT-24-77048-R1.xlsx / MASTER_DATA_MAPPED col 42,GNCOA account; companion database to INL/RPT-24-77048
235,Common Plant Equipment,Site Material Cost (2022 USD),0,AP1000,ME FOAK,"Stewart, W. R., Shirvan, K., Velez, E., & Wiser, R. Pathways to Cost-effective Advanced Nuclear Technology.",2017,INL-RPT-24-77048-R1.xlsx / MASTER_DATA_MAPPED col 43,GNCOA account; companion database to INL/RPT-24-77048
235,Common Plant Equipment,Total Costs (2022 USD),0,AP1000,ME FOAK,"Stewart, W. R., Shirvan, K., Velez, E., & Wiser, R. Pathways to Cost-effective Advanced Nuclear Technology.",2017,INL-RPT-24-77048-R1.xlsx / MASTER_DATA_MAPPED col 44,GNCOA account; companion database to INL/RPT-24-77048
235,Common Plant Equipment,Factory Equipment Costs (2022 USD),0,AP1000,BE NOAK,"Stewart, W. R., Shirvan, K., Velez, E., & Wiser, R. Pathways to Cost-effective Advanced Nuclear Technology.",2017,INL-RPT-24-77048-R1.xlsx / MASTER_DATA_MAPPED col 45,GNCOA account; companion database to INL/RPT-24-77048
235,Common Plant Equipment,Site Labor Cost (2022 USD),0,AP1000,BE NOAK,"Stewart, W. R., Shirvan, K., Velez, E., & Wiser, R. Pathways to Cost-effective Advanced Nuclear Technology.",2017,INL-RPT-24-77048-R1.xlsx / MASTER_DATA_MAPPED col 46,GNCOA account; companion database to INL/RPT-24-77048
235,Common Plant Equipment,Site Material Cost (2022 USD),0,AP1000,BE NOAK,"Stewart, W. R., Shirvan, K., Velez, E., & Wiser, R. Pathways to Cost-effective Advanced Nuclear Technology.",2017,INL-RPT-24-77048-R1.xlsx / MASTER_DATA_MAPPED col 47,GNCOA account; companion database to INL/RPT-24-77048
235,Common Plant Equipment,Total Costs (2022 USD),0,AP1000,BE NOAK,"Stewart, W. R., Shirvan, K., Velez, E., & Wiser, R. Pathways to Cost-effective Advanced Nuclear Technology.",2017,INL-RPT-24-77048-R1.xlsx / MASTER_DATA_MAPPED col 48,GNCOA account; companion database to INL/RPT-24-77048
235,Common Plant Equipment,Factory Equipment Costs (2022 USD),0,AP1000,0,Shirvan Private Communication (TIMCAT data),unspecified,INL-RPT-24-77048-R1.xlsx / MASTER_DATA_MAPPED col 105,GNCOA account; companion database to INL/RPT-24-77048
235,Common Plant Equipment,Site Labor Cost (2022 USD),0,AP1000,0,Shirvan Private Communication (TIMCAT data),unspecified,INL-RPT-24-77048-R1.xlsx / MASTER_DATA_MAPPED col 106,GNCOA account; companion database to INL/RPT-24-77048
235,Common Plant Equipment,Site Material Cost (2022 USD),0,AP1000,0,Shirvan Private Communication (TIMCAT data),unspecified,INL-RPT-24-77048-R1.xlsx / MASTER_DATA_MAPPED col 107,GNCOA account; companion database to INL/RPT-24-77048
235,Common Plant Equipment,Total Costs (2022 USD),0,AP1000,NOAK,Shirvan Private Communication (Tim Cat Data),unspecified,INL-RPT-24-77048-R1.xlsx / MASTER_DATA_MAPPED col 108,GNCOA account; companion database to INL/RPT-24-77048
236,Common Instrumentation & Controls,Factory Equipment Costs (2022 USD),0,AP1000,ME FOAK,"Stewart, W. R., Shirvan, K., Velez, E., & Wiser, R. Pathways to Cost-effective Advanced Nuclear Technology.",2017,INL-RPT-24-77048-R1.xlsx / MASTER_DATA_MAPPED col 41,GNCOA account; companion database to INL/RPT-24-77048
236,Common Instrumentation & Controls,Site Labor Cost (2022 USD),0,AP1000,ME FOAK,"Stewart, W. R., Shirvan, K., Velez, E., & Wiser, R. Pathways to Cost-effective Advanced Nuclear Technology.",2017,INL-RPT-24-77048-R1.xlsx / MASTER_DATA_MAPPED col 42,GNCOA account; companion database to INL/RPT-24-77048
236,Common Instrumentation & Controls,Site Material Cost (2022 USD),0,AP1000,ME FOAK,"Stewart, W. R., Shirvan, K., Velez, E., & Wiser, R. Pathways to Cost-effective Advanced Nuclear Technology.",2017,INL-RPT-24-77048-R1.xlsx / MASTER_DATA_MAPPED col 43,GNCOA account; companion database to INL/RPT-24-77048
236,Common Instrumentation & Controls,Total Costs (2022 USD),0,AP1000,ME FOAK,"Stewart, W. R., Shirvan, K., Velez, E., & Wiser, R. Pathways to Cost-effective Advanced Nuclear Technology.",2017,INL-RPT-24-77048-R1.xlsx / MASTER_DATA_MAPPED col 44,GNCOA account; companion database to INL/RPT-24-77048
236,Common Instrumentation & Controls,Factory Equipment Costs (2022 USD),0,AP1000,BE NOAK,"Stewart, W. R., Shirvan, K., Velez, E., & Wiser, R. Pathways to Cost-effective Advanced Nuclear Technology.",2017,INL-RPT-24-77048-R1.xlsx / MASTER_DATA_MAPPED col 45,GNCOA account; companion database to INL/RPT-24-77048
236,Common Instrumentation & Controls,Site Labor Cost (2022 USD),0,AP1000,BE NOAK,"Stewart, W. R., Shirvan, K., Velez, E., & Wiser, R. Pathways to Cost-effective Advanced Nuclear Technology.",2017,INL-RPT-24-77048-R1.xlsx / MASTER_DATA_MAPPED col 46,GNCOA account; companion database to INL/RPT-24-77048
236,Common Instrumentation & Controls,Site Material Cost (2022 USD),0,AP1000,BE NOAK,"Stewart, W. R., Shirvan, K., Velez, E., & Wiser, R. Pathways to Cost-effective Advanced Nuclear Technology.",2017,INL-RPT-24-77048-R1.xlsx / MASTER_DATA_MAPPED col 47,GNCOA account; companion database to INL/RPT-24-77048
236,Common Instrumentation & Controls,Total Costs (2022 USD),0,AP1000,BE NOAK,"Stewart, W. R., Shirvan, K., Velez, E., & Wiser, R. Pathways to Cost-effective Advanced Nuclear Technology.",2017,INL-RPT-24-77048-R1.xlsx / MASTER_DATA_MAPPED col 48,GNCOA account; companion database to INL/RPT-24-77048
236,Common Instrumentation & Controls,Factory Equipment Costs (2022 USD),4212642.35391538,AP1000,0,Shirvan Private Communication (TIMCAT data),unspecified,INL-RPT-24-77048-R1.xlsx / MASTER_DATA_MAPPED col 105,GNCOA account; companion database to INL/RPT-24-77048
236,Common Instrumentation & Controls,Site Labor Cost (2022 USD),7667262.7803088,AP1000,0,Shirvan Private Communication (TIMCAT data),unspecified,INL-RPT-24-77048-R1.xlsx / MASTER_DATA_MAPPED col 106,GNCOA account; companion database to INL/RPT-24-77048
236,Common Instrumentation & Controls,Site Material Cost (2022 USD),805442.825720403,AP1000,0,Shirvan Private Communication (TIMCAT data),unspecified,INL-RPT-24-77048-R1.xlsx / MASTER_DATA_MAPPED col 107,GNCOA account; companion database to INL/RPT-24-77048
236,Common Instrumentation & Controls,Total Costs (2022 USD),12685347.9599445,AP1000,NOAK,Shirvan Private Communication (Tim Cat Data),unspecified,INL-RPT-24-77048-R1.xlsx / MASTER_DATA_MAPPED col 108,GNCOA account; companion database to INL/RPT-24-77048
237,Miscellaneous Energy System Equipment,Factory Equipment Costs (2022 USD),0,AP1000,ME FOAK,"Stewart, W. R., Shirvan, K., Velez, E., & Wiser, R. Pathways to Cost-effective Advanced Nuclear Technology.",2017,INL-RPT-24-77048-R1.xlsx / MASTER_DATA_MAPPED col 41,GNCOA account; companion database to INL/RPT-24-77048
237,Miscellaneous Energy System Equipment,Site Labor Cost (2022 USD),0,AP1000,ME FOAK,"Stewart, W. R., Shirvan, K., Velez, E., & Wiser, R. Pathways to Cost-effective Advanced Nuclear Technology.",2017,INL-RPT-24-77048-R1.xlsx / MASTER_DATA_MAPPED col 42,GNCOA account; companion database to INL/RPT-24-77048
237,Miscellaneous Energy System Equipment,Site Material Cost (2022 USD),0,AP1000,ME FOAK,"Stewart, W. R., Shirvan, K., Velez, E., & Wiser, R. Pathways to Cost-effective Advanced Nuclear Technology.",2017,INL-RPT-24-77048-R1.xlsx / MASTER_DATA_MAPPED col 43,GNCOA account; companion database to INL/RPT-24-77048
237,Miscellaneous Energy System Equipment,Total Costs (2022 USD),0,AP1000,ME FOAK,"Stewart, W. R., Shirvan, K., Velez, E., & Wiser, R. Pathways to Cost-effective Advanced Nuclear Technology.",2017,INL-RPT-24-77048-R1.xlsx / MASTER_DATA_MAPPED col 44,GNCOA account; companion database to INL/RPT-24-77048
237,Miscellaneous Energy System Equipment,Factory Equipment Costs (2022 USD),0,AP1000,BE NOAK,"Stewart, W. R., Shirvan, K., Velez, E., & Wiser, R. Pathways to Cost-effective Advanced Nuclear Technology.",2017,INL-RPT-24-77048-R1.xlsx / MASTER_DATA_MAPPED col 45,GNCOA account; companion database to INL/RPT-24-77048
237,Miscellaneous Energy System Equipment,Site Labor Cost (2022 USD),0,AP1000,BE NOAK,"Stewart, W. R., Shirvan, K., Velez, E., & Wiser, R. Pathways to Cost-effective Advanced Nuclear Technology.",2017,INL-RPT-24-77048-R1.xlsx / MASTER_DATA_MAPPED col 46,GNCOA account; companion database to INL/RPT-24-77048
237,Miscellaneous Energy System Equipment,Site Material Cost (2022 USD),0,AP1000,BE NOAK,"Stewart, W. R., Shirvan, K., Velez, E., & Wiser, R. Pathways to Cost-effective Advanced Nuclear Technology.",2017,INL-RPT-24-77048-R1.xlsx / MASTER_DATA_MAPPED col 47,GNCOA account; companion database to INL/RPT-24-77048
237,Miscellaneous Energy System Equipment,Total Costs (2022 USD),0,AP1000,BE NOAK,"Stewart, W. R., Shirvan, K., Velez, E., & Wiser, R. Pathways to Cost-effective Advanced Nuclear Technology.",2017,INL-RPT-24-77048-R1.xlsx / MASTER_DATA_MAPPED col 48,GNCOA account; companion database to INL/RPT-24-77048
237,Miscellaneous Energy System Equipment,Factory Equipment Costs (2022 USD),0,AP1000,0,Shirvan Private Communication (TIMCAT data),unspecified,INL-RPT-24-77048-R1.xlsx / MASTER_DATA_MAPPED col 105,GNCOA account; companion database to INL/RPT-24-77048
237,Miscellaneous Energy System Equipment,Site Labor Cost (2022 USD),8298897.7863806,AP1000,0,Shirvan Private Communication (TIMCAT data),unspecified,INL-RPT-24-77048-R1.xlsx / MASTER_DATA_MAPPED col 106,GNCOA account; companion database to INL/RPT-24-77048
237,Miscellaneous Energy System Equipment,Site Material Cost (2022 USD),5994392.14296607,AP1000,0,Shirvan Private Communication (TIMCAT data),unspecified,INL-RPT-24-77048-R1.xlsx / MASTER_DATA_MAPPED col 107,GNCOA account; companion database to INL/RPT-24-77048
237,Miscellaneous Energy System Equipment,Total Costs (2022 USD),14293289.9293466,AP1000,NOAK,Shirvan Private Communication (Tim Cat Data),unspecified,INL-RPT-24-77048-R1.xlsx / MASTER_DATA_MAPPED col 108,GNCOA account; companion database to INL/RPT-24-77048
24,Electrical Equipment,Factory Equipment Costs (2022 USD),0,AP1000,ME FOAK,"Stewart, W. R., Shirvan, K., Velez, E., & Wiser, R. Pathways to Cost-effective Advanced Nuclear Technology.",2017,INL-RPT-24-77048-R1.xlsx / MASTER_DATA_MAPPED col 41,GNCOA account; companion database to INL/RPT-24-77048
24,Electrical Equipment,Site Labor Cost (2022 USD),0,AP1000,ME FOAK,"Stewart, W. R., Shirvan, K., Velez, E., & Wiser, R. Pathways to Cost-effective Advanced Nuclear Technology.",2017,INL-RPT-24-77048-R1.xlsx / MASTER_DATA_MAPPED col 42,GNCOA account; companion database to INL/RPT-24-77048
24,Electrical Equipment,Site Material Cost (2022 USD),0,AP1000,ME FOAK,"Stewart, W. R., Shirvan, K., Velez, E., & Wiser, R. Pathways to Cost-effective Advanced Nuclear Technology.",2017,INL-RPT-24-77048-R1.xlsx / MASTER_DATA_MAPPED col 43,GNCOA account; companion database to INL/RPT-24-77048
24,Electrical Equipment,Total Costs (2022 USD),540000000,AP1000,ME FOAK,"Stewart, W. R., Shirvan, K., Velez, E., & Wiser, R. Pathways to Cost-effective Advanced Nuclear Technology.",2017,INL-RPT-24-77048-R1.xlsx / MASTER_DATA_MAPPED col 44,GNCOA account; companion database to INL/RPT-24-77048
24,Electrical Equipment,Factory Equipment Costs (2022 USD),0,AP1000,BE NOAK,"Stewart, W. R., Shirvan, K., Velez, E., & Wiser, R. Pathways to Cost-effective Advanced Nuclear Technology.",2017,INL-RPT-24-77048-R1.xlsx / MASTER_DATA_MAPPED col 45,GNCOA account; companion database to INL/RPT-24-77048
24,Electrical Equipment,Site Labor Cost (2022 USD),0,AP1000,BE NOAK,"Stewart, W. R., Shirvan, K., Velez, E., & Wiser, R. Pathways to Cost-effective Advanced Nuclear Technology.",2017,INL-RPT-24-77048-R1.xlsx / MASTER_DATA_MAPPED col 46,GNCOA account; companion database to INL/RPT-24-77048
24,Electrical Equipment,Site Material Cost (2022 USD),0,AP1000,BE NOAK,"Stewart, W. R., Shirvan, K., Velez, E., & Wiser, R. Pathways to Cost-effective Advanced Nuclear Technology.",2017,INL-RPT-24-77048-R1.xlsx / MASTER_DATA_MAPPED col 47,GNCOA account; companion database to INL/RPT-24-77048
24,Electrical Equipment,Total Costs (2022 USD),310000000,AP1000,BE NOAK,"Stewart, W. R., Shirvan, K., Velez, E., & Wiser, R. Pathways to Cost-effective Advanced Nuclear Technology.",2017,INL-RPT-24-77048-R1.xlsx / MASTER_DATA_MAPPED col 48,GNCOA account; companion database to INL/RPT-24-77048
24,Electrical Equipment,Factory Equipment Costs (2022 USD),86416072.28835109,AP1000,0,Shirvan Private Communication (TIMCAT data),unspecified,INL-RPT-24-77048-R1.xlsx / MASTER_DATA_MAPPED col 105,GNCOA account; companion database to INL/RPT-24-77048
24,Electrical Equipment,Site Labor Cost (2022 USD),167617719.20058537,AP1000,0,Shirvan Private Communication (TIMCAT data),unspecified,INL-RPT-24-77048-R1.xlsx / MASTER_DATA_MAPPED col 106,GNCOA account; companion database to INL/RPT-24-77048
24,Electrical Equipment,Site Material Cost (2022 USD),62972430.69642523,AP1000,0,Shirvan Private Communication (TIMCAT data),unspecified,INL-RPT-24-77048-R1.xlsx / MASTER_DATA_MAPPED col 107,GNCOA account; companion database to INL/RPT-24-77048
24,Electrical Equipment,Total Costs (2022 USD),105668740.72845384,AP1000,NOAK,Shirvan Private Communication (Tim Cat Data),unspecified,INL-RPT-24-77048-R1.xlsx / MASTER_DATA_MAPPED col 108,GNCOA account; companion database to INL/RPT-24-77048
241,Switchgear,Factory Equipment Costs (2022 USD),0,AP1000,ME FOAK,"Stewart, W. R., Shirvan, K., Velez, E., & Wiser, R. Pathways to Cost-effective Advanced Nuclear Technology.",2017,INL-RPT-24-77048-R1.xlsx / MASTER_DATA_MAPPED col 41,GNCOA account; companion database to INL/RPT-24-77048
241,Switchgear,Site Labor Cost (2022 USD),0,AP1000,ME FOAK,"Stewart, W. R., Shirvan, K., Velez, E., & Wiser, R. Pathways to Cost-effective Advanced Nuclear Technology.",2017,INL-RPT-24-77048-R1.xlsx / MASTER_DATA_MAPPED col 42,GNCOA account; companion database to INL/RPT-24-77048
241,Switchgear,Site Material Cost (2022 USD),0,AP1000,ME FOAK,"Stewart, W. R., Shirvan, K., Velez, E., & Wiser, R. Pathways to Cost-effective Advanced Nuclear Technology.",2017,INL-RPT-24-77048-R1.xlsx / MASTER_DATA_MAPPED col 43,GNCOA account; companion database to INL/RPT-24-77048
241,Switchgear,Total Costs (2022 USD),0,AP1000,ME FOAK,"Stewart, W. R., Shirvan, K., Velez, E., & Wiser, R. Pathways to Cost-effective Advanced Nuclear Technology.",2017,INL-RPT-24-77048-R1.xlsx / MASTER_DATA_MAPPED col 44,GNCOA account; companion database to INL/RPT-24-77048
241,Switchgear,Factory Equipment Costs (2022 USD),0,AP1000,BE NOAK,"Stewart, W. R., Shirvan, K., Velez, E., & Wiser, R. Pathways to Cost-effective Advanced Nuclear Technology.",2017,INL-RPT-24-77048-R1.xlsx / MASTER_DATA_MAPPED col 45,GNCOA account; companion database to INL/RPT-24-77048
241,Switchgear,Site Labor Cost (2022 USD),0,AP1000,BE NOAK,"Stewart, W. R., Shirvan, K., Velez, E., & Wiser, R. Pathways to Cost-effective Advanced Nuclear Technology.",2017,INL-RPT-24-77048-R1.xlsx / MASTER_DATA_MAPPED col 46,GNCOA account; companion database to INL/RPT-24-77048
241,Switchgear,Site Material Cost (2022 USD),0,AP1000,BE NOAK,"Stewart, W. R., Shirvan, K., Velez, E., & Wiser, R. Pathways to Cost-effective Advanced Nuclear Technology.",2017,INL-RPT-24-77048-R1.xlsx / MASTER_DATA_MAPPED col 47,GNCOA account; companion database to INL/RPT-24-77048
241,Switchgear,Total Costs (2022 USD),0,AP1000,BE NOAK,"Stewart, W. R., Shirvan, K., Velez, E., & Wiser, R. Pathways to Cost-effective Advanced Nuclear Technology.",2017,INL-RPT-24-77048-R1.xlsx / MASTER_DATA_MAPPED col 48,GNCOA account; companion database to INL/RPT-24-77048
241,Switchgear,Factory Equipment Costs (2022 USD),13096277.3426339,AP1000,0,Shirvan Private Communication (TIMCAT data),unspecified,INL-RPT-24-77048-R1.xlsx / MASTER_DATA_MAPPED col 105,GNCOA account; companion database to INL/RPT-24-77048
241,Switchgear,Site Labor Cost (2022 USD),458598.238244749,AP1000,0,Shirvan Private Communication (TIMCAT data),unspecified,INL-RPT-24-77048-R1.xlsx / MASTER_DATA_MAPPED col 106,GNCOA account; companion database to INL/RPT-24-77048
241,Switchgear,Site Material Cost (2022 USD),82255.7340125923,AP1000,0,Shirvan Private Communication (TIMCAT data),unspecified,INL-RPT-24-77048-R1.xlsx / MASTER_DATA_MAPPED col 107,GNCOA account; companion database to INL/RPT-24-77048
241,Switchgear,Total Costs (2022 USD),13637131.3148912,AP1000,NOAK,Shirvan Private Communication (Tim Cat Data),unspecified,INL-RPT-24-77048-R1.xlsx / MASTER_DATA_MAPPED col 108,GNCOA account; companion database to INL/RPT-24-77048
242,Station Service Equipment,Factory Equipment Costs (2022 USD),0,AP1000,ME FOAK,"Stewart, W. R., Shirvan, K., Velez, E., & Wiser, R. Pathways to Cost-effective Advanced Nuclear Technology.",2017,INL-RPT-24-77048-R1.xlsx / MASTER_DATA_MAPPED col 41,GNCOA account; companion database to INL/RPT-24-77048
242,Station Service Equipment,Site Labor Cost (2022 USD),0,AP1000,ME FOAK,"Stewart, W. R., Shirvan, K., Velez, E., & Wiser, R. Pathways to Cost-effective Advanced Nuclear Technology.",2017,INL-RPT-24-77048-R1.xlsx / MASTER_DATA_MAPPED col 42,GNCOA account; companion database to INL/RPT-24-77048
242,Station Service Equipment,Site Material Cost (2022 USD),0,AP1000,ME FOAK,"Stewart, W. R., Shirvan, K., Velez, E., & Wiser, R. Pathways to Cost-effective Advanced Nuclear Technology.",2017,INL-RPT-24-77048-R1.xlsx / MASTER_DATA_MAPPED col 43,GNCOA account; companion database to INL/RPT-24-77048
242,Station Service Equipment,Total Costs (2022 USD),0,AP1000,ME FOAK,"Stewart, W. R., Shirvan, K., Velez, E., & Wiser, R. Pathways to Cost-effective Advanced Nuclear Technology.",2017,INL-RPT-24-77048-R1.xlsx / MASTER_DATA_MAPPED col 44,GNCOA account; companion database to INL/RPT-24-77048
242,Station Service Equipment,Factory Equipment Costs (2022 USD),0,AP1000,BE NOAK,"Stewart, W. R., Shirvan, K., Velez, E., & Wiser, R. Pathways to Cost-effective Advanced Nuclear Technology.",2017,INL-RPT-24-77048-R1.xlsx / MASTER_DATA_MAPPED col 45,GNCOA account; companion database to INL/RPT-24-77048
242,Station Service Equipment,Site Labor Cost (2022 USD),0,AP1000,BE NOAK,"Stewart, W. R., Shirvan, K., Velez, E., & Wiser, R. Pathways to Cost-effective Advanced Nuclear Technology.",2017,INL-RPT-24-77048-R1.xlsx / MASTER_DATA_MAPPED col 46,GNCOA account; companion database to INL/RPT-24-77048
242,Station Service Equipment,Site Material Cost (2022 USD),0,AP1000,BE NOAK,"Stewart, W. R., Shirvan, K., Velez, E., & Wiser, R. Pathways to Cost-effective Advanced Nuclear Technology.",2017,INL-RPT-24-77048-R1.xlsx / MASTER_DATA_MAPPED col 47,GNCOA account; companion database to INL/RPT-24-77048
242,Station Service Equipment,Total Costs (2022 USD),0,AP1000,BE NOAK,"Stewart, W. R., Shirvan, K., Velez, E., & Wiser, R. Pathways to Cost-effective Advanced Nuclear Technology.",2017,INL-RPT-24-77048-R1.xlsx / MASTER_DATA_MAPPED col 48,GNCOA account; companion database to INL/RPT-24-77048
242,Station Service Equipment,Factory Equipment Costs (2022 USD),10406961.8305415,AP1000,0,Shirvan Private Communication (TIMCAT data),unspecified,INL-RPT-24-77048-R1.xlsx / MASTER_DATA_MAPPED col 105,GNCOA account; companion database to INL/RPT-24-77048
242,Station Service Equipment,Site Labor Cost (2022 USD),625619.812583137,AP1000,0,Shirvan Private Communication (TIMCAT data),unspecified,INL-RPT-24-77048-R1.xlsx / MASTER_DATA_MAPPED col 106,GNCOA account; companion database to INL/RPT-24-77048
242,Station Service Equipment,Site Material Cost (2022 USD),148420.218759528,AP1000,0,Shirvan Private Communication (TIMCAT data),unspecified,INL-RPT-24-77048-R1.xlsx / MASTER_DATA_MAPPED col 107,GNCOA account; companion database to INL/RPT-24-77048
242,Station Service Equipment,Total Costs (2022 USD),11181001.8618842,AP1000,NOAK,Shirvan Private Communication (Tim Cat Data),unspecified,INL-RPT-24-77048-R1.xlsx / MASTER_DATA_MAPPED col 108,GNCOA account; companion database to INL/RPT-24-77048
243,Switchboards,Factory Equipment Costs (2022 USD),0,AP1000,ME FOAK,"Stewart, W. R., Shirvan, K., Velez, E., & Wiser, R. Pathways to Cost-effective Advanced Nuclear Technology.",2017,INL-RPT-24-77048-R1.xlsx / MASTER_DATA_MAPPED col 41,GNCOA account; companion database to INL/RPT-24-77048
243,Switchboards,Site Labor Cost (2022 USD),0,AP1000,ME FOAK,"Stewart, W. R., Shirvan, K., Velez, E., & Wiser, R. Pathways to Cost-effective Advanced Nuclear Technology.",2017,INL-RPT-24-77048-R1.xlsx / MASTER_DATA_MAPPED col 42,GNCOA account; companion database to INL/RPT-24-77048
243,Switchboards,Site Material Cost (2022 USD),0,AP1000,ME FOAK,"Stewart, W. R., Shirvan, K., Velez, E., & Wiser, R. Pathways to Cost-effective Advanced Nuclear Technology.",2017,INL-RPT-24-77048-R1.xlsx / MASTER_DATA_MAPPED col 43,GNCOA account; companion database to INL/RPT-24-77048
243,Switchboards,Total Costs (2022 USD),0,AP1000,ME FOAK,"Stewart, W. R., Shirvan, K., Velez, E., & Wiser, R. Pathways to Cost-effective Advanced Nuclear Technology.",2017,INL-RPT-24-77048-R1.xlsx / MASTER_DATA_MAPPED col 44,GNCOA account; companion database to INL/RPT-24-77048
243,Switchboards,Factory Equipment Costs (2022 USD),0,AP1000,BE NOAK,"Stewart, W. R., Shirvan, K., Velez, E., & Wiser, R. Pathways to Cost-effective Advanced Nuclear Technology.",2017,INL-RPT-24-77048-R1.xlsx / MASTER_DATA_MAPPED col 45,GNCOA account; companion database to INL/RPT-24-77048
243,Switchboards,Site Labor Cost (2022 USD),0,AP1000,BE NOAK,"Stewart, W. R., Shirvan, K., Velez, E., & Wiser, R. Pathways to Cost-effective Advanced Nuclear Technology.",2017,INL-RPT-24-77048-R1.xlsx / MASTER_DATA_MAPPED col 46,GNCOA account; companion database to INL/RPT-24-77048
243,Switchboards,Site Material Cost (2022 USD),0,AP1000,BE NOAK,"Stewart, W. R., Shirvan, K., Velez, E., & Wiser, R. Pathways to Cost-effective Advanced Nuclear Technology.",2017,INL-RPT-24-77048-R1.xlsx / MASTER_DATA_MAPPED col 47,GNCOA account; companion database to INL/RPT-24-77048
243,Switchboards,Total Costs (2022 USD),0,AP1000,BE NOAK,"Stewart, W. R., Shirvan, K., Velez, E., & Wiser, R. Pathways to Cost-effective Advanced Nuclear Technology.",2017,INL-RPT-24-77048-R1.xlsx / MASTER_DATA_MAPPED col 48,GNCOA account; companion database to INL/RPT-24-77048
243,Switchboards,Factory Equipment Costs (2022 USD),3022177.74484899,AP1000,0,Shirvan Private Communication (TIMCAT data),unspecified,INL-RPT-24-77048-R1.xlsx / MASTER_DATA_MAPPED col 105,GNCOA account; companion database to INL/RPT-24-77048
243,Switchboards,Site Labor Cost (2022 USD),431600.475568174,AP1000,0,Shirvan Private Communication (TIMCAT data),unspecified,INL-RPT-24-77048-R1.xlsx / MASTER_DATA_MAPPED col 106,GNCOA account; companion database to INL/RPT-24-77048
243,Switchboards,Site Material Cost (2022 USD),48802.405616182,AP1000,0,Shirvan Private Communication (TIMCAT data),unspecified,INL-RPT-24-77048-R1.xlsx / MASTER_DATA_MAPPED col 107,GNCOA account; companion database to INL/RPT-24-77048
243,Switchboards,Total Costs (2022 USD),3502580.62603335,AP1000,NOAK,Shirvan Private Communication (Tim Cat Data),unspecified,INL-RPT-24-77048-R1.xlsx / MASTER_DATA_MAPPED col 108,GNCOA account; companion database to INL/RPT-24-77048
244,Protective Systems Equipment,Factory Equipment Costs (2022 USD),0,AP1000,ME FOAK,"Stewart, W. R., Shirvan, K., Velez, E., & Wiser, R. Pathways to Cost-effective Advanced Nuclear Technology.",2017,INL-RPT-24-77048-R1.xlsx / MASTER_DATA_MAPPED col 41,GNCOA account; companion database to INL/RPT-24-77048
244,Protective Systems Equipment,Site Labor Cost (2022 USD),0,AP1000,ME FOAK,"Stewart, W. R., Shirvan, K., Velez, E., & Wiser, R. Pathways to Cost-effective Advanced Nuclear Technology.",2017,INL-RPT-24-77048-R1.xlsx / MASTER_DATA_MAPPED col 42,GNCOA account; companion database to INL/RPT-24-77048
244,Protective Systems Equipment,Site Material Cost (2022 USD),0,AP1000,ME FOAK,"Stewart, W. R., Shirvan, K., Velez, E., & Wiser, R. Pathways to Cost-effective Advanced Nuclear Technology.",2017,INL-RPT-24-77048-R1.xlsx / MASTER_DATA_MAPPED col 43,GNCOA account; companion database to INL/RPT-24-77048
244,Protective Systems Equipment,Total Costs (2022 USD),0,AP1000,ME FOAK,"Stewart, W. R., Shirvan, K., Velez, E., & Wiser, R. Pathways to Cost-effective Advanced Nuclear Technology.",2017,INL-RPT-24-77048-R1.xlsx / MASTER_DATA_MAPPED col 44,GNCOA account; companion database to INL/RPT-24-77048
244,Protective Systems Equipment,Factory Equipment Costs (2022 USD),0,AP1000,BE NOAK,"Stewart, W. R., Shirvan, K., Velez, E., & Wiser, R. Pathways to Cost-effective Advanced Nuclear Technology.",2017,INL-RPT-24-77048-R1.xlsx / MASTER_DATA_MAPPED col 45,GNCOA account; companion database to INL/RPT-24-77048
244,Protective Systems Equipment,Site Labor Cost (2022 USD),0,AP1000,BE NOAK,"Stewart, W. R., Shirvan, K., Velez, E., & Wiser, R. Pathways to Cost-effective Advanced Nuclear Technology.",2017,INL-RPT-24-77048-R1.xlsx / MASTER_DATA_MAPPED col 46,GNCOA account; companion database to INL/RPT-24-77048
244,Protective Systems Equipment,Site Material Cost (2022 USD),0,AP1000,BE NOAK,"Stewart, W. R., Shirvan, K., Velez, E., & Wiser, R. Pathways to Cost-effective Advanced Nuclear Technology.",2017,INL-RPT-24-77048-R1.xlsx / MASTER_DATA_MAPPED col 47,GNCOA account; companion database to INL/RPT-24-77048
244,Protective Systems Equipment,Total Costs (2022 USD),0,AP1000,BE NOAK,"Stewart, W. R., Shirvan, K., Velez, E., & Wiser, R. Pathways to Cost-effective Advanced Nuclear Technology.",2017,INL-RPT-24-77048-R1.xlsx / MASTER_DATA_MAPPED col 48,GNCOA account; companion database to INL/RPT-24-77048
244,Protective Systems Equipment,Factory Equipment Costs (2022 USD),0,AP1000,0,Shirvan Private Communication (TIMCAT data),unspecified,INL-RPT-24-77048-R1.xlsx / MASTER_DATA_MAPPED col 105,GNCOA account; companion database to INL/RPT-24-77048
244,Protective Systems Equipment,Site Labor Cost (2022 USD),4485229.67791002,AP1000,0,Shirvan Private Communication (TIMCAT data),unspecified,INL-RPT-24-77048-R1.xlsx / MASTER_DATA_MAPPED col 106,GNCOA account; companion database to INL/RPT-24-77048
244,Protective Systems Equipment,Site Material Cost (2022 USD),3033224.46417198,AP1000,0,Shirvan Private Communication (TIMCAT data),unspecified,INL-RPT-24-77048-R1.xlsx / MASTER_DATA_MAPPED col 107,GNCOA account; companion database to INL/RPT-24-77048
244,Protective Systems Equipment,Total Costs (2022 USD),7518454.142082,AP1000,NOAK,Shirvan Private Communication (Tim Cat Data),unspecified,INL-RPT-24-77048-R1.xlsx / MASTER_DATA_MAPPED col 108,GNCOA account; companion database to INL/RPT-24-77048
245,Electrical Raceway Systems,Factory Equipment Costs (2022 USD),0,AP1000,ME FOAK,"Stewart, W. R., Shirvan, K., Velez, E., & Wiser, R. Pathways to Cost-effective Advanced Nuclear Technology.",2017,INL-RPT-24-77048-R1.xlsx / MASTER_DATA_MAPPED col 41,GNCOA account; companion database to INL/RPT-24-77048
245,Electrical Raceway Systems,Site Labor Cost (2022 USD),0,AP1000,ME FOAK,"Stewart, W. R., Shirvan, K., Velez, E., & Wiser, R. Pathways to Cost-effective Advanced Nuclear Technology.",2017,INL-RPT-24-77048-R1.xlsx / MASTER_DATA_MAPPED col 42,GNCOA account; companion database to INL/RPT-24-77048
245,Electrical Raceway Systems,Site Material Cost (2022 USD),0,AP1000,ME FOAK,"Stewart, W. R., Shirvan, K., Velez, E., & Wiser, R. Pathways to Cost-effective Advanced Nuclear Technology.",2017,INL-RPT-24-77048-R1.xlsx / MASTER_DATA_MAPPED col 43,GNCOA account; companion database to INL/RPT-24-77048
245,Electrical Raceway Systems,Total Costs (2022 USD),0,AP1000,ME FOAK,"Stewart, W. R., Shirvan, K., Velez, E., & Wiser, R. Pathways to Cost-effective Advanced Nuclear Technology.",2017,INL-RPT-24-77048-R1.xlsx / MASTER_DATA_MAPPED col 44,GNCOA account; companion database to INL/RPT-24-77048
245,Electrical Raceway Systems,Factory Equipment Costs (2022 USD),0,AP1000,BE NOAK,"Stewart, W. R., Shirvan, K., Velez, E., & Wiser, R. Pathways to Cost-effective Advanced Nuclear Technology.",2017,INL-RPT-24-77048-R1.xlsx / MASTER_DATA_MAPPED col 45,GNCOA account; companion database to INL/RPT-24-77048
245,Electrical Raceway Systems,Site Labor Cost (2022 USD),0,AP1000,BE NOAK,"Stewart, W. R., Shirvan, K., Velez, E., & Wiser, R. Pathways to Cost-effective Advanced Nuclear Technology.",2017,INL-RPT-24-77048-R1.xlsx / MASTER_DATA_MAPPED col 46,GNCOA account; companion database to INL/RPT-24-77048
245,Electrical Raceway Systems,Site Material Cost (2022 USD),0,AP1000,BE NOAK,"Stewart, W. R., Shirvan, K., Velez, E., & Wiser, R. Pathways to Cost-effective Advanced Nuclear Technology.",2017,INL-RPT-24-77048-R1.xlsx / MASTER_DATA_MAPPED col 47,GNCOA account; companion database to INL/RPT-24-77048
245,Electrical Raceway Systems,Total Costs (2022 USD),0,AP1000,BE NOAK,"Stewart, W. R., Shirvan, K., Velez, E., & Wiser, R. Pathways to Cost-effective Advanced Nuclear Technology.",2017,INL-RPT-24-77048-R1.xlsx / MASTER_DATA_MAPPED col 48,GNCOA account; companion database to INL/RPT-24-77048
245,Electrical Raceway Systems,Factory Equipment Costs (2022 USD),0,AP1000,0,Shirvan Private Communication (TIMCAT data),unspecified,INL-RPT-24-77048-R1.xlsx / MASTER_DATA_MAPPED col 105,GNCOA account; companion database to INL/RPT-24-77048
245,Electrical Raceway Systems,Site Labor Cost (2022 USD),31950682.3254779,AP1000,0,Shirvan Private Communication (TIMCAT data),unspecified,INL-RPT-24-77048-R1.xlsx / MASTER_DATA_MAPPED col 106,GNCOA account; companion database to INL/RPT-24-77048
245,Electrical Raceway Systems,Site Material Cost (2022 USD),6667181.32610178,AP1000,0,Shirvan Private Communication (TIMCAT data),unspecified,INL-RPT-24-77048-R1.xlsx / MASTER_DATA_MAPPED col 107,GNCOA account; companion database to INL/RPT-24-77048
245,Electrical Raceway Systems,Total Costs (2022 USD),38617863.6515797,AP1000,NOAK,Shirvan Private Communication (Tim Cat Data),unspecified,INL-RPT-24-77048-R1.xlsx / MASTER_DATA_MAPPED col 108,GNCOA account; companion database to INL/RPT-24-77048
246,Power and Control Cables and Wiring,Factory Equipment Costs (2022 USD),0,AP1000,ME FOAK,"Stewart, W. R., Shirvan, K., Velez, E., & Wiser, R. Pathways to Cost-effective Advanced Nuclear Technology.",2017,INL-RPT-24-77048-R1.xlsx / MASTER_DATA_MAPPED col 41,GNCOA account; companion database to INL/RPT-24-77048
246,Power and Control Cables and Wiring,Site Labor Cost (2022 USD),0,AP1000,ME FOAK,"Stewart, W. R., Shirvan, K., Velez, E., & Wiser, R. Pathways to Cost-effective Advanced Nuclear Technology.",2017,INL-RPT-24-77048-R1.xlsx / MASTER_DATA_MAPPED col 42,GNCOA account; companion database to INL/RPT-24-77048
246,Power and Control Cables and Wiring,Site Material Cost (2022 USD),0,AP1000,ME FOAK,"Stewart, W. R., Shirvan, K., Velez, E., & Wiser, R. Pathways to Cost-effective Advanced Nuclear Technology.",2017,INL-RPT-24-77048-R1.xlsx / MASTER_DATA_MAPPED col 43,GNCOA account; companion database to INL/RPT-24-77048
246,Power and Control Cables and Wiring,Total Costs (2022 USD),0,AP1000,ME FOAK,"Stewart, W. R., Shirvan, K., Velez, E., & Wiser, R. Pathways to Cost-effective Advanced Nuclear Technology.",2017,INL-RPT-24-77048-R1.xlsx / MASTER_DATA_MAPPED col 44,GNCOA account; companion database to INL/RPT-24-77048
246,Power and Control Cables and Wiring,Factory Equipment Costs (2022 USD),0,AP1000,BE NOAK,"Stewart, W. R., Shirvan, K., Velez, E., & Wiser, R. Pathways to Cost-effective Advanced Nuclear Technology.",2017,INL-RPT-24-77048-R1.xlsx / MASTER_DATA_MAPPED col 45,GNCOA account; companion database to INL/RPT-24-77048
246,Power and Control Cables and Wiring,Site Labor Cost (2022 USD),0,AP1000,BE NOAK,"Stewart, W. R., Shirvan, K., Velez, E., & Wiser, R. Pathways to Cost-effective Advanced Nuclear Technology.",2017,INL-RPT-24-77048-R1.xlsx / MASTER_DATA_MAPPED col 46,GNCOA account; companion database to INL/RPT-24-77048
246,Power and Control Cables and Wiring,Site Material Cost (2022 USD),0,AP1000,BE NOAK,"Stewart, W. R., Shirvan, K., Velez, E., & Wiser, R. Pathways to Cost-effective Advanced Nuclear Technology.",2017,INL-RPT-24-77048-R1.xlsx / MASTER_DATA_MAPPED col 47,GNCOA account; companion database to INL/RPT-24-77048
246,Power and Control Cables and Wiring,Total Costs (2022 USD),0,AP1000,BE NOAK,"Stewart, W. R., Shirvan, K., Velez, E., & Wiser, R. Pathways to Cost-effective Advanced Nuclear Technology.",2017,INL-RPT-24-77048-R1.xlsx / MASTER_DATA_MAPPED col 48,GNCOA account; companion database to INL/RPT-24-77048
246,Power and Control Cables and Wiring,Factory Equipment Costs (2022 USD),2279940.51142595,AP1000,0,Shirvan Private Communication (TIMCAT data),unspecified,INL-RPT-24-77048-R1.xlsx / MASTER_DATA_MAPPED col 105,GNCOA account; companion database to INL/RPT-24-77048
246,Power and Control Cables and Wiring,Site Labor Cost (2022 USD),17920842.5370778,AP1000,0,Shirvan Private Communication (TIMCAT data),unspecified,INL-RPT-24-77048-R1.xlsx / MASTER_DATA_MAPPED col 106,GNCOA account; companion database to INL/RPT-24-77048
246,Power and Control Cables and Wiring,Site Material Cost (2022 USD),11010926.0834797,AP1000,0,Shirvan Private Communication (TIMCAT data),unspecified,INL-RPT-24-77048-R1.xlsx / MASTER_DATA_MAPPED col 107,GNCOA account; companion database to INL/RPT-24-77048
246,Power and Control Cables and Wiring,Total Costs (2022 USD),31211709.1319834,AP1000,NOAK,Shirvan Private Communication (Tim Cat Data),unspecified,INL-RPT-24-77048-R1.xlsx / MASTER_DATA_MAPPED col 108,GNCOA account; companion database to INL/RPT-24-77048
25,Initial Fuel Inventory,Factory Equipment Costs (2022 USD),0,AP1000,ME FOAK,"Stewart, W. R., Shirvan, K., Velez, E., & Wiser, R. Pathways to Cost-effective Advanced Nuclear Technology.",2017,INL-RPT-24-77048-R1.xlsx / MASTER_DATA_MAPPED col 41,GNCOA account; companion database to INL/RPT-24-77048
25,Initial Fuel Inventory,Site Labor Cost (2022 USD),0,AP1000,ME FOAK,"Stewart, W. R., Shirvan, K., Velez, E., & Wiser, R. Pathways to Cost-effective Advanced Nuclear Technology.",2017,INL-RPT-24-77048-R1.xlsx / MASTER_DATA_MAPPED col 42,GNCOA account; companion database to INL/RPT-24-77048
25,Initial Fuel Inventory,Site Material Cost (2022 USD),0,AP1000,ME FOAK,"Stewart, W. R., Shirvan, K., Velez, E., & Wiser, R. Pathways to Cost-effective Advanced Nuclear Technology.",2017,INL-RPT-24-77048-R1.xlsx / MASTER_DATA_MAPPED col 43,GNCOA account; companion database to INL/RPT-24-77048
25,Initial Fuel Inventory,Total Costs (2022 USD),0,AP1000,ME FOAK,"Stewart, W. R., Shirvan, K., Velez, E., & Wiser, R. Pathways to Cost-effective Advanced Nuclear Technology.",2017,INL-RPT-24-77048-R1.xlsx / MASTER_DATA_MAPPED col 44,GNCOA account; companion database to INL/RPT-24-77048
25,Initial Fuel Inventory,Factory Equipment Costs (2022 USD),0,AP1000,BE NOAK,"Stewart, W. R., Shirvan, K., Velez, E., & Wiser, R. Pathways to Cost-effective Advanced Nuclear Technology.",2017,INL-RPT-24-77048-R1.xlsx / MASTER_DATA_MAPPED col 45,GNCOA account; companion database to INL/RPT-24-77048
25,Initial Fuel Inventory,Site Labor Cost (2022 USD),0,AP1000,BE NOAK,"Stewart, W. R., Shirvan, K., Velez, E., & Wiser, R. Pathways to Cost-effective Advanced Nuclear Technology.",2017,INL-RPT-24-77048-R1.xlsx / MASTER_DATA_MAPPED col 46,GNCOA account; companion database to INL/RPT-24-77048
25,Initial Fuel Inventory,Site Material Cost (2022 USD),0,AP1000,BE NOAK,"Stewart, W. R., Shirvan, K., Velez, E., & Wiser, R. Pathways to Cost-effective Advanced Nuclear Technology.",2017,INL-RPT-24-77048-R1.xlsx / MASTER_DATA_MAPPED col 47,GNCOA account; companion database to INL/RPT-24-77048
25,Initial Fuel Inventory,Total Costs (2022 USD),0,AP1000,BE NOAK,"Stewart, W. R., Shirvan, K., Velez, E., & Wiser, R. Pathways to Cost-effective Advanced Nuclear Technology.",2017,INL-RPT-24-77048-R1.xlsx / MASTER_DATA_MAPPED col 48,GNCOA account; companion database to INL/RPT-24-77048
25,Initial Fuel Inventory,Factory Equipment Costs (2022 USD),0,AP1000,0,Shirvan Private Communication (TIMCAT data),unspecified,INL-RPT-24-77048-R1.xlsx / MASTER_DATA_MAPPED col 105,GNCOA account; companion database to INL/RPT-24-77048
25,Initial Fuel Inventory,Site Labor Cost (2022 USD),0,AP1000,0,Shirvan Private Communication (TIMCAT data),unspecified,INL-RPT-24-77048-R1.xlsx / MASTER_DATA_MAPPED col 106,GNCOA account; companion database to INL/RPT-24-77048
25,Initial Fuel Inventory,Site Material Cost (2022 USD),0,AP1000,0,Shirvan Private Communication (TIMCAT data),unspecified,INL-RPT-24-77048-R1.xlsx / MASTER_DATA_MAPPED col 107,GNCOA account; companion database to INL/RPT-24-77048
25,Initial Fuel Inventory,Total Costs (2022 USD),0,AP1000,NOAK,Shirvan Private Communication (Tim Cat Data),unspecified,INL-RPT-24-77048-R1.xlsx / MASTER_DATA_MAPPED col 108,GNCOA account; companion database to INL/RPT-24-77048
251,Initial Fuel Inventory Material,Factory Equipment Costs (2022 USD),0,AP1000,ME FOAK,"Stewart, W. R., Shirvan, K., Velez, E., & Wiser, R. Pathways to Cost-effective Advanced Nuclear Technology.",2017,INL-RPT-24-77048-R1.xlsx / MASTER_DATA_MAPPED col 41,GNCOA account; companion database to INL/RPT-24-77048
251,Initial Fuel Inventory Material,Site Labor Cost (2022 USD),0,AP1000,ME FOAK,"Stewart, W. R., Shirvan, K., Velez, E., & Wiser, R. Pathways to Cost-effective Advanced Nuclear Technology.",2017,INL-RPT-24-77048-R1.xlsx / MASTER_DATA_MAPPED col 42,GNCOA account; companion database to INL/RPT-24-77048
251,Initial Fuel Inventory Material,Site Material Cost (2022 USD),0,AP1000,ME FOAK,"Stewart, W. R., Shirvan, K., Velez, E., & Wiser, R. Pathways to Cost-effective Advanced Nuclear Technology.",2017,INL-RPT-24-77048-R1.xlsx / MASTER_DATA_MAPPED col 43,GNCOA account; companion database to INL/RPT-24-77048
251,Initial Fuel Inventory Material,Total Costs (2022 USD),0,AP1000,ME FOAK,"Stewart, W. R., Shirvan, K., Velez, E., & Wiser, R. Pathways to Cost-effective Advanced Nuclear Technology.",2017,INL-RPT-24-77048-R1.xlsx / MASTER_DATA_MAPPED col 44,GNCOA account; companion database to INL/RPT-24-77048
251,Initial Fuel Inventory Material,Factory Equipment Costs (2022 USD),0,AP1000,BE NOAK,"Stewart, W. R., Shirvan, K., Velez, E., & Wiser, R. Pathways to Cost-effective Advanced Nuclear Technology.",2017,INL-RPT-24-77048-R1.xlsx / MASTER_DATA_MAPPED col 45,GNCOA account; companion database to INL/RPT-24-77048
251,Initial Fuel Inventory Material,Site Labor Cost (2022 USD),0,AP1000,BE NOAK,"Stewart, W. R., Shirvan, K., Velez, E., & Wiser, R. Pathways to Cost-effective Advanced Nuclear Technology.",2017,INL-RPT-24-77048-R1.xlsx / MASTER_DATA_MAPPED col 46,GNCOA account; companion database to INL/RPT-24-77048
251,Initial Fuel Inventory Material,Site Material Cost (2022 USD),0,AP1000,BE NOAK,"Stewart, W. R., Shirvan, K., Velez, E., & Wiser, R. Pathways to Cost-effective Advanced Nuclear Technology.",2017,INL-RPT-24-77048-R1.xlsx / MASTER_DATA_MAPPED col 47,GNCOA account; companion database to INL/RPT-24-77048
251,Initial Fuel Inventory Material,Total Costs (2022 USD),0,AP1000,BE NOAK,"Stewart, W. R., Shirvan, K., Velez, E., & Wiser, R. Pathways to Cost-effective Advanced Nuclear Technology.",2017,INL-RPT-24-77048-R1.xlsx / MASTER_DATA_MAPPED col 48,GNCOA account; companion database to INL/RPT-24-77048
251,Initial Fuel Inventory Material,Factory Equipment Costs (2022 USD),0,AP1000,0,Shirvan Private Communication (TIMCAT data),unspecified,INL-RPT-24-77048-R1.xlsx / MASTER_DATA_MAPPED col 105,GNCOA account; companion database to INL/RPT-24-77048
251,Initial Fuel Inventory Material,Site Labor Cost (2022 USD),0,AP1000,0,Shirvan Private Communication (TIMCAT data),unspecified,INL-RPT-24-77048-R1.xlsx / MASTER_DATA_MAPPED col 106,GNCOA account; companion database to INL/RPT-24-77048
251,Initial Fuel Inventory Material,Site Material Cost (2022 USD),0,AP1000,0,Shirvan Private Communication (TIMCAT data),unspecified,INL-RPT-24-77048-R1.xlsx / MASTER_DATA_MAPPED col 107,GNCOA account; companion database to INL/RPT-24-77048
251,Initial Fuel Inventory Material,Total Costs (2022 USD),0,AP1000,NOAK,Shirvan Private Communication (Tim Cat Data),unspecified,INL-RPT-24-77048-R1.xlsx / MASTER_DATA_MAPPED col 108,GNCOA account; companion database to INL/RPT-24-77048
252,First Core Conversion,Factory Equipment Costs (2022 USD),0,AP1000,ME FOAK,"Stewart, W. R., Shirvan, K., Velez, E., & Wiser, R. Pathways to Cost-effective Advanced Nuclear Technology.",2017,INL-RPT-24-77048-R1.xlsx / MASTER_DATA_MAPPED col 41,GNCOA account; companion database to INL/RPT-24-77048
252,First Core Conversion,Site Labor Cost (2022 USD),0,AP1000,ME FOAK,"Stewart, W. R., Shirvan, K., Velez, E., & Wiser, R. Pathways to Cost-effective Advanced Nuclear Technology.",2017,INL-RPT-24-77048-R1.xlsx / MASTER_DATA_MAPPED col 42,GNCOA account; companion database to INL/RPT-24-77048
252,First Core Conversion,Site Material Cost (2022 USD),0,AP1000,ME FOAK,"Stewart, W. R., Shirvan, K., Velez, E., & Wiser, R. Pathways to Cost-effective Advanced Nuclear Technology.",2017,INL-RPT-24-77048-R1.xlsx / MASTER_DATA_MAPPED col 43,GNCOA account; companion database to INL/RPT-24-77048
252,First Core Conversion,Total Costs (2022 USD),0,AP1000,ME FOAK,"Stewart, W. R., Shirvan, K., Velez, E., & Wiser, R. Pathways to Cost-effective Advanced Nuclear Technology.",2017,INL-RPT-24-77048-R1.xlsx / MASTER_DATA_MAPPED col 44,GNCOA account; companion database to INL/RPT-24-77048
252,First Core Conversion,Factory Equipment Costs (2022 USD),0,AP1000,BE NOAK,"Stewart, W. R., Shirvan, K., Velez, E., & Wiser, R. Pathways to Cost-effective Advanced Nuclear Technology.",2017,INL-RPT-24-77048-R1.xlsx / MASTER_DATA_MAPPED col 45,GNCOA account; companion database to INL/RPT-24-77048
252,First Core Conversion,Site Labor Cost (2022 USD),0,AP1000,BE NOAK,"Stewart, W. R., Shirvan, K., Velez, E., & Wiser, R. Pathways to Cost-effective Advanced Nuclear Technology.",2017,INL-RPT-24-77048-R1.xlsx / MASTER_DATA_MAPPED col 46,GNCOA account; companion database to INL/RPT-24-77048
252,First Core Conversion,Site Material Cost (2022 USD),0,AP1000,BE NOAK,"Stewart, W. R., Shirvan, K., Velez, E., & Wiser, R. Pathways to Cost-effective Advanced Nuclear Technology.",2017,INL-RPT-24-77048-R1.xlsx / MASTER_DATA_MAPPED col 47,GNCOA account; companion database to INL/RPT-24-77048
252,First Core Conversion,Total Costs (2022 USD),0,AP1000,BE NOAK,"Stewart, W. R., Shirvan, K., Velez, E., & Wiser, R. Pathways to Cost-effective Advanced Nuclear Technology.",2017,INL-RPT-24-77048-R1.xlsx / MASTER_DATA_MAPPED col 48,GNCOA account; companion database to INL/RPT-24-77048
252,First Core Conversion,Factory Equipment Costs (2022 USD),0,AP1000,0,Shirvan Private Communication (TIMCAT data),unspecified,INL-RPT-24-77048-R1.xlsx / MASTER_DATA_MAPPED col 105,GNCOA account; companion database to INL/RPT-24-77048
252,First Core Conversion,Site Labor Cost (2022 USD),0,AP1000,0,Shirvan Private Communication (TIMCAT data),unspecified,INL-RPT-24-77048-R1.xlsx / MASTER_DATA_MAPPED col 106,GNCOA account; companion database to INL/RPT-24-77048
252,First Core Conversion,Site Material Cost (2022 USD),0,AP1000,0,Shirvan Private Communication (TIMCAT data),unspecified,INL-RPT-24-77048-R1.xlsx / MASTER_DATA_MAPPED col 107,GNCOA account; companion database to INL/RPT-24-77048
252,First Core Conversion,Total Costs (2022 USD),0,AP1000,NOAK,Shirvan Private Communication (Tim Cat Data),unspecified,INL-RPT-24-77048-R1.xlsx / MASTER_DATA_MAPPED col 108,GNCOA account; companion database to INL/RPT-24-77048
253,First Core Enrichment,Factory Equipment Costs (2022 USD),0,AP1000,ME FOAK,"Stewart, W. R., Shirvan, K., Velez, E., & Wiser, R. Pathways to Cost-effective Advanced Nuclear Technology.",2017,INL-RPT-24-77048-R1.xlsx / MASTER_DATA_MAPPED col 41,GNCOA account; companion database to INL/RPT-24-77048
253,First Core Enrichment,Site Labor Cost (2022 USD),0,AP1000,ME FOAK,"Stewart, W. R., Shirvan, K., Velez, E., & Wiser, R. Pathways to Cost-effective Advanced Nuclear Technology.",2017,INL-RPT-24-77048-R1.xlsx / MASTER_DATA_MAPPED col 42,GNCOA account; companion database to INL/RPT-24-77048
253,First Core Enrichment,Site Material Cost (2022 USD),0,AP1000,ME FOAK,"Stewart, W. R., Shirvan, K., Velez, E., & Wiser, R. Pathways to Cost-effective Advanced Nuclear Technology.",2017,INL-RPT-24-77048-R1.xlsx / MASTER_DATA_MAPPED col 43,GNCOA account; companion database to INL/RPT-24-77048
253,First Core Enrichment,Total Costs (2022 USD),0,AP1000,ME FOAK,"Stewart, W. R., Shirvan, K., Velez, E., & Wiser, R. Pathways to Cost-effective Advanced Nuclear Technology.",2017,INL-RPT-24-77048-R1.xlsx / MASTER_DATA_MAPPED col 44,GNCOA account; companion database to INL/RPT-24-77048
253,First Core Enrichment,Factory Equipment Costs (2022 USD),0,AP1000,BE NOAK,"Stewart, W. R., Shirvan, K., Velez, E., & Wiser, R. Pathways to Cost-effective Advanced Nuclear Technology.",2017,INL-RPT-24-77048-R1.xlsx / MASTER_DATA_MAPPED col 45,GNCOA account; companion database to INL/RPT-24-77048
253,First Core Enrichment,Site Labor Cost (2022 USD),0,AP1000,BE NOAK,"Stewart, W. R., Shirvan, K., Velez, E., & Wiser, R. Pathways to Cost-effective Advanced Nuclear Technology.",2017,INL-RPT-24-77048-R1.xlsx / MASTER_DATA_MAPPED col 46,GNCOA account; companion database to INL/RPT-24-77048
253,First Core Enrichment,Site Material Cost (2022 USD),0,AP1000,BE NOAK,"Stewart, W. R., Shirvan, K., Velez, E., & Wiser, R. Pathways to Cost-effective Advanced Nuclear Technology.",2017,INL-RPT-24-77048-R1.xlsx / MASTER_DATA_MAPPED col 47,GNCOA account; companion database to INL/RPT-24-77048
253,First Core Enrichment,Total Costs (2022 USD),0,AP1000,BE NOAK,"Stewart, W. R., Shirvan, K., Velez, E., & Wiser, R. Pathways to Cost-effective Advanced Nuclear Technology.",2017,INL-RPT-24-77048-R1.xlsx / MASTER_DATA_MAPPED col 48,GNCOA account; companion database to INL/RPT-24-77048
253,First Core Enrichment,Factory Equipment Costs (2022 USD),0,AP1000,0,Shirvan Private Communication (TIMCAT data),unspecified,INL-RPT-24-77048-R1.xlsx / MASTER_DATA_MAPPED col 105,GNCOA account; companion database to INL/RPT-24-77048
253,First Core Enrichment,Site Labor Cost (2022 USD),0,AP1000,0,Shirvan Private Communication (TIMCAT data),unspecified,INL-RPT-24-77048-R1.xlsx / MASTER_DATA_MAPPED col 106,GNCOA account; companion database to INL/RPT-24-77048
253,First Core Enrichment,Site Material Cost (2022 USD),0,AP1000,0,Shirvan Private Communication (TIMCAT data),unspecified,INL-RPT-24-77048-R1.xlsx / MASTER_DATA_MAPPED col 107,GNCOA account; companion database to INL/RPT-24-77048
253,First Core Enrichment,Total Costs (2022 USD),0,AP1000,NOAK,Shirvan Private Communication (Tim Cat Data),unspecified,INL-RPT-24-77048-R1.xlsx / MASTER_DATA_MAPPED col 108,GNCOA account; companion database to INL/RPT-24-77048
254,First Core Fuel Assembly Fabrication,Factory Equipment Costs (2022 USD),0,AP1000,ME FOAK,"Stewart, W. R., Shirvan, K., Velez, E., & Wiser, R. Pathways to Cost-effective Advanced Nuclear Technology.",2017,INL-RPT-24-77048-R1.xlsx / MASTER_DATA_MAPPED col 41,GNCOA account; companion database to INL/RPT-24-77048
254,First Core Fuel Assembly Fabrication,Site Labor Cost (2022 USD),0,AP1000,ME FOAK,"Stewart, W. R., Shirvan, K., Velez, E., & Wiser, R. Pathways to Cost-effective Advanced Nuclear Technology.",2017,INL-RPT-24-77048-R1.xlsx / MASTER_DATA_MAPPED col 42,GNCOA account; companion database to INL/RPT-24-77048
254,First Core Fuel Assembly Fabrication,Site Material Cost (2022 USD),0,AP1000,ME FOAK,"Stewart, W. R., Shirvan, K., Velez, E., & Wiser, R. Pathways to Cost-effective Advanced Nuclear Technology.",2017,INL-RPT-24-77048-R1.xlsx / MASTER_DATA_MAPPED col 43,GNCOA account; companion database to INL/RPT-24-77048
254,First Core Fuel Assembly Fabrication,Total Costs (2022 USD),0,AP1000,ME FOAK,"Stewart, W. R., Shirvan, K., Velez, E., & Wiser, R. Pathways to Cost-effective Advanced Nuclear Technology.",2017,INL-RPT-24-77048-R1.xlsx / MASTER_DATA_MAPPED col 44,GNCOA account; companion database to INL/RPT-24-77048
254,First Core Fuel Assembly Fabrication,Factory Equipment Costs (2022 USD),0,AP1000,BE NOAK,"Stewart, W. R., Shirvan, K., Velez, E., & Wiser, R. Pathways to Cost-effective Advanced Nuclear Technology.",2017,INL-RPT-24-77048-R1.xlsx / MASTER_DATA_MAPPED col 45,GNCOA account; companion database to INL/RPT-24-77048
254,First Core Fuel Assembly Fabrication,Site Labor Cost (2022 USD),0,AP1000,BE NOAK,"Stewart, W. R., Shirvan, K., Velez, E., & Wiser, R. Pathways to Cost-effective Advanced Nuclear Technology.",2017,INL-RPT-24-77048-R1.xlsx / MASTER_DATA_MAPPED col 46,GNCOA account; companion database to INL/RPT-24-77048
254,First Core Fuel Assembly Fabrication,Site Material Cost (2022 USD),0,AP1000,BE NOAK,"Stewart, W. R., Shirvan, K., Velez, E., & Wiser, R. Pathways to Cost-effective Advanced Nuclear Technology.",2017,INL-RPT-24-77048-R1.xlsx / MASTER_DATA_MAPPED col 47,GNCOA account; companion database to INL/RPT-24-77048
254,First Core Fuel Assembly Fabrication,Total Costs (2022 USD),0,AP1000,BE NOAK,"Stewart, W. R., Shirvan, K., Velez, E., & Wiser, R. Pathways to Cost-effective Advanced Nuclear Technology.",2017,INL-RPT-24-77048-R1.xlsx / MASTER_DATA_MAPPED col 48,GNCOA account; companion database to INL/RPT-24-77048
254,First Core Fuel Assembly Fabrication,Factory Equipment Costs (2022 USD),0,AP1000,0,Shirvan Private Communication (TIMCAT data),unspecified,INL-RPT-24-77048-R1.xlsx / MASTER_DATA_MAPPED col 105,GNCOA account; companion database to INL/RPT-24-77048
254,First Core Fuel Assembly Fabrication,Site Labor Cost (2022 USD),0,AP1000,0,Shirvan Private Communication (TIMCAT data),unspecified,INL-RPT-24-77048-R1.xlsx / MASTER_DATA_MAPPED col 106,GNCOA account; companion database to INL/RPT-24-77048
254,First Core Fuel Assembly Fabrication,Site Material Cost (2022 USD),0,AP1000,0,Shirvan Private Communication (TIMCAT data),unspecified,INL-RPT-24-77048-R1.xlsx / MASTER_DATA_MAPPED col 107,GNCOA account; companion database to INL/RPT-24-77048
254,First Core Fuel Assembly Fabrication,Total Costs (2022 USD),0,AP1000,NOAK,Shirvan Private Communication (Tim Cat Data),unspecified,INL-RPT-24-77048-R1.xlsx / MASTER_DATA_MAPPED col 108,GNCOA account; companion database to INL/RPT-24-77048
255,"First Core Supply of Other Fissionable Materials (e.g., Pu)",Factory Equipment Costs (2022 USD),0,AP1000,ME FOAK,"Stewart, W. R., Shirvan, K., Velez, E., & Wiser, R. Pathways to Cost-effective Advanced Nuclear Technology.",2017,INL-RPT-24-77048-R1.xlsx / MASTER_DATA_MAPPED col 41,GNCOA account; companion database to INL/RPT-24-77048
255,"First Core Supply of Other Fissionable Materials (e.g., Pu)",Site Labor Cost (2022 USD),0,AP1000,ME FOAK,"Stewart, W. R., Shirvan, K., Velez, E., & Wiser, R. Pathways to Cost-effective Advanced Nuclear Technology.",2017,INL-RPT-24-77048-R1.xlsx / MASTER_DATA_MAPPED col 42,GNCOA account; companion database to INL/RPT-24-77048
255,"First Core Supply of Other Fissionable Materials (e.g., Pu)",Site Material Cost (2022 USD),0,AP1000,ME FOAK,"Stewart, W. R., Shirvan, K., Velez, E., & Wiser, R. Pathways to Cost-effective Advanced Nuclear Technology.",2017,INL-RPT-24-77048-R1.xlsx / MASTER_DATA_MAPPED col 43,GNCOA account; companion database to INL/RPT-24-77048
255,"First Core Supply of Other Fissionable Materials (e.g., Pu)",Total Costs (2022 USD),0,AP1000,ME FOAK,"Stewart, W. R., Shirvan, K., Velez, E., & Wiser, R. Pathways to Cost-effective Advanced Nuclear Technology.",2017,INL-RPT-24-77048-R1.xlsx / MASTER_DATA_MAPPED col 44,GNCOA account; companion database to INL/RPT-24-77048
255,"First Core Supply of Other Fissionable Materials (e.g., Pu)",Factory Equipment Costs (2022 USD),0,AP1000,BE NOAK,"Stewart, W. R., Shirvan, K., Velez, E., & Wiser, R. Pathways to Cost-effective Advanced Nuclear Technology.",2017,INL-RPT-24-77048-R1.xlsx / MASTER_DATA_MAPPED col 45,GNCOA account; companion database to INL/RPT-24-77048
255,"First Core Supply of Other Fissionable Materials (e.g., Pu)",Site Labor Cost (2022 USD),0,AP1000,BE NOAK,"Stewart, W. R., Shirvan, K., Velez, E., & Wiser, R. Pathways to Cost-effective Advanced Nuclear Technology.",2017,INL-RPT-24-77048-R1.xlsx / MASTER_DATA_MAPPED col 46,GNCOA account; companion database to INL/RPT-24-77048
255,"First Core Supply of Other Fissionable Materials (e.g., Pu)",Site Material Cost (2022 USD),0,AP1000,BE NOAK,"Stewart, W. R., Shirvan, K., Velez, E., & Wiser, R. Pathways to Cost-effective Advanced Nuclear Technology.",2017,INL-RPT-24-77048-R1.xlsx / MASTER_DATA_MAPPED col 47,GNCOA account; companion database to INL/RPT-24-77048
255,"First Core Supply of Other Fissionable Materials (e.g., Pu)",Total Costs (2022 USD),0,AP1000,BE NOAK,"Stewart, W. R., Shirvan, K., Velez, E., & Wiser, R. Pathways to Cost-effective Advanced Nuclear Technology.",2017,INL-RPT-24-77048-R1.xlsx / MASTER_DATA_MAPPED col 48,GNCOA account; companion database to INL/RPT-24-77048
255,"First Core Supply of Other Fissionable Materials (e.g., Pu)",Factory Equipment Costs (2022 USD),0,AP1000,0,Shirvan Private Communication (TIMCAT data),unspecified,INL-RPT-24-77048-R1.xlsx / MASTER_DATA_MAPPED col 105,GNCOA account; companion database to INL/RPT-24-77048
255,"First Core Supply of Other Fissionable Materials (e.g., Pu)",Site Labor Cost (2022 USD),0,AP1000,0,Shirvan Private Communication (TIMCAT data),unspecified,INL-RPT-24-77048-R1.xlsx / MASTER_DATA_MAPPED col 106,GNCOA account; companion database to INL/RPT-24-77048
255,"First Core Supply of Other Fissionable Materials (e.g., Pu)",Site Material Cost (2022 USD),0,AP1000,0,Shirvan Private Communication (TIMCAT data),unspecified,INL-RPT-24-77048-R1.xlsx / MASTER_DATA_MAPPED col 107,GNCOA account; companion database to INL/RPT-24-77048
255,"First Core Supply of Other Fissionable Materials (e.g., Pu)",Total Costs (2022 USD),0,AP1000,NOAK,Shirvan Private Communication (Tim Cat Data),unspecified,INL-RPT-24-77048-R1.xlsx / MASTER_DATA_MAPPED col 108,GNCOA account; companion database to INL/RPT-24-77048
26,Miscellaneous Equipment,Factory Equipment Costs (2022 USD),0,AP1000,ME FOAK,"Stewart, W. R., Shirvan, K., Velez, E., & Wiser, R. Pathways to Cost-effective Advanced Nuclear Technology.",2017,INL-RPT-24-77048-R1.xlsx / MASTER_DATA_MAPPED col 41,GNCOA account; companion database to INL/RPT-24-77048
26,Miscellaneous Equipment,Site Labor Cost (2022 USD),0,AP1000,ME FOAK,"Stewart, W. R., Shirvan, K., Velez, E., & Wiser, R. Pathways to Cost-effective Advanced Nuclear Technology.",2017,INL-RPT-24-77048-R1.xlsx / MASTER_DATA_MAPPED col 42,GNCOA account; companion database to INL/RPT-24-77048
26,Miscellaneous Equipment,Site Material Cost (2022 USD),0,AP1000,ME FOAK,"Stewart, W. R., Shirvan, K., Velez, E., & Wiser, R. Pathways to Cost-effective Advanced Nuclear Technology.",2017,INL-RPT-24-77048-R1.xlsx / MASTER_DATA_MAPPED col 43,GNCOA account; companion database to INL/RPT-24-77048
26,Miscellaneous Equipment,Total Costs (2022 USD),200000000,AP1000,ME FOAK,"Stewart, W. R., Shirvan, K., Velez, E., & Wiser, R. Pathways to Cost-effective Advanced Nuclear Technology.",2017,INL-RPT-24-77048-R1.xlsx / MASTER_DATA_MAPPED col 44,GNCOA account; companion database to INL/RPT-24-77048
26,Miscellaneous Equipment,Factory Equipment Costs (2022 USD),0,AP1000,BE NOAK,"Stewart, W. R., Shirvan, K., Velez, E., & Wiser, R. Pathways to Cost-effective Advanced Nuclear Technology.",2017,INL-RPT-24-77048-R1.xlsx / MASTER_DATA_MAPPED col 45,GNCOA account; companion database to INL/RPT-24-77048
26,Miscellaneous Equipment,Site Labor Cost (2022 USD),0,AP1000,BE NOAK,"Stewart, W. R., Shirvan, K., Velez, E., & Wiser, R. Pathways to Cost-effective Advanced Nuclear Technology.",2017,INL-RPT-24-77048-R1.xlsx / MASTER_DATA_MAPPED col 46,GNCOA account; companion database to INL/RPT-24-77048
26,Miscellaneous Equipment,Site Material Cost (2022 USD),0,AP1000,BE NOAK,"Stewart, W. R., Shirvan, K., Velez, E., & Wiser, R. Pathways to Cost-effective Advanced Nuclear Technology.",2017,INL-RPT-24-77048-R1.xlsx / MASTER_DATA_MAPPED col 47,GNCOA account; companion database to INL/RPT-24-77048
26,Miscellaneous Equipment,Total Costs (2022 USD),110000000,AP1000,BE NOAK,"Stewart, W. R., Shirvan, K., Velez, E., & Wiser, R. Pathways to Cost-effective Advanced Nuclear Technology.",2017,INL-RPT-24-77048-R1.xlsx / MASTER_DATA_MAPPED col 48,GNCOA account; companion database to INL/RPT-24-77048
26,Miscellaneous Equipment,Factory Equipment Costs (2022 USD),75185798.72626093,AP1000,0,Shirvan Private Communication (TIMCAT data),unspecified,INL-RPT-24-77048-R1.xlsx / MASTER_DATA_MAPPED col 105,GNCOA account; companion database to INL/RPT-24-77048
26,Miscellaneous Equipment,Site Labor Cost (2022 USD),100391621.94780059,AP1000,0,Shirvan Private Communication (TIMCAT data),unspecified,INL-RPT-24-77048-R1.xlsx / MASTER_DATA_MAPPED col 106,GNCOA account; companion database to INL/RPT-24-77048
26,Miscellaneous Equipment,Site Material Cost (2022 USD),18395471.409326017,AP1000,0,Shirvan Private Communication (TIMCAT data),unspecified,INL-RPT-24-77048-R1.xlsx / MASTER_DATA_MAPPED col 107,GNCOA account; companion database to INL/RPT-24-77048
26,Miscellaneous Equipment,Total Costs (2022 USD),96986446.04169382,AP1000,NOAK,Shirvan Private Communication (Tim Cat Data),unspecified,INL-RPT-24-77048-R1.xlsx / MASTER_DATA_MAPPED col 108,GNCOA account; companion database to INL/RPT-24-77048
261,Transportation and Lift Equipment,Factory Equipment Costs (2022 USD),0,AP1000,ME FOAK,"Stewart, W. R., Shirvan, K., Velez, E., & Wiser, R. Pathways to Cost-effective Advanced Nuclear Technology.",2017,INL-RPT-24-77048-R1.xlsx / MASTER_DATA_MAPPED col 41,GNCOA account; companion database to INL/RPT-24-77048
261,Transportation and Lift Equipment,Site Labor Cost (2022 USD),0,AP1000,ME FOAK,"Stewart, W. R., Shirvan, K., Velez, E., & Wiser, R. Pathways to Cost-effective Advanced Nuclear Technology.",2017,INL-RPT-24-77048-R1.xlsx / MASTER_DATA_MAPPED col 42,GNCOA account; companion database to INL/RPT-24-77048
261,Transportation and Lift Equipment,Site Material Cost (2022 USD),0,AP1000,ME FOAK,"Stewart, W. R., Shirvan, K., Velez, E., & Wiser, R. Pathways to Cost-effective Advanced Nuclear Technology.",2017,INL-RPT-24-77048-R1.xlsx / MASTER_DATA_MAPPED col 43,GNCOA account; companion database to INL/RPT-24-77048
261,Transportation and Lift Equipment,Total Costs (2022 USD),0,AP1000,ME FOAK,"Stewart, W. R., Shirvan, K., Velez, E., & Wiser, R. Pathways to Cost-effective Advanced Nuclear Technology.",2017,INL-RPT-24-77048-R1.xlsx / MASTER_DATA_MAPPED col 44,GNCOA account; companion database to INL/RPT-24-77048
261,Transportation and Lift Equipment,Factory Equipment Costs (2022 USD),0,AP1000,BE NOAK,"Stewart, W. R., Shirvan, K., Velez, E., & Wiser, R. Pathways to Cost-effective Advanced Nuclear Technology.",2017,INL-RPT-24-77048-R1.xlsx / MASTER_DATA_MAPPED col 45,GNCOA account; companion database to INL/RPT-24-77048
261,Transportation and Lift Equipment,Site Labor Cost (2022 USD),0,AP1000,BE NOAK,"Stewart, W. R., Shirvan, K., Velez, E., & Wiser, R. Pathways to Cost-effective Advanced Nuclear Technology.",2017,INL-RPT-24-77048-R1.xlsx / MASTER_DATA_MAPPED col 46,GNCOA account; companion database to INL/RPT-24-77048
261,Transportation and Lift Equipment,Site Material Cost (2022 USD),0,AP1000,BE NOAK,"Stewart, W. R., Shirvan, K., Velez, E., & Wiser, R. Pathways to Cost-effective Advanced Nuclear Technology.",2017,INL-RPT-24-77048-R1.xlsx / MASTER_DATA_MAPPED col 47,GNCOA account; companion database to INL/RPT-24-77048
261,Transportation and Lift Equipment,Total Costs (2022 USD),0,AP1000,BE NOAK,"Stewart, W. R., Shirvan, K., Velez, E., & Wiser, R. Pathways to Cost-effective Advanced Nuclear Technology.",2017,INL-RPT-24-77048-R1.xlsx / MASTER_DATA_MAPPED col 48,GNCOA account; companion database to INL/RPT-24-77048
261,Transportation and Lift Equipment,Factory Equipment Costs (2022 USD),0,AP1000,0,Shirvan Private Communication (TIMCAT data),unspecified,INL-RPT-24-77048-R1.xlsx / MASTER_DATA_MAPPED col 105,GNCOA account; companion database to INL/RPT-24-77048
261,Transportation and Lift Equipment,Site Labor Cost (2022 USD),0,AP1000,0,Shirvan Private Communication (TIMCAT data),unspecified,INL-RPT-24-77048-R1.xlsx / MASTER_DATA_MAPPED col 106,GNCOA account; companion database to INL/RPT-24-77048
261,Transportation and Lift Equipment,Site Material Cost (2022 USD),0,AP1000,0,Shirvan Private Communication (TIMCAT data),unspecified,INL-RPT-24-77048-R1.xlsx / MASTER_DATA_MAPPED col 107,GNCOA account; companion database to INL/RPT-24-77048
261,Transportation and Lift Equipment,Total Costs (2022 USD),0,AP1000,NOAK,Shirvan Private Communication (Tim Cat Data),unspecified,INL-RPT-24-77048-R1.xlsx / MASTER_DATA_MAPPED col 108,GNCOA account; companion database to INL/RPT-24-77048
262,"Air, Water, Plant Fuel Oil, and Steam Systems",Factory Equipment Costs (2022 USD),0,AP1000,ME FOAK,"Stewart, W. R., Shirvan, K., Velez, E., & Wiser, R. Pathways to Cost-effective Advanced Nuclear Technology.",2017,INL-RPT-24-77048-R1.xlsx / MASTER_DATA_MAPPED col 41,GNCOA account; companion database to INL/RPT-24-77048
262,"Air, Water, Plant Fuel Oil, and Steam Systems",Site Labor Cost (2022 USD),0,AP1000,ME FOAK,"Stewart, W. R., Shirvan, K., Velez, E., & Wiser, R. Pathways to Cost-effective Advanced Nuclear Technology.",2017,INL-RPT-24-77048-R1.xlsx / MASTER_DATA_MAPPED col 42,GNCOA account; companion database to INL/RPT-24-77048
262,"Air, Water, Plant Fuel Oil, and Steam Systems",Site Material Cost (2022 USD),0,AP1000,ME FOAK,"Stewart, W. R., Shirvan, K., Velez, E., & Wiser, R. Pathways to Cost-effective Advanced Nuclear Technology.",2017,INL-RPT-24-77048-R1.xlsx / MASTER_DATA_MAPPED col 43,GNCOA account; companion database to INL/RPT-24-77048
262,"Air, Water, Plant Fuel Oil, and Steam Systems",Total Costs (2022 USD),0,AP1000,ME FOAK,"Stewart, W. R., Shirvan, K., Velez, E., & Wiser, R. Pathways to Cost-effective Advanced Nuclear Technology.",2017,INL-RPT-24-77048-R1.xlsx / MASTER_DATA_MAPPED col 44,GNCOA account; companion database to INL/RPT-24-77048
262,"Air, Water, Plant Fuel Oil, and Steam Systems",Factory Equipment Costs (2022 USD),0,AP1000,BE NOAK,"Stewart, W. R., Shirvan, K., Velez, E., & Wiser, R. Pathways to Cost-effective Advanced Nuclear Technology.",2017,INL-RPT-24-77048-R1.xlsx / MASTER_DATA_MAPPED col 45,GNCOA account; companion database to INL/RPT-24-77048
262,"Air, Water, Plant Fuel Oil, and Steam Systems",Site Labor Cost (2022 USD),0,AP1000,BE NOAK,"Stewart, W. R., Shirvan, K., Velez, E., & Wiser, R. Pathways to Cost-effective Advanced Nuclear Technology.",2017,INL-RPT-24-77048-R1.xlsx / MASTER_DATA_MAPPED col 46,GNCOA account; companion database to INL/RPT-24-77048
262,"Air, Water, Plant Fuel Oil, and Steam Systems",Site Material Cost (2022 USD),0,AP1000,BE NOAK,"Stewart, W. R., Shirvan, K., Velez, E., & Wiser, R. Pathways to Cost-effective Advanced Nuclear Technology.",2017,INL-RPT-24-77048-R1.xlsx / MASTER_DATA_MAPPED col 47,GNCOA account; companion database to INL/RPT-24-77048
262,"Air, Water, Plant Fuel Oil, and Steam Systems",Total Costs (2022 USD),0,AP1000,BE NOAK,"Stewart, W. R., Shirvan, K., Velez, E., & Wiser, R. Pathways to Cost-effective Advanced Nuclear Technology.",2017,INL-RPT-24-77048-R1.xlsx / MASTER_DATA_MAPPED col 48,GNCOA account; companion database to INL/RPT-24-77048
262,"Air, Water, Plant Fuel Oil, and Steam Systems",Factory Equipment Costs (2022 USD),0,AP1000,0,Shirvan Private Communication (TIMCAT data),unspecified,INL-RPT-24-77048-R1.xlsx / MASTER_DATA_MAPPED col 105,GNCOA account; companion database to INL/RPT-24-77048
262,"Air, Water, Plant Fuel Oil, and Steam Systems",Site Labor Cost (2022 USD),0,AP1000,0,Shirvan Private Communication (TIMCAT data),unspecified,INL-RPT-24-77048-R1.xlsx / MASTER_DATA_MAPPED col 106,GNCOA account; companion database to INL/RPT-24-77048
262,"Air, Water, Plant Fuel Oil, and Steam Systems",Site Material Cost (2022 USD),0,AP1000,0,Shirvan Private Communication (TIMCAT data),unspecified,INL-RPT-24-77048-R1.xlsx / MASTER_DATA_MAPPED col 107,GNCOA account; companion database to INL/RPT-24-77048
262,"Air, Water, Plant Fuel Oil, and Steam Systems",Total Costs (2022 USD),0,AP1000,NOAK,Shirvan Private Communication (Tim Cat Data),unspecified,INL-RPT-24-77048-R1.xlsx / MASTER_DATA_MAPPED col 108,GNCOA account; companion database to INL/RPT-24-77048
263,Communications Equipment,Factory Equipment Costs (2022 USD),0,AP1000,ME FOAK,"Stewart, W. R., Shirvan, K., Velez, E., & Wiser, R. Pathways to Cost-effective Advanced Nuclear Technology.",2017,INL-RPT-24-77048-R1.xlsx / MASTER_DATA_MAPPED col 41,GNCOA account; companion database to INL/RPT-24-77048
263,Communications Equipment,Site Labor Cost (2022 USD),0,AP1000,ME FOAK,"Stewart, W. R., Shirvan, K., Velez, E., & Wiser, R. Pathways to Cost-effective Advanced Nuclear Technology.",2017,INL-RPT-24-77048-R1.xlsx / MASTER_DATA_MAPPED col 42,GNCOA account; companion database to INL/RPT-24-77048
263,Communications Equipment,Site Material Cost (2022 USD),0,AP1000,ME FOAK,"Stewart, W. R., Shirvan, K., Velez, E., & Wiser, R. Pathways to Cost-effective Advanced Nuclear Technology.",2017,INL-RPT-24-77048-R1.xlsx / MASTER_DATA_MAPPED col 43,GNCOA account; companion database to INL/RPT-24-77048
263,Communications Equipment,Total Costs (2022 USD),0,AP1000,ME FOAK,"Stewart, W. R., Shirvan, K., Velez, E., & Wiser, R. Pathways to Cost-effective Advanced Nuclear Technology.",2017,INL-RPT-24-77048-R1.xlsx / MASTER_DATA_MAPPED col 44,GNCOA account; companion database to INL/RPT-24-77048
263,Communications Equipment,Factory Equipment Costs (2022 USD),0,AP1000,BE NOAK,"Stewart, W. R., Shirvan, K., Velez, E., & Wiser, R. Pathways to Cost-effective Advanced Nuclear Technology.",2017,INL-RPT-24-77048-R1.xlsx / MASTER_DATA_MAPPED col 45,GNCOA account; companion database to INL/RPT-24-77048
263,Communications Equipment,Site Labor Cost (2022 USD),0,AP1000,BE NOAK,"Stewart, W. R., Shirvan, K., Velez, E., & Wiser, R. Pathways to Cost-effective Advanced Nuclear Technology.",2017,INL-RPT-24-77048-R1.xlsx / MASTER_DATA_MAPPED col 46,GNCOA account; companion database to INL/RPT-24-77048
263,Communications Equipment,Site Material Cost (2022 USD),0,AP1000,BE NOAK,"Stewart, W. R., Shirvan, K., Velez, E., & Wiser, R. Pathways to Cost-effective Advanced Nuclear Technology.",2017,INL-RPT-24-77048-R1.xlsx / MASTER_DATA_MAPPED col 47,GNCOA account; companion database to INL/RPT-24-77048
263,Communications Equipment,Total Costs (2022 USD),0,AP1000,BE NOAK,"Stewart, W. R., Shirvan, K., Velez, E., & Wiser, R. Pathways to Cost-effective Advanced Nuclear Technology.",2017,INL-RPT-24-77048-R1.xlsx / MASTER_DATA_MAPPED col 48,GNCOA account; companion database to INL/RPT-24-77048
263,Communications Equipment,Factory Equipment Costs (2022 USD),0,AP1000,0,Shirvan Private Communication (TIMCAT data),unspecified,INL-RPT-24-77048-R1.xlsx / MASTER_DATA_MAPPED col 105,GNCOA account; companion database to INL/RPT-24-77048
263,Communications Equipment,Site Labor Cost (2022 USD),0,AP1000,0,Shirvan Private Communication (TIMCAT data),unspecified,INL-RPT-24-77048-R1.xlsx / MASTER_DATA_MAPPED col 106,GNCOA account; companion database to INL/RPT-24-77048
263,Communications Equipment,Site Material Cost (2022 USD),0,AP1000,0,Shirvan Private Communication (TIMCAT data),unspecified,INL-RPT-24-77048-R1.xlsx / MASTER_DATA_MAPPED col 107,GNCOA account; companion database to INL/RPT-24-77048
263,Communications Equipment,Total Costs (2022 USD),0,AP1000,NOAK,Shirvan Private Communication (Tim Cat Data),unspecified,INL-RPT-24-77048-R1.xlsx / MASTER_DATA_MAPPED col 108,GNCOA account; companion database to INL/RPT-24-77048
264,Furnishing and Fixtures,Factory Equipment Costs (2022 USD),0,AP1000,ME FOAK,"Stewart, W. R., Shirvan, K., Velez, E., & Wiser, R. Pathways to Cost-effective Advanced Nuclear Technology.",2017,INL-RPT-24-77048-R1.xlsx / MASTER_DATA_MAPPED col 41,GNCOA account; companion database to INL/RPT-24-77048
264,Furnishing and Fixtures,Site Labor Cost (2022 USD),0,AP1000,ME FOAK,"Stewart, W. R., Shirvan, K., Velez, E., & Wiser, R. Pathways to Cost-effective Advanced Nuclear Technology.",2017,INL-RPT-24-77048-R1.xlsx / MASTER_DATA_MAPPED col 42,GNCOA account; companion database to INL/RPT-24-77048
264,Furnishing and Fixtures,Site Material Cost (2022 USD),0,AP1000,ME FOAK,"Stewart, W. R., Shirvan, K., Velez, E., & Wiser, R. Pathways to Cost-effective Advanced Nuclear Technology.",2017,INL-RPT-24-77048-R1.xlsx / MASTER_DATA_MAPPED col 43,GNCOA account; companion database to INL/RPT-24-77048
264,Furnishing and Fixtures,Total Costs (2022 USD),0,AP1000,ME FOAK,"Stewart, W. R., Shirvan, K., Velez, E., & Wiser, R. Pathways to Cost-effective Advanced Nuclear Technology.",2017,INL-RPT-24-77048-R1.xlsx / MASTER_DATA_MAPPED col 44,GNCOA account; companion database to INL/RPT-24-77048
264,Furnishing and Fixtures,Factory Equipment Costs (2022 USD),0,AP1000,BE NOAK,"Stewart, W. R., Shirvan, K., Velez, E., & Wiser, R. Pathways to Cost-effective Advanced Nuclear Technology.",2017,INL-RPT-24-77048-R1.xlsx / MASTER_DATA_MAPPED col 45,GNCOA account; companion database to INL/RPT-24-77048
264,Furnishing and Fixtures,Site Labor Cost (2022 USD),0,AP1000,BE NOAK,"Stewart, W. R., Shirvan, K., Velez, E., & Wiser, R. Pathways to Cost-effective Advanced Nuclear Technology.",2017,INL-RPT-24-77048-R1.xlsx / MASTER_DATA_MAPPED col 46,GNCOA account; companion database to INL/RPT-24-77048
264,Furnishing and Fixtures,Site Material Cost (2022 USD),0,AP1000,BE NOAK,"Stewart, W. R., Shirvan, K., Velez, E., & Wiser, R. Pathways to Cost-effective Advanced Nuclear Technology.",2017,INL-RPT-24-77048-R1.xlsx / MASTER_DATA_MAPPED col 47,GNCOA account; companion database to INL/RPT-24-77048
264,Furnishing and Fixtures,Total Costs (2022 USD),0,AP1000,BE NOAK,"Stewart, W. R., Shirvan, K., Velez, E., & Wiser, R. Pathways to Cost-effective Advanced Nuclear Technology.",2017,INL-RPT-24-77048-R1.xlsx / MASTER_DATA_MAPPED col 48,GNCOA account; companion database to INL/RPT-24-77048
264,Furnishing and Fixtures,Factory Equipment Costs (2022 USD),0,AP1000,0,Shirvan Private Communication (TIMCAT data),unspecified,INL-RPT-24-77048-R1.xlsx / MASTER_DATA_MAPPED col 105,GNCOA account; companion database to INL/RPT-24-77048
264,Furnishing and Fixtures,Site Labor Cost (2022 USD),0,AP1000,0,Shirvan Private Communication (TIMCAT data),unspecified,INL-RPT-24-77048-R1.xlsx / MASTER_DATA_MAPPED col 106,GNCOA account; companion database to INL/RPT-24-77048
264,Furnishing and Fixtures,Site Material Cost (2022 USD),0,AP1000,0,Shirvan Private Communication (TIMCAT data),unspecified,INL-RPT-24-77048-R1.xlsx / MASTER_DATA_MAPPED col 107,GNCOA account; companion database to INL/RPT-24-77048
264,Furnishing and Fixtures,Total Costs (2022 USD),0,AP1000,NOAK,Shirvan Private Communication (Tim Cat Data),unspecified,INL-RPT-24-77048-R1.xlsx / MASTER_DATA_MAPPED col 108,GNCOA account; companion database to INL/RPT-24-77048
265,Robotic and/or Remotely Operated Inspection and Maintenance Equipment,Factory Equipment Costs (2022 USD),0,AP1000,ME FOAK,"Stewart, W. R., Shirvan, K., Velez, E., & Wiser, R. Pathways to Cost-effective Advanced Nuclear Technology.",2017,INL-RPT-24-77048-R1.xlsx / MASTER_DATA_MAPPED col 41,GNCOA account; companion database to INL/RPT-24-77048
265,Robotic and/or Remotely Operated Inspection and Maintenance Equipment,Site Labor Cost (2022 USD),0,AP1000,ME FOAK,"Stewart, W. R., Shirvan, K., Velez, E., & Wiser, R. Pathways to Cost-effective Advanced Nuclear Technology.",2017,INL-RPT-24-77048-R1.xlsx / MASTER_DATA_MAPPED col 42,GNCOA account; companion database to INL/RPT-24-77048
265,Robotic and/or Remotely Operated Inspection and Maintenance Equipment,Site Material Cost (2022 USD),0,AP1000,ME FOAK,"Stewart, W. R., Shirvan, K., Velez, E., & Wiser, R. Pathways to Cost-effective Advanced Nuclear Technology.",2017,INL-RPT-24-77048-R1.xlsx / MASTER_DATA_MAPPED col 43,GNCOA account; companion database to INL/RPT-24-77048
265,Robotic and/or Remotely Operated Inspection and Maintenance Equipment,Total Costs (2022 USD),0,AP1000,ME FOAK,"Stewart, W. R., Shirvan, K., Velez, E., & Wiser, R. Pathways to Cost-effective Advanced Nuclear Technology.",2017,INL-RPT-24-77048-R1.xlsx / MASTER_DATA_MAPPED col 44,GNCOA account; companion database to INL/RPT-24-77048
265,Robotic and/or Remotely Operated Inspection and Maintenance Equipment,Factory Equipment Costs (2022 USD),0,AP1000,BE NOAK,"Stewart, W. R., Shirvan, K., Velez, E., & Wiser, R. Pathways to Cost-effective Advanced Nuclear Technology.",2017,INL-RPT-24-77048-R1.xlsx / MASTER_DATA_MAPPED col 45,GNCOA account; companion database to INL/RPT-24-77048
265,Robotic and/or Remotely Operated Inspection and Maintenance Equipment,Site Labor Cost (2022 USD),0,AP1000,BE NOAK,"Stewart, W. R., Shirvan, K., Velez, E., & Wiser, R. Pathways to Cost-effective Advanced Nuclear Technology.",2017,INL-RPT-24-77048-R1.xlsx / MASTER_DATA_MAPPED col 46,GNCOA account; companion database to INL/RPT-24-77048
265,Robotic and/or Remotely Operated Inspection and Maintenance Equipment,Site Material Cost (2022 USD),0,AP1000,BE NOAK,"Stewart, W. R., Shirvan, K., Velez, E., & Wiser, R. Pathways to Cost-effective Advanced Nuclear Technology.",2017,INL-RPT-24-77048-R1.xlsx / MASTER_DATA_MAPPED col 47,GNCOA account; companion database to INL/RPT-24-77048
265,Robotic and/or Remotely Operated Inspection and Maintenance Equipment,Total Costs (2022 USD),0,AP1000,BE NOAK,"Stewart, W. R., Shirvan, K., Velez, E., & Wiser, R. Pathways to Cost-effective Advanced Nuclear Technology.",2017,INL-RPT-24-77048-R1.xlsx / MASTER_DATA_MAPPED col 48,GNCOA account; companion database to INL/RPT-24-77048
265,Robotic and/or Remotely Operated Inspection and Maintenance Equipment,Factory Equipment Costs (2022 USD),0,AP1000,0,Shirvan Private Communication (TIMCAT data),unspecified,INL-RPT-24-77048-R1.xlsx / MASTER_DATA_MAPPED col 105,GNCOA account; companion database to INL/RPT-24-77048
265,Robotic and/or Remotely Operated Inspection and Maintenance Equipment,Site Labor Cost (2022 USD),0,AP1000,0,Shirvan Private Communication (TIMCAT data),unspecified,INL-RPT-24-77048-R1.xlsx / MASTER_DATA_MAPPED col 106,GNCOA account; companion database to INL/RPT-24-77048
265,Robotic and/or Remotely Operated Inspection and Maintenance Equipment,Site Material Cost (2022 USD),0,AP1000,0,Shirvan Private Communication (TIMCAT data),unspecified,INL-RPT-24-77048-R1.xlsx / MASTER_DATA_MAPPED col 107,GNCOA account; companion database to INL/RPT-24-77048
265,Robotic and/or Remotely Operated Inspection and Maintenance Equipment,Total Costs (2022 USD),0,AP1000,NOAK,Shirvan Private Communication (Tim Cat Data),unspecified,INL-RPT-24-77048-R1.xlsx / MASTER_DATA_MAPPED col 108,GNCOA account; companion database to INL/RPT-24-77048
27,Material Requiring Special Consideration,Factory Equipment Costs (2022 USD),0,AP1000,ME FOAK,"Stewart, W. R., Shirvan, K., Velez, E., & Wiser, R. Pathways to Cost-effective Advanced Nuclear Technology.",2017,INL-RPT-24-77048-R1.xlsx / MASTER_DATA_MAPPED col 41,GNCOA account; companion database to INL/RPT-24-77048
27,Material Requiring Special Consideration,Site Labor Cost (2022 USD),0,AP1000,ME FOAK,"Stewart, W. R., Shirvan, K., Velez, E., & Wiser, R. Pathways to Cost-effective Advanced Nuclear Technology.",2017,INL-RPT-24-77048-R1.xlsx / MASTER_DATA_MAPPED col 42,GNCOA account; companion database to INL/RPT-24-77048
27,Material Requiring Special Consideration,Site Material Cost (2022 USD),0,AP1000,ME FOAK,"Stewart, W. R., Shirvan, K., Velez, E., & Wiser, R. Pathways to Cost-effective Advanced Nuclear Technology.",2017,INL-RPT-24-77048-R1.xlsx / MASTER_DATA_MAPPED col 43,GNCOA account; companion database to INL/RPT-24-77048
27,Material Requiring Special Consideration,Total Costs (2022 USD),0,AP1000,ME FOAK,"Stewart, W. R., Shirvan, K., Velez, E., & Wiser, R. Pathways to Cost-effective Advanced Nuclear Technology.",2017,INL-RPT-24-77048-R1.xlsx / MASTER_DATA_MAPPED col 44,GNCOA account; companion database to INL/RPT-24-77048
27,Material Requiring Special Consideration,Factory Equipment Costs (2022 USD),0,AP1000,BE NOAK,"Stewart, W. R., Shirvan, K., Velez, E., & Wiser, R. Pathways to Cost-effective Advanced Nuclear Technology.",2017,INL-RPT-24-77048-R1.xlsx / MASTER_DATA_MAPPED col 45,GNCOA account; companion database to INL/RPT-24-77048
27,Material Requiring Special Consideration,Site Labor Cost (2022 USD),0,AP1000,BE NOAK,"Stewart, W. R., Shirvan, K., Velez, E., & Wiser, R. Pathways to Cost-effective Advanced Nuclear Technology.",2017,INL-RPT-24-77048-R1.xlsx / MASTER_DATA_MAPPED col 46,GNCOA account; companion database to INL/RPT-24-77048
27,Material Requiring Special Consideration,Site Material Cost (2022 USD),0,AP1000,BE NOAK,"Stewart, W. R., Shirvan, K., Velez, E., & Wiser, R. Pathways to Cost-effective Advanced Nuclear Technology.",2017,INL-RPT-24-77048-R1.xlsx / MASTER_DATA_MAPPED col 47,GNCOA account; companion database to INL/RPT-24-77048
27,Material Requiring Special Consideration,Total Costs (2022 USD),0,AP1000,BE NOAK,"Stewart, W. R., Shirvan, K., Velez, E., & Wiser, R. Pathways to Cost-effective Advanced Nuclear Technology.",2017,INL-RPT-24-77048-R1.xlsx / MASTER_DATA_MAPPED col 48,GNCOA account; companion database to INL/RPT-24-77048
27,Material Requiring Special Consideration,Factory Equipment Costs (2022 USD),0,AP1000,0,Shirvan Private Communication (TIMCAT data),unspecified,INL-RPT-24-77048-R1.xlsx / MASTER_DATA_MAPPED col 105,GNCOA account; companion database to INL/RPT-24-77048
27,Material Requiring Special Consideration,Site Labor Cost (2022 USD),0,AP1000,0,Shirvan Private Communication (TIMCAT data),unspecified,INL-RPT-24-77048-R1.xlsx / MASTER_DATA_MAPPED col 106,GNCOA account; companion database to INL/RPT-24-77048
27,Material Requiring Special Consideration,Site Material Cost (2022 USD),0,AP1000,0,Shirvan Private Communication (TIMCAT data),unspecified,INL-RPT-24-77048-R1.xlsx / MASTER_DATA_MAPPED col 107,GNCOA account; companion database to INL/RPT-24-77048
27,Material Requiring Special Consideration,Total Costs (2022 USD),0,AP1000,NOAK,Shirvan Private Communication (Tim Cat Data),unspecified,INL-RPT-24-77048-R1.xlsx / MASTER_DATA_MAPPED col 108,GNCOA account; companion database to INL/RPT-24-77048
28,Simulator,Factory Equipment Costs (2022 USD),0,AP1000,ME FOAK,"Stewart, W. R., Shirvan, K., Velez, E., & Wiser, R. Pathways to Cost-effective Advanced Nuclear Technology.",2017,INL-RPT-24-77048-R1.xlsx / MASTER_DATA_MAPPED col 41,GNCOA account; companion database to INL/RPT-24-77048
28,Simulator,Site Labor Cost (2022 USD),0,AP1000,ME FOAK,"Stewart, W. R., Shirvan, K., Velez, E., & Wiser, R. Pathways to Cost-effective Advanced Nuclear Technology.",2017,INL-RPT-24-77048-R1.xlsx / MASTER_DATA_MAPPED col 42,GNCOA account; companion database to INL/RPT-24-77048
28,Simulator,Site Material Cost (2022 USD),0,AP1000,ME FOAK,"Stewart, W. R., Shirvan, K., Velez, E., & Wiser, R. Pathways to Cost-effective Advanced Nuclear Technology.",2017,INL-RPT-24-77048-R1.xlsx / MASTER_DATA_MAPPED col 43,GNCOA account; companion database to INL/RPT-24-77048
28,Simulator,Total Costs (2022 USD),0,AP1000,ME FOAK,"Stewart, W. R., Shirvan, K., Velez, E., & Wiser, R. Pathways to Cost-effective Advanced Nuclear Technology.",2017,INL-RPT-24-77048-R1.xlsx / MASTER_DATA_MAPPED col 44,GNCOA account; companion database to INL/RPT-24-77048
28,Simulator,Factory Equipment Costs (2022 USD),0,AP1000,BE NOAK,"Stewart, W. R., Shirvan, K., Velez, E., & Wiser, R. Pathways to Cost-effective Advanced Nuclear Technology.",2017,INL-RPT-24-77048-R1.xlsx / MASTER_DATA_MAPPED col 45,GNCOA account; companion database to INL/RPT-24-77048
28,Simulator,Site Labor Cost (2022 USD),0,AP1000,BE NOAK,"Stewart, W. R., Shirvan, K., Velez, E., & Wiser, R. Pathways to Cost-effective Advanced Nuclear Technology.",2017,INL-RPT-24-77048-R1.xlsx / MASTER_DATA_MAPPED col 46,GNCOA account; companion database to INL/RPT-24-77048
28,Simulator,Site Material Cost (2022 USD),0,AP1000,BE NOAK,"Stewart, W. R., Shirvan, K., Velez, E., & Wiser, R. Pathways to Cost-effective Advanced Nuclear Technology.",2017,INL-RPT-24-77048-R1.xlsx / MASTER_DATA_MAPPED col 47,GNCOA account; companion database to INL/RPT-24-77048
28,Simulator,Total Costs (2022 USD),0,AP1000,BE NOAK,"Stewart, W. R., Shirvan, K., Velez, E., & Wiser, R. Pathways to Cost-effective Advanced Nuclear Technology.",2017,INL-RPT-24-77048-R1.xlsx / MASTER_DATA_MAPPED col 48,GNCOA account; companion database to INL/RPT-24-77048
28,Simulator,Factory Equipment Costs (2022 USD),0,AP1000,0,Shirvan Private Communication (TIMCAT data),unspecified,INL-RPT-24-77048-R1.xlsx / MASTER_DATA_MAPPED col 105,GNCOA account; companion database to INL/RPT-24-77048
28,Simulator,Site Labor Cost (2022 USD),0,AP1000,0,Shirvan Private Communication (TIMCAT data),unspecified,INL-RPT-24-77048-R1.xlsx / MASTER_DATA_MAPPED col 106,GNCOA account; companion database to INL/RPT-24-77048
28,Simulator,Site Material Cost (2022 USD),0,AP1000,0,Shirvan Private Communication (TIMCAT data),unspecified,INL-RPT-24-77048-R1.xlsx / MASTER_DATA_MAPPED col 107,GNCOA account; companion database to INL/RPT-24-77048
28,Simulator,Total Costs (2022 USD),0,AP1000,NOAK,Shirvan Private Communication (Tim Cat Data),unspecified,INL-RPT-24-77048-R1.xlsx / MASTER_DATA_MAPPED col 108,GNCOA account; companion database to INL/RPT-24-77048
29,Contingency on Direct Costs,Factory Equipment Costs (2022 USD),0,AP1000,ME FOAK,"Stewart, W. R., Shirvan, K., Velez, E., & Wiser, R. Pathways to Cost-effective Advanced Nuclear Technology.",2017,INL-RPT-24-77048-R1.xlsx / MASTER_DATA_MAPPED col 41,GNCOA account; companion database to INL/RPT-24-77048
29,Contingency on Direct Costs,Site Labor Cost (2022 USD),0,AP1000,ME FOAK,"Stewart, W. R., Shirvan, K., Velez, E., & Wiser, R. Pathways to Cost-effective Advanced Nuclear Technology.",2017,INL-RPT-24-77048-R1.xlsx / MASTER_DATA_MAPPED col 42,GNCOA account; companion database to INL/RPT-24-77048
29,Contingency on Direct Costs,Site Material Cost (2022 USD),0,AP1000,ME FOAK,"Stewart, W. R., Shirvan, K., Velez, E., & Wiser, R. Pathways to Cost-effective Advanced Nuclear Technology.",2017,INL-RPT-24-77048-R1.xlsx / MASTER_DATA_MAPPED col 43,GNCOA account; companion database to INL/RPT-24-77048
29,Contingency on Direct Costs,Total Costs (2022 USD),0,AP1000,ME FOAK,"Stewart, W. R., Shirvan, K., Velez, E., & Wiser, R. Pathways to Cost-effective Advanced Nuclear Technology.",2017,INL-RPT-24-77048-R1.xlsx / MASTER_DATA_MAPPED col 44,GNCOA account; companion database to INL/RPT-24-77048
29,Contingency on Direct Costs,Factory Equipment Costs (2022 USD),0,AP1000,BE NOAK,"Stewart, W. R., Shirvan, K., Velez, E., & Wiser, R. Pathways to Cost-effective Advanced Nuclear Technology.",2017,INL-RPT-24-77048-R1.xlsx / MASTER_DATA_MAPPED col 45,GNCOA account; companion database to INL/RPT-24-77048
29,Contingency on Direct Costs,Site Labor Cost (2022 USD),0,AP1000,BE NOAK,"Stewart, W. R., Shirvan, K., Velez, E., & Wiser, R. Pathways to Cost-effective Advanced Nuclear Technology.",2017,INL-RPT-24-77048-R1.xlsx / MASTER_DATA_MAPPED col 46,GNCOA account; companion database to INL/RPT-24-77048
29,Contingency on Direct Costs,Site Material Cost (2022 USD),0,AP1000,BE NOAK,"Stewart, W. R., Shirvan, K., Velez, E., & Wiser, R. Pathways to Cost-effective Advanced Nuclear Technology.",2017,INL-RPT-24-77048-R1.xlsx / MASTER_DATA_MAPPED col 47,GNCOA account; companion database to INL/RPT-24-77048
29,Contingency on Direct Costs,Total Costs (2022 USD),0,AP1000,BE NOAK,"Stewart, W. R., Shirvan, K., Velez, E., & Wiser, R. Pathways to Cost-effective Advanced Nuclear Technology.",2017,INL-RPT-24-77048-R1.xlsx / MASTER_DATA_MAPPED col 48,GNCOA account; companion database to INL/RPT-24-77048
29,Contingency on Direct Costs,Factory Equipment Costs (2022 USD),0,AP1000,0,Shirvan Private Communication (TIMCAT data),unspecified,INL-RPT-24-77048-R1.xlsx / MASTER_DATA_MAPPED col 105,GNCOA account; companion database to INL/RPT-24-77048
29,Contingency on Direct Costs,Site Labor Cost (2022 USD),0,AP1000,0,Shirvan Private Communication (TIMCAT data),unspecified,INL-RPT-24-77048-R1.xlsx / MASTER_DATA_MAPPED col 106,GNCOA account; companion database to INL/RPT-24-77048
29,Contingency on Direct Costs,Site Material Cost (2022 USD),0,AP1000,0,Shirvan Private Communication (TIMCAT data),unspecified,INL-RPT-24-77048-R1.xlsx / MASTER_DATA_MAPPED col 107,GNCOA account; companion database to INL/RPT-24-77048
29,Contingency on Direct Costs,Total Costs (2022 USD),0,AP1000,NOAK,Shirvan Private Communication (Tim Cat Data),unspecified,INL-RPT-24-77048-R1.xlsx / MASTER_DATA_MAPPED col 108,GNCOA account; companion database to INL/RPT-24-77048
30,Capitalized Indirect Services Cost,Factory Equipment Costs (2022 USD),0,AP1000,ME FOAK,"Stewart, W. R., Shirvan, K., Velez, E., & Wiser, R. Pathways to Cost-effective Advanced Nuclear Technology.",2017,INL-RPT-24-77048-R1.xlsx / MASTER_DATA_MAPPED col 41,GNCOA account; companion database to INL/RPT-24-77048
30,Capitalized Indirect Services Cost,Site Labor Cost (2022 USD),0,AP1000,ME FOAK,"Stewart, W. R., Shirvan, K., Velez, E., & Wiser, R. Pathways to Cost-effective Advanced Nuclear Technology.",2017,INL-RPT-24-77048-R1.xlsx / MASTER_DATA_MAPPED col 42,GNCOA account; companion database to INL/RPT-24-77048
30,Capitalized Indirect Services Cost,Site Material Cost (2022 USD),0,AP1000,ME FOAK,"Stewart, W. R., Shirvan, K., Velez, E., & Wiser, R. Pathways to Cost-effective Advanced Nuclear Technology.",2017,INL-RPT-24-77048-R1.xlsx / MASTER_DATA_MAPPED col 43,GNCOA account; companion database to INL/RPT-24-77048
30,Capitalized Indirect Services Cost,Total Costs (2022 USD),0,AP1000,ME FOAK,"Stewart, W. R., Shirvan, K., Velez, E., & Wiser, R. Pathways to Cost-effective Advanced Nuclear Technology.",2017,INL-RPT-24-77048-R1.xlsx / MASTER_DATA_MAPPED col 44,GNCOA account; companion database to INL/RPT-24-77048
30,Capitalized Indirect Services Cost,Factory Equipment Costs (2022 USD),0,AP1000,BE NOAK,"Stewart, W. R., Shirvan, K., Velez, E., & Wiser, R. Pathways to Cost-effective Advanced Nuclear Technology.",2017,INL-RPT-24-77048-R1.xlsx / MASTER_DATA_MAPPED col 45,GNCOA account; companion database to INL/RPT-24-77048
30,Capitalized Indirect Services Cost,Site Labor Cost (2022 USD),0,AP1000,BE NOAK,"Stewart, W. R., Shirvan, K., Velez, E., & Wiser, R. Pathways to Cost-effective Advanced Nuclear Technology.",2017,INL-RPT-24-77048-R1.xlsx / MASTER_DATA_MAPPED col 46,GNCOA account; companion database to INL/RPT-24-77048
30,Capitalized Indirect Services Cost,Site Material Cost (2022 USD),0,AP1000,BE NOAK,"Stewart, W. R., Shirvan, K., Velez, E., & Wiser, R. Pathways to Cost-effective Advanced Nuclear Technology.",2017,INL-RPT-24-77048-R1.xlsx / MASTER_DATA_MAPPED col 47,GNCOA account; companion database to INL/RPT-24-77048
30,Capitalized Indirect Services Cost,Total Costs (2022 USD),0,AP1000,BE NOAK,"Stewart, W. R., Shirvan, K., Velez, E., & Wiser, R. Pathways to Cost-effective Advanced Nuclear Technology.",2017,INL-RPT-24-77048-R1.xlsx / MASTER_DATA_MAPPED col 48,GNCOA account; companion database to INL/RPT-24-77048
30,Capitalized Indirect Services Cost,Factory Equipment Costs (2022 USD),0,AP1000,0,Shirvan Private Communication (TIMCAT data),unspecified,INL-RPT-24-77048-R1.xlsx / MASTER_DATA_MAPPED col 105,GNCOA account; companion database to INL/RPT-24-77048
30,Capitalized Indirect Services Cost,Site Labor Cost (2022 USD),0,AP1000,0,Shirvan Private Communication (TIMCAT data),unspecified,INL-RPT-24-77048-R1.xlsx / MASTER_DATA_MAPPED col 106,GNCOA account; companion database to INL/RPT-24-77048
30,Capitalized Indirect Services Cost,Site Material Cost (2022 USD),0,AP1000,0,Shirvan Private Communication (TIMCAT data),unspecified,INL-RPT-24-77048-R1.xlsx / MASTER_DATA_MAPPED col 107,GNCOA account; companion database to INL/RPT-24-77048
30,Capitalized Indirect Services Cost,Total Costs (2022 USD),0,AP1000,NOAK,Shirvan Private Communication (Tim Cat Data),unspecified,INL-RPT-24-77048-R1.xlsx / MASTER_DATA_MAPPED col 108,GNCOA account; companion database to INL/RPT-24-77048
31,Factory & Field Indirect Costs,Factory Equipment Costs (2022 USD),0,AP1000,ME FOAK,"Stewart, W. R., Shirvan, K., Velez, E., & Wiser, R. Pathways to Cost-effective Advanced Nuclear Technology.",2017,INL-RPT-24-77048-R1.xlsx / MASTER_DATA_MAPPED col 41,GNCOA account; companion database to INL/RPT-24-77048
31,Factory & Field Indirect Costs,Site Labor Cost (2022 USD),0,AP1000,ME FOAK,"Stewart, W. R., Shirvan, K., Velez, E., & Wiser, R. Pathways to Cost-effective Advanced Nuclear Technology.",2017,INL-RPT-24-77048-R1.xlsx / MASTER_DATA_MAPPED col 42,GNCOA account; companion database to INL/RPT-24-77048
31,Factory & Field Indirect Costs,Site Material Cost (2022 USD),0,AP1000,ME FOAK,"Stewart, W. R., Shirvan, K., Velez, E., & Wiser, R. Pathways to Cost-effective Advanced Nuclear Technology.",2017,INL-RPT-24-77048-R1.xlsx / MASTER_DATA_MAPPED col 43,GNCOA account; companion database to INL/RPT-24-77048
31,Factory & Field Indirect Costs,Total Costs (2022 USD),0,AP1000,ME FOAK,"Stewart, W. R., Shirvan, K., Velez, E., & Wiser, R. Pathways to Cost-effective Advanced Nuclear Technology.",2017,INL-RPT-24-77048-R1.xlsx / MASTER_DATA_MAPPED col 44,GNCOA account; companion database to INL/RPT-24-77048
31,Factory & Field Indirect Costs,Factory Equipment Costs (2022 USD),0,AP1000,BE NOAK,"Stewart, W. R., Shirvan, K., Velez, E., & Wiser, R. Pathways to Cost-effective Advanced Nuclear Technology.",2017,INL-RPT-24-77048-R1.xlsx / MASTER_DATA_MAPPED col 45,GNCOA account; companion database to INL/RPT-24-77048
31,Factory & Field Indirect Costs,Site Labor Cost (2022 USD),0,AP1000,BE NOAK,"Stewart, W. R., Shirvan, K., Velez, E., & Wiser, R. Pathways to Cost-effective Advanced Nuclear Technology.",2017,INL-RPT-24-77048-R1.xlsx / MASTER_DATA_MAPPED col 46,GNCOA account; companion database to INL/RPT-24-77048
31,Factory & Field Indirect Costs,Site Material Cost (2022 USD),0,AP1000,BE NOAK,"Stewart, W. R., Shirvan, K., Velez, E., & Wiser, R. Pathways to Cost-effective Advanced Nuclear Technology.",2017,INL-RPT-24-77048-R1.xlsx / MASTER_DATA_MAPPED col 47,GNCOA account; companion database to INL/RPT-24-77048
31,Factory & Field Indirect Costs,Total Costs (2022 USD),0,AP1000,BE NOAK,"Stewart, W. R., Shirvan, K., Velez, E., & Wiser, R. Pathways to Cost-effective Advanced Nuclear Technology.",2017,INL-RPT-24-77048-R1.xlsx / MASTER_DATA_MAPPED col 48,GNCOA account; companion database to INL/RPT-24-77048
31,Factory & Field Indirect Costs,Factory Equipment Costs (2022 USD),0,AP1000,0,Shirvan Private Communication (TIMCAT data),unspecified,INL-RPT-24-77048-R1.xlsx / MASTER_DATA_MAPPED col 105,GNCOA account; companion database to INL/RPT-24-77048
31,Factory & Field Indirect Costs,Site Labor Cost (2022 USD),0,AP1000,0,Shirvan Private Communication (TIMCAT data),unspecified,INL-RPT-24-77048-R1.xlsx / MASTER_DATA_MAPPED col 106,GNCOA account; companion database to INL/RPT-24-77048
31,Factory & Field Indirect Costs,Site Material Cost (2022 USD),0,AP1000,0,Shirvan Private Communication (TIMCAT data),unspecified,INL-RPT-24-77048-R1.xlsx / MASTER_DATA_MAPPED col 107,GNCOA account; companion database to INL/RPT-24-77048
31,Factory & Field Indirect Costs,Total Costs (2022 USD),0,AP1000,NOAK,Shirvan Private Communication (Tim Cat Data),unspecified,INL-RPT-24-77048-R1.xlsx / MASTER_DATA_MAPPED col 108,GNCOA account; companion database to INL/RPT-24-77048
311,Construction Tools and Equipment,Factory Equipment Costs (2022 USD),0,AP1000,ME FOAK,"Stewart, W. R., Shirvan, K., Velez, E., & Wiser, R. Pathways to Cost-effective Advanced Nuclear Technology.",2017,INL-RPT-24-77048-R1.xlsx / MASTER_DATA_MAPPED col 41,GNCOA account; companion database to INL/RPT-24-77048
311,Construction Tools and Equipment,Site Labor Cost (2022 USD),0,AP1000,ME FOAK,"Stewart, W. R., Shirvan, K., Velez, E., & Wiser, R. Pathways to Cost-effective Advanced Nuclear Technology.",2017,INL-RPT-24-77048-R1.xlsx / MASTER_DATA_MAPPED col 42,GNCOA account; companion database to INL/RPT-24-77048
311,Construction Tools and Equipment,Site Material Cost (2022 USD),0,AP1000,ME FOAK,"Stewart, W. R., Shirvan, K., Velez, E., & Wiser, R. Pathways to Cost-effective Advanced Nuclear Technology.",2017,INL-RPT-24-77048-R1.xlsx / MASTER_DATA_MAPPED col 43,GNCOA account; companion database to INL/RPT-24-77048
311,Construction Tools and Equipment,Total Costs (2022 USD),0,AP1000,ME FOAK,"Stewart, W. R., Shirvan, K., Velez, E., & Wiser, R. Pathways to Cost-effective Advanced Nuclear Technology.",2017,INL-RPT-24-77048-R1.xlsx / MASTER_DATA_MAPPED col 44,GNCOA account; companion database to INL/RPT-24-77048
311,Construction Tools and Equipment,Factory Equipment Costs (2022 USD),0,AP1000,BE NOAK,"Stewart, W. R., Shirvan, K., Velez, E., & Wiser, R. Pathways to Cost-effective Advanced Nuclear Technology.",2017,INL-RPT-24-77048-R1.xlsx / MASTER_DATA_MAPPED col 45,GNCOA account; companion database to INL/RPT-24-77048
311,Construction Tools and Equipment,Site Labor Cost (2022 USD),0,AP1000,BE NOAK,"Stewart, W. R., Shirvan, K., Velez, E., & Wiser, R. Pathways to Cost-effective Advanced Nuclear Technology.",2017,INL-RPT-24-77048-R1.xlsx / MASTER_DATA_MAPPED col 46,GNCOA account; companion database to INL/RPT-24-77048
311,Construction Tools and Equipment,Site Material Cost (2022 USD),0,AP1000,BE NOAK,"Stewart, W. R., Shirvan, K., Velez, E., & Wiser, R. Pathways to Cost-effective Advanced Nuclear Technology.",2017,INL-RPT-24-77048-R1.xlsx / MASTER_DATA_MAPPED col 47,GNCOA account; companion database to INL/RPT-24-77048
311,Construction Tools and Equipment,Total Costs (2022 USD),0,AP1000,BE NOAK,"Stewart, W. R., Shirvan, K., Velez, E., & Wiser, R. Pathways to Cost-effective Advanced Nuclear Technology.",2017,INL-RPT-24-77048-R1.xlsx / MASTER_DATA_MAPPED col 48,GNCOA account; companion database to INL/RPT-24-77048
311,Construction Tools and Equipment,Factory Equipment Costs (2022 USD),0,AP1000,0,Shirvan Private Communication (TIMCAT data),unspecified,INL-RPT-24-77048-R1.xlsx / MASTER_DATA_MAPPED col 105,GNCOA account; companion database to INL/RPT-24-77048
311,Construction Tools and Equipment,Site Labor Cost (2022 USD),0,AP1000,0,Shirvan Private Communication (TIMCAT data),unspecified,INL-RPT-24-77048-R1.xlsx / MASTER_DATA_MAPPED col 106,GNCOA account; companion database to INL/RPT-24-77048
311,Construction Tools and Equipment,Site Material Cost (2022 USD),0,AP1000,0,Shirvan Private Communication (TIMCAT data),unspecified,INL-RPT-24-77048-R1.xlsx / MASTER_DATA_MAPPED col 107,GNCOA account; companion database to INL/RPT-24-77048
311,Construction Tools and Equipment,Total Costs (2022 USD),0,AP1000,NOAK,Shirvan Private Communication (Tim Cat Data),unspecified,INL-RPT-24-77048-R1.xlsx / MASTER_DATA_MAPPED col 108,GNCOA account; companion database to INL/RPT-24-77048
312,Construction Vehicles,Factory Equipment Costs (2022 USD),0,AP1000,ME FOAK,"Stewart, W. R., Shirvan, K., Velez, E., & Wiser, R. Pathways to Cost-effective Advanced Nuclear Technology.",2017,INL-RPT-24-77048-R1.xlsx / MASTER_DATA_MAPPED col 41,GNCOA account; companion database to INL/RPT-24-77048
312,Construction Vehicles,Site Labor Cost (2022 USD),0,AP1000,ME FOAK,"Stewart, W. R., Shirvan, K., Velez, E., & Wiser, R. Pathways to Cost-effective Advanced Nuclear Technology.",2017,INL-RPT-24-77048-R1.xlsx / MASTER_DATA_MAPPED col 42,GNCOA account; companion database to INL/RPT-24-77048
312,Construction Vehicles,Site Material Cost (2022 USD),0,AP1000,ME FOAK,"Stewart, W. R., Shirvan, K., Velez, E., & Wiser, R. Pathways to Cost-effective Advanced Nuclear Technology.",2017,INL-RPT-24-77048-R1.xlsx / MASTER_DATA_MAPPED col 43,GNCOA account; companion database to INL/RPT-24-77048
312,Construction Vehicles,Total Costs (2022 USD),0,AP1000,ME FOAK,"Stewart, W. R., Shirvan, K., Velez, E., & Wiser, R. Pathways to Cost-effective Advanced Nuclear Technology.",2017,INL-RPT-24-77048-R1.xlsx / MASTER_DATA_MAPPED col 44,GNCOA account; companion database to INL/RPT-24-77048
312,Construction Vehicles,Factory Equipment Costs (2022 USD),0,AP1000,BE NOAK,"Stewart, W. R., Shirvan, K., Velez, E., & Wiser, R. Pathways to Cost-effective Advanced Nuclear Technology.",2017,INL-RPT-24-77048-R1.xlsx / MASTER_DATA_MAPPED col 45,GNCOA account; companion database to INL/RPT-24-77048
312,Construction Vehicles,Site Labor Cost (2022 USD),0,AP1000,BE NOAK,"Stewart, W. R., Shirvan, K., Velez, E., & Wiser, R. Pathways to Cost-effective Advanced Nuclear Technology.",2017,INL-RPT-24-77048-R1.xlsx / MASTER_DATA_MAPPED col 46,GNCOA account; companion database to INL/RPT-24-77048
312,Construction Vehicles,Site Material Cost (2022 USD),0,AP1000,BE NOAK,"Stewart, W. R., Shirvan, K., Velez, E., & Wiser, R. Pathways to Cost-effective Advanced Nuclear Technology.",2017,INL-RPT-24-77048-R1.xlsx / MASTER_DATA_MAPPED col 47,GNCOA account; companion database to INL/RPT-24-77048
312,Construction Vehicles,Total Costs (2022 USD),0,AP1000,BE NOAK,"Stewart, W. R., Shirvan, K., Velez, E., & Wiser, R. Pathways to Cost-effective Advanced Nuclear Technology.",2017,INL-RPT-24-77048-R1.xlsx / MASTER_DATA_MAPPED col 48,GNCOA account; companion database to INL/RPT-24-77048
312,Construction Vehicles,Factory Equipment Costs (2022 USD),0,AP1000,0,Shirvan Private Communication (TIMCAT data),unspecified,INL-RPT-24-77048-R1.xlsx / MASTER_DATA_MAPPED col 105,GNCOA account; companion database to INL/RPT-24-77048
312,Construction Vehicles,Site Labor Cost (2022 USD),0,AP1000,0,Shirvan Private Communication (TIMCAT data),unspecified,INL-RPT-24-77048-R1.xlsx / MASTER_DATA_MAPPED col 106,GNCOA account; companion database to INL/RPT-24-77048
312,Construction Vehicles,Site Material Cost (2022 USD),0,AP1000,0,Shirvan Private Communication (TIMCAT data),unspecified,INL-RPT-24-77048-R1.xlsx / MASTER_DATA_MAPPED col 107,GNCOA account; companion database to INL/RPT-24-77048
312,Construction Vehicles,Total Costs (2022 USD),0,AP1000,NOAK,Shirvan Private Communication (Tim Cat Data),unspecified,INL-RPT-24-77048-R1.xlsx / MASTER_DATA_MAPPED col 108,GNCOA account; companion database to INL/RPT-24-77048
313,"Construction Supplies, Consumables, and Utilities",Factory Equipment Costs (2022 USD),0,AP1000,ME FOAK,"Stewart, W. R., Shirvan, K., Velez, E., & Wiser, R. Pathways to Cost-effective Advanced Nuclear Technology.",2017,INL-RPT-24-77048-R1.xlsx / MASTER_DATA_MAPPED col 41,GNCOA account; companion database to INL/RPT-24-77048
313,"Construction Supplies, Consumables, and Utilities",Site Labor Cost (2022 USD),0,AP1000,ME FOAK,"Stewart, W. R., Shirvan, K., Velez, E., & Wiser, R. Pathways to Cost-effective Advanced Nuclear Technology.",2017,INL-RPT-24-77048-R1.xlsx / MASTER_DATA_MAPPED col 42,GNCOA account; companion database to INL/RPT-24-77048
313,"Construction Supplies, Consumables, and Utilities",Site Material Cost (2022 USD),0,AP1000,ME FOAK,"Stewart, W. R., Shirvan, K., Velez, E., & Wiser, R. Pathways to Cost-effective Advanced Nuclear Technology.",2017,INL-RPT-24-77048-R1.xlsx / MASTER_DATA_MAPPED col 43,GNCOA account; companion database to INL/RPT-24-77048
313,"Construction Supplies, Consumables, and Utilities",Total Costs (2022 USD),0,AP1000,ME FOAK,"Stewart, W. R., Shirvan, K., Velez, E., & Wiser, R. Pathways to Cost-effective Advanced Nuclear Technology.",2017,INL-RPT-24-77048-R1.xlsx / MASTER_DATA_MAPPED col 44,GNCOA account; companion database to INL/RPT-24-77048
313,"Construction Supplies, Consumables, and Utilities",Factory Equipment Costs (2022 USD),0,AP1000,BE NOAK,"Stewart, W. R., Shirvan, K., Velez, E., & Wiser, R. Pathways to Cost-effective Advanced Nuclear Technology.",2017,INL-RPT-24-77048-R1.xlsx / MASTER_DATA_MAPPED col 45,GNCOA account; companion database to INL/RPT-24-77048
313,"Construction Supplies, Consumables, and Utilities",Site Labor Cost (2022 USD),0,AP1000,BE NOAK,"Stewart, W. R., Shirvan, K., Velez, E., & Wiser, R. Pathways to Cost-effective Advanced Nuclear Technology.",2017,INL-RPT-24-77048-R1.xlsx / MASTER_DATA_MAPPED col 46,GNCOA account; companion database to INL/RPT-24-77048
313,"Construction Supplies, Consumables, and Utilities",Site Material Cost (2022 USD),0,AP1000,BE NOAK,"Stewart, W. R., Shirvan, K., Velez, E., & Wiser, R. Pathways to Cost-effective Advanced Nuclear Technology.",2017,INL-RPT-24-77048-R1.xlsx / MASTER_DATA_MAPPED col 47,GNCOA account; companion database to INL/RPT-24-77048
313,"Construction Supplies, Consumables, and Utilities",Total Costs (2022 USD),0,AP1000,BE NOAK,"Stewart, W. R., Shirvan, K., Velez, E., & Wiser, R. Pathways to Cost-effective Advanced Nuclear Technology.",2017,INL-RPT-24-77048-R1.xlsx / MASTER_DATA_MAPPED col 48,GNCOA account; companion database to INL/RPT-24-77048
313,"Construction Supplies, Consumables, and Utilities",Factory Equipment Costs (2022 USD),0,AP1000,0,Shirvan Private Communication (TIMCAT data),unspecified,INL-RPT-24-77048-R1.xlsx / MASTER_DATA_MAPPED col 105,GNCOA account; companion database to INL/RPT-24-77048
313,"Construction Supplies, Consumables, and Utilities",Site Labor Cost (2022 USD),0,AP1000,0,Shirvan Private Communication (TIMCAT data),unspecified,INL-RPT-24-77048-R1.xlsx / MASTER_DATA_MAPPED col 106,GNCOA account; companion database to INL/RPT-24-77048
313,"Construction Supplies, Consumables, and Utilities",Site Material Cost (2022 USD),0,AP1000,0,Shirvan Private Communication (TIMCAT data),unspecified,INL-RPT-24-77048-R1.xlsx / MASTER_DATA_MAPPED col 107,GNCOA account; companion database to INL/RPT-24-77048
313,"Construction Supplies, Consumables, and Utilities",Total Costs (2022 USD),0,AP1000,NOAK,Shirvan Private Communication (Tim Cat Data),unspecified,INL-RPT-24-77048-R1.xlsx / MASTER_DATA_MAPPED col 108,GNCOA account; companion database to INL/RPT-24-77048
314,Temporary Roads and Railroads,Factory Equipment Costs (2022 USD),0,AP1000,ME FOAK,"Stewart, W. R., Shirvan, K., Velez, E., & Wiser, R. Pathways to Cost-effective Advanced Nuclear Technology.",2017,INL-RPT-24-77048-R1.xlsx / MASTER_DATA_MAPPED col 41,GNCOA account; companion database to INL/RPT-24-77048
314,Temporary Roads and Railroads,Site Labor Cost (2022 USD),0,AP1000,ME FOAK,"Stewart, W. R., Shirvan, K., Velez, E., & Wiser, R. Pathways to Cost-effective Advanced Nuclear Technology.",2017,INL-RPT-24-77048-R1.xlsx / MASTER_DATA_MAPPED col 42,GNCOA account; companion database to INL/RPT-24-77048
314,Temporary Roads and Railroads,Site Material Cost (2022 USD),0,AP1000,ME FOAK,"Stewart, W. R., Shirvan, K., Velez, E., & Wiser, R. Pathways to Cost-effective Advanced Nuclear Technology.",2017,INL-RPT-24-77048-R1.xlsx / MASTER_DATA_MAPPED col 43,GNCOA account; companion database to INL/RPT-24-77048
314,Temporary Roads and Railroads,Total Costs (2022 USD),0,AP1000,ME FOAK,"Stewart, W. R., Shirvan, K., Velez, E., & Wiser, R. Pathways to Cost-effective Advanced Nuclear Technology.",2017,INL-RPT-24-77048-R1.xlsx / MASTER_DATA_MAPPED col 44,GNCOA account; companion database to INL/RPT-24-77048
314,Temporary Roads and Railroads,Factory Equipment Costs (2022 USD),0,AP1000,BE NOAK,"Stewart, W. R., Shirvan, K., Velez, E., & Wiser, R. Pathways to Cost-effective Advanced Nuclear Technology.",2017,INL-RPT-24-77048-R1.xlsx / MASTER_DATA_MAPPED col 45,GNCOA account; companion database to INL/RPT-24-77048
314,Temporary Roads and Railroads,Site Labor Cost (2022 USD),0,AP1000,BE NOAK,"Stewart, W. R., Shirvan, K., Velez, E., & Wiser, R. Pathways to Cost-effective Advanced Nuclear Technology.",2017,INL-RPT-24-77048-R1.xlsx / MASTER_DATA_MAPPED col 46,GNCOA account; companion database to INL/RPT-24-77048
314,Temporary Roads and Railroads,Site Material Cost (2022 USD),0,AP1000,BE NOAK,"Stewart, W. R., Shirvan, K., Velez, E., & Wiser, R. Pathways to Cost-effective Advanced Nuclear Technology.",2017,INL-RPT-24-77048-R1.xlsx / MASTER_DATA_MAPPED col 47,GNCOA account; companion database to INL/RPT-24-77048
314,Temporary Roads and Railroads,Total Costs (2022 USD),0,AP1000,BE NOAK,"Stewart, W. R., Shirvan, K., Velez, E., & Wiser, R. Pathways to Cost-effective Advanced Nuclear Technology.",2017,INL-RPT-24-77048-R1.xlsx / MASTER_DATA_MAPPED col 48,GNCOA account; companion database to INL/RPT-24-77048
314,Temporary Roads and Railroads,Factory Equipment Costs (2022 USD),0,AP1000,0,Shirvan Private Communication (TIMCAT data),unspecified,INL-RPT-24-77048-R1.xlsx / MASTER_DATA_MAPPED col 105,GNCOA account; companion database to INL/RPT-24-77048
314,Temporary Roads and Railroads,Site Labor Cost (2022 USD),0,AP1000,0,Shirvan Private Communication (TIMCAT data),unspecified,INL-RPT-24-77048-R1.xlsx / MASTER_DATA_MAPPED col 106,GNCOA account; companion database to INL/RPT-24-77048
314,Temporary Roads and Railroads,Site Material Cost (2022 USD),0,AP1000,0,Shirvan Private Communication (TIMCAT data),unspecified,INL-RPT-24-77048-R1.xlsx / MASTER_DATA_MAPPED col 107,GNCOA account; companion database to INL/RPT-24-77048
314,Temporary Roads and Railroads,Total Costs (2022 USD),0,AP1000,NOAK,Shirvan Private Communication (Tim Cat Data),unspecified,INL-RPT-24-77048-R1.xlsx / MASTER_DATA_MAPPED col 108,GNCOA account; companion database to INL/RPT-24-77048
315,Module Receiving and Assembly Building(s),Factory Equipment Costs (2022 USD),0,AP1000,ME FOAK,"Stewart, W. R., Shirvan, K., Velez, E., & Wiser, R. Pathways to Cost-effective Advanced Nuclear Technology.",2017,INL-RPT-24-77048-R1.xlsx / MASTER_DATA_MAPPED col 41,GNCOA account; companion database to INL/RPT-24-77048
315,Module Receiving and Assembly Building(s),Site Labor Cost (2022 USD),0,AP1000,ME FOAK,"Stewart, W. R., Shirvan, K., Velez, E., & Wiser, R. Pathways to Cost-effective Advanced Nuclear Technology.",2017,INL-RPT-24-77048-R1.xlsx / MASTER_DATA_MAPPED col 42,GNCOA account; companion database to INL/RPT-24-77048
315,Module Receiving and Assembly Building(s),Site Material Cost (2022 USD),0,AP1000,ME FOAK,"Stewart, W. R., Shirvan, K., Velez, E., & Wiser, R. Pathways to Cost-effective Advanced Nuclear Technology.",2017,INL-RPT-24-77048-R1.xlsx / MASTER_DATA_MAPPED col 43,GNCOA account; companion database to INL/RPT-24-77048
315,Module Receiving and Assembly Building(s),Total Costs (2022 USD),0,AP1000,ME FOAK,"Stewart, W. R., Shirvan, K., Velez, E., & Wiser, R. Pathways to Cost-effective Advanced Nuclear Technology.",2017,INL-RPT-24-77048-R1.xlsx / MASTER_DATA_MAPPED col 44,GNCOA account; companion database to INL/RPT-24-77048
315,Module Receiving and Assembly Building(s),Factory Equipment Costs (2022 USD),0,AP1000,BE NOAK,"Stewart, W. R., Shirvan, K., Velez, E., & Wiser, R. Pathways to Cost-effective Advanced Nuclear Technology.",2017,INL-RPT-24-77048-R1.xlsx / MASTER_DATA_MAPPED col 45,GNCOA account; companion database to INL/RPT-24-77048
315,Module Receiving and Assembly Building(s),Site Labor Cost (2022 USD),0,AP1000,BE NOAK,"Stewart, W. R., Shirvan, K., Velez, E., & Wiser, R. Pathways to Cost-effective Advanced Nuclear Technology.",2017,INL-RPT-24-77048-R1.xlsx / MASTER_DATA_MAPPED col 46,GNCOA account; companion database to INL/RPT-24-77048
315,Module Receiving and Assembly Building(s),Site Material Cost (2022 USD),0,AP1000,BE NOAK,"Stewart, W. R., Shirvan, K., Velez, E., & Wiser, R. Pathways to Cost-effective Advanced Nuclear Technology.",2017,INL-RPT-24-77048-R1.xlsx / MASTER_DATA_MAPPED col 47,GNCOA account; companion database to INL/RPT-24-77048
315,Module Receiving and Assembly Building(s),Total Costs (2022 USD),0,AP1000,BE NOAK,"Stewart, W. R., Shirvan, K., Velez, E., & Wiser, R. Pathways to Cost-effective Advanced Nuclear Technology.",2017,INL-RPT-24-77048-R1.xlsx / MASTER_DATA_MAPPED col 48,GNCOA account; companion database to INL/RPT-24-77048
315,Module Receiving and Assembly Building(s),Factory Equipment Costs (2022 USD),0,AP1000,0,Shirvan Private Communication (TIMCAT data),unspecified,INL-RPT-24-77048-R1.xlsx / MASTER_DATA_MAPPED col 105,GNCOA account; companion database to INL/RPT-24-77048
315,Module Receiving and Assembly Building(s),Site Labor Cost (2022 USD),0,AP1000,0,Shirvan Private Communication (TIMCAT data),unspecified,INL-RPT-24-77048-R1.xlsx / MASTER_DATA_MAPPED col 106,GNCOA account; companion database to INL/RPT-24-77048
315,Module Receiving and Assembly Building(s),Site Material Cost (2022 USD),0,AP1000,0,Shirvan Private Communication (TIMCAT data),unspecified,INL-RPT-24-77048-R1.xlsx / MASTER_DATA_MAPPED col 107,GNCOA account; companion database to INL/RPT-24-77048
315,Module Receiving and Assembly Building(s),Total Costs (2022 USD),0,AP1000,NOAK,Shirvan Private Communication (Tim Cat Data),unspecified,INL-RPT-24-77048-R1.xlsx / MASTER_DATA_MAPPED col 108,GNCOA account; companion database to INL/RPT-24-77048
316,Laydown Areas,Factory Equipment Costs (2022 USD),0,AP1000,ME FOAK,"Stewart, W. R., Shirvan, K., Velez, E., & Wiser, R. Pathways to Cost-effective Advanced Nuclear Technology.",2017,INL-RPT-24-77048-R1.xlsx / MASTER_DATA_MAPPED col 41,GNCOA account; companion database to INL/RPT-24-77048
316,Laydown Areas,Site Labor Cost (2022 USD),0,AP1000,ME FOAK,"Stewart, W. R., Shirvan, K., Velez, E., & Wiser, R. Pathways to Cost-effective Advanced Nuclear Technology.",2017,INL-RPT-24-77048-R1.xlsx / MASTER_DATA_MAPPED col 42,GNCOA account; companion database to INL/RPT-24-77048
316,Laydown Areas,Site Material Cost (2022 USD),0,AP1000,ME FOAK,"Stewart, W. R., Shirvan, K., Velez, E., & Wiser, R. Pathways to Cost-effective Advanced Nuclear Technology.",2017,INL-RPT-24-77048-R1.xlsx / MASTER_DATA_MAPPED col 43,GNCOA account; companion database to INL/RPT-24-77048
316,Laydown Areas,Total Costs (2022 USD),0,AP1000,ME FOAK,"Stewart, W. R., Shirvan, K., Velez, E., & Wiser, R. Pathways to Cost-effective Advanced Nuclear Technology.",2017,INL-RPT-24-77048-R1.xlsx / MASTER_DATA_MAPPED col 44,GNCOA account; companion database to INL/RPT-24-77048
316,Laydown Areas,Factory Equipment Costs (2022 USD),0,AP1000,BE NOAK,"Stewart, W. R., Shirvan, K., Velez, E., & Wiser, R. Pathways to Cost-effective Advanced Nuclear Technology.",2017,INL-RPT-24-77048-R1.xlsx / MASTER_DATA_MAPPED col 45,GNCOA account; companion database to INL/RPT-24-77048
316,Laydown Areas,Site Labor Cost (2022 USD),0,AP1000,BE NOAK,"Stewart, W. R., Shirvan, K., Velez, E., & Wiser, R. Pathways to Cost-effective Advanced Nuclear Technology.",2017,INL-RPT-24-77048-R1.xlsx / MASTER_DATA_MAPPED col 46,GNCOA account; companion database to INL/RPT-24-77048
316,Laydown Areas,Site Material Cost (2022 USD),0,AP1000,BE NOAK,"Stewart, W. R., Shirvan, K., Velez, E., & Wiser, R. Pathways to Cost-effective Advanced Nuclear Technology.",2017,INL-RPT-24-77048-R1.xlsx / MASTER_DATA_MAPPED col 47,GNCOA account; companion database to INL/RPT-24-77048
316,Laydown Areas,Total Costs (2022 USD),0,AP1000,BE NOAK,"Stewart, W. R., Shirvan, K., Velez, E., & Wiser, R. Pathways to Cost-effective Advanced Nuclear Technology.",2017,INL-RPT-24-77048-R1.xlsx / MASTER_DATA_MAPPED col 48,GNCOA account; companion database to INL/RPT-24-77048
316,Laydown Areas,Factory Equipment Costs (2022 USD),0,AP1000,0,Shirvan Private Communication (TIMCAT data),unspecified,INL-RPT-24-77048-R1.xlsx / MASTER_DATA_MAPPED col 105,GNCOA account; companion database to INL/RPT-24-77048
316,Laydown Areas,Site Labor Cost (2022 USD),0,AP1000,0,Shirvan Private Communication (TIMCAT data),unspecified,INL-RPT-24-77048-R1.xlsx / MASTER_DATA_MAPPED col 106,GNCOA account; companion database to INL/RPT-24-77048
316,Laydown Areas,Site Material Cost (2022 USD),0,AP1000,0,Shirvan Private Communication (TIMCAT data),unspecified,INL-RPT-24-77048-R1.xlsx / MASTER_DATA_MAPPED col 107,GNCOA account; companion database to INL/RPT-24-77048
316,Laydown Areas,Total Costs (2022 USD),0,AP1000,NOAK,Shirvan Private Communication (Tim Cat Data),unspecified,INL-RPT-24-77048-R1.xlsx / MASTER_DATA_MAPPED col 108,GNCOA account; companion database to INL/RPT-24-77048
317,Field Shops,Factory Equipment Costs (2022 USD),0,AP1000,ME FOAK,"Stewart, W. R., Shirvan, K., Velez, E., & Wiser, R. Pathways to Cost-effective Advanced Nuclear Technology.",2017,INL-RPT-24-77048-R1.xlsx / MASTER_DATA_MAPPED col 41,GNCOA account; companion database to INL/RPT-24-77048
317,Field Shops,Site Labor Cost (2022 USD),0,AP1000,ME FOAK,"Stewart, W. R., Shirvan, K., Velez, E., & Wiser, R. Pathways to Cost-effective Advanced Nuclear Technology.",2017,INL-RPT-24-77048-R1.xlsx / MASTER_DATA_MAPPED col 42,GNCOA account; companion database to INL/RPT-24-77048
317,Field Shops,Site Material Cost (2022 USD),0,AP1000,ME FOAK,"Stewart, W. R., Shirvan, K., Velez, E., & Wiser, R. Pathways to Cost-effective Advanced Nuclear Technology.",2017,INL-RPT-24-77048-R1.xlsx / MASTER_DATA_MAPPED col 43,GNCOA account; companion database to INL/RPT-24-77048
317,Field Shops,Total Costs (2022 USD),0,AP1000,ME FOAK,"Stewart, W. R., Shirvan, K., Velez, E., & Wiser, R. Pathways to Cost-effective Advanced Nuclear Technology.",2017,INL-RPT-24-77048-R1.xlsx / MASTER_DATA_MAPPED col 44,GNCOA account; companion database to INL/RPT-24-77048
317,Field Shops,Factory Equipment Costs (2022 USD),0,AP1000,BE NOAK,"Stewart, W. R., Shirvan, K., Velez, E., & Wiser, R. Pathways to Cost-effective Advanced Nuclear Technology.",2017,INL-RPT-24-77048-R1.xlsx / MASTER_DATA_MAPPED col 45,GNCOA account; companion database to INL/RPT-24-77048
317,Field Shops,Site Labor Cost (2022 USD),0,AP1000,BE NOAK,"Stewart, W. R., Shirvan, K., Velez, E., & Wiser, R. Pathways to Cost-effective Advanced Nuclear Technology.",2017,INL-RPT-24-77048-R1.xlsx / MASTER_DATA_MAPPED col 46,GNCOA account; companion database to INL/RPT-24-77048
317,Field Shops,Site Material Cost (2022 USD),0,AP1000,BE NOAK,"Stewart, W. R., Shirvan, K., Velez, E., & Wiser, R. Pathways to Cost-effective Advanced Nuclear Technology.",2017,INL-RPT-24-77048-R1.xlsx / MASTER_DATA_MAPPED col 47,GNCOA account; companion database to INL/RPT-24-77048
317,Field Shops,Total Costs (2022 USD),0,AP1000,BE NOAK,"Stewart, W. R., Shirvan, K., Velez, E., & Wiser, R. Pathways to Cost-effective Advanced Nuclear Technology.",2017,INL-RPT-24-77048-R1.xlsx / MASTER_DATA_MAPPED col 48,GNCOA account; companion database to INL/RPT-24-77048
317,Field Shops,Factory Equipment Costs (2022 USD),0,AP1000,0,Shirvan Private Communication (TIMCAT data),unspecified,INL-RPT-24-77048-R1.xlsx / MASTER_DATA_MAPPED col 105,GNCOA account; companion database to INL/RPT-24-77048
317,Field Shops,Site Labor Cost (2022 USD),0,AP1000,0,Shirvan Private Communication (TIMCAT data),unspecified,INL-RPT-24-77048-R1.xlsx / MASTER_DATA_MAPPED col 106,GNCOA account; companion database to INL/RPT-24-77048
317,Field Shops,Site Material Cost (2022 USD),0,AP1000,0,Shirvan Private Communication (TIMCAT data),unspecified,INL-RPT-24-77048-R1.xlsx / MASTER_DATA_MAPPED col 107,GNCOA account; companion database to INL/RPT-24-77048
317,Field Shops,Total Costs (2022 USD),0,AP1000,NOAK,Shirvan Private Communication (Tim Cat Data),unspecified,INL-RPT-24-77048-R1.xlsx / MASTER_DATA_MAPPED col 108,GNCOA account; companion database to INL/RPT-24-77048
318,Other Construction Support Structures,Factory Equipment Costs (2022 USD),0,AP1000,ME FOAK,"Stewart, W. R., Shirvan, K., Velez, E., & Wiser, R. Pathways to Cost-effective Advanced Nuclear Technology.",2017,INL-RPT-24-77048-R1.xlsx / MASTER_DATA_MAPPED col 41,GNCOA account; companion database to INL/RPT-24-77048
318,Other Construction Support Structures,Site Labor Cost (2022 USD),0,AP1000,ME FOAK,"Stewart, W. R., Shirvan, K., Velez, E., & Wiser, R. Pathways to Cost-effective Advanced Nuclear Technology.",2017,INL-RPT-24-77048-R1.xlsx / MASTER_DATA_MAPPED col 42,GNCOA account; companion database to INL/RPT-24-77048
318,Other Construction Support Structures,Site Material Cost (2022 USD),0,AP1000,ME FOAK,"Stewart, W. R., Shirvan, K., Velez, E., & Wiser, R. Pathways to Cost-effective Advanced Nuclear Technology.",2017,INL-RPT-24-77048-R1.xlsx / MASTER_DATA_MAPPED col 43,GNCOA account; companion database to INL/RPT-24-77048
318,Other Construction Support Structures,Total Costs (2022 USD),0,AP1000,ME FOAK,"Stewart, W. R., Shirvan, K., Velez, E., & Wiser, R. Pathways to Cost-effective Advanced Nuclear Technology.",2017,INL-RPT-24-77048-R1.xlsx / MASTER_DATA_MAPPED col 44,GNCOA account; companion database to INL/RPT-24-77048
318,Other Construction Support Structures,Factory Equipment Costs (2022 USD),0,AP1000,BE NOAK,"Stewart, W. R., Shirvan, K., Velez, E., & Wiser, R. Pathways to Cost-effective Advanced Nuclear Technology.",2017,INL-RPT-24-77048-R1.xlsx / MASTER_DATA_MAPPED col 45,GNCOA account; companion database to INL/RPT-24-77048
318,Other Construction Support Structures,Site Labor Cost (2022 USD),0,AP1000,BE NOAK,"Stewart, W. R., Shirvan, K., Velez, E., & Wiser, R. Pathways to Cost-effective Advanced Nuclear Technology.",2017,INL-RPT-24-77048-R1.xlsx / MASTER_DATA_MAPPED col 46,GNCOA account; companion database to INL/RPT-24-77048
318,Other Construction Support Structures,Site Material Cost (2022 USD),0,AP1000,BE NOAK,"Stewart, W. R., Shirvan, K., Velez, E., & Wiser, R. Pathways to Cost-effective Advanced Nuclear Technology.",2017,INL-RPT-24-77048-R1.xlsx / MASTER_DATA_MAPPED col 47,GNCOA account; companion database to INL/RPT-24-77048
318,Other Construction Support Structures,Total Costs (2022 USD),0,AP1000,BE NOAK,"Stewart, W. R., Shirvan, K., Velez, E., & Wiser, R. Pathways to Cost-effective Advanced Nuclear Technology.",2017,INL-RPT-24-77048-R1.xlsx / MASTER_DATA_MAPPED col 48,GNCOA account; companion database to INL/RPT-24-77048
318,Other Construction Support Structures,Factory Equipment Costs (2022 USD),0,AP1000,0,Shirvan Private Communication (TIMCAT data),unspecified,INL-RPT-24-77048-R1.xlsx / MASTER_DATA_MAPPED col 105,GNCOA account; companion database to INL/RPT-24-77048
318,Other Construction Support Structures,Site Labor Cost (2022 USD),0,AP1000,0,Shirvan Private Communication (TIMCAT data),unspecified,INL-RPT-24-77048-R1.xlsx / MASTER_DATA_MAPPED col 106,GNCOA account; companion database to INL/RPT-24-77048
318,Other Construction Support Structures,Site Material Cost (2022 USD),0,AP1000,0,Shirvan Private Communication (TIMCAT data),unspecified,INL-RPT-24-77048-R1.xlsx / MASTER_DATA_MAPPED col 107,GNCOA account; companion database to INL/RPT-24-77048
318,Other Construction Support Structures,Total Costs (2022 USD),0,AP1000,NOAK,Shirvan Private Communication (Tim Cat Data),unspecified,INL-RPT-24-77048-R1.xlsx / MASTER_DATA_MAPPED col 108,GNCOA account; companion database to INL/RPT-24-77048
319,Construction Insurance,Factory Equipment Costs (2022 USD),0,AP1000,ME FOAK,"Stewart, W. R., Shirvan, K., Velez, E., & Wiser, R. Pathways to Cost-effective Advanced Nuclear Technology.",2017,INL-RPT-24-77048-R1.xlsx / MASTER_DATA_MAPPED col 41,GNCOA account; companion database to INL/RPT-24-77048
319,Construction Insurance,Site Labor Cost (2022 USD),0,AP1000,ME FOAK,"Stewart, W. R., Shirvan, K., Velez, E., & Wiser, R. Pathways to Cost-effective Advanced Nuclear Technology.",2017,INL-RPT-24-77048-R1.xlsx / MASTER_DATA_MAPPED col 42,GNCOA account; companion database to INL/RPT-24-77048
319,Construction Insurance,Site Material Cost (2022 USD),0,AP1000,ME FOAK,"Stewart, W. R., Shirvan, K., Velez, E., & Wiser, R. Pathways to Cost-effective Advanced Nuclear Technology.",2017,INL-RPT-24-77048-R1.xlsx / MASTER_DATA_MAPPED col 43,GNCOA account; companion database to INL/RPT-24-77048
319,Construction Insurance,Total Costs (2022 USD),0,AP1000,ME FOAK,"Stewart, W. R., Shirvan, K., Velez, E., & Wiser, R. Pathways to Cost-effective Advanced Nuclear Technology.",2017,INL-RPT-24-77048-R1.xlsx / MASTER_DATA_MAPPED col 44,GNCOA account; companion database to INL/RPT-24-77048
319,Construction Insurance,Factory Equipment Costs (2022 USD),0,AP1000,BE NOAK,"Stewart, W. R., Shirvan, K., Velez, E., & Wiser, R. Pathways to Cost-effective Advanced Nuclear Technology.",2017,INL-RPT-24-77048-R1.xlsx / MASTER_DATA_MAPPED col 45,GNCOA account; companion database to INL/RPT-24-77048
319,Construction Insurance,Site Labor Cost (2022 USD),0,AP1000,BE NOAK,"Stewart, W. R., Shirvan, K., Velez, E., & Wiser, R. Pathways to Cost-effective Advanced Nuclear Technology.",2017,INL-RPT-24-77048-R1.xlsx / MASTER_DATA_MAPPED col 46,GNCOA account; companion database to INL/RPT-24-77048
319,Construction Insurance,Site Material Cost (2022 USD),0,AP1000,BE NOAK,"Stewart, W. R., Shirvan, K., Velez, E., & Wiser, R. Pathways to Cost-effective Advanced Nuclear Technology.",2017,INL-RPT-24-77048-R1.xlsx / MASTER_DATA_MAPPED col 47,GNCOA account; companion database to INL/RPT-24-77048
319,Construction Insurance,Total Costs (2022 USD),0,AP1000,BE NOAK,"Stewart, W. R., Shirvan, K., Velez, E., & Wiser, R. Pathways to Cost-effective Advanced Nuclear Technology.",2017,INL-RPT-24-77048-R1.xlsx / MASTER_DATA_MAPPED col 48,GNCOA account; companion database to INL/RPT-24-77048
319,Construction Insurance,Factory Equipment Costs (2022 USD),0,AP1000,0,Shirvan Private Communication (TIMCAT data),unspecified,INL-RPT-24-77048-R1.xlsx / MASTER_DATA_MAPPED col 105,GNCOA account; companion database to INL/RPT-24-77048
319,Construction Insurance,Site Labor Cost (2022 USD),0,AP1000,0,Shirvan Private Communication (TIMCAT data),unspecified,INL-RPT-24-77048-R1.xlsx / MASTER_DATA_MAPPED col 106,GNCOA account; companion database to INL/RPT-24-77048
319,Construction Insurance,Site Material Cost (2022 USD),0,AP1000,0,Shirvan Private Communication (TIMCAT data),unspecified,INL-RPT-24-77048-R1.xlsx / MASTER_DATA_MAPPED col 107,GNCOA account; companion database to INL/RPT-24-77048
319,Construction Insurance,Total Costs (2022 USD),0,AP1000,NOAK,Shirvan Private Communication (Tim Cat Data),unspecified,INL-RPT-24-77048-R1.xlsx / MASTER_DATA_MAPPED col 108,GNCOA account; companion database to INL/RPT-24-77048
32,Factory & Construction Supervision,Factory Equipment Costs (2022 USD),0,AP1000,ME FOAK,"Stewart, W. R., Shirvan, K., Velez, E., & Wiser, R. Pathways to Cost-effective Advanced Nuclear Technology.",2017,INL-RPT-24-77048-R1.xlsx / MASTER_DATA_MAPPED col 41,GNCOA account; companion database to INL/RPT-24-77048
32,Factory & Construction Supervision,Site Labor Cost (2022 USD),0,AP1000,ME FOAK,"Stewart, W. R., Shirvan, K., Velez, E., & Wiser, R. Pathways to Cost-effective Advanced Nuclear Technology.",2017,INL-RPT-24-77048-R1.xlsx / MASTER_DATA_MAPPED col 42,GNCOA account; companion database to INL/RPT-24-77048
32,Factory & Construction Supervision,Site Material Cost (2022 USD),0,AP1000,ME FOAK,"Stewart, W. R., Shirvan, K., Velez, E., & Wiser, R. Pathways to Cost-effective Advanced Nuclear Technology.",2017,INL-RPT-24-77048-R1.xlsx / MASTER_DATA_MAPPED col 43,GNCOA account; companion database to INL/RPT-24-77048
32,Factory & Construction Supervision,Total Costs (2022 USD),0,AP1000,ME FOAK,"Stewart, W. R., Shirvan, K., Velez, E., & Wiser, R. Pathways to Cost-effective Advanced Nuclear Technology.",2017,INL-RPT-24-77048-R1.xlsx / MASTER_DATA_MAPPED col 44,GNCOA account; companion database to INL/RPT-24-77048
32,Factory & Construction Supervision,Factory Equipment Costs (2022 USD),0,AP1000,BE NOAK,"Stewart, W. R., Shirvan, K., Velez, E., & Wiser, R. Pathways to Cost-effective Advanced Nuclear Technology.",2017,INL-RPT-24-77048-R1.xlsx / MASTER_DATA_MAPPED col 45,GNCOA account; companion database to INL/RPT-24-77048
32,Factory & Construction Supervision,Site Labor Cost (2022 USD),0,AP1000,BE NOAK,"Stewart, W. R., Shirvan, K., Velez, E., & Wiser, R. Pathways to Cost-effective Advanced Nuclear Technology.",2017,INL-RPT-24-77048-R1.xlsx / MASTER_DATA_MAPPED col 46,GNCOA account; companion database to INL/RPT-24-77048
32,Factory & Construction Supervision,Site Material Cost (2022 USD),0,AP1000,BE NOAK,"Stewart, W. R., Shirvan, K., Velez, E., & Wiser, R. Pathways to Cost-effective Advanced Nuclear Technology.",2017,INL-RPT-24-77048-R1.xlsx / MASTER_DATA_MAPPED col 47,GNCOA account; companion database to INL/RPT-24-77048
32,Factory & Construction Supervision,Total Costs (2022 USD),0,AP1000,BE NOAK,"Stewart, W. R., Shirvan, K., Velez, E., & Wiser, R. Pathways to Cost-effective Advanced Nuclear Technology.",2017,INL-RPT-24-77048-R1.xlsx / MASTER_DATA_MAPPED col 48,GNCOA account; companion database to INL/RPT-24-77048
32,Factory & Construction Supervision,Factory Equipment Costs (2022 USD),0,AP1000,0,Shirvan Private Communication (TIMCAT data),unspecified,INL-RPT-24-77048-R1.xlsx / MASTER_DATA_MAPPED col 105,GNCOA account; companion database to INL/RPT-24-77048
32,Factory & Construction Supervision,Site Labor Cost (2022 USD),0,AP1000,0,Shirvan Private Communication (TIMCAT data),unspecified,INL-RPT-24-77048-R1.xlsx / MASTER_DATA_MAPPED col 106,GNCOA account; companion database to INL/RPT-24-77048
32,Factory & Construction Supervision,Site Material Cost (2022 USD),0,AP1000,0,Shirvan Private Communication (TIMCAT data),unspecified,INL-RPT-24-77048-R1.xlsx / MASTER_DATA_MAPPED col 107,GNCOA account; companion database to INL/RPT-24-77048
32,Factory & Construction Supervision,Total Costs (2022 USD),0,AP1000,NOAK,Shirvan Private Communication (Tim Cat Data),unspecified,INL-RPT-24-77048-R1.xlsx / MASTER_DATA_MAPPED col 108,GNCOA account; companion database to INL/RPT-24-77048
33,Startup Costs,Factory Equipment Costs (2022 USD),0,AP1000,ME FOAK,"Stewart, W. R., Shirvan, K., Velez, E., & Wiser, R. Pathways to Cost-effective Advanced Nuclear Technology.",2017,INL-RPT-24-77048-R1.xlsx / MASTER_DATA_MAPPED col 41,GNCOA account; companion database to INL/RPT-24-77048
33,Startup Costs,Site Labor Cost (2022 USD),0,AP1000,ME FOAK,"Stewart, W. R., Shirvan, K., Velez, E., & Wiser, R. Pathways to Cost-effective Advanced Nuclear Technology.",2017,INL-RPT-24-77048-R1.xlsx / MASTER_DATA_MAPPED col 42,GNCOA account; companion database to INL/RPT-24-77048
33,Startup Costs,Site Material Cost (2022 USD),0,AP1000,ME FOAK,"Stewart, W. R., Shirvan, K., Velez, E., & Wiser, R. Pathways to Cost-effective Advanced Nuclear Technology.",2017,INL-RPT-24-77048-R1.xlsx / MASTER_DATA_MAPPED col 43,GNCOA account; companion database to INL/RPT-24-77048
33,Startup Costs,Total Costs (2022 USD),0,AP1000,ME FOAK,"Stewart, W. R., Shirvan, K., Velez, E., & Wiser, R. Pathways to Cost-effective Advanced Nuclear Technology.",2017,INL-RPT-24-77048-R1.xlsx / MASTER_DATA_MAPPED col 44,GNCOA account; companion database to INL/RPT-24-77048
33,Startup Costs,Factory Equipment Costs (2022 USD),0,AP1000,BE NOAK,"Stewart, W. R., Shirvan, K., Velez, E., & Wiser, R. Pathways to Cost-effective Advanced Nuclear Technology.",2017,INL-RPT-24-77048-R1.xlsx / MASTER_DATA_MAPPED col 45,GNCOA account; companion database to INL/RPT-24-77048
33,Startup Costs,Site Labor Cost (2022 USD),0,AP1000,BE NOAK,"Stewart, W. R., Shirvan, K., Velez, E., & Wiser, R. Pathways to Cost-effective Advanced Nuclear Technology.",2017,INL-RPT-24-77048-R1.xlsx / MASTER_DATA_MAPPED col 46,GNCOA account; companion database to INL/RPT-24-77048
33,Startup Costs,Site Material Cost (2022 USD),0,AP1000,BE NOAK,"Stewart, W. R., Shirvan, K., Velez, E., & Wiser, R. Pathways to Cost-effective Advanced Nuclear Technology.",2017,INL-RPT-24-77048-R1.xlsx / MASTER_DATA_MAPPED col 47,GNCOA account; companion database to INL/RPT-24-77048
33,Startup Costs,Total Costs (2022 USD),0,AP1000,BE NOAK,"Stewart, W. R., Shirvan, K., Velez, E., & Wiser, R. Pathways to Cost-effective Advanced Nuclear Technology.",2017,INL-RPT-24-77048-R1.xlsx / MASTER_DATA_MAPPED col 48,GNCOA account; companion database to INL/RPT-24-77048
33,Startup Costs,Factory Equipment Costs (2022 USD),0,AP1000,0,Shirvan Private Communication (TIMCAT data),unspecified,INL-RPT-24-77048-R1.xlsx / MASTER_DATA_MAPPED col 105,GNCOA account; companion database to INL/RPT-24-77048
33,Startup Costs,Site Labor Cost (2022 USD),0,AP1000,0,Shirvan Private Communication (TIMCAT data),unspecified,INL-RPT-24-77048-R1.xlsx / MASTER_DATA_MAPPED col 106,GNCOA account; companion database to INL/RPT-24-77048
33,Startup Costs,Site Material Cost (2022 USD),0,AP1000,0,Shirvan Private Communication (TIMCAT data),unspecified,INL-RPT-24-77048-R1.xlsx / MASTER_DATA_MAPPED col 107,GNCOA account; companion database to INL/RPT-24-77048
33,Startup Costs,Total Costs (2022 USD),0,AP1000,NOAK,Shirvan Private Communication (Tim Cat Data),unspecified,INL-RPT-24-77048-R1.xlsx / MASTER_DATA_MAPPED col 108,GNCOA account; companion database to INL/RPT-24-77048
331,Commissioning and Trial Test Runs,Factory Equipment Costs (2022 USD),0,AP1000,ME FOAK,"Stewart, W. R., Shirvan, K., Velez, E., & Wiser, R. Pathways to Cost-effective Advanced Nuclear Technology.",2017,INL-RPT-24-77048-R1.xlsx / MASTER_DATA_MAPPED col 41,GNCOA account; companion database to INL/RPT-24-77048
331,Commissioning and Trial Test Runs,Site Labor Cost (2022 USD),0,AP1000,ME FOAK,"Stewart, W. R., Shirvan, K., Velez, E., & Wiser, R. Pathways to Cost-effective Advanced Nuclear Technology.",2017,INL-RPT-24-77048-R1.xlsx / MASTER_DATA_MAPPED col 42,GNCOA account; companion database to INL/RPT-24-77048
331,Commissioning and Trial Test Runs,Site Material Cost (2022 USD),0,AP1000,ME FOAK,"Stewart, W. R., Shirvan, K., Velez, E., & Wiser, R. Pathways to Cost-effective Advanced Nuclear Technology.",2017,INL-RPT-24-77048-R1.xlsx / MASTER_DATA_MAPPED col 43,GNCOA account; companion database to INL/RPT-24-77048
331,Commissioning and Trial Test Runs,Total Costs (2022 USD),0,AP1000,ME FOAK,"Stewart, W. R., Shirvan, K., Velez, E., & Wiser, R. Pathways to Cost-effective Advanced Nuclear Technology.",2017,INL-RPT-24-77048-R1.xlsx / MASTER_DATA_MAPPED col 44,GNCOA account; companion database to INL/RPT-24-77048
331,Commissioning and Trial Test Runs,Factory Equipment Costs (2022 USD),0,AP1000,BE NOAK,"Stewart, W. R., Shirvan, K., Velez, E., & Wiser, R. Pathways to Cost-effective Advanced Nuclear Technology.",2017,INL-RPT-24-77048-R1.xlsx / MASTER_DATA_MAPPED col 45,GNCOA account; companion database to INL/RPT-24-77048
331,Commissioning and Trial Test Runs,Site Labor Cost (2022 USD),0,AP1000,BE NOAK,"Stewart, W. R., Shirvan, K., Velez, E., & Wiser, R. Pathways to Cost-effective Advanced Nuclear Technology.",2017,INL-RPT-24-77048-R1.xlsx / MASTER_DATA_MAPPED col 46,GNCOA account; companion database to INL/RPT-24-77048
331,Commissioning and Trial Test Runs,Site Material Cost (2022 USD),0,AP1000,BE NOAK,"Stewart, W. R., Shirvan, K., Velez, E., & Wiser, R. Pathways to Cost-effective Advanced Nuclear Technology.",2017,INL-RPT-24-77048-R1.xlsx / MASTER_DATA_MAPPED col 47,GNCOA account; companion database to INL/RPT-24-77048
331,Commissioning and Trial Test Runs,Total Costs (2022 USD),0,AP1000,BE NOAK,"Stewart, W. R., Shirvan, K., Velez, E., & Wiser, R. Pathways to Cost-effective Advanced Nuclear Technology.",2017,INL-RPT-24-77048-R1.xlsx / MASTER_DATA_MAPPED col 48,GNCOA account; companion database to INL/RPT-24-77048
331,Commissioning and Trial Test Runs,Factory Equipment Costs (2022 USD),0,AP1000,0,Shirvan Private Communication (TIMCAT data),unspecified,INL-RPT-24-77048-R1.xlsx / MASTER_DATA_MAPPED col 105,GNCOA account; companion database to INL/RPT-24-77048
331,Commissioning and Trial Test Runs,Site Labor Cost (2022 USD),0,AP1000,0,Shirvan Private Communication (TIMCAT data),unspecified,INL-RPT-24-77048-R1.xlsx / MASTER_DATA_MAPPED col 106,GNCOA account; companion database to INL/RPT-24-77048
331,Commissioning and Trial Test Runs,Site Material Cost (2022 USD),0,AP1000,0,Shirvan Private Communication (TIMCAT data),unspecified,INL-RPT-24-77048-R1.xlsx / MASTER_DATA_MAPPED col 107,GNCOA account; companion database to INL/RPT-24-77048
331,Commissioning and Trial Test Runs,Total Costs (2022 USD),0,AP1000,NOAK,Shirvan Private Communication (Tim Cat Data),unspecified,INL-RPT-24-77048-R1.xlsx / MASTER_DATA_MAPPED col 108,GNCOA account; companion database to INL/RPT-24-77048
332,Demonstration Test Run,Factory Equipment Costs (2022 USD),0,AP1000,ME FOAK,"Stewart, W. R., Shirvan, K., Velez, E., & Wiser, R. Pathways to Cost-effective Advanced Nuclear Technology.",2017,INL-RPT-24-77048-R1.xlsx / MASTER_DATA_MAPPED col 41,GNCOA account; companion database to INL/RPT-24-77048
332,Demonstration Test Run,Site Labor Cost (2022 USD),0,AP1000,ME FOAK,"Stewart, W. R., Shirvan, K., Velez, E., & Wiser, R. Pathways to Cost-effective Advanced Nuclear Technology.",2017,INL-RPT-24-77048-R1.xlsx / MASTER_DATA_MAPPED col 42,GNCOA account; companion database to INL/RPT-24-77048
332,Demonstration Test Run,Site Material Cost (2022 USD),0,AP1000,ME FOAK,"Stewart, W. R., Shirvan, K., Velez, E., & Wiser, R. Pathways to Cost-effective Advanced Nuclear Technology.",2017,INL-RPT-24-77048-R1.xlsx / MASTER_DATA_MAPPED col 43,GNCOA account; companion database to INL/RPT-24-77048
332,Demonstration Test Run,Total Costs (2022 USD),0,AP1000,ME FOAK,"Stewart, W. R., Shirvan, K., Velez, E., & Wiser, R. Pathways to Cost-effective Advanced Nuclear Technology.",2017,INL-RPT-24-77048-R1.xlsx / MASTER_DATA_MAPPED col 44,GNCOA account; companion database to INL/RPT-24-77048
332,Demonstration Test Run,Factory Equipment Costs (2022 USD),0,AP1000,BE NOAK,"Stewart, W. R., Shirvan, K., Velez, E., & Wiser, R. Pathways to Cost-effective Advanced Nuclear Technology.",2017,INL-RPT-24-77048-R1.xlsx / MASTER_DATA_MAPPED col 45,GNCOA account; companion database to INL/RPT-24-77048
332,Demonstration Test Run,Site Labor Cost (2022 USD),0,AP1000,BE NOAK,"Stewart, W. R., Shirvan, K., Velez, E., & Wiser, R. Pathways to Cost-effective Advanced Nuclear Technology.",2017,INL-RPT-24-77048-R1.xlsx / MASTER_DATA_MAPPED col 46,GNCOA account; companion database to INL/RPT-24-77048
332,Demonstration Test Run,Site Material Cost (2022 USD),0,AP1000,BE NOAK,"Stewart, W. R., Shirvan, K., Velez, E., & Wiser, R. Pathways to Cost-effective Advanced Nuclear Technology.",2017,INL-RPT-24-77048-R1.xlsx / MASTER_DATA_MAPPED col 47,GNCOA account; companion database to INL/RPT-24-77048
332,Demonstration Test Run,Total Costs (2022 USD),0,AP1000,BE NOAK,"Stewart, W. R., Shirvan, K., Velez, E., & Wiser, R. Pathways to Cost-effective Advanced Nuclear Technology.",2017,INL-RPT-24-77048-R1.xlsx / MASTER_DATA_MAPPED col 48,GNCOA account; companion database to INL/RPT-24-77048
332,Demonstration Test Run,Factory Equipment Costs (2022 USD),0,AP1000,0,Shirvan Private Communication (TIMCAT data),unspecified,INL-RPT-24-77048-R1.xlsx / MASTER_DATA_MAPPED col 105,GNCOA account; companion database to INL/RPT-24-77048
332,Demonstration Test Run,Site Labor Cost (2022 USD),0,AP1000,0,Shirvan Private Communication (TIMCAT data),unspecified,INL-RPT-24-77048-R1.xlsx / MASTER_DATA_MAPPED col 106,GNCOA account; companion database to INL/RPT-24-77048
332,Demonstration Test Run,Site Material Cost (2022 USD),0,AP1000,0,Shirvan Private Communication (TIMCAT data),unspecified,INL-RPT-24-77048-R1.xlsx / MASTER_DATA_MAPPED col 107,GNCOA account; companion database to INL/RPT-24-77048
332,Demonstration Test Run,Total Costs (2022 USD),0,AP1000,NOAK,Shirvan Private Communication (Tim Cat Data),unspecified,INL-RPT-24-77048-R1.xlsx / MASTER_DATA_MAPPED col 108,GNCOA account; companion database to INL/RPT-24-77048
34,Shipping and Transportation Costs,Factory Equipment Costs (2022 USD),0,AP1000,ME FOAK,"Stewart, W. R., Shirvan, K., Velez, E., & Wiser, R. Pathways to Cost-effective Advanced Nuclear Technology.",2017,INL-RPT-24-77048-R1.xlsx / MASTER_DATA_MAPPED col 41,GNCOA account; companion database to INL/RPT-24-77048
34,Shipping and Transportation Costs,Site Labor Cost (2022 USD),0,AP1000,ME FOAK,"Stewart, W. R., Shirvan, K., Velez, E., & Wiser, R. Pathways to Cost-effective Advanced Nuclear Technology.",2017,INL-RPT-24-77048-R1.xlsx / MASTER_DATA_MAPPED col 42,GNCOA account; companion database to INL/RPT-24-77048
34,Shipping and Transportation Costs,Site Material Cost (2022 USD),0,AP1000,ME FOAK,"Stewart, W. R., Shirvan, K., Velez, E., & Wiser, R. Pathways to Cost-effective Advanced Nuclear Technology.",2017,INL-RPT-24-77048-R1.xlsx / MASTER_DATA_MAPPED col 43,GNCOA account; companion database to INL/RPT-24-77048
34,Shipping and Transportation Costs,Total Costs (2022 USD),0,AP1000,ME FOAK,"Stewart, W. R., Shirvan, K., Velez, E., & Wiser, R. Pathways to Cost-effective Advanced Nuclear Technology.",2017,INL-RPT-24-77048-R1.xlsx / MASTER_DATA_MAPPED col 44,GNCOA account; companion database to INL/RPT-24-77048
34,Shipping and Transportation Costs,Factory Equipment Costs (2022 USD),0,AP1000,BE NOAK,"Stewart, W. R., Shirvan, K., Velez, E., & Wiser, R. Pathways to Cost-effective Advanced Nuclear Technology.",2017,INL-RPT-24-77048-R1.xlsx / MASTER_DATA_MAPPED col 45,GNCOA account; companion database to INL/RPT-24-77048
34,Shipping and Transportation Costs,Site Labor Cost (2022 USD),0,AP1000,BE NOAK,"Stewart, W. R., Shirvan, K., Velez, E., & Wiser, R. Pathways to Cost-effective Advanced Nuclear Technology.",2017,INL-RPT-24-77048-R1.xlsx / MASTER_DATA_MAPPED col 46,GNCOA account; companion database to INL/RPT-24-77048
34,Shipping and Transportation Costs,Site Material Cost (2022 USD),0,AP1000,BE NOAK,"Stewart, W. R., Shirvan, K., Velez, E., & Wiser, R. Pathways to Cost-effective Advanced Nuclear Technology.",2017,INL-RPT-24-77048-R1.xlsx / MASTER_DATA_MAPPED col 47,GNCOA account; companion database to INL/RPT-24-77048
34,Shipping and Transportation Costs,Total Costs (2022 USD),0,AP1000,BE NOAK,"Stewart, W. R., Shirvan, K., Velez, E., & Wiser, R. Pathways to Cost-effective Advanced Nuclear Technology.",2017,INL-RPT-24-77048-R1.xlsx / MASTER_DATA_MAPPED col 48,GNCOA account; companion database to INL/RPT-24-77048
34,Shipping and Transportation Costs,Factory Equipment Costs (2022 USD),0,AP1000,0,Shirvan Private Communication (TIMCAT data),unspecified,INL-RPT-24-77048-R1.xlsx / MASTER_DATA_MAPPED col 105,GNCOA account; companion database to INL/RPT-24-77048
34,Shipping and Transportation Costs,Site Labor Cost (2022 USD),0,AP1000,0,Shirvan Private Communication (TIMCAT data),unspecified,INL-RPT-24-77048-R1.xlsx / MASTER_DATA_MAPPED col 106,GNCOA account; companion database to INL/RPT-24-77048
34,Shipping and Transportation Costs,Site Material Cost (2022 USD),0,AP1000,0,Shirvan Private Communication (TIMCAT data),unspecified,INL-RPT-24-77048-R1.xlsx / MASTER_DATA_MAPPED col 107,GNCOA account; companion database to INL/RPT-24-77048
34,Shipping and Transportation Costs,Total Costs (2022 USD),0,AP1000,NOAK,Shirvan Private Communication (Tim Cat Data),unspecified,INL-RPT-24-77048-R1.xlsx / MASTER_DATA_MAPPED col 108,GNCOA account; companion database to INL/RPT-24-77048
341,Fuel Shipping and Transportation,Factory Equipment Costs (2022 USD),0,AP1000,ME FOAK,"Stewart, W. R., Shirvan, K., Velez, E., & Wiser, R. Pathways to Cost-effective Advanced Nuclear Technology.",2017,INL-RPT-24-77048-R1.xlsx / MASTER_DATA_MAPPED col 41,GNCOA account; companion database to INL/RPT-24-77048
341,Fuel Shipping and Transportation,Site Labor Cost (2022 USD),0,AP1000,ME FOAK,"Stewart, W. R., Shirvan, K., Velez, E., & Wiser, R. Pathways to Cost-effective Advanced Nuclear Technology.",2017,INL-RPT-24-77048-R1.xlsx / MASTER_DATA_MAPPED col 42,GNCOA account; companion database to INL/RPT-24-77048
341,Fuel Shipping and Transportation,Site Material Cost (2022 USD),0,AP1000,ME FOAK,"Stewart, W. R., Shirvan, K., Velez, E., & Wiser, R. Pathways to Cost-effective Advanced Nuclear Technology.",2017,INL-RPT-24-77048-R1.xlsx / MASTER_DATA_MAPPED col 43,GNCOA account; companion database to INL/RPT-24-77048
341,Fuel Shipping and Transportation,Total Costs (2022 USD),0,AP1000,ME FOAK,"Stewart, W. R., Shirvan, K., Velez, E., & Wiser, R. Pathways to Cost-effective Advanced Nuclear Technology.",2017,INL-RPT-24-77048-R1.xlsx / MASTER_DATA_MAPPED col 44,GNCOA account; companion database to INL/RPT-24-77048
341,Fuel Shipping and Transportation,Factory Equipment Costs (2022 USD),0,AP1000,BE NOAK,"Stewart, W. R., Shirvan, K., Velez, E., & Wiser, R. Pathways to Cost-effective Advanced Nuclear Technology.",2017,INL-RPT-24-77048-R1.xlsx / MASTER_DATA_MAPPED col 45,GNCOA account; companion database to INL/RPT-24-77048
341,Fuel Shipping and Transportation,Site Labor Cost (2022 USD),0,AP1000,BE NOAK,"Stewart, W. R., Shirvan, K., Velez, E., & Wiser, R. Pathways to Cost-effective Advanced Nuclear Technology.",2017,INL-RPT-24-77048-R1.xlsx / MASTER_DATA_MAPPED col 46,GNCOA account; companion database to INL/RPT-24-77048
341,Fuel Shipping and Transportation,Site Material Cost (2022 USD),0,AP1000,BE NOAK,"Stewart, W. R., Shirvan, K., Velez, E., & Wiser, R. Pathways to Cost-effective Advanced Nuclear Technology.",2017,INL-RPT-24-77048-R1.xlsx / MASTER_DATA_MAPPED col 47,GNCOA account; companion database to INL/RPT-24-77048
341,Fuel Shipping and Transportation,Total Costs (2022 USD),0,AP1000,BE NOAK,"Stewart, W. R., Shirvan, K., Velez, E., & Wiser, R. Pathways to Cost-effective Advanced Nuclear Technology.",2017,INL-RPT-24-77048-R1.xlsx / MASTER_DATA_MAPPED col 48,GNCOA account; companion database to INL/RPT-24-77048
341,Fuel Shipping and Transportation,Factory Equipment Costs (2022 USD),0,AP1000,0,Shirvan Private Communication (TIMCAT data),unspecified,INL-RPT-24-77048-R1.xlsx / MASTER_DATA_MAPPED col 105,GNCOA account; companion database to INL/RPT-24-77048
341,Fuel Shipping and Transportation,Site Labor Cost (2022 USD),0,AP1000,0,Shirvan Private Communication (TIMCAT data),unspecified,INL-RPT-24-77048-R1.xlsx / MASTER_DATA_MAPPED col 106,GNCOA account; companion database to INL/RPT-24-77048
341,Fuel Shipping and Transportation,Site Material Cost (2022 USD),0,AP1000,0,Shirvan Private Communication (TIMCAT data),unspecified,INL-RPT-24-77048-R1.xlsx / MASTER_DATA_MAPPED col 107,GNCOA account; companion database to INL/RPT-24-77048
341,Fuel Shipping and Transportation,Total Costs (2022 USD),0,AP1000,NOAK,Shirvan Private Communication (Tim Cat Data),unspecified,INL-RPT-24-77048-R1.xlsx / MASTER_DATA_MAPPED col 108,GNCOA account; companion database to INL/RPT-24-77048
342,Reactor System Modules Shipping and Transportation,Factory Equipment Costs (2022 USD),0,AP1000,ME FOAK,"Stewart, W. R., Shirvan, K., Velez, E., & Wiser, R. Pathways to Cost-effective Advanced Nuclear Technology.",2017,INL-RPT-24-77048-R1.xlsx / MASTER_DATA_MAPPED col 41,GNCOA account; companion database to INL/RPT-24-77048
342,Reactor System Modules Shipping and Transportation,Site Labor Cost (2022 USD),0,AP1000,ME FOAK,"Stewart, W. R., Shirvan, K., Velez, E., & Wiser, R. Pathways to Cost-effective Advanced Nuclear Technology.",2017,INL-RPT-24-77048-R1.xlsx / MASTER_DATA_MAPPED col 42,GNCOA account; companion database to INL/RPT-24-77048
342,Reactor System Modules Shipping and Transportation,Site Material Cost (2022 USD),0,AP1000,ME FOAK,"Stewart, W. R., Shirvan, K., Velez, E., & Wiser, R. Pathways to Cost-effective Advanced Nuclear Technology.",2017,INL-RPT-24-77048-R1.xlsx / MASTER_DATA_MAPPED col 43,GNCOA account; companion database to INL/RPT-24-77048
342,Reactor System Modules Shipping and Transportation,Total Costs (2022 USD),0,AP1000,ME FOAK,"Stewart, W. R., Shirvan, K., Velez, E., & Wiser, R. Pathways to Cost-effective Advanced Nuclear Technology.",2017,INL-RPT-24-77048-R1.xlsx / MASTER_DATA_MAPPED col 44,GNCOA account; companion database to INL/RPT-24-77048
342,Reactor System Modules Shipping and Transportation,Factory Equipment Costs (2022 USD),0,AP1000,BE NOAK,"Stewart, W. R., Shirvan, K., Velez, E., & Wiser, R. Pathways to Cost-effective Advanced Nuclear Technology.",2017,INL-RPT-24-77048-R1.xlsx / MASTER_DATA_MAPPED col 45,GNCOA account; companion database to INL/RPT-24-77048
342,Reactor System Modules Shipping and Transportation,Site Labor Cost (2022 USD),0,AP1000,BE NOAK,"Stewart, W. R., Shirvan, K., Velez, E., & Wiser, R. Pathways to Cost-effective Advanced Nuclear Technology.",2017,INL-RPT-24-77048-R1.xlsx / MASTER_DATA_MAPPED col 46,GNCOA account; companion database to INL/RPT-24-77048
342,Reactor System Modules Shipping and Transportation,Site Material Cost (2022 USD),0,AP1000,BE NOAK,"Stewart, W. R., Shirvan, K., Velez, E., & Wiser, R. Pathways to Cost-effective Advanced Nuclear Technology.",2017,INL-RPT-24-77048-R1.xlsx / MASTER_DATA_MAPPED col 47,GNCOA account; companion database to INL/RPT-24-77048
342,Reactor System Modules Shipping and Transportation,Total Costs (2022 USD),0,AP1000,BE NOAK,"Stewart, W. R., Shirvan, K., Velez, E., & Wiser, R. Pathways to Cost-effective Advanced Nuclear Technology.",2017,INL-RPT-24-77048-R1.xlsx / MASTER_DATA_MAPPED col 48,GNCOA account; companion database to INL/RPT-24-77048
342,Reactor System Modules Shipping and Transportation,Factory Equipment Costs (2022 USD),0,AP1000,0,Shirvan Private Communication (TIMCAT data),unspecified,INL-RPT-24-77048-R1.xlsx / MASTER_DATA_MAPPED col 105,GNCOA account; companion database to INL/RPT-24-77048
342,Reactor System Modules Shipping and Transportation,Site Labor Cost (2022 USD),0,AP1000,0,Shirvan Private Communication (TIMCAT data),unspecified,INL-RPT-24-77048-R1.xlsx / MASTER_DATA_MAPPED col 106,GNCOA account; companion database to INL/RPT-24-77048
342,Reactor System Modules Shipping and Transportation,Site Material Cost (2022 USD),0,AP1000,0,Shirvan Private Communication (TIMCAT data),unspecified,INL-RPT-24-77048-R1.xlsx / MASTER_DATA_MAPPED col 107,GNCOA account; companion database to INL/RPT-24-77048
342,Reactor System Modules Shipping and Transportation,Total Costs (2022 USD),0,AP1000,NOAK,Shirvan Private Communication (Tim Cat Data),unspecified,INL-RPT-24-77048-R1.xlsx / MASTER_DATA_MAPPED col 108,GNCOA account; companion database to INL/RPT-24-77048
343,Energy Conversion System Module Shipping and Transportation,Factory Equipment Costs (2022 USD),0,AP1000,ME FOAK,"Stewart, W. R., Shirvan, K., Velez, E., & Wiser, R. Pathways to Cost-effective Advanced Nuclear Technology.",2017,INL-RPT-24-77048-R1.xlsx / MASTER_DATA_MAPPED col 41,GNCOA account; companion database to INL/RPT-24-77048
343,Energy Conversion System Module Shipping and Transportation,Site Labor Cost (2022 USD),0,AP1000,ME FOAK,"Stewart, W. R., Shirvan, K., Velez, E., & Wiser, R. Pathways to Cost-effective Advanced Nuclear Technology.",2017,INL-RPT-24-77048-R1.xlsx / MASTER_DATA_MAPPED col 42,GNCOA account; companion database to INL/RPT-24-77048
343,Energy Conversion System Module Shipping and Transportation,Site Material Cost (2022 USD),0,AP1000,ME FOAK,"Stewart, W. R., Shirvan, K., Velez, E., & Wiser, R. Pathways to Cost-effective Advanced Nuclear Technology.",2017,INL-RPT-24-77048-R1.xlsx / MASTER_DATA_MAPPED col 43,GNCOA account; companion database to INL/RPT-24-77048
343,Energy Conversion System Module Shipping and Transportation,Total Costs (2022 USD),0,AP1000,ME FOAK,"Stewart, W. R., Shirvan, K., Velez, E., & Wiser, R. Pathways to Cost-effective Advanced Nuclear Technology.",2017,INL-RPT-24-77048-R1.xlsx / MASTER_DATA_MAPPED col 44,GNCOA account; companion database to INL/RPT-24-77048
343,Energy Conversion System Module Shipping and Transportation,Factory Equipment Costs (2022 USD),0,AP1000,BE NOAK,"Stewart, W. R., Shirvan, K., Velez, E., & Wiser, R. Pathways to Cost-effective Advanced Nuclear Technology.",2017,INL-RPT-24-77048-R1.xlsx / MASTER_DATA_MAPPED col 45,GNCOA account; companion database to INL/RPT-24-77048
343,Energy Conversion System Module Shipping and Transportation,Site Labor Cost (2022 USD),0,AP1000,BE NOAK,"Stewart, W. R., Shirvan, K., Velez, E., & Wiser, R. Pathways to Cost-effective Advanced Nuclear Technology.",2017,INL-RPT-24-77048-R1.xlsx / MASTER_DATA_MAPPED col 46,GNCOA account; companion database to INL/RPT-24-77048
343,Energy Conversion System Module Shipping and Transportation,Site Material Cost (2022 USD),0,AP1000,BE NOAK,"Stewart, W. R., Shirvan, K., Velez, E., & Wiser, R. Pathways to Cost-effective Advanced Nuclear Technology.",2017,INL-RPT-24-77048-R1.xlsx / MASTER_DATA_MAPPED col 47,GNCOA account; companion database to INL/RPT-24-77048
343,Energy Conversion System Module Shipping and Transportation,Total Costs (2022 USD),0,AP1000,BE NOAK,"Stewart, W. R., Shirvan, K., Velez, E., & Wiser, R. Pathways to Cost-effective Advanced Nuclear Technology.",2017,INL-RPT-24-77048-R1.xlsx / MASTER_DATA_MAPPED col 48,GNCOA account; companion database to INL/RPT-24-77048
343,Energy Conversion System Module Shipping and Transportation,Factory Equipment Costs (2022 USD),0,AP1000,0,Shirvan Private Communication (TIMCAT data),unspecified,INL-RPT-24-77048-R1.xlsx / MASTER_DATA_MAPPED col 105,GNCOA account; companion database to INL/RPT-24-77048
343,Energy Conversion System Module Shipping and Transportation,Site Labor Cost (2022 USD),0,AP1000,0,Shirvan Private Communication (TIMCAT data),unspecified,INL-RPT-24-77048-R1.xlsx / MASTER_DATA_MAPPED col 106,GNCOA account; companion database to INL/RPT-24-77048
343,Energy Conversion System Module Shipping and Transportation,Site Material Cost (2022 USD),0,AP1000,0,Shirvan Private Communication (TIMCAT data),unspecified,INL-RPT-24-77048-R1.xlsx / MASTER_DATA_MAPPED col 107,GNCOA account; companion database to INL/RPT-24-77048
343,Energy Conversion System Module Shipping and Transportation,Total Costs (2022 USD),0,AP1000,NOAK,Shirvan Private Communication (Tim Cat Data),unspecified,INL-RPT-24-77048-R1.xlsx / MASTER_DATA_MAPPED col 108,GNCOA account; companion database to INL/RPT-24-77048
344,Construction Module Shipping and Transportation,Factory Equipment Costs (2022 USD),0,AP1000,ME FOAK,"Stewart, W. R., Shirvan, K., Velez, E., & Wiser, R. Pathways to Cost-effective Advanced Nuclear Technology.",2017,INL-RPT-24-77048-R1.xlsx / MASTER_DATA_MAPPED col 41,GNCOA account; companion database to INL/RPT-24-77048
344,Construction Module Shipping and Transportation,Site Labor Cost (2022 USD),0,AP1000,ME FOAK,"Stewart, W. R., Shirvan, K., Velez, E., & Wiser, R. Pathways to Cost-effective Advanced Nuclear Technology.",2017,INL-RPT-24-77048-R1.xlsx / MASTER_DATA_MAPPED col 42,GNCOA account; companion database to INL/RPT-24-77048
344,Construction Module Shipping and Transportation,Site Material Cost (2022 USD),0,AP1000,ME FOAK,"Stewart, W. R., Shirvan, K., Velez, E., & Wiser, R. Pathways to Cost-effective Advanced Nuclear Technology.",2017,INL-RPT-24-77048-R1.xlsx / MASTER_DATA_MAPPED col 43,GNCOA account; companion database to INL/RPT-24-77048
344,Construction Module Shipping and Transportation,Total Costs (2022 USD),0,AP1000,ME FOAK,"Stewart, W. R., Shirvan, K., Velez, E., & Wiser, R. Pathways to Cost-effective Advanced Nuclear Technology.",2017,INL-RPT-24-77048-R1.xlsx / MASTER_DATA_MAPPED col 44,GNCOA account; companion database to INL/RPT-24-77048
344,Construction Module Shipping and Transportation,Factory Equipment Costs (2022 USD),0,AP1000,BE NOAK,"Stewart, W. R., Shirvan, K., Velez, E., & Wiser, R. Pathways to Cost-effective Advanced Nuclear Technology.",2017,INL-RPT-24-77048-R1.xlsx / MASTER_DATA_MAPPED col 45,GNCOA account; companion database to INL/RPT-24-77048
344,Construction Module Shipping and Transportation,Site Labor Cost (2022 USD),0,AP1000,BE NOAK,"Stewart, W. R., Shirvan, K., Velez, E., & Wiser, R. Pathways to Cost-effective Advanced Nuclear Technology.",2017,INL-RPT-24-77048-R1.xlsx / MASTER_DATA_MAPPED col 46,GNCOA account; companion database to INL/RPT-24-77048
344,Construction Module Shipping and Transportation,Site Material Cost (2022 USD),0,AP1000,BE NOAK,"Stewart, W. R., Shirvan, K., Velez, E., & Wiser, R. Pathways to Cost-effective Advanced Nuclear Technology.",2017,INL-RPT-24-77048-R1.xlsx / MASTER_DATA_MAPPED col 47,GNCOA account; companion database to INL/RPT-24-77048
344,Construction Module Shipping and Transportation,Total Costs (2022 USD),0,AP1000,BE NOAK,"Stewart, W. R., Shirvan, K., Velez, E., & Wiser, R. Pathways to Cost-effective Advanced Nuclear Technology.",2017,INL-RPT-24-77048-R1.xlsx / MASTER_DATA_MAPPED col 48,GNCOA account; companion database to INL/RPT-24-77048
344,Construction Module Shipping and Transportation,Factory Equipment Costs (2022 USD),0,AP1000,0,Shirvan Private Communication (TIMCAT data),unspecified,INL-RPT-24-77048-R1.xlsx / MASTER_DATA_MAPPED col 105,GNCOA account; companion database to INL/RPT-24-77048
344,Construction Module Shipping and Transportation,Site Labor Cost (2022 USD),0,AP1000,0,Shirvan Private Communication (TIMCAT data),unspecified,INL-RPT-24-77048-R1.xlsx / MASTER_DATA_MAPPED col 106,GNCOA account; companion database to INL/RPT-24-77048
344,Construction Module Shipping and Transportation,Site Material Cost (2022 USD),0,AP1000,0,Shirvan Private Communication (TIMCAT data),unspecified,INL-RPT-24-77048-R1.xlsx / MASTER_DATA_MAPPED col 107,GNCOA account; companion database to INL/RPT-24-77048
344,Construction Module Shipping and Transportation,Total Costs (2022 USD),0,AP1000,NOAK,Shirvan Private Communication (Tim Cat Data),unspecified,INL-RPT-24-77048-R1.xlsx / MASTER_DATA_MAPPED col 108,GNCOA account; companion database to INL/RPT-24-77048
345,Other Shipping and Transportation Costs,Factory Equipment Costs (2022 USD),0,AP1000,ME FOAK,"Stewart, W. R., Shirvan, K., Velez, E., & Wiser, R. Pathways to Cost-effective Advanced Nuclear Technology.",2017,INL-RPT-24-77048-R1.xlsx / MASTER_DATA_MAPPED col 41,GNCOA account; companion database to INL/RPT-24-77048
345,Other Shipping and Transportation Costs,Site Labor Cost (2022 USD),0,AP1000,ME FOAK,"Stewart, W. R., Shirvan, K., Velez, E., & Wiser, R. Pathways to Cost-effective Advanced Nuclear Technology.",2017,INL-RPT-24-77048-R1.xlsx / MASTER_DATA_MAPPED col 42,GNCOA account; companion database to INL/RPT-24-77048
345,Other Shipping and Transportation Costs,Site Material Cost (2022 USD),0,AP1000,ME FOAK,"Stewart, W. R., Shirvan, K., Velez, E., & Wiser, R. Pathways to Cost-effective Advanced Nuclear Technology.",2017,INL-RPT-24-77048-R1.xlsx / MASTER_DATA_MAPPED col 43,GNCOA account; companion database to INL/RPT-24-77048
345,Other Shipping and Transportation Costs,Total Costs (2022 USD),0,AP1000,ME FOAK,"Stewart, W. R., Shirvan, K., Velez, E., & Wiser, R. Pathways to Cost-effective Advanced Nuclear Technology.",2017,INL-RPT-24-77048-R1.xlsx / MASTER_DATA_MAPPED col 44,GNCOA account; companion database to INL/RPT-24-77048
345,Other Shipping and Transportation Costs,Factory Equipment Costs (2022 USD),0,AP1000,BE NOAK,"Stewart, W. R., Shirvan, K., Velez, E., & Wiser, R. Pathways to Cost-effective Advanced Nuclear Technology.",2017,INL-RPT-24-77048-R1.xlsx / MASTER_DATA_MAPPED col 45,GNCOA account; companion database to INL/RPT-24-77048
345,Other Shipping and Transportation Costs,Site Labor Cost (2022 USD),0,AP1000,BE NOAK,"Stewart, W. R., Shirvan, K., Velez, E., & Wiser, R. Pathways to Cost-effective Advanced Nuclear Technology.",2017,INL-RPT-24-77048-R1.xlsx / MASTER_DATA_MAPPED col 46,GNCOA account; companion database to INL/RPT-24-77048
345,Other Shipping and Transportation Costs,Site Material Cost (2022 USD),0,AP1000,BE NOAK,"Stewart, W. R., Shirvan, K., Velez, E., & Wiser, R. Pathways to Cost-effective Advanced Nuclear Technology.",2017,INL-RPT-24-77048-R1.xlsx / MASTER_DATA_MAPPED col 47,GNCOA account; companion database to INL/RPT-24-77048
345,Other Shipping and Transportation Costs,Total Costs (2022 USD),0,AP1000,BE NOAK,"Stewart, W. R., Shirvan, K., Velez, E., & Wiser, R. Pathways to Cost-effective Advanced Nuclear Technology.",2017,INL-RPT-24-77048-R1.xlsx / MASTER_DATA_MAPPED col 48,GNCOA account; companion database to INL/RPT-24-77048
345,Other Shipping and Transportation Costs,Factory Equipment Costs (2022 USD),0,AP1000,0,Shirvan Private Communication (TIMCAT data),unspecified,INL-RPT-24-77048-R1.xlsx / MASTER_DATA_MAPPED col 105,GNCOA account; companion database to INL/RPT-24-77048
345,Other Shipping and Transportation Costs,Site Labor Cost (2022 USD),0,AP1000,0,Shirvan Private Communication (TIMCAT data),unspecified,INL-RPT-24-77048-R1.xlsx / MASTER_DATA_MAPPED col 106,GNCOA account; companion database to INL/RPT-24-77048
345,Other Shipping and Transportation Costs,Site Material Cost (2022 USD),0,AP1000,0,Shirvan Private Communication (TIMCAT data),unspecified,INL-RPT-24-77048-R1.xlsx / MASTER_DATA_MAPPED col 107,GNCOA account; companion database to INL/RPT-24-77048
345,Other Shipping and Transportation Costs,Total Costs (2022 USD),0,AP1000,NOAK,Shirvan Private Communication (Tim Cat Data),unspecified,INL-RPT-24-77048-R1.xlsx / MASTER_DATA_MAPPED col 108,GNCOA account; companion database to INL/RPT-24-77048
35,Engineering Services,Factory Equipment Costs (2022 USD),0,AP1000,ME FOAK,"Stewart, W. R., Shirvan, K., Velez, E., & Wiser, R. Pathways to Cost-effective Advanced Nuclear Technology.",2017,INL-RPT-24-77048-R1.xlsx / MASTER_DATA_MAPPED col 41,GNCOA account; companion database to INL/RPT-24-77048
35,Engineering Services,Site Labor Cost (2022 USD),0,AP1000,ME FOAK,"Stewart, W. R., Shirvan, K., Velez, E., & Wiser, R. Pathways to Cost-effective Advanced Nuclear Technology.",2017,INL-RPT-24-77048-R1.xlsx / MASTER_DATA_MAPPED col 42,GNCOA account; companion database to INL/RPT-24-77048
35,Engineering Services,Site Material Cost (2022 USD),0,AP1000,ME FOAK,"Stewart, W. R., Shirvan, K., Velez, E., & Wiser, R. Pathways to Cost-effective Advanced Nuclear Technology.",2017,INL-RPT-24-77048-R1.xlsx / MASTER_DATA_MAPPED col 43,GNCOA account; companion database to INL/RPT-24-77048
35,Engineering Services,Total Costs (2022 USD),0,AP1000,ME FOAK,"Stewart, W. R., Shirvan, K., Velez, E., & Wiser, R. Pathways to Cost-effective Advanced Nuclear Technology.",2017,INL-RPT-24-77048-R1.xlsx / MASTER_DATA_MAPPED col 44,GNCOA account; companion database to INL/RPT-24-77048
35,Engineering Services,Factory Equipment Costs (2022 USD),0,AP1000,BE NOAK,"Stewart, W. R., Shirvan, K., Velez, E., & Wiser, R. Pathways to Cost-effective Advanced Nuclear Technology.",2017,INL-RPT-24-77048-R1.xlsx / MASTER_DATA_MAPPED col 45,GNCOA account; companion database to INL/RPT-24-77048
35,Engineering Services,Site Labor Cost (2022 USD),0,AP1000,BE NOAK,"Stewart, W. R., Shirvan, K., Velez, E., & Wiser, R. Pathways to Cost-effective Advanced Nuclear Technology.",2017,INL-RPT-24-77048-R1.xlsx / MASTER_DATA_MAPPED col 46,GNCOA account; companion database to INL/RPT-24-77048
35,Engineering Services,Site Material Cost (2022 USD),0,AP1000,BE NOAK,"Stewart, W. R., Shirvan, K., Velez, E., & Wiser, R. Pathways to Cost-effective Advanced Nuclear Technology.",2017,INL-RPT-24-77048-R1.xlsx / MASTER_DATA_MAPPED col 47,GNCOA account; companion database to INL/RPT-24-77048
35,Engineering Services,Total Costs (2022 USD),0,AP1000,BE NOAK,"Stewart, W. R., Shirvan, K., Velez, E., & Wiser, R. Pathways to Cost-effective Advanced Nuclear Technology.",2017,INL-RPT-24-77048-R1.xlsx / MASTER_DATA_MAPPED col 48,GNCOA account; companion database to INL/RPT-24-77048
35,Engineering Services,Factory Equipment Costs (2022 USD),0,AP1000,0,Shirvan Private Communication (TIMCAT data),unspecified,INL-RPT-24-77048-R1.xlsx / MASTER_DATA_MAPPED col 105,GNCOA account; companion database to INL/RPT-24-77048
35,Engineering Services,Site Labor Cost (2022 USD),0,AP1000,0,Shirvan Private Communication (TIMCAT data),unspecified,INL-RPT-24-77048-R1.xlsx / MASTER_DATA_MAPPED col 106,GNCOA account; companion database to INL/RPT-24-77048
35,Engineering Services,Site Material Cost (2022 USD),0,AP1000,0,Shirvan Private Communication (TIMCAT data),unspecified,INL-RPT-24-77048-R1.xlsx / MASTER_DATA_MAPPED col 107,GNCOA account; companion database to INL/RPT-24-77048
35,Engineering Services,Total Costs (2022 USD),0,AP1000,NOAK,Shirvan Private Communication (Tim Cat Data),unspecified,INL-RPT-24-77048-R1.xlsx / MASTER_DATA_MAPPED col 108,GNCOA account; companion database to INL/RPT-24-77048
351,Off-Site,Factory Equipment Costs (2022 USD),0,AP1000,ME FOAK,"Stewart, W. R., Shirvan, K., Velez, E., & Wiser, R. Pathways to Cost-effective Advanced Nuclear Technology.",2017,INL-RPT-24-77048-R1.xlsx / MASTER_DATA_MAPPED col 41,GNCOA account; companion database to INL/RPT-24-77048
351,Off-Site,Site Labor Cost (2022 USD),0,AP1000,ME FOAK,"Stewart, W. R., Shirvan, K., Velez, E., & Wiser, R. Pathways to Cost-effective Advanced Nuclear Technology.",2017,INL-RPT-24-77048-R1.xlsx / MASTER_DATA_MAPPED col 42,GNCOA account; companion database to INL/RPT-24-77048
351,Off-Site,Site Material Cost (2022 USD),0,AP1000,ME FOAK,"Stewart, W. R., Shirvan, K., Velez, E., & Wiser, R. Pathways to Cost-effective Advanced Nuclear Technology.",2017,INL-RPT-24-77048-R1.xlsx / MASTER_DATA_MAPPED col 43,GNCOA account; companion database to INL/RPT-24-77048
351,Off-Site,Total Costs (2022 USD),0,AP1000,ME FOAK,"Stewart, W. R., Shirvan, K., Velez, E., & Wiser, R. Pathways to Cost-effective Advanced Nuclear Technology.",2017,INL-RPT-24-77048-R1.xlsx / MASTER_DATA_MAPPED col 44,GNCOA account; companion database to INL/RPT-24-77048
351,Off-Site,Factory Equipment Costs (2022 USD),0,AP1000,BE NOAK,"Stewart, W. R., Shirvan, K., Velez, E., & Wiser, R. Pathways to Cost-effective Advanced Nuclear Technology.",2017,INL-RPT-24-77048-R1.xlsx / MASTER_DATA_MAPPED col 45,GNCOA account; companion database to INL/RPT-24-77048
351,Off-Site,Site Labor Cost (2022 USD),0,AP1000,BE NOAK,"Stewart, W. R., Shirvan, K., Velez, E., & Wiser, R. Pathways to Cost-effective Advanced Nuclear Technology.",2017,INL-RPT-24-77048-R1.xlsx / MASTER_DATA_MAPPED col 46,GNCOA account; companion database to INL/RPT-24-77048
351,Off-Site,Site Material Cost (2022 USD),0,AP1000,BE NOAK,"Stewart, W. R., Shirvan, K., Velez, E., & Wiser, R. Pathways to Cost-effective Advanced Nuclear Technology.",2017,INL-RPT-24-77048-R1.xlsx / MASTER_DATA_MAPPED col 47,GNCOA account; companion database to INL/RPT-24-77048
351,Off-Site,Total Costs (2022 USD),0,AP1000,BE NOAK,"Stewart, W. R., Shirvan, K., Velez, E., & Wiser, R. Pathways to Cost-effective Advanced Nuclear Technology.",2017,INL-RPT-24-77048-R1.xlsx / MASTER_DATA_MAPPED col 48,GNCOA account; companion database to INL/RPT-24-77048
351,Off-Site,Factory Equipment Costs (2022 USD),0,AP1000,0,Shirvan Private Communication (TIMCAT data),unspecified,INL-RPT-24-77048-R1.xlsx / MASTER_DATA_MAPPED col 105,GNCOA account; companion database to INL/RPT-24-77048
351,Off-Site,Site Labor Cost (2022 USD),0,AP1000,0,Shirvan Private Communication (TIMCAT data),unspecified,INL-RPT-24-77048-R1.xlsx / MASTER_DATA_MAPPED col 106,GNCOA account; companion database to INL/RPT-24-77048
351,Off-Site,Site Material Cost (2022 USD),0,AP1000,0,Shirvan Private Communication (TIMCAT data),unspecified,INL-RPT-24-77048-R1.xlsx / MASTER_DATA_MAPPED col 107,GNCOA account; companion database to INL/RPT-24-77048
351,Off-Site,Total Costs (2022 USD),0,AP1000,NOAK,Shirvan Private Communication (Tim Cat Data),unspecified,INL-RPT-24-77048-R1.xlsx / MASTER_DATA_MAPPED col 108,GNCOA account; companion database to INL/RPT-24-77048
352,On-Site,Factory Equipment Costs (2022 USD),0,AP1000,ME FOAK,"Stewart, W. R., Shirvan, K., Velez, E., & Wiser, R. Pathways to Cost-effective Advanced Nuclear Technology.",2017,INL-RPT-24-77048-R1.xlsx / MASTER_DATA_MAPPED col 41,GNCOA account; companion database to INL/RPT-24-77048
352,On-Site,Site Labor Cost (2022 USD),0,AP1000,ME FOAK,"Stewart, W. R., Shirvan, K., Velez, E., & Wiser, R. Pathways to Cost-effective Advanced Nuclear Technology.",2017,INL-RPT-24-77048-R1.xlsx / MASTER_DATA_MAPPED col 42,GNCOA account; companion database to INL/RPT-24-77048
352,On-Site,Site Material Cost (2022 USD),0,AP1000,ME FOAK,"Stewart, W. R., Shirvan, K., Velez, E., & Wiser, R. Pathways to Cost-effective Advanced Nuclear Technology.",2017,INL-RPT-24-77048-R1.xlsx / MASTER_DATA_MAPPED col 43,GNCOA account; companion database to INL/RPT-24-77048
352,On-Site,Total Costs (2022 USD),0,AP1000,ME FOAK,"Stewart, W. R., Shirvan, K., Velez, E., & Wiser, R. Pathways to Cost-effective Advanced Nuclear Technology.",2017,INL-RPT-24-77048-R1.xlsx / MASTER_DATA_MAPPED col 44,GNCOA account; companion database to INL/RPT-24-77048
352,On-Site,Factory Equipment Costs (2022 USD),0,AP1000,BE NOAK,"Stewart, W. R., Shirvan, K., Velez, E., & Wiser, R. Pathways to Cost-effective Advanced Nuclear Technology.",2017,INL-RPT-24-77048-R1.xlsx / MASTER_DATA_MAPPED col 45,GNCOA account; companion database to INL/RPT-24-77048
352,On-Site,Site Labor Cost (2022 USD),0,AP1000,BE NOAK,"Stewart, W. R., Shirvan, K., Velez, E., & Wiser, R. Pathways to Cost-effective Advanced Nuclear Technology.",2017,INL-RPT-24-77048-R1.xlsx / MASTER_DATA_MAPPED col 46,GNCOA account; companion database to INL/RPT-24-77048
352,On-Site,Site Material Cost (2022 USD),0,AP1000,BE NOAK,"Stewart, W. R., Shirvan, K., Velez, E., & Wiser, R. Pathways to Cost-effective Advanced Nuclear Technology.",2017,INL-RPT-24-77048-R1.xlsx / MASTER_DATA_MAPPED col 47,GNCOA account; companion database to INL/RPT-24-77048
352,On-Site,Total Costs (2022 USD),0,AP1000,BE NOAK,"Stewart, W. R., Shirvan, K., Velez, E., & Wiser, R. Pathways to Cost-effective Advanced Nuclear Technology.",2017,INL-RPT-24-77048-R1.xlsx / MASTER_DATA_MAPPED col 48,GNCOA account; companion database to INL/RPT-24-77048
352,On-Site,Factory Equipment Costs (2022 USD),0,AP1000,0,Shirvan Private Communication (TIMCAT data),unspecified,INL-RPT-24-77048-R1.xlsx / MASTER_DATA_MAPPED col 105,GNCOA account; companion database to INL/RPT-24-77048
352,On-Site,Site Labor Cost (2022 USD),0,AP1000,0,Shirvan Private Communication (TIMCAT data),unspecified,INL-RPT-24-77048-R1.xlsx / MASTER_DATA_MAPPED col 106,GNCOA account; companion database to INL/RPT-24-77048
352,On-Site,Site Material Cost (2022 USD),0,AP1000,0,Shirvan Private Communication (TIMCAT data),unspecified,INL-RPT-24-77048-R1.xlsx / MASTER_DATA_MAPPED col 107,GNCOA account; companion database to INL/RPT-24-77048
352,On-Site,Total Costs (2022 USD),0,AP1000,NOAK,Shirvan Private Communication (Tim Cat Data),unspecified,INL-RPT-24-77048-R1.xlsx / MASTER_DATA_MAPPED col 108,GNCOA account; companion database to INL/RPT-24-77048
353,Owner's Engineering Oversight,Factory Equipment Costs (2022 USD),0,AP1000,ME FOAK,"Stewart, W. R., Shirvan, K., Velez, E., & Wiser, R. Pathways to Cost-effective Advanced Nuclear Technology.",2017,INL-RPT-24-77048-R1.xlsx / MASTER_DATA_MAPPED col 41,GNCOA account; companion database to INL/RPT-24-77048
353,Owner's Engineering Oversight,Site Labor Cost (2022 USD),0,AP1000,ME FOAK,"Stewart, W. R., Shirvan, K., Velez, E., & Wiser, R. Pathways to Cost-effective Advanced Nuclear Technology.",2017,INL-RPT-24-77048-R1.xlsx / MASTER_DATA_MAPPED col 42,GNCOA account; companion database to INL/RPT-24-77048
353,Owner's Engineering Oversight,Site Material Cost (2022 USD),0,AP1000,ME FOAK,"Stewart, W. R., Shirvan, K., Velez, E., & Wiser, R. Pathways to Cost-effective Advanced Nuclear Technology.",2017,INL-RPT-24-77048-R1.xlsx / MASTER_DATA_MAPPED col 43,GNCOA account; companion database to INL/RPT-24-77048
353,Owner's Engineering Oversight,Total Costs (2022 USD),0,AP1000,ME FOAK,"Stewart, W. R., Shirvan, K., Velez, E., & Wiser, R. Pathways to Cost-effective Advanced Nuclear Technology.",2017,INL-RPT-24-77048-R1.xlsx / MASTER_DATA_MAPPED col 44,GNCOA account; companion database to INL/RPT-24-77048
353,Owner's Engineering Oversight,Factory Equipment Costs (2022 USD),0,AP1000,BE NOAK,"Stewart, W. R., Shirvan, K., Velez, E., & Wiser, R. Pathways to Cost-effective Advanced Nuclear Technology.",2017,INL-RPT-24-77048-R1.xlsx / MASTER_DATA_MAPPED col 45,GNCOA account; companion database to INL/RPT-24-77048
353,Owner's Engineering Oversight,Site Labor Cost (2022 USD),0,AP1000,BE NOAK,"Stewart, W. R., Shirvan, K., Velez, E., & Wiser, R. Pathways to Cost-effective Advanced Nuclear Technology.",2017,INL-RPT-24-77048-R1.xlsx / MASTER_DATA_MAPPED col 46,GNCOA account; companion database to INL/RPT-24-77048
353,Owner's Engineering Oversight,Site Material Cost (2022 USD),0,AP1000,BE NOAK,"Stewart, W. R., Shirvan, K., Velez, E., & Wiser, R. Pathways to Cost-effective Advanced Nuclear Technology.",2017,INL-RPT-24-77048-R1.xlsx / MASTER_DATA_MAPPED col 47,GNCOA account; companion database to INL/RPT-24-77048
353,Owner's Engineering Oversight,Total Costs (2022 USD),0,AP1000,BE NOAK,"Stewart, W. R., Shirvan, K., Velez, E., & Wiser, R. Pathways to Cost-effective Advanced Nuclear Technology.",2017,INL-RPT-24-77048-R1.xlsx / MASTER_DATA_MAPPED col 48,GNCOA account; companion database to INL/RPT-24-77048
353,Owner's Engineering Oversight,Factory Equipment Costs (2022 USD),0,AP1000,0,Shirvan Private Communication (TIMCAT data),unspecified,INL-RPT-24-77048-R1.xlsx / MASTER_DATA_MAPPED col 105,GNCOA account; companion database to INL/RPT-24-77048
353,Owner's Engineering Oversight,Site Labor Cost (2022 USD),0,AP1000,0,Shirvan Private Communication (TIMCAT data),unspecified,INL-RPT-24-77048-R1.xlsx / MASTER_DATA_MAPPED col 106,GNCOA account; companion database to INL/RPT-24-77048
353,Owner's Engineering Oversight,Site Material Cost (2022 USD),0,AP1000,0,Shirvan Private Communication (TIMCAT data),unspecified,INL-RPT-24-77048-R1.xlsx / MASTER_DATA_MAPPED col 107,GNCOA account; companion database to INL/RPT-24-77048
353,Owner's Engineering Oversight,Total Costs (2022 USD),0,AP1000,NOAK,Shirvan Private Communication (Tim Cat Data),unspecified,INL-RPT-24-77048-R1.xlsx / MASTER_DATA_MAPPED col 108,GNCOA account; companion database to INL/RPT-24-77048
36,PM/CM Services,Factory Equipment Costs (2022 USD),0,AP1000,ME FOAK,"Stewart, W. R., Shirvan, K., Velez, E., & Wiser, R. Pathways to Cost-effective Advanced Nuclear Technology.",2017,INL-RPT-24-77048-R1.xlsx / MASTER_DATA_MAPPED col 41,GNCOA account; companion database to INL/RPT-24-77048
36,PM/CM Services,Site Labor Cost (2022 USD),0,AP1000,ME FOAK,"Stewart, W. R., Shirvan, K., Velez, E., & Wiser, R. Pathways to Cost-effective Advanced Nuclear Technology.",2017,INL-RPT-24-77048-R1.xlsx / MASTER_DATA_MAPPED col 42,GNCOA account; companion database to INL/RPT-24-77048
36,PM/CM Services,Site Material Cost (2022 USD),0,AP1000,ME FOAK,"Stewart, W. R., Shirvan, K., Velez, E., & Wiser, R. Pathways to Cost-effective Advanced Nuclear Technology.",2017,INL-RPT-24-77048-R1.xlsx / MASTER_DATA_MAPPED col 43,GNCOA account; companion database to INL/RPT-24-77048
36,PM/CM Services,Total Costs (2022 USD),0,AP1000,ME FOAK,"Stewart, W. R., Shirvan, K., Velez, E., & Wiser, R. Pathways to Cost-effective Advanced Nuclear Technology.",2017,INL-RPT-24-77048-R1.xlsx / MASTER_DATA_MAPPED col 44,GNCOA account; companion database to INL/RPT-24-77048
36,PM/CM Services,Factory Equipment Costs (2022 USD),0,AP1000,BE NOAK,"Stewart, W. R., Shirvan, K., Velez, E., & Wiser, R. Pathways to Cost-effective Advanced Nuclear Technology.",2017,INL-RPT-24-77048-R1.xlsx / MASTER_DATA_MAPPED col 45,GNCOA account; companion database to INL/RPT-24-77048
36,PM/CM Services,Site Labor Cost (2022 USD),0,AP1000,BE NOAK,"Stewart, W. R., Shirvan, K., Velez, E., & Wiser, R. Pathways to Cost-effective Advanced Nuclear Technology.",2017,INL-RPT-24-77048-R1.xlsx / MASTER_DATA_MAPPED col 46,GNCOA account; companion database to INL/RPT-24-77048
36,PM/CM Services,Site Material Cost (2022 USD),0,AP1000,BE NOAK,"Stewart, W. R., Shirvan, K., Velez, E., & Wiser, R. Pathways to Cost-effective Advanced Nuclear Technology.",2017,INL-RPT-24-77048-R1.xlsx / MASTER_DATA_MAPPED col 47,GNCOA account; companion database to INL/RPT-24-77048
36,PM/CM Services,Total Costs (2022 USD),0,AP1000,BE NOAK,"Stewart, W. R., Shirvan, K., Velez, E., & Wiser, R. Pathways to Cost-effective Advanced Nuclear Technology.",2017,INL-RPT-24-77048-R1.xlsx / MASTER_DATA_MAPPED col 48,GNCOA account; companion database to INL/RPT-24-77048
36,PM/CM Services,Factory Equipment Costs (2022 USD),0,AP1000,0,Shirvan Private Communication (TIMCAT data),unspecified,INL-RPT-24-77048-R1.xlsx / MASTER_DATA_MAPPED col 105,GNCOA account; companion database to INL/RPT-24-77048
36,PM/CM Services,Site Labor Cost (2022 USD),0,AP1000,0,Shirvan Private Communication (TIMCAT data),unspecified,INL-RPT-24-77048-R1.xlsx / MASTER_DATA_MAPPED col 106,GNCOA account; companion database to INL/RPT-24-77048
36,PM/CM Services,Site Material Cost (2022 USD),0,AP1000,0,Shirvan Private Communication (TIMCAT data),unspecified,INL-RPT-24-77048-R1.xlsx / MASTER_DATA_MAPPED col 107,GNCOA account; companion database to INL/RPT-24-77048
36,PM/CM Services,Total Costs (2022 USD),0,AP1000,NOAK,Shirvan Private Communication (Tim Cat Data),unspecified,INL-RPT-24-77048-R1.xlsx / MASTER_DATA_MAPPED col 108,GNCOA account; companion database to INL/RPT-24-77048
361,Off-Site,Factory Equipment Costs (2022 USD),0,AP1000,ME FOAK,"Stewart, W. R., Shirvan, K., Velez, E., & Wiser, R. Pathways to Cost-effective Advanced Nuclear Technology.",2017,INL-RPT-24-77048-R1.xlsx / MASTER_DATA_MAPPED col 41,GNCOA account; companion database to INL/RPT-24-77048
361,Off-Site,Site Labor Cost (2022 USD),0,AP1000,ME FOAK,"Stewart, W. R., Shirvan, K., Velez, E., & Wiser, R. Pathways to Cost-effective Advanced Nuclear Technology.",2017,INL-RPT-24-77048-R1.xlsx / MASTER_DATA_MAPPED col 42,GNCOA account; companion database to INL/RPT-24-77048
361,Off-Site,Site Material Cost (2022 USD),0,AP1000,ME FOAK,"Stewart, W. R., Shirvan, K., Velez, E., & Wiser, R. Pathways to Cost-effective Advanced Nuclear Technology.",2017,INL-RPT-24-77048-R1.xlsx / MASTER_DATA_MAPPED col 43,GNCOA account; companion database to INL/RPT-24-77048
361,Off-Site,Total Costs (2022 USD),0,AP1000,ME FOAK,"Stewart, W. R., Shirvan, K., Velez, E., & Wiser, R. Pathways to Cost-effective Advanced Nuclear Technology.",2017,INL-RPT-24-77048-R1.xlsx / MASTER_DATA_MAPPED col 44,GNCOA account; companion database to INL/RPT-24-77048
361,Off-Site,Factory Equipment Costs (2022 USD),0,AP1000,BE NOAK,"Stewart, W. R., Shirvan, K., Velez, E., & Wiser, R. Pathways to Cost-effective Advanced Nuclear Technology.",2017,INL-RPT-24-77048-R1.xlsx / MASTER_DATA_MAPPED col 45,GNCOA account; companion database to INL/RPT-24-77048
361,Off-Site,Site Labor Cost (2022 USD),0,AP1000,BE NOAK,"Stewart, W. R., Shirvan, K., Velez, E., & Wiser, R. Pathways to Cost-effective Advanced Nuclear Technology.",2017,INL-RPT-24-77048-R1.xlsx / MASTER_DATA_MAPPED col 46,GNCOA account; companion database to INL/RPT-24-77048
361,Off-Site,Site Material Cost (2022 USD),0,AP1000,BE NOAK,"Stewart, W. R., Shirvan, K., Velez, E., & Wiser, R. Pathways to Cost-effective Advanced Nuclear Technology.",2017,INL-RPT-24-77048-R1.xlsx / MASTER_DATA_MAPPED col 47,GNCOA account; companion database to INL/RPT-24-77048
361,Off-Site,Total Costs (2022 USD),0,AP1000,BE NOAK,"Stewart, W. R., Shirvan, K., Velez, E., & Wiser, R. Pathways to Cost-effective Advanced Nuclear Technology.",2017,INL-RPT-24-77048-R1.xlsx / MASTER_DATA_MAPPED col 48,GNCOA account; companion database to INL/RPT-24-77048
361,Off-Site,Factory Equipment Costs (2022 USD),0,AP1000,0,Shirvan Private Communication (TIMCAT data),unspecified,INL-RPT-24-77048-R1.xlsx / MASTER_DATA_MAPPED col 105,GNCOA account; companion database to INL/RPT-24-77048
361,Off-Site,Site Labor Cost (2022 USD),0,AP1000,0,Shirvan Private Communication (TIMCAT data),unspecified,INL-RPT-24-77048-R1.xlsx / MASTER_DATA_MAPPED col 106,GNCOA account; companion database to INL/RPT-24-77048
361,Off-Site,Site Material Cost (2022 USD),0,AP1000,0,Shirvan Private Communication (TIMCAT data),unspecified,INL-RPT-24-77048-R1.xlsx / MASTER_DATA_MAPPED col 107,GNCOA account; companion database to INL/RPT-24-77048
361,Off-Site,Total Costs (2022 USD),0,AP1000,NOAK,Shirvan Private Communication (Tim Cat Data),unspecified,INL-RPT-24-77048-R1.xlsx / MASTER_DATA_MAPPED col 108,GNCOA account; companion database to INL/RPT-24-77048
362,On-Site,Factory Equipment Costs (2022 USD),0,AP1000,ME FOAK,"Stewart, W. R., Shirvan, K., Velez, E., & Wiser, R. Pathways to Cost-effective Advanced Nuclear Technology.",2017,INL-RPT-24-77048-R1.xlsx / MASTER_DATA_MAPPED col 41,GNCOA account; companion database to INL/RPT-24-77048
362,On-Site,Site Labor Cost (2022 USD),0,AP1000,ME FOAK,"Stewart, W. R., Shirvan, K., Velez, E., & Wiser, R. Pathways to Cost-effective Advanced Nuclear Technology.",2017,INL-RPT-24-77048-R1.xlsx / MASTER_DATA_MAPPED col 42,GNCOA account; companion database to INL/RPT-24-77048
362,On-Site,Site Material Cost (2022 USD),0,AP1000,ME FOAK,"Stewart, W. R., Shirvan, K., Velez, E., & Wiser, R. Pathways to Cost-effective Advanced Nuclear Technology.",2017,INL-RPT-24-77048-R1.xlsx / MASTER_DATA_MAPPED col 43,GNCOA account; companion database to INL/RPT-24-77048
362,On-Site,Total Costs (2022 USD),0,AP1000,ME FOAK,"Stewart, W. R., Shirvan, K., Velez, E., & Wiser, R. Pathways to Cost-effective Advanced Nuclear Technology.",2017,INL-RPT-24-77048-R1.xlsx / MASTER_DATA_MAPPED col 44,GNCOA account; companion database to INL/RPT-24-77048
362,On-Site,Factory Equipment Costs (2022 USD),0,AP1000,BE NOAK,"Stewart, W. R., Shirvan, K., Velez, E., & Wiser, R. Pathways to Cost-effective Advanced Nuclear Technology.",2017,INL-RPT-24-77048-R1.xlsx / MASTER_DATA_MAPPED col 45,GNCOA account; companion database to INL/RPT-24-77048
362,On-Site,Site Labor Cost (2022 USD),0,AP1000,BE NOAK,"Stewart, W. R., Shirvan, K., Velez, E., & Wiser, R. Pathways to Cost-effective Advanced Nuclear Technology.",2017,INL-RPT-24-77048-R1.xlsx / MASTER_DATA_MAPPED col 46,GNCOA account; companion database to INL/RPT-24-77048
362,On-Site,Site Material Cost (2022 USD),0,AP1000,BE NOAK,"Stewart, W. R., Shirvan, K., Velez, E., & Wiser, R. Pathways to Cost-effective Advanced Nuclear Technology.",2017,INL-RPT-24-77048-R1.xlsx / MASTER_DATA_MAPPED col 47,GNCOA account; companion database to INL/RPT-24-77048
362,On-Site,Total Costs (2022 USD),0,AP1000,BE NOAK,"Stewart, W. R., Shirvan, K., Velez, E., & Wiser, R. Pathways to Cost-effective Advanced Nuclear Technology.",2017,INL-RPT-24-77048-R1.xlsx / MASTER_DATA_MAPPED col 48,GNCOA account; companion database to INL/RPT-24-77048
362,On-Site,Factory Equipment Costs (2022 USD),0,AP1000,0,Shirvan Private Communication (TIMCAT data),unspecified,INL-RPT-24-77048-R1.xlsx / MASTER_DATA_MAPPED col 105,GNCOA account; companion database to INL/RPT-24-77048
362,On-Site,Site Labor Cost (2022 USD),0,AP1000,0,Shirvan Private Communication (TIMCAT data),unspecified,INL-RPT-24-77048-R1.xlsx / MASTER_DATA_MAPPED col 106,GNCOA account; companion database to INL/RPT-24-77048
362,On-Site,Site Material Cost (2022 USD),0,AP1000,0,Shirvan Private Communication (TIMCAT data),unspecified,INL-RPT-24-77048-R1.xlsx / MASTER_DATA_MAPPED col 107,GNCOA account; companion database to INL/RPT-24-77048
362,On-Site,Total Costs (2022 USD),0,AP1000,NOAK,Shirvan Private Communication (Tim Cat Data),unspecified,INL-RPT-24-77048-R1.xlsx / MASTER_DATA_MAPPED col 108,GNCOA account; companion database to INL/RPT-24-77048
363,Owner's Engineering Oversight,Factory Equipment Costs (2022 USD),0,AP1000,ME FOAK,"Stewart, W. R., Shirvan, K., Velez, E., & Wiser, R. Pathways to Cost-effective Advanced Nuclear Technology.",2017,INL-RPT-24-77048-R1.xlsx / MASTER_DATA_MAPPED col 41,GNCOA account; companion database to INL/RPT-24-77048
363,Owner's Engineering Oversight,Site Labor Cost (2022 USD),0,AP1000,ME FOAK,"Stewart, W. R., Shirvan, K., Velez, E., & Wiser, R. Pathways to Cost-effective Advanced Nuclear Technology.",2017,INL-RPT-24-77048-R1.xlsx / MASTER_DATA_MAPPED col 42,GNCOA account; companion database to INL/RPT-24-77048
363,Owner's Engineering Oversight,Site Material Cost (2022 USD),0,AP1000,ME FOAK,"Stewart, W. R., Shirvan, K., Velez, E., & Wiser, R. Pathways to Cost-effective Advanced Nuclear Technology.",2017,INL-RPT-24-77048-R1.xlsx / MASTER_DATA_MAPPED col 43,GNCOA account; companion database to INL/RPT-24-77048
363,Owner's Engineering Oversight,Total Costs (2022 USD),0,AP1000,ME FOAK,"Stewart, W. R., Shirvan, K., Velez, E., & Wiser, R. Pathways to Cost-effective Advanced Nuclear Technology.",2017,INL-RPT-24-77048-R1.xlsx / MASTER_DATA_MAPPED col 44,GNCOA account; companion database to INL/RPT-24-77048
363,Owner's Engineering Oversight,Factory Equipment Costs (2022 USD),0,AP1000,BE NOAK,"Stewart, W. R., Shirvan, K., Velez, E., & Wiser, R. Pathways to Cost-effective Advanced Nuclear Technology.",2017,INL-RPT-24-77048-R1.xlsx / MASTER_DATA_MAPPED col 45,GNCOA account; companion database to INL/RPT-24-77048
363,Owner's Engineering Oversight,Site Labor Cost (2022 USD),0,AP1000,BE NOAK,"Stewart, W. R., Shirvan, K., Velez, E., & Wiser, R. Pathways to Cost-effective Advanced Nuclear Technology.",2017,INL-RPT-24-77048-R1.xlsx / MASTER_DATA_MAPPED col 46,GNCOA account; companion database to INL/RPT-24-77048
363,Owner's Engineering Oversight,Site Material Cost (2022 USD),0,AP1000,BE NOAK,"Stewart, W. R., Shirvan, K., Velez, E., & Wiser, R. Pathways to Cost-effective Advanced Nuclear Technology.",2017,INL-RPT-24-77048-R1.xlsx / MASTER_DATA_MAPPED col 47,GNCOA account; companion database to INL/RPT-24-77048
363,Owner's Engineering Oversight,Total Costs (2022 USD),0,AP1000,BE NOAK,"Stewart, W. R., Shirvan, K., Velez, E., & Wiser, R. Pathways to Cost-effective Advanced Nuclear Technology.",2017,INL-RPT-24-77048-R1.xlsx / MASTER_DATA_MAPPED col 48,GNCOA account; companion database to INL/RPT-24-77048
363,Owner's Engineering Oversight,Factory Equipment Costs (2022 USD),0,AP1000,0,Shirvan Private Communication (TIMCAT data),unspecified,INL-RPT-24-77048-R1.xlsx / MASTER_DATA_MAPPED col 105,GNCOA account; companion database to INL/RPT-24-77048
363,Owner's Engineering Oversight,Site Labor Cost (2022 USD),0,AP1000,0,Shirvan Private Communication (TIMCAT data),unspecified,INL-RPT-24-77048-R1.xlsx / MASTER_DATA_MAPPED col 106,GNCOA account; companion database to INL/RPT-24-77048
363,Owner's Engineering Oversight,Site Material Cost (2022 USD),0,AP1000,0,Shirvan Private Communication (TIMCAT data),unspecified,INL-RPT-24-77048-R1.xlsx / MASTER_DATA_MAPPED col 107,GNCOA account; companion database to INL/RPT-24-77048
363,Owner's Engineering Oversight,Total Costs (2022 USD),0,AP1000,NOAK,Shirvan Private Communication (Tim Cat Data),unspecified,INL-RPT-24-77048-R1.xlsx / MASTER_DATA_MAPPED col 108,GNCOA account; companion database to INL/RPT-24-77048
37,Regulatory Inspection Support,Factory Equipment Costs (2022 USD),0,AP1000,ME FOAK,"Stewart, W. R., Shirvan, K., Velez, E., & Wiser, R. Pathways to Cost-effective Advanced Nuclear Technology.",2017,INL-RPT-24-77048-R1.xlsx / MASTER_DATA_MAPPED col 41,GNCOA account; companion database to INL/RPT-24-77048
37,Regulatory Inspection Support,Site Labor Cost (2022 USD),0,AP1000,ME FOAK,"Stewart, W. R., Shirvan, K., Velez, E., & Wiser, R. Pathways to Cost-effective Advanced Nuclear Technology.",2017,INL-RPT-24-77048-R1.xlsx / MASTER_DATA_MAPPED col 42,GNCOA account; companion database to INL/RPT-24-77048
37,Regulatory Inspection Support,Site Material Cost (2022 USD),0,AP1000,ME FOAK,"Stewart, W. R., Shirvan, K., Velez, E., & Wiser, R. Pathways to Cost-effective Advanced Nuclear Technology.",2017,INL-RPT-24-77048-R1.xlsx / MASTER_DATA_MAPPED col 43,GNCOA account; companion database to INL/RPT-24-77048
37,Regulatory Inspection Support,Total Costs (2022 USD),0,AP1000,ME FOAK,"Stewart, W. R., Shirvan, K., Velez, E., & Wiser, R. Pathways to Cost-effective Advanced Nuclear Technology.",2017,INL-RPT-24-77048-R1.xlsx / MASTER_DATA_MAPPED col 44,GNCOA account; companion database to INL/RPT-24-77048
37,Regulatory Inspection Support,Factory Equipment Costs (2022 USD),0,AP1000,BE NOAK,"Stewart, W. R., Shirvan, K., Velez, E., & Wiser, R. Pathways to Cost-effective Advanced Nuclear Technology.",2017,INL-RPT-24-77048-R1.xlsx / MASTER_DATA_MAPPED col 45,GNCOA account; companion database to INL/RPT-24-77048
37,Regulatory Inspection Support,Site Labor Cost (2022 USD),0,AP1000,BE NOAK,"Stewart, W. R., Shirvan, K., Velez, E., & Wiser, R. Pathways to Cost-effective Advanced Nuclear Technology.",2017,INL-RPT-24-77048-R1.xlsx / MASTER_DATA_MAPPED col 46,GNCOA account; companion database to INL/RPT-24-77048
37,Regulatory Inspection Support,Site Material Cost (2022 USD),0,AP1000,BE NOAK,"Stewart, W. R., Shirvan, K., Velez, E., & Wiser, R. Pathways to Cost-effective Advanced Nuclear Technology.",2017,INL-RPT-24-77048-R1.xlsx / MASTER_DATA_MAPPED col 47,GNCOA account; companion database to INL/RPT-24-77048
37,Regulatory Inspection Support,Total Costs (2022 USD),0,AP1000,BE NOAK,"Stewart, W. R., Shirvan, K., Velez, E., & Wiser, R. Pathways to Cost-effective Advanced Nuclear Technology.",2017,INL-RPT-24-77048-R1.xlsx / MASTER_DATA_MAPPED col 48,GNCOA account; companion database to INL/RPT-24-77048
37,Regulatory Inspection Support,Factory Equipment Costs (2022 USD),0,AP1000,0,Shirvan Private Communication (TIMCAT data),unspecified,INL-RPT-24-77048-R1.xlsx / MASTER_DATA_MAPPED col 105,GNCOA account; companion database to INL/RPT-24-77048
37,Regulatory Inspection Support,Site Labor Cost (2022 USD),0,AP1000,0,Shirvan Private Communication (TIMCAT data),unspecified,INL-RPT-24-77048-R1.xlsx / MASTER_DATA_MAPPED col 106,GNCOA account; companion database to INL/RPT-24-77048
37,Regulatory Inspection Support,Site Material Cost (2022 USD),0,AP1000,0,Shirvan Private Communication (TIMCAT data),unspecified,INL-RPT-24-77048-R1.xlsx / MASTER_DATA_MAPPED col 107,GNCOA account; companion database to INL/RPT-24-77048
37,Regulatory Inspection Support,Total Costs (2022 USD),0,AP1000,NOAK,Shirvan Private Communication (Tim Cat Data),unspecified,INL-RPT-24-77048-R1.xlsx / MASTER_DATA_MAPPED col 108,GNCOA account; companion database to INL/RPT-24-77048
38,Spare Parts,Factory Equipment Costs (2022 USD),0,AP1000,ME FOAK,"Stewart, W. R., Shirvan, K., Velez, E., & Wiser, R. Pathways to Cost-effective Advanced Nuclear Technology.",2017,INL-RPT-24-77048-R1.xlsx / MASTER_DATA_MAPPED col 41,GNCOA account; companion database to INL/RPT-24-77048
38,Spare Parts,Site Labor Cost (2022 USD),0,AP1000,ME FOAK,"Stewart, W. R., Shirvan, K., Velez, E., & Wiser, R. Pathways to Cost-effective Advanced Nuclear Technology.",2017,INL-RPT-24-77048-R1.xlsx / MASTER_DATA_MAPPED col 42,GNCOA account; companion database to INL/RPT-24-77048
38,Spare Parts,Site Material Cost (2022 USD),0,AP1000,ME FOAK,"Stewart, W. R., Shirvan, K., Velez, E., & Wiser, R. Pathways to Cost-effective Advanced Nuclear Technology.",2017,INL-RPT-24-77048-R1.xlsx / MASTER_DATA_MAPPED col 43,GNCOA account; companion database to INL/RPT-24-77048
38,Spare Parts,Total Costs (2022 USD),0,AP1000,ME FOAK,"Stewart, W. R., Shirvan, K., Velez, E., & Wiser, R. Pathways to Cost-effective Advanced Nuclear Technology.",2017,INL-RPT-24-77048-R1.xlsx / MASTER_DATA_MAPPED col 44,GNCOA account; companion database to INL/RPT-24-77048
38,Spare Parts,Factory Equipment Costs (2022 USD),0,AP1000,BE NOAK,"Stewart, W. R., Shirvan, K., Velez, E., & Wiser, R. Pathways to Cost-effective Advanced Nuclear Technology.",2017,INL-RPT-24-77048-R1.xlsx / MASTER_DATA_MAPPED col 45,GNCOA account; companion database to INL/RPT-24-77048
38,Spare Parts,Site Labor Cost (2022 USD),0,AP1000,BE NOAK,"Stewart, W. R., Shirvan, K., Velez, E., & Wiser, R. Pathways to Cost-effective Advanced Nuclear Technology.",2017,INL-RPT-24-77048-R1.xlsx / MASTER_DATA_MAPPED col 46,GNCOA account; companion database to INL/RPT-24-77048
38,Spare Parts,Site Material Cost (2022 USD),0,AP1000,BE NOAK,"Stewart, W. R., Shirvan, K., Velez, E., & Wiser, R. Pathways to Cost-effective Advanced Nuclear Technology.",2017,INL-RPT-24-77048-R1.xlsx / MASTER_DATA_MAPPED col 47,GNCOA account; companion database to INL/RPT-24-77048
38,Spare Parts,Total Costs (2022 USD),0,AP1000,BE NOAK,"Stewart, W. R., Shirvan, K., Velez, E., & Wiser, R. Pathways to Cost-effective Advanced Nuclear Technology.",2017,INL-RPT-24-77048-R1.xlsx / MASTER_DATA_MAPPED col 48,GNCOA account; companion database to INL/RPT-24-77048
38,Spare Parts,Factory Equipment Costs (2022 USD),0,AP1000,0,Shirvan Private Communication (TIMCAT data),unspecified,INL-RPT-24-77048-R1.xlsx / MASTER_DATA_MAPPED col 105,GNCOA account; companion database to INL/RPT-24-77048
38,Spare Parts,Site Labor Cost (2022 USD),0,AP1000,0,Shirvan Private Communication (TIMCAT data),unspecified,INL-RPT-24-77048-R1.xlsx / MASTER_DATA_MAPPED col 106,GNCOA account; companion database to INL/RPT-24-77048
38,Spare Parts,Site Material Cost (2022 USD),0,AP1000,0,Shirvan Private Communication (TIMCAT data),unspecified,INL-RPT-24-77048-R1.xlsx / MASTER_DATA_MAPPED col 107,GNCOA account; companion database to INL/RPT-24-77048
38,Spare Parts,Total Costs (2022 USD),0,AP1000,NOAK,Shirvan Private Communication (Tim Cat Data),unspecified,INL-RPT-24-77048-R1.xlsx / MASTER_DATA_MAPPED col 108,GNCOA account; companion database to INL/RPT-24-77048
39,Contingency on Indirect Services Cost,Factory Equipment Costs (2022 USD),0,AP1000,ME FOAK,"Stewart, W. R., Shirvan, K., Velez, E., & Wiser, R. Pathways to Cost-effective Advanced Nuclear Technology.",2017,INL-RPT-24-77048-R1.xlsx / MASTER_DATA_MAPPED col 41,GNCOA account; companion database to INL/RPT-24-77048
39,Contingency on Indirect Services Cost,Site Labor Cost (2022 USD),0,AP1000,ME FOAK,"Stewart, W. R., Shirvan, K., Velez, E., & Wiser, R. Pathways to Cost-effective Advanced Nuclear Technology.",2017,INL-RPT-24-77048-R1.xlsx / MASTER_DATA_MAPPED col 42,GNCOA account; companion database to INL/RPT-24-77048
39,Contingency on Indirect Services Cost,Site Material Cost (2022 USD),0,AP1000,ME FOAK,"Stewart, W. R., Shirvan, K., Velez, E., & Wiser, R. Pathways to Cost-effective Advanced Nuclear Technology.",2017,INL-RPT-24-77048-R1.xlsx / MASTER_DATA_MAPPED col 43,GNCOA account; companion database to INL/RPT-24-77048
39,Contingency on Indirect Services Cost,Total Costs (2022 USD),0,AP1000,ME FOAK,"Stewart, W. R., Shirvan, K., Velez, E., & Wiser, R. Pathways to Cost-effective Advanced Nuclear Technology.",2017,INL-RPT-24-77048-R1.xlsx / MASTER_DATA_MAPPED col 44,GNCOA account; companion database to INL/RPT-24-77048
39,Contingency on Indirect Services Cost,Factory Equipment Costs (2022 USD),0,AP1000,BE NOAK,"Stewart, W. R., Shirvan, K., Velez, E., & Wiser, R. Pathways to Cost-effective Advanced Nuclear Technology.",2017,INL-RPT-24-77048-R1.xlsx / MASTER_DATA_MAPPED col 45,GNCOA account; companion database to INL/RPT-24-77048
39,Contingency on Indirect Services Cost,Site Labor Cost (2022 USD),0,AP1000,BE NOAK,"Stewart, W. R., Shirvan, K., Velez, E., & Wiser, R. Pathways to Cost-effective Advanced Nuclear Technology.",2017,INL-RPT-24-77048-R1.xlsx / MASTER_DATA_MAPPED col 46,GNCOA account; companion database to INL/RPT-24-77048
39,Contingency on Indirect Services Cost,Site Material Cost (2022 USD),0,AP1000,BE NOAK,"Stewart, W. R., Shirvan, K., Velez, E., & Wiser, R. Pathways to Cost-effective Advanced Nuclear Technology.",2017,INL-RPT-24-77048-R1.xlsx / MASTER_DATA_MAPPED col 47,GNCOA account; companion database to INL/RPT-24-77048
39,Contingency on Indirect Services Cost,Total Costs (2022 USD),0,AP1000,BE NOAK,"Stewart, W. R., Shirvan, K., Velez, E., & Wiser, R. Pathways to Cost-effective Advanced Nuclear Technology.",2017,INL-RPT-24-77048-R1.xlsx / MASTER_DATA_MAPPED col 48,GNCOA account; companion database to INL/RPT-24-77048
39,Contingency on Indirect Services Cost,Factory Equipment Costs (2022 USD),0,AP1000,0,Shirvan Private Communication (TIMCAT data),unspecified,INL-RPT-24-77048-R1.xlsx / MASTER_DATA_MAPPED col 105,GNCOA account; companion database to INL/RPT-24-77048
39,Contingency on Indirect Services Cost,Site Labor Cost (2022 USD),0,AP1000,0,Shirvan Private Communication (TIMCAT data),unspecified,INL-RPT-24-77048-R1.xlsx / MASTER_DATA_MAPPED col 106,GNCOA account; companion database to INL/RPT-24-77048
39,Contingency on Indirect Services Cost,Site Material Cost (2022 USD),0,AP1000,0,Shirvan Private Communication (TIMCAT data),unspecified,INL-RPT-24-77048-R1.xlsx / MASTER_DATA_MAPPED col 107,GNCOA account; companion database to INL/RPT-24-77048
39,Contingency on Indirect Services Cost,Total Costs (2022 USD),0,AP1000,NOAK,Shirvan Private Communication (Tim Cat Data),unspecified,INL-RPT-24-77048-R1.xlsx / MASTER_DATA_MAPPED col 108,GNCOA account; companion database to INL/RPT-24-77048
40,Capitalized Pre-COD Personnel Costs,Factory Equipment Costs (2022 USD),0,AP1000,ME FOAK,"Stewart, W. R., Shirvan, K., Velez, E., & Wiser, R. Pathways to Cost-effective Advanced Nuclear Technology.",2017,INL-RPT-24-77048-R1.xlsx / MASTER_DATA_MAPPED col 41,GNCOA account; companion database to INL/RPT-24-77048
40,Capitalized Pre-COD Personnel Costs,Site Labor Cost (2022 USD),0,AP1000,ME FOAK,"Stewart, W. R., Shirvan, K., Velez, E., & Wiser, R. Pathways to Cost-effective Advanced Nuclear Technology.",2017,INL-RPT-24-77048-R1.xlsx / MASTER_DATA_MAPPED col 42,GNCOA account; companion database to INL/RPT-24-77048
40,Capitalized Pre-COD Personnel Costs,Site Material Cost (2022 USD),0,AP1000,ME FOAK,"Stewart, W. R., Shirvan, K., Velez, E., & Wiser, R. Pathways to Cost-effective Advanced Nuclear Technology.",2017,INL-RPT-24-77048-R1.xlsx / MASTER_DATA_MAPPED col 43,GNCOA account; companion database to INL/RPT-24-77048
40,Capitalized Pre-COD Personnel Costs,Total Costs (2022 USD),0,AP1000,ME FOAK,"Stewart, W. R., Shirvan, K., Velez, E., & Wiser, R. Pathways to Cost-effective Advanced Nuclear Technology.",2017,INL-RPT-24-77048-R1.xlsx / MASTER_DATA_MAPPED col 44,GNCOA account; companion database to INL/RPT-24-77048
40,Capitalized Pre-COD Personnel Costs,Factory Equipment Costs (2022 USD),0,AP1000,BE NOAK,"Stewart, W. R., Shirvan, K., Velez, E., & Wiser, R. Pathways to Cost-effective Advanced Nuclear Technology.",2017,INL-RPT-24-77048-R1.xlsx / MASTER_DATA_MAPPED col 45,GNCOA account; companion database to INL/RPT-24-77048
40,Capitalized Pre-COD Personnel Costs,Site Labor Cost (2022 USD),0,AP1000,BE NOAK,"Stewart, W. R., Shirvan, K., Velez, E., & Wiser, R. Pathways to Cost-effective Advanced Nuclear Technology.",2017,INL-RPT-24-77048-R1.xlsx / MASTER_DATA_MAPPED col 46,GNCOA account; companion database to INL/RPT-24-77048
40,Capitalized Pre-COD Personnel Costs,Site Material Cost (2022 USD),0,AP1000,BE NOAK,"Stewart, W. R., Shirvan, K., Velez, E., & Wiser, R. Pathways to Cost-effective Advanced Nuclear Technology.",2017,INL-RPT-24-77048-R1.xlsx / MASTER_DATA_MAPPED col 47,GNCOA account; companion database to INL/RPT-24-77048
40,Capitalized Pre-COD Personnel Costs,Total Costs (2022 USD),0,AP1000,BE NOAK,"Stewart, W. R., Shirvan, K., Velez, E., & Wiser, R. Pathways to Cost-effective Advanced Nuclear Technology.",2017,INL-RPT-24-77048-R1.xlsx / MASTER_DATA_MAPPED col 48,GNCOA account; companion database to INL/RPT-24-77048
40,Capitalized Pre-COD Personnel Costs,Factory Equipment Costs (2022 USD),0,AP1000,0,Shirvan Private Communication (TIMCAT data),unspecified,INL-RPT-24-77048-R1.xlsx / MASTER_DATA_MAPPED col 105,GNCOA account; companion database to INL/RPT-24-77048
40,Capitalized Pre-COD Personnel Costs,Site Labor Cost (2022 USD),0,AP1000,0,Shirvan Private Communication (TIMCAT data),unspecified,INL-RPT-24-77048-R1.xlsx / MASTER_DATA_MAPPED col 106,GNCOA account; companion database to INL/RPT-24-77048
40,Capitalized Pre-COD Personnel Costs,Site Material Cost (2022 USD),0,AP1000,0,Shirvan Private Communication (TIMCAT data),unspecified,INL-RPT-24-77048-R1.xlsx / MASTER_DATA_MAPPED col 107,GNCOA account; companion database to INL/RPT-24-77048
40,Capitalized Pre-COD Personnel Costs,Total Costs (2022 USD),0,AP1000,NOAK,Shirvan Private Communication (Tim Cat Data),unspecified,INL-RPT-24-77048-R1.xlsx / MASTER_DATA_MAPPED col 108,GNCOA account; companion database to INL/RPT-24-77048
41,Staff Recruitment and Training,Factory Equipment Costs (2022 USD),0,AP1000,ME FOAK,"Stewart, W. R., Shirvan, K., Velez, E., & Wiser, R. Pathways to Cost-effective Advanced Nuclear Technology.",2017,INL-RPT-24-77048-R1.xlsx / MASTER_DATA_MAPPED col 41,GNCOA account; companion database to INL/RPT-24-77048
41,Staff Recruitment and Training,Site Labor Cost (2022 USD),0,AP1000,ME FOAK,"Stewart, W. R., Shirvan, K., Velez, E., & Wiser, R. Pathways to Cost-effective Advanced Nuclear Technology.",2017,INL-RPT-24-77048-R1.xlsx / MASTER_DATA_MAPPED col 42,GNCOA account; companion database to INL/RPT-24-77048
41,Staff Recruitment and Training,Site Material Cost (2022 USD),0,AP1000,ME FOAK,"Stewart, W. R., Shirvan, K., Velez, E., & Wiser, R. Pathways to Cost-effective Advanced Nuclear Technology.",2017,INL-RPT-24-77048-R1.xlsx / MASTER_DATA_MAPPED col 43,GNCOA account; companion database to INL/RPT-24-77048
41,Staff Recruitment and Training,Total Costs (2022 USD),0,AP1000,ME FOAK,"Stewart, W. R., Shirvan, K., Velez, E., & Wiser, R. Pathways to Cost-effective Advanced Nuclear Technology.",2017,INL-RPT-24-77048-R1.xlsx / MASTER_DATA_MAPPED col 44,GNCOA account; companion database to INL/RPT-24-77048
41,Staff Recruitment and Training,Factory Equipment Costs (2022 USD),0,AP1000,BE NOAK,"Stewart, W. R., Shirvan, K., Velez, E., & Wiser, R. Pathways to Cost-effective Advanced Nuclear Technology.",2017,INL-RPT-24-77048-R1.xlsx / MASTER_DATA_MAPPED col 45,GNCOA account; companion database to INL/RPT-24-77048
41,Staff Recruitment and Training,Site Labor Cost (2022 USD),0,AP1000,BE NOAK,"Stewart, W. R., Shirvan, K., Velez, E., & Wiser, R. Pathways to Cost-effective Advanced Nuclear Technology.",2017,INL-RPT-24-77048-R1.xlsx / MASTER_DATA_MAPPED col 46,GNCOA account; companion database to INL/RPT-24-77048
41,Staff Recruitment and Training,Site Material Cost (2022 USD),0,AP1000,BE NOAK,"Stewart, W. R., Shirvan, K., Velez, E., & Wiser, R. Pathways to Cost-effective Advanced Nuclear Technology.",2017,INL-RPT-24-77048-R1.xlsx / MASTER_DATA_MAPPED col 47,GNCOA account; companion database to INL/RPT-24-77048
41,Staff Recruitment and Training,Total Costs (2022 USD),0,AP1000,BE NOAK,"Stewart, W. R., Shirvan, K., Velez, E., & Wiser, R. Pathways to Cost-effective Advanced Nuclear Technology.",2017,INL-RPT-24-77048-R1.xlsx / MASTER_DATA_MAPPED col 48,GNCOA account; companion database to INL/RPT-24-77048
41,Staff Recruitment and Training,Factory Equipment Costs (2022 USD),0,AP1000,0,Shirvan Private Communication (TIMCAT data),unspecified,INL-RPT-24-77048-R1.xlsx / MASTER_DATA_MAPPED col 105,GNCOA account; companion database to INL/RPT-24-77048
41,Staff Recruitment and Training,Site Labor Cost (2022 USD),0,AP1000,0,Shirvan Private Communication (TIMCAT data),unspecified,INL-RPT-24-77048-R1.xlsx / MASTER_DATA_MAPPED col 106,GNCOA account; companion database to INL/RPT-24-77048
41,Staff Recruitment and Training,Site Material Cost (2022 USD),0,AP1000,0,Shirvan Private Communication (TIMCAT data),unspecified,INL-RPT-24-77048-R1.xlsx / MASTER_DATA_MAPPED col 107,GNCOA account; companion database to INL/RPT-24-77048
41,Staff Recruitment and Training,Total Costs (2022 USD),0,AP1000,NOAK,Shirvan Private Communication (Tim Cat Data),unspecified,INL-RPT-24-77048-R1.xlsx / MASTER_DATA_MAPPED col 108,GNCOA account; companion database to INL/RPT-24-77048
42,Staff Housing,Factory Equipment Costs (2022 USD),0,AP1000,ME FOAK,"Stewart, W. R., Shirvan, K., Velez, E., & Wiser, R. Pathways to Cost-effective Advanced Nuclear Technology.",2017,INL-RPT-24-77048-R1.xlsx / MASTER_DATA_MAPPED col 41,GNCOA account; companion database to INL/RPT-24-77048
42,Staff Housing,Site Labor Cost (2022 USD),0,AP1000,ME FOAK,"Stewart, W. R., Shirvan, K., Velez, E., & Wiser, R. Pathways to Cost-effective Advanced Nuclear Technology.",2017,INL-RPT-24-77048-R1.xlsx / MASTER_DATA_MAPPED col 42,GNCOA account; companion database to INL/RPT-24-77048
42,Staff Housing,Site Material Cost (2022 USD),0,AP1000,ME FOAK,"Stewart, W. R., Shirvan, K., Velez, E., & Wiser, R. Pathways to Cost-effective Advanced Nuclear Technology.",2017,INL-RPT-24-77048-R1.xlsx / MASTER_DATA_MAPPED col 43,GNCOA account; companion database to INL/RPT-24-77048
42,Staff Housing,Total Costs (2022 USD),0,AP1000,ME FOAK,"Stewart, W. R., Shirvan, K., Velez, E., & Wiser, R. Pathways to Cost-effective Advanced Nuclear Technology.",2017,INL-RPT-24-77048-R1.xlsx / MASTER_DATA_MAPPED col 44,GNCOA account; companion database to INL/RPT-24-77048
42,Staff Housing,Factory Equipment Costs (2022 USD),0,AP1000,BE NOAK,"Stewart, W. R., Shirvan, K., Velez, E., & Wiser, R. Pathways to Cost-effective Advanced Nuclear Technology.",2017,INL-RPT-24-77048-R1.xlsx / MASTER_DATA_MAPPED col 45,GNCOA account; companion database to INL/RPT-24-77048
42,Staff Housing,Site Labor Cost (2022 USD),0,AP1000,BE NOAK,"Stewart, W. R., Shirvan, K., Velez, E., & Wiser, R. Pathways to Cost-effective Advanced Nuclear Technology.",2017,INL-RPT-24-77048-R1.xlsx / MASTER_DATA_MAPPED col 46,GNCOA account; companion database to INL/RPT-24-77048
42,Staff Housing,Site Material Cost (2022 USD),0,AP1000,BE NOAK,"Stewart, W. R., Shirvan, K., Velez, E., & Wiser, R. Pathways to Cost-effective Advanced Nuclear Technology.",2017,INL-RPT-24-77048-R1.xlsx / MASTER_DATA_MAPPED col 47,GNCOA account; companion database to INL/RPT-24-77048
42,Staff Housing,Total Costs (2022 USD),0,AP1000,BE NOAK,"Stewart, W. R., Shirvan, K., Velez, E., & Wiser, R. Pathways to Cost-effective Advanced Nuclear Technology.",2017,INL-RPT-24-77048-R1.xlsx / MASTER_DATA_MAPPED col 48,GNCOA account; companion database to INL/RPT-24-77048
42,Staff Housing,Factory Equipment Costs (2022 USD),0,AP1000,0,Shirvan Private Communication (TIMCAT data),unspecified,INL-RPT-24-77048-R1.xlsx / MASTER_DATA_MAPPED col 105,GNCOA account; companion database to INL/RPT-24-77048
42,Staff Housing,Site Labor Cost (2022 USD),0,AP1000,0,Shirvan Private Communication (TIMCAT data),unspecified,INL-RPT-24-77048-R1.xlsx / MASTER_DATA_MAPPED col 106,GNCOA account; companion database to INL/RPT-24-77048
42,Staff Housing,Site Material Cost (2022 USD),0,AP1000,0,Shirvan Private Communication (TIMCAT data),unspecified,INL-RPT-24-77048-R1.xlsx / MASTER_DATA_MAPPED col 107,GNCOA account; companion database to INL/RPT-24-77048
42,Staff Housing,Total Costs (2022 USD),0,AP1000,NOAK,Shirvan Private Communication (Tim Cat Data),unspecified,INL-RPT-24-77048-R1.xlsx / MASTER_DATA_MAPPED col 108,GNCOA account; companion database to INL/RPT-24-77048
49,Contingency on Training Costs,Factory Equipment Costs (2022 USD),0,AP1000,ME FOAK,"Stewart, W. R., Shirvan, K., Velez, E., & Wiser, R. Pathways to Cost-effective Advanced Nuclear Technology.",2017,INL-RPT-24-77048-R1.xlsx / MASTER_DATA_MAPPED col 41,GNCOA account; companion database to INL/RPT-24-77048
49,Contingency on Training Costs,Site Labor Cost (2022 USD),0,AP1000,ME FOAK,"Stewart, W. R., Shirvan, K., Velez, E., & Wiser, R. Pathways to Cost-effective Advanced Nuclear Technology.",2017,INL-RPT-24-77048-R1.xlsx / MASTER_DATA_MAPPED col 42,GNCOA account; companion database to INL/RPT-24-77048
49,Contingency on Training Costs,Site Material Cost (2022 USD),0,AP1000,ME FOAK,"Stewart, W. R., Shirvan, K., Velez, E., & Wiser, R. Pathways to Cost-effective Advanced Nuclear Technology.",2017,INL-RPT-24-77048-R1.xlsx / MASTER_DATA_MAPPED col 43,GNCOA account; companion database to INL/RPT-24-77048
49,Contingency on Training Costs,Total Costs (2022 USD),0,AP1000,ME FOAK,"Stewart, W. R., Shirvan, K., Velez, E., & Wiser, R. Pathways to Cost-effective Advanced Nuclear Technology.",2017,INL-RPT-24-77048-R1.xlsx / MASTER_DATA_MAPPED col 44,GNCOA account; companion database to INL/RPT-24-77048
49,Contingency on Training Costs,Factory Equipment Costs (2022 USD),0,AP1000,BE NOAK,"Stewart, W. R., Shirvan, K., Velez, E., & Wiser, R. Pathways to Cost-effective Advanced Nuclear Technology.",2017,INL-RPT-24-77048-R1.xlsx / MASTER_DATA_MAPPED col 45,GNCOA account; companion database to INL/RPT-24-77048
49,Contingency on Training Costs,Site Labor Cost (2022 USD),0,AP1000,BE NOAK,"Stewart, W. R., Shirvan, K., Velez, E., & Wiser, R. Pathways to Cost-effective Advanced Nuclear Technology.",2017,INL-RPT-24-77048-R1.xlsx / MASTER_DATA_MAPPED col 46,GNCOA account; companion database to INL/RPT-24-77048
49,Contingency on Training Costs,Site Material Cost (2022 USD),0,AP1000,BE NOAK,"Stewart, W. R., Shirvan, K., Velez, E., & Wiser, R. Pathways to Cost-effective Advanced Nuclear Technology.",2017,INL-RPT-24-77048-R1.xlsx / MASTER_DATA_MAPPED col 47,GNCOA account; companion database to INL/RPT-24-77048
49,Contingency on Training Costs,Total Costs (2022 USD),0,AP1000,BE NOAK,"Stewart, W. R., Shirvan, K., Velez, E., & Wiser, R. Pathways to Cost-effective Advanced Nuclear Technology.",2017,INL-RPT-24-77048-R1.xlsx / MASTER_DATA_MAPPED col 48,GNCOA account; companion database to INL/RPT-24-77048
49,Contingency on Training Costs,Factory Equipment Costs (2022 USD),0,AP1000,0,Shirvan Private Communication (TIMCAT data),unspecified,INL-RPT-24-77048-R1.xlsx / MASTER_DATA_MAPPED col 105,GNCOA account; companion database to INL/RPT-24-77048
49,Contingency on Training Costs,Site Labor Cost (2022 USD),0,AP1000,0,Shirvan Private Communication (TIMCAT data),unspecified,INL-RPT-24-77048-R1.xlsx / MASTER_DATA_MAPPED col 106,GNCOA account; companion database to INL/RPT-24-77048
49,Contingency on Training Costs,Site Material Cost (2022 USD),0,AP1000,0,Shirvan Private Communication (TIMCAT data),unspecified,INL-RPT-24-77048-R1.xlsx / MASTER_DATA_MAPPED col 107,GNCOA account; companion database to INL/RPT-24-77048
49,Contingency on Training Costs,Total Costs (2022 USD),0,AP1000,NOAK,Shirvan Private Communication (Tim Cat Data),unspecified,INL-RPT-24-77048-R1.xlsx / MASTER_DATA_MAPPED col 108,GNCOA account; companion database to INL/RPT-24-77048
50,Capitalized Supplementary Costs,Factory Equipment Costs (2022 USD),0,AP1000,ME FOAK,"Stewart, W. R., Shirvan, K., Velez, E., & Wiser, R. Pathways to Cost-effective Advanced Nuclear Technology.",2017,INL-RPT-24-77048-R1.xlsx / MASTER_DATA_MAPPED col 41,GNCOA account; companion database to INL/RPT-24-77048
50,Capitalized Supplementary Costs,Site Labor Cost (2022 USD),0,AP1000,ME FOAK,"Stewart, W. R., Shirvan, K., Velez, E., & Wiser, R. Pathways to Cost-effective Advanced Nuclear Technology.",2017,INL-RPT-24-77048-R1.xlsx / MASTER_DATA_MAPPED col 42,GNCOA account; companion database to INL/RPT-24-77048
50,Capitalized Supplementary Costs,Site Material Cost (2022 USD),0,AP1000,ME FOAK,"Stewart, W. R., Shirvan, K., Velez, E., & Wiser, R. Pathways to Cost-effective Advanced Nuclear Technology.",2017,INL-RPT-24-77048-R1.xlsx / MASTER_DATA_MAPPED col 43,GNCOA account; companion database to INL/RPT-24-77048
50,Capitalized Supplementary Costs,Total Costs (2022 USD),0,AP1000,ME FOAK,"Stewart, W. R., Shirvan, K., Velez, E., & Wiser, R. Pathways to Cost-effective Advanced Nuclear Technology.",2017,INL-RPT-24-77048-R1.xlsx / MASTER_DATA_MAPPED col 44,GNCOA account; companion database to INL/RPT-24-77048
50,Capitalized Supplementary Costs,Factory Equipment Costs (2022 USD),0,AP1000,BE NOAK,"Stewart, W. R., Shirvan, K., Velez, E., & Wiser, R. Pathways to Cost-effective Advanced Nuclear Technology.",2017,INL-RPT-24-77048-R1.xlsx / MASTER_DATA_MAPPED col 45,GNCOA account; companion database to INL/RPT-24-77048
50,Capitalized Supplementary Costs,Site Labor Cost (2022 USD),0,AP1000,BE NOAK,"Stewart, W. R., Shirvan, K., Velez, E., & Wiser, R. Pathways to Cost-effective Advanced Nuclear Technology.",2017,INL-RPT-24-77048-R1.xlsx / MASTER_DATA_MAPPED col 46,GNCOA account; companion database to INL/RPT-24-77048
50,Capitalized Supplementary Costs,Site Material Cost (2022 USD),0,AP1000,BE NOAK,"Stewart, W. R., Shirvan, K., Velez, E., & Wiser, R. Pathways to Cost-effective Advanced Nuclear Technology.",2017,INL-RPT-24-77048-R1.xlsx / MASTER_DATA_MAPPED col 47,GNCOA account; companion database to INL/RPT-24-77048
50,Capitalized Supplementary Costs,Total Costs (2022 USD),0,AP1000,BE NOAK,"Stewart, W. R., Shirvan, K., Velez, E., & Wiser, R. Pathways to Cost-effective Advanced Nuclear Technology.",2017,INL-RPT-24-77048-R1.xlsx / MASTER_DATA_MAPPED col 48,GNCOA account; companion database to INL/RPT-24-77048
50,Capitalized Supplementary Costs,Factory Equipment Costs (2022 USD),0,AP1000,0,Shirvan Private Communication (TIMCAT data),unspecified,INL-RPT-24-77048-R1.xlsx / MASTER_DATA_MAPPED col 105,GNCOA account; companion database to INL/RPT-24-77048
50,Capitalized Supplementary Costs,Site Labor Cost (2022 USD),0,AP1000,0,Shirvan Private Communication (TIMCAT data),unspecified,INL-RPT-24-77048-R1.xlsx / MASTER_DATA_MAPPED col 106,GNCOA account; companion database to INL/RPT-24-77048
50,Capitalized Supplementary Costs,Site Material Cost (2022 USD),0,AP1000,0,Shirvan Private Communication (TIMCAT data),unspecified,INL-RPT-24-77048-R1.xlsx / MASTER_DATA_MAPPED col 107,GNCOA account; companion database to INL/RPT-24-77048
50,Capitalized Supplementary Costs,Total Costs (2022 USD),0,AP1000,NOAK,Shirvan Private Communication (Tim Cat Data),unspecified,INL-RPT-24-77048-R1.xlsx / MASTER_DATA_MAPPED col 108,GNCOA account; companion database to INL/RPT-24-77048
51,Taxes,Factory Equipment Costs (2022 USD),0,AP1000,ME FOAK,"Stewart, W. R., Shirvan, K., Velez, E., & Wiser, R. Pathways to Cost-effective Advanced Nuclear Technology.",2017,INL-RPT-24-77048-R1.xlsx / MASTER_DATA_MAPPED col 41,GNCOA account; companion database to INL/RPT-24-77048
51,Taxes,Site Labor Cost (2022 USD),0,AP1000,ME FOAK,"Stewart, W. R., Shirvan, K., Velez, E., & Wiser, R. Pathways to Cost-effective Advanced Nuclear Technology.",2017,INL-RPT-24-77048-R1.xlsx / MASTER_DATA_MAPPED col 42,GNCOA account; companion database to INL/RPT-24-77048
51,Taxes,Site Material Cost (2022 USD),0,AP1000,ME FOAK,"Stewart, W. R., Shirvan, K., Velez, E., & Wiser, R. Pathways to Cost-effective Advanced Nuclear Technology.",2017,INL-RPT-24-77048-R1.xlsx / MASTER_DATA_MAPPED col 43,GNCOA account; companion database to INL/RPT-24-77048
51,Taxes,Total Costs (2022 USD),0,AP1000,ME FOAK,"Stewart, W. R., Shirvan, K., Velez, E., & Wiser, R. Pathways to Cost-effective Advanced Nuclear Technology.",2017,INL-RPT-24-77048-R1.xlsx / MASTER_DATA_MAPPED col 44,GNCOA account; companion database to INL/RPT-24-77048
51,Taxes,Factory Equipment Costs (2022 USD),0,AP1000,BE NOAK,"Stewart, W. R., Shirvan, K., Velez, E., & Wiser, R. Pathways to Cost-effective Advanced Nuclear Technology.",2017,INL-RPT-24-77048-R1.xlsx / MASTER_DATA_MAPPED col 45,GNCOA account; companion database to INL/RPT-24-77048
51,Taxes,Site Labor Cost (2022 USD),0,AP1000,BE NOAK,"Stewart, W. R., Shirvan, K., Velez, E., & Wiser, R. Pathways to Cost-effective Advanced Nuclear Technology.",2017,INL-RPT-24-77048-R1.xlsx / MASTER_DATA_MAPPED col 46,GNCOA account; companion database to INL/RPT-24-77048
51,Taxes,Site Material Cost (2022 USD),0,AP1000,BE NOAK,"Stewart, W. R., Shirvan, K., Velez, E., & Wiser, R. Pathways to Cost-effective Advanced Nuclear Technology.",2017,INL-RPT-24-77048-R1.xlsx / MASTER_DATA_MAPPED col 47,GNCOA account; companion database to INL/RPT-24-77048
51,Taxes,Total Costs (2022 USD),0,AP1000,BE NOAK,"Stewart, W. R., Shirvan, K., Velez, E., & Wiser, R. Pathways to Cost-effective Advanced Nuclear Technology.",2017,INL-RPT-24-77048-R1.xlsx / MASTER_DATA_MAPPED col 48,GNCOA account; companion database to INL/RPT-24-77048
51,Taxes,Factory Equipment Costs (2022 USD),0,AP1000,0,Shirvan Private Communication (TIMCAT data),unspecified,INL-RPT-24-77048-R1.xlsx / MASTER_DATA_MAPPED col 105,GNCOA account; companion database to INL/RPT-24-77048
51,Taxes,Site Labor Cost (2022 USD),0,AP1000,0,Shirvan Private Communication (TIMCAT data),unspecified,INL-RPT-24-77048-R1.xlsx / MASTER_DATA_MAPPED col 106,GNCOA account; companion database to INL/RPT-24-77048
51,Taxes,Site Material Cost (2022 USD),0,AP1000,0,Shirvan Private Communication (TIMCAT data),unspecified,INL-RPT-24-77048-R1.xlsx / MASTER_DATA_MAPPED col 107,GNCOA account; companion database to INL/RPT-24-77048
51,Taxes,Total Costs (2022 USD),0,AP1000,NOAK,Shirvan Private Communication (Tim Cat Data),unspecified,INL-RPT-24-77048-R1.xlsx / MASTER_DATA_MAPPED col 108,GNCOA account; companion database to INL/RPT-24-77048
52,Insurance,Factory Equipment Costs (2022 USD),0,AP1000,ME FOAK,"Stewart, W. R., Shirvan, K., Velez, E., & Wiser, R. Pathways to Cost-effective Advanced Nuclear Technology.",2017,INL-RPT-24-77048-R1.xlsx / MASTER_DATA_MAPPED col 41,GNCOA account; companion database to INL/RPT-24-77048
52,Insurance,Site Labor Cost (2022 USD),0,AP1000,ME FOAK,"Stewart, W. R., Shirvan, K., Velez, E., & Wiser, R. Pathways to Cost-effective Advanced Nuclear Technology.",2017,INL-RPT-24-77048-R1.xlsx / MASTER_DATA_MAPPED col 42,GNCOA account; companion database to INL/RPT-24-77048
52,Insurance,Site Material Cost (2022 USD),0,AP1000,ME FOAK,"Stewart, W. R., Shirvan, K., Velez, E., & Wiser, R. Pathways to Cost-effective Advanced Nuclear Technology.",2017,INL-RPT-24-77048-R1.xlsx / MASTER_DATA_MAPPED col 43,GNCOA account; companion database to INL/RPT-24-77048
52,Insurance,Total Costs (2022 USD),0,AP1000,ME FOAK,"Stewart, W. R., Shirvan, K., Velez, E., & Wiser, R. Pathways to Cost-effective Advanced Nuclear Technology.",2017,INL-RPT-24-77048-R1.xlsx / MASTER_DATA_MAPPED col 44,GNCOA account; companion database to INL/RPT-24-77048
52,Insurance,Factory Equipment Costs (2022 USD),0,AP1000,BE NOAK,"Stewart, W. R., Shirvan, K., Velez, E., & Wiser, R. Pathways to Cost-effective Advanced Nuclear Technology.",2017,INL-RPT-24-77048-R1.xlsx / MASTER_DATA_MAPPED col 45,GNCOA account; companion database to INL/RPT-24-77048
52,Insurance,Site Labor Cost (2022 USD),0,AP1000,BE NOAK,"Stewart, W. R., Shirvan, K., Velez, E., & Wiser, R. Pathways to Cost-effective Advanced Nuclear Technology.",2017,INL-RPT-24-77048-R1.xlsx / MASTER_DATA_MAPPED col 46,GNCOA account; companion database to INL/RPT-24-77048
52,Insurance,Site Material Cost (2022 USD),0,AP1000,BE NOAK,"Stewart, W. R., Shirvan, K., Velez, E., & Wiser, R. Pathways to Cost-effective Advanced Nuclear Technology.",2017,INL-RPT-24-77048-R1.xlsx / MASTER_DATA_MAPPED col 47,GNCOA account; companion database to INL/RPT-24-77048
52,Insurance,Total Costs (2022 USD),0,AP1000,BE NOAK,"Stewart, W. R., Shirvan, K., Velez, E., & Wiser, R. Pathways to Cost-effective Advanced Nuclear Technology.",2017,INL-RPT-24-77048-R1.xlsx / MASTER_DATA_MAPPED col 48,GNCOA account; companion database to INL/RPT-24-77048
52,Insurance,Factory Equipment Costs (2022 USD),0,AP1000,0,Shirvan Private Communication (TIMCAT data),unspecified,INL-RPT-24-77048-R1.xlsx / MASTER_DATA_MAPPED col 105,GNCOA account; companion database to INL/RPT-24-77048
52,Insurance,Site Labor Cost (2022 USD),0,AP1000,0,Shirvan Private Communication (TIMCAT data),unspecified,INL-RPT-24-77048-R1.xlsx / MASTER_DATA_MAPPED col 106,GNCOA account; companion database to INL/RPT-24-77048
52,Insurance,Site Material Cost (2022 USD),0,AP1000,0,Shirvan Private Communication (TIMCAT data),unspecified,INL-RPT-24-77048-R1.xlsx / MASTER_DATA_MAPPED col 107,GNCOA account; companion database to INL/RPT-24-77048
52,Insurance,Total Costs (2022 USD),0,AP1000,NOAK,Shirvan Private Communication (Tim Cat Data),unspecified,INL-RPT-24-77048-R1.xlsx / MASTER_DATA_MAPPED col 108,GNCOA account; companion database to INL/RPT-24-77048
53,Spent Fuel Storage,Factory Equipment Costs (2022 USD),0,AP1000,ME FOAK,"Stewart, W. R., Shirvan, K., Velez, E., & Wiser, R. Pathways to Cost-effective Advanced Nuclear Technology.",2017,INL-RPT-24-77048-R1.xlsx / MASTER_DATA_MAPPED col 41,GNCOA account; companion database to INL/RPT-24-77048
53,Spent Fuel Storage,Site Labor Cost (2022 USD),0,AP1000,ME FOAK,"Stewart, W. R., Shirvan, K., Velez, E., & Wiser, R. Pathways to Cost-effective Advanced Nuclear Technology.",2017,INL-RPT-24-77048-R1.xlsx / MASTER_DATA_MAPPED col 42,GNCOA account; companion database to INL/RPT-24-77048
53,Spent Fuel Storage,Site Material Cost (2022 USD),0,AP1000,ME FOAK,"Stewart, W. R., Shirvan, K., Velez, E., & Wiser, R. Pathways to Cost-effective Advanced Nuclear Technology.",2017,INL-RPT-24-77048-R1.xlsx / MASTER_DATA_MAPPED col 43,GNCOA account; companion database to INL/RPT-24-77048
53,Spent Fuel Storage,Total Costs (2022 USD),0,AP1000,ME FOAK,"Stewart, W. R., Shirvan, K., Velez, E., & Wiser, R. Pathways to Cost-effective Advanced Nuclear Technology.",2017,INL-RPT-24-77048-R1.xlsx / MASTER_DATA_MAPPED col 44,GNCOA account; companion database to INL/RPT-24-77048
53,Spent Fuel Storage,Factory Equipment Costs (2022 USD),0,AP1000,BE NOAK,"Stewart, W. R., Shirvan, K., Velez, E., & Wiser, R. Pathways to Cost-effective Advanced Nuclear Technology.",2017,INL-RPT-24-77048-R1.xlsx / MASTER_DATA_MAPPED col 45,GNCOA account; companion database to INL/RPT-24-77048
53,Spent Fuel Storage,Site Labor Cost (2022 USD),0,AP1000,BE NOAK,"Stewart, W. R., Shirvan, K., Velez, E., & Wiser, R. Pathways to Cost-effective Advanced Nuclear Technology.",2017,INL-RPT-24-77048-R1.xlsx / MASTER_DATA_MAPPED col 46,GNCOA account; companion database to INL/RPT-24-77048
53,Spent Fuel Storage,Site Material Cost (2022 USD),0,AP1000,BE NOAK,"Stewart, W. R., Shirvan, K., Velez, E., & Wiser, R. Pathways to Cost-effective Advanced Nuclear Technology.",2017,INL-RPT-24-77048-R1.xlsx / MASTER_DATA_MAPPED col 47,GNCOA account; companion database to INL/RPT-24-77048
53,Spent Fuel Storage,Total Costs (2022 USD),0,AP1000,BE NOAK,"Stewart, W. R., Shirvan, K., Velez, E., & Wiser, R. Pathways to Cost-effective Advanced Nuclear Technology.",2017,INL-RPT-24-77048-R1.xlsx / MASTER_DATA_MAPPED col 48,GNCOA account; companion database to INL/RPT-24-77048
53,Spent Fuel Storage,Factory Equipment Costs (2022 USD),0,AP1000,0,Shirvan Private Communication (TIMCAT data),unspecified,INL-RPT-24-77048-R1.xlsx / MASTER_DATA_MAPPED col 105,GNCOA account; companion database to INL/RPT-24-77048
53,Spent Fuel Storage,Site Labor Cost (2022 USD),0,AP1000,0,Shirvan Private Communication (TIMCAT data),unspecified,INL-RPT-24-77048-R1.xlsx / MASTER_DATA_MAPPED col 106,GNCOA account; companion database to INL/RPT-24-77048
53,Spent Fuel Storage,Site Material Cost (2022 USD),0,AP1000,0,Shirvan Private Communication (TIMCAT data),unspecified,INL-RPT-24-77048-R1.xlsx / MASTER_DATA_MAPPED col 107,GNCOA account; companion database to INL/RPT-24-77048
53,Spent Fuel Storage,Total Costs (2022 USD),0,AP1000,NOAK,Shirvan Private Communication (Tim Cat Data),unspecified,INL-RPT-24-77048-R1.xlsx / MASTER_DATA_MAPPED col 108,GNCOA account; companion database to INL/RPT-24-77048
54,Decommissioning,Factory Equipment Costs (2022 USD),0,AP1000,ME FOAK,"Stewart, W. R., Shirvan, K., Velez, E., & Wiser, R. Pathways to Cost-effective Advanced Nuclear Technology.",2017,INL-RPT-24-77048-R1.xlsx / MASTER_DATA_MAPPED col 41,GNCOA account; companion database to INL/RPT-24-77048
54,Decommissioning,Site Labor Cost (2022 USD),0,AP1000,ME FOAK,"Stewart, W. R., Shirvan, K., Velez, E., & Wiser, R. Pathways to Cost-effective Advanced Nuclear Technology.",2017,INL-RPT-24-77048-R1.xlsx / MASTER_DATA_MAPPED col 42,GNCOA account; companion database to INL/RPT-24-77048
54,Decommissioning,Site Material Cost (2022 USD),0,AP1000,ME FOAK,"Stewart, W. R., Shirvan, K., Velez, E., & Wiser, R. Pathways to Cost-effective Advanced Nuclear Technology.",2017,INL-RPT-24-77048-R1.xlsx / MASTER_DATA_MAPPED col 43,GNCOA account; companion database to INL/RPT-24-77048
54,Decommissioning,Total Costs (2022 USD),0,AP1000,ME FOAK,"Stewart, W. R., Shirvan, K., Velez, E., & Wiser, R. Pathways to Cost-effective Advanced Nuclear Technology.",2017,INL-RPT-24-77048-R1.xlsx / MASTER_DATA_MAPPED col 44,GNCOA account; companion database to INL/RPT-24-77048
54,Decommissioning,Factory Equipment Costs (2022 USD),0,AP1000,BE NOAK,"Stewart, W. R., Shirvan, K., Velez, E., & Wiser, R. Pathways to Cost-effective Advanced Nuclear Technology.",2017,INL-RPT-24-77048-R1.xlsx / MASTER_DATA_MAPPED col 45,GNCOA account; companion database to INL/RPT-24-77048
54,Decommissioning,Site Labor Cost (2022 USD),0,AP1000,BE NOAK,"Stewart, W. R., Shirvan, K., Velez, E., & Wiser, R. Pathways to Cost-effective Advanced Nuclear Technology.",2017,INL-RPT-24-77048-R1.xlsx / MASTER_DATA_MAPPED col 46,GNCOA account; companion database to INL/RPT-24-77048
54,Decommissioning,Site Material Cost (2022 USD),0,AP1000,BE NOAK,"Stewart, W. R., Shirvan, K., Velez, E., & Wiser, R. Pathways to Cost-effective Advanced Nuclear Technology.",2017,INL-RPT-24-77048-R1.xlsx / MASTER_DATA_MAPPED col 47,GNCOA account; companion database to INL/RPT-24-77048
54,Decommissioning,Total Costs (2022 USD),0,AP1000,BE NOAK,"Stewart, W. R., Shirvan, K., Velez, E., & Wiser, R. Pathways to Cost-effective Advanced Nuclear Technology.",2017,INL-RPT-24-77048-R1.xlsx / MASTER_DATA_MAPPED col 48,GNCOA account; companion database to INL/RPT-24-77048
54,Decommissioning,Factory Equipment Costs (2022 USD),0,AP1000,0,Shirvan Private Communication (TIMCAT data),unspecified,INL-RPT-24-77048-R1.xlsx / MASTER_DATA_MAPPED col 105,GNCOA account; companion database to INL/RPT-24-77048
54,Decommissioning,Site Labor Cost (2022 USD),0,AP1000,0,Shirvan Private Communication (TIMCAT data),unspecified,INL-RPT-24-77048-R1.xlsx / MASTER_DATA_MAPPED col 106,GNCOA account; companion database to INL/RPT-24-77048
54,Decommissioning,Site Material Cost (2022 USD),0,AP1000,0,Shirvan Private Communication (TIMCAT data),unspecified,INL-RPT-24-77048-R1.xlsx / MASTER_DATA_MAPPED col 107,GNCOA account; companion database to INL/RPT-24-77048
54,Decommissioning,Total Costs (2022 USD),0,AP1000,NOAK,Shirvan Private Communication (Tim Cat Data),unspecified,INL-RPT-24-77048-R1.xlsx / MASTER_DATA_MAPPED col 108,GNCOA account; companion database to INL/RPT-24-77048
55,Other Owners' Costs,Factory Equipment Costs (2022 USD),0,AP1000,ME FOAK,"Stewart, W. R., Shirvan, K., Velez, E., & Wiser, R. Pathways to Cost-effective Advanced Nuclear Technology.",2017,INL-RPT-24-77048-R1.xlsx / MASTER_DATA_MAPPED col 41,GNCOA account; companion database to INL/RPT-24-77048
55,Other Owners' Costs,Site Labor Cost (2022 USD),0,AP1000,ME FOAK,"Stewart, W. R., Shirvan, K., Velez, E., & Wiser, R. Pathways to Cost-effective Advanced Nuclear Technology.",2017,INL-RPT-24-77048-R1.xlsx / MASTER_DATA_MAPPED col 42,GNCOA account; companion database to INL/RPT-24-77048
55,Other Owners' Costs,Site Material Cost (2022 USD),0,AP1000,ME FOAK,"Stewart, W. R., Shirvan, K., Velez, E., & Wiser, R. Pathways to Cost-effective Advanced Nuclear Technology.",2017,INL-RPT-24-77048-R1.xlsx / MASTER_DATA_MAPPED col 43,GNCOA account; companion database to INL/RPT-24-77048
55,Other Owners' Costs,Total Costs (2022 USD),0,AP1000,ME FOAK,"Stewart, W. R., Shirvan, K., Velez, E., & Wiser, R. Pathways to Cost-effective Advanced Nuclear Technology.",2017,INL-RPT-24-77048-R1.xlsx / MASTER_DATA_MAPPED col 44,GNCOA account; companion database to INL/RPT-24-77048
55,Other Owners' Costs,Factory Equipment Costs (2022 USD),0,AP1000,BE NOAK,"Stewart, W. R., Shirvan, K., Velez, E., & Wiser, R. Pathways to Cost-effective Advanced Nuclear Technology.",2017,INL-RPT-24-77048-R1.xlsx / MASTER_DATA_MAPPED col 45,GNCOA account; companion database to INL/RPT-24-77048
55,Other Owners' Costs,Site Labor Cost (2022 USD),0,AP1000,BE NOAK,"Stewart, W. R., Shirvan, K., Velez, E., & Wiser, R. Pathways to Cost-effective Advanced Nuclear Technology.",2017,INL-RPT-24-77048-R1.xlsx / MASTER_DATA_MAPPED col 46,GNCOA account; companion database to INL/RPT-24-77048
55,Other Owners' Costs,Site Material Cost (2022 USD),0,AP1000,BE NOAK,"Stewart, W. R., Shirvan, K., Velez, E., & Wiser, R. Pathways to Cost-effective Advanced Nuclear Technology.",2017,INL-RPT-24-77048-R1.xlsx / MASTER_DATA_MAPPED col 47,GNCOA account; companion database to INL/RPT-24-77048
55,Other Owners' Costs,Total Costs (2022 USD),0,AP1000,BE NOAK,"Stewart, W. R., Shirvan, K., Velez, E., & Wiser, R. Pathways to Cost-effective Advanced Nuclear Technology.",2017,INL-RPT-24-77048-R1.xlsx / MASTER_DATA_MAPPED col 48,GNCOA account; companion database to INL/RPT-24-77048
55,Other Owners' Costs,Factory Equipment Costs (2022 USD),0,AP1000,0,Shirvan Private Communication (TIMCAT data),unspecified,INL-RPT-24-77048-R1.xlsx / MASTER_DATA_MAPPED col 105,GNCOA account; companion database to INL/RPT-24-77048
55,Other Owners' Costs,Site Labor Cost (2022 USD),0,AP1000,0,Shirvan Private Communication (TIMCAT data),unspecified,INL-RPT-24-77048-R1.xlsx / MASTER_DATA_MAPPED col 106,GNCOA account; companion database to INL/RPT-24-77048
55,Other Owners' Costs,Site Material Cost (2022 USD),0,AP1000,0,Shirvan Private Communication (TIMCAT data),unspecified,INL-RPT-24-77048-R1.xlsx / MASTER_DATA_MAPPED col 107,GNCOA account; companion database to INL/RPT-24-77048
55,Other Owners' Costs,Total Costs (2022 USD),0,AP1000,NOAK,Shirvan Private Communication (Tim Cat Data),unspecified,INL-RPT-24-77048-R1.xlsx / MASTER_DATA_MAPPED col 108,GNCOA account; companion database to INL/RPT-24-77048
56,Fees,Factory Equipment Costs (2022 USD),0,AP1000,ME FOAK,"Stewart, W. R., Shirvan, K., Velez, E., & Wiser, R. Pathways to Cost-effective Advanced Nuclear Technology.",2017,INL-RPT-24-77048-R1.xlsx / MASTER_DATA_MAPPED col 41,GNCOA account; companion database to INL/RPT-24-77048
56,Fees,Site Labor Cost (2022 USD),0,AP1000,ME FOAK,"Stewart, W. R., Shirvan, K., Velez, E., & Wiser, R. Pathways to Cost-effective Advanced Nuclear Technology.",2017,INL-RPT-24-77048-R1.xlsx / MASTER_DATA_MAPPED col 42,GNCOA account; companion database to INL/RPT-24-77048
56,Fees,Site Material Cost (2022 USD),0,AP1000,ME FOAK,"Stewart, W. R., Shirvan, K., Velez, E., & Wiser, R. Pathways to Cost-effective Advanced Nuclear Technology.",2017,INL-RPT-24-77048-R1.xlsx / MASTER_DATA_MAPPED col 43,GNCOA account; companion database to INL/RPT-24-77048
56,Fees,Total Costs (2022 USD),0,AP1000,ME FOAK,"Stewart, W. R., Shirvan, K., Velez, E., & Wiser, R. Pathways to Cost-effective Advanced Nuclear Technology.",2017,INL-RPT-24-77048-R1.xlsx / MASTER_DATA_MAPPED col 44,GNCOA account; companion database to INL/RPT-24-77048
56,Fees,Factory Equipment Costs (2022 USD),0,AP1000,BE NOAK,"Stewart, W. R., Shirvan, K., Velez, E., & Wiser, R. Pathways to Cost-effective Advanced Nuclear Technology.",2017,INL-RPT-24-77048-R1.xlsx / MASTER_DATA_MAPPED col 45,GNCOA account; companion database to INL/RPT-24-77048
56,Fees,Site Labor Cost (2022 USD),0,AP1000,BE NOAK,"Stewart, W. R., Shirvan, K., Velez, E., & Wiser, R. Pathways to Cost-effective Advanced Nuclear Technology.",2017,INL-RPT-24-77048-R1.xlsx / MASTER_DATA_MAPPED col 46,GNCOA account; companion database to INL/RPT-24-77048
56,Fees,Site Material Cost (2022 USD),0,AP1000,BE NOAK,"Stewart, W. R., Shirvan, K., Velez, E., & Wiser, R. Pathways to Cost-effective Advanced Nuclear Technology.",2017,INL-RPT-24-77048-R1.xlsx / MASTER_DATA_MAPPED col 47,GNCOA account; companion database to INL/RPT-24-77048
56,Fees,Total Costs (2022 USD),0,AP1000,BE NOAK,"Stewart, W. R., Shirvan, K., Velez, E., & Wiser, R. Pathways to Cost-effective Advanced Nuclear Technology.",2017,INL-RPT-24-77048-R1.xlsx / MASTER_DATA_MAPPED col 48,GNCOA account; companion database to INL/RPT-24-77048
56,Fees,Factory Equipment Costs (2022 USD),0,AP1000,0,Shirvan Private Communication (TIMCAT data),unspecified,INL-RPT-24-77048-R1.xlsx / MASTER_DATA_MAPPED col 105,GNCOA account; companion database to INL/RPT-24-77048
56,Fees,Site Labor Cost (2022 USD),0,AP1000,0,Shirvan Private Communication (TIMCAT data),unspecified,INL-RPT-24-77048-R1.xlsx / MASTER_DATA_MAPPED col 106,GNCOA account; companion database to INL/RPT-24-77048
56,Fees,Site Material Cost (2022 USD),0,AP1000,0,Shirvan Private Communication (TIMCAT data),unspecified,INL-RPT-24-77048-R1.xlsx / MASTER_DATA_MAPPED col 107,GNCOA account; companion database to INL/RPT-24-77048
56,Fees,Total Costs (2022 USD),0,AP1000,NOAK,Shirvan Private Communication (Tim Cat Data),unspecified,INL-RPT-24-77048-R1.xlsx / MASTER_DATA_MAPPED col 108,GNCOA account; companion database to INL/RPT-24-77048
57,Management Reserve,Factory Equipment Costs (2022 USD),0,AP1000,ME FOAK,"Stewart, W. R., Shirvan, K., Velez, E., & Wiser, R. Pathways to Cost-effective Advanced Nuclear Technology.",2017,INL-RPT-24-77048-R1.xlsx / MASTER_DATA_MAPPED col 41,GNCOA account; companion database to INL/RPT-24-77048
57,Management Reserve,Site Labor Cost (2022 USD),0,AP1000,ME FOAK,"Stewart, W. R., Shirvan, K., Velez, E., & Wiser, R. Pathways to Cost-effective Advanced Nuclear Technology.",2017,INL-RPT-24-77048-R1.xlsx / MASTER_DATA_MAPPED col 42,GNCOA account; companion database to INL/RPT-24-77048
57,Management Reserve,Site Material Cost (2022 USD),0,AP1000,ME FOAK,"Stewart, W. R., Shirvan, K., Velez, E., & Wiser, R. Pathways to Cost-effective Advanced Nuclear Technology.",2017,INL-RPT-24-77048-R1.xlsx / MASTER_DATA_MAPPED col 43,GNCOA account; companion database to INL/RPT-24-77048
57,Management Reserve,Total Costs (2022 USD),0,AP1000,ME FOAK,"Stewart, W. R., Shirvan, K., Velez, E., & Wiser, R. Pathways to Cost-effective Advanced Nuclear Technology.",2017,INL-RPT-24-77048-R1.xlsx / MASTER_DATA_MAPPED col 44,GNCOA account; companion database to INL/RPT-24-77048
57,Management Reserve,Factory Equipment Costs (2022 USD),0,AP1000,BE NOAK,"Stewart, W. R., Shirvan, K., Velez, E., & Wiser, R. Pathways to Cost-effective Advanced Nuclear Technology.",2017,INL-RPT-24-77048-R1.xlsx / MASTER_DATA_MAPPED col 45,GNCOA account; companion database to INL/RPT-24-77048
57,Management Reserve,Site Labor Cost (2022 USD),0,AP1000,BE NOAK,"Stewart, W. R., Shirvan, K., Velez, E., & Wiser, R. Pathways to Cost-effective Advanced Nuclear Technology.",2017,INL-RPT-24-77048-R1.xlsx / MASTER_DATA_MAPPED col 46,GNCOA account; companion database to INL/RPT-24-77048
57,Management Reserve,Site Material Cost (2022 USD),0,AP1000,BE NOAK,"Stewart, W. R., Shirvan, K., Velez, E., & Wiser, R. Pathways to Cost-effective Advanced Nuclear Technology.",2017,INL-RPT-24-77048-R1.xlsx / MASTER_DATA_MAPPED col 47,GNCOA account; companion database to INL/RPT-24-77048
57,Management Reserve,Total Costs (2022 USD),0,AP1000,BE NOAK,"Stewart, W. R., Shirvan, K., Velez, E., & Wiser, R. Pathways to Cost-effective Advanced Nuclear Technology.",2017,INL-RPT-24-77048-R1.xlsx / MASTER_DATA_MAPPED col 48,GNCOA account; companion database to INL/RPT-24-77048
57,Management Reserve,Factory Equipment Costs (2022 USD),0,AP1000,0,Shirvan Private Communication (TIMCAT data),unspecified,INL-RPT-24-77048-R1.xlsx / MASTER_DATA_MAPPED col 105,GNCOA account; companion database to INL/RPT-24-77048
57,Management Reserve,Site Labor Cost (2022 USD),0,AP1000,0,Shirvan Private Communication (TIMCAT data),unspecified,INL-RPT-24-77048-R1.xlsx / MASTER_DATA_MAPPED col 106,GNCOA account; companion database to INL/RPT-24-77048
57,Management Reserve,Site Material Cost (2022 USD),0,AP1000,0,Shirvan Private Communication (TIMCAT data),unspecified,INL-RPT-24-77048-R1.xlsx / MASTER_DATA_MAPPED col 107,GNCOA account; companion database to INL/RPT-24-77048
57,Management Reserve,Total Costs (2022 USD),0,AP1000,NOAK,Shirvan Private Communication (Tim Cat Data),unspecified,INL-RPT-24-77048-R1.xlsx / MASTER_DATA_MAPPED col 108,GNCOA account; companion database to INL/RPT-24-77048
59,Supplementary Contingencies,Factory Equipment Costs (2022 USD),0,AP1000,ME FOAK,"Stewart, W. R., Shirvan, K., Velez, E., & Wiser, R. Pathways to Cost-effective Advanced Nuclear Technology.",2017,INL-RPT-24-77048-R1.xlsx / MASTER_DATA_MAPPED col 41,GNCOA account; companion database to INL/RPT-24-77048
59,Supplementary Contingencies,Site Labor Cost (2022 USD),0,AP1000,ME FOAK,"Stewart, W. R., Shirvan, K., Velez, E., & Wiser, R. Pathways to Cost-effective Advanced Nuclear Technology.",2017,INL-RPT-24-77048-R1.xlsx / MASTER_DATA_MAPPED col 42,GNCOA account; companion database to INL/RPT-24-77048
59,Supplementary Contingencies,Site Material Cost (2022 USD),0,AP1000,ME FOAK,"Stewart, W. R., Shirvan, K., Velez, E., & Wiser, R. Pathways to Cost-effective Advanced Nuclear Technology.",2017,INL-RPT-24-77048-R1.xlsx / MASTER_DATA_MAPPED col 43,GNCOA account; companion database to INL/RPT-24-77048
59,Supplementary Contingencies,Total Costs (2022 USD),0,AP1000,ME FOAK,"Stewart, W. R., Shirvan, K., Velez, E., & Wiser, R. Pathways to Cost-effective Advanced Nuclear Technology.",2017,INL-RPT-24-77048-R1.xlsx / MASTER_DATA_MAPPED col 44,GNCOA account; companion database to INL/RPT-24-77048
59,Supplementary Contingencies,Factory Equipment Costs (2022 USD),0,AP1000,BE NOAK,"Stewart, W. R., Shirvan, K., Velez, E., & Wiser, R. Pathways to Cost-effective Advanced Nuclear Technology.",2017,INL-RPT-24-77048-R1.xlsx / MASTER_DATA_MAPPED col 45,GNCOA account; companion database to INL/RPT-24-77048
59,Supplementary Contingencies,Site Labor Cost (2022 USD),0,AP1000,BE NOAK,"Stewart, W. R., Shirvan, K., Velez, E., & Wiser, R. Pathways to Cost-effective Advanced Nuclear Technology.",2017,INL-RPT-24-77048-R1.xlsx / MASTER_DATA_MAPPED col 46,GNCOA account; companion database to INL/RPT-24-77048
59,Supplementary Contingencies,Site Material Cost (2022 USD),0,AP1000,BE NOAK,"Stewart, W. R., Shirvan, K., Velez, E., & Wiser, R. Pathways to Cost-effective Advanced Nuclear Technology.",2017,INL-RPT-24-77048-R1.xlsx / MASTER_DATA_MAPPED col 47,GNCOA account; companion database to INL/RPT-24-77048
59,Supplementary Contingencies,Total Costs (2022 USD),0,AP1000,BE NOAK,"Stewart, W. R., Shirvan, K., Velez, E., & Wiser, R. Pathways to Cost-effective Advanced Nuclear Technology.",2017,INL-RPT-24-77048-R1.xlsx / MASTER_DATA_MAPPED col 48,GNCOA account; companion database to INL/RPT-24-77048
59,Supplementary Contingencies,Factory Equipment Costs (2022 USD),0,AP1000,0,Shirvan Private Communication (TIMCAT data),unspecified,INL-RPT-24-77048-R1.xlsx / MASTER_DATA_MAPPED col 105,GNCOA account; companion database to INL/RPT-24-77048
59,Supplementary Contingencies,Site Labor Cost (2022 USD),0,AP1000,0,Shirvan Private Communication (TIMCAT data),unspecified,INL-RPT-24-77048-R1.xlsx / MASTER_DATA_MAPPED col 106,GNCOA account; companion database to INL/RPT-24-77048
59,Supplementary Contingencies,Site Material Cost (2022 USD),0,AP1000,0,Shirvan Private Communication (TIMCAT data),unspecified,INL-RPT-24-77048-R1.xlsx / MASTER_DATA_MAPPED col 107,GNCOA account; companion database to INL/RPT-24-77048
59,Supplementary Contingencies,Total Costs (2022 USD),0,AP1000,NOAK,Shirvan Private Communication (Tim Cat Data),unspecified,INL-RPT-24-77048-R1.xlsx / MASTER_DATA_MAPPED col 108,GNCOA account; companion database to INL/RPT-24-77048
