account_code,account_name,category,parameter_or_unit,quantity,count_per_plant,factory_equipment_cost,site_labor_hours,site_labor_cost,site_material_cost,total_cost,ref_eedb_cost_1987usd,direct_cost_2018usd,source_file,sheet
A.221.1,RPV,Reactor equipment,Vessel mass (kg),352000,1,,,,,,70290399,,TIMCAT/inputfile_LPSR.xlsx,22-ReactorEquipment
A.221.3,RPV Internals,Reactor equipment,RPV diameter (m),4.5,1,,,,,,,,TIMCAT/inputfile_LPSR.xlsx,22-ReactorEquipment
A.221.2,Control rods,Reactor equipment,Number of CRs per RX,69,1,,,,,,56511634,,TIMCAT/inputfile_LPSR.xlsx,22-ReactorEquipment
A.222.11,Primary coolant pump,Main heat transport system,Power (kW) (m3/sec*head*specific weight),5000,4,,,,,,46653127,,TIMCAT/inputfile_LPSR.xlsx,22-ReactorEquipment
A.222.12,Primary system piping,Main heat transport system,Primary system piping mass (kg),77000,1,,,,,,9901444,,TIMCAT/inputfile_LPSR.xlsx,22-ReactorEquipment
A.222.13,Steam generators,Main heat transport system,HT surface area (m2),11477,2,,,,,,53034613,,TIMCAT/inputfile_LPSR.xlsx,22-ReactorEquipment
A.222.14,Pressurizer,Main heat transport system,Pressurizer mass (kg),106000,1,,,,,,3650698,,TIMCAT/inputfile_LPSR.xlsx,22-ReactorEquipment
A.223.1,Residual heat removal,Safeguards system,,,,,,,,,5247201,,TIMCAT/inputfile_LPSR.xlsx,22-ReactorEquipment
A.223.3,Safety injection system,Safeguards system,,,,,,,,,9919243,,TIMCAT/inputfile_LPSR.xlsx,22-ReactorEquipment
A.223.4,Containment spray,Safeguards system,Containment volume (m3),86163.9381112316,1,,,,,,5301297,,TIMCAT/inputfile_LPSR.xlsx,22-ReactorEquipment
A.223.5,Combustible gas control,Safeguards system,Containment volume (m3),86163.9381112316,1,,,,,,1080923,,TIMCAT/inputfile_LPSR.xlsx,22-ReactorEquipment
A.224.1,Liquid waste system,Radwaste processing,Primary flow rate (liters/sec),19880,1,,,,,,11383735,,TIMCAT/inputfile_LPSR.xlsx,22-ReactorEquipment
A.224.2,Rad gas waste processing,Radwaste processing,Primary flow rate (liters/sec),19880,1,,,,,,1526383,,TIMCAT/inputfile_LPSR.xlsx,22-ReactorEquipment
A.224.3,Solid waste system,Radwaste processing,,,,,,,,,8032289,,TIMCAT/inputfile_LPSR.xlsx,22-ReactorEquipment
A.225.111,Fuel crane,Fuel handling and storage,Fuel crane capacity (tons),2,1,,,,,,1552247,,TIMCAT/inputfile_LPSR.xlsx,22-ReactorEquipment
A.225.112,Monorails/hoists,Fuel handling and storage,,,,,,,,,,,TIMCAT/inputfile_LPSR.xlsx,22-ReactorEquipment
A.225.113,Fuel elevator,Fuel handling and storage,,,,,,,,,,,TIMCAT/inputfile_LPSR.xlsx,22-ReactorEquipment
A.225.114,Spent fuel cask crane,Fuel handling and storage,Fuel cask capacity,113,1,,,,,,,,TIMCAT/inputfile_LPSR.xlsx,22-ReactorEquipment
A.225.12,Fuel handling tools,Fuel handling and storage,,,,,,,,,,,TIMCAT/inputfile_LPSR.xlsx,22-ReactorEquipment
A.225.13,Transfer system,Fuel handling and storage,,,,,,,,,,,TIMCAT/inputfile_LPSR.xlsx,22-ReactorEquipment
A.225.3,Service platforms,Fuel handling and storage,,,,,,,,,135892,,TIMCAT/inputfile_LPSR.xlsx,22-ReactorEquipment
A.225.4,"Fuel storage, cleaning, inspection",Fuel handling and storage,Spent fuel pool volume (m3),750,1,,,,,,2492958,,TIMCAT/inputfile_LPSR.xlsx,22-ReactorEquipment
A.217.3,Spent fuel pool liner,Fuel Storage Building,Spent fuel pool surface area (m2),480,1,,,,,,3513900,,TIMCAT/inputfile_LPSR.xlsx,22-ReactorEquipment
A.212.3,Passive cooling pool liner,Reactor Building,Passive cooling pool surface area (m2),1000,1,,,,,,,,TIMCAT/inputfile_LPSR.xlsx,22-ReactorEquipment
A.226.1,Intert gas system,Other equipment,,,,,,,,,1240051,,TIMCAT/inputfile_LPSR.xlsx,22-ReactorEquipment
A.226.3,Reactor makeup water system,Other equipment,,,,,,,,,1492582,,TIMCAT/inputfile_LPSR.xlsx,22-ReactorEquipment
A.226.4,Coolant treatment and recycle,Other equipment,Primary flow rate (liters/sec),19880,1,,,,,,17186529,,TIMCAT/inputfile_LPSR.xlsx,22-ReactorEquipment
A.226.6,Fluid leak detection system,Other equipment,,,,,,,,,173004,,TIMCAT/inputfile_LPSR.xlsx,22-ReactorEquipment
A.226.71,Nuclear service water system,Other equipment,RX power (MW),3400,1,,,,,,11187252,,TIMCAT/inputfile_LPSR.xlsx,22-ReactorEquipment
A.226.72,Primary component cooling water,Other equipment,Primary flow rate (liters/sec),19880,1,,,,,,8184572,,TIMCAT/inputfile_LPSR.xlsx,22-ReactorEquipment
A.226.8,Maintenance equipment,Other equipment,,,,,,,,,4374197,,TIMCAT/inputfile_LPSR.xlsx,22-ReactorEquipment
A.226.9,Sampling equipment,Other equipment,,,,,,,,,,,TIMCAT/inputfile_LPSR.xlsx,22-ReactorEquipment
A.227.11,NSS Control Board,Reactor I&C,Number of RXs,1,1,,,,,,3603548,,TIMCAT/inputfile_LPSR.xlsx,22-ReactorEquipment
A.227.15,HVAC Panels,Reactor I&C,,,,,,,,,,,TIMCAT/inputfile_LPSR.xlsx,22-ReactorEquipment
A.227.16,Radwaste Panels & Racks,Reactor I&C,,,,,,,,,,,TIMCAT/inputfile_LPSR.xlsx,22-ReactorEquipment
A.227.17,Local Panels & Cabinets,Reactor I&C,,,,,,,,,,,TIMCAT/inputfile_LPSR.xlsx,22-ReactorEquipment
A.227.18,Instrument Ranks,Reactor I&C,,,,,,,,,,,TIMCAT/inputfile_LPSR.xlsx,22-ReactorEquipment
A.227.19,Alarm System,Reactor I&C,Number of CRs per RX,69,1,,,,,,,,TIMCAT/inputfile_LPSR.xlsx,22-ReactorEquipment
A.227.2,Process Computer,Reactor I&C,Number of RXs,1,1,,,,,,3253606,,TIMCAT/inputfile_LPSR.xlsx,22-ReactorEquipment
A.227.3,Monitoring Systems,Reactor I&C,,,,,,,,,4006562,,TIMCAT/inputfile_LPSR.xlsx,22-ReactorEquipment
A.227.4,Plant Control Systems,Reactor I&C,Number of CRs per RX,69,1,,,,,,3183570,,TIMCAT/inputfile_LPSR.xlsx,22-ReactorEquipment
A.227.5,Reactor Plant I&C Tubing & Fitting,Reactor I&C,Number of CRs per RX,69,1,,,,,,3902000,,TIMCAT/inputfile_LPSR.xlsx,22-ReactorEquipment
A.227.9,TMI Instrumentation,Reactor I&C,Number of CRs per RX,69,1,,,,,,3605984,,TIMCAT/inputfile_LPSR.xlsx,22-ReactorEquipment
A.228.1,Field Painting,Reactor Plant Miscellaneous Items,,,,,,,,,755364.7879445322,,TIMCAT/inputfile_LPSR.xlsx,22-ReactorEquipment
A.228.2,Qualification of Welders,Reactor Plant Miscellaneous Items,,,,,,,,,3133664.368852972,,TIMCAT/inputfile_LPSR.xlsx,22-ReactorEquipment
A.228.4,Reactor Plant Insulation,Reactor Plant Miscellaneous Items,RPV insulated area (m2),250,1,,,,,,3563245.843202496,,TIMCAT/inputfile_LPSR.xlsx,22-ReactorEquipment
A.229.1,Containment vacuum pump,NuScale Equipment,Pump power (kW),0,1,,,,,,,,TIMCAT/inputfile_LPSR.xlsx,22-ReactorEquipment
A.229.2,Containment flooding & drain,NuScale Equipment,Evacuated volume (m3),0,1,,,,,,,,TIMCAT/inputfile_LPSR.xlsx,22-ReactorEquipment
A.229.3,Reactor Cavity Cooling System,HTGR Equipment,RPV surface area (m2),150.7964474,1,,,,,,,0,TIMCAT/inputfile_LPSR.xlsx,22-ReactorEquipment
A.229.4,Refueling Equipment,HTGR Equipment,Core diameter (m),4,1,,,,,,,0,TIMCAT/inputfile_LPSR.xlsx,22-ReactorEquipment
A.229.5,He Purification Equipment,HTGR Equipment,He purif flow rate (kg/s),0.88,1,,,,,,,0,TIMCAT/inputfile_LPSR.xlsx,22-ReactorEquipment
A.229.6,He Circulator,HTGR Equipment,Circulator power (kW),2791,1,,,,,,,0,TIMCAT/inputfile_LPSR.xlsx,22-ReactorEquipment
A.229.7,Isolation Condensers,BWR,Thermal power rating (MW),30,4,,,,,,,0,TIMCAT/inputfile_LPSR.xlsx,22-ReactorEquipment
A.231.,Turbine Generator,Turbine Equipment,,,,,,,,,133984273,,TIMCAT/inputfile_LPSR.xlsx,23-TurbineEquipment
A.233.,Condensing System,Turbine Equipment,,,,,,,,,28981986,,TIMCAT/inputfile_LPSR.xlsx,23-TurbineEquipment
A.234.,Feedwater Heating System,Turbine Equipment,HT Surface Area (m2),79440.77134986225,1,,,,,,23588801,,TIMCAT/inputfile_LPSR.xlsx,23-TurbineEquipment
A.235.,Other Turbine Plant Equipment,Turbine Equipment,,,,,,,,,22323194,,TIMCAT/inputfile_LPSR.xlsx,23-TurbineEquipment
A.236.,Instrumentation & Control,Turbine Equipment,,,,,,,,,6854212,,TIMCAT/inputfile_LPSR.xlsx,23-TurbineEquipment
A.237.,Turbine Plant Misc. Items,Turbine Equipment,,,,,,,,,8045900,,TIMCAT/inputfile_LPSR.xlsx,23-TurbineEquipment
A.241.,Switchgear,Electrical Equipment,Safety,Passive,1,,,,,,11946283,,TIMCAT/inputfile_LPSR.xlsx,24-ElectricalEquipment
A.242.,Station Service Equipment,Electrical Equipment,Safety,Passive,1,,,,,,20163388,,TIMCAT/inputfile_LPSR.xlsx,24-ElectricalEquipment
A.243.,Switchboards,Electrical Equipment,Safety,Passive,1,,,,,,2048898,,TIMCAT/inputfile_LPSR.xlsx,24-ElectricalEquipment
A.244.,Protective Equipment,Electrical Equipment,Safety,Passive,1,,,,,,4261386,,TIMCAT/inputfile_LPSR.xlsx,24-ElectricalEquipment
A.245.,Electrical Structure & Wiring Container,Electrical Equipment,Safety,Passive,1,,,,,,22301683,,TIMCAT/inputfile_LPSR.xlsx,24-ElectricalEquipment
A.246.,Power & Control Wiring,Electrical Equipment,Safety,Passive,1,,,,,,20601086,,TIMCAT/inputfile_LPSR.xlsx,24-ElectricalEquipment
A.251.111,TG Crane,Transportation and lift equipment,TG crane capacity,190,1,,,,,,1433136,,TIMCAT/inputfile_LPSR.xlsx,25-MiscEquipment
A.251.112,HB crane,Transportation and lift equipment,Heater bay crane capacity,90,1,,,,,,575934,,TIMCAT/inputfile_LPSR.xlsx,25-MiscEquipment
A.251.12,Containment crane,Transportation and lift equipment,Containment crane,380,1,,,,,,3000136,,TIMCAT/inputfile_LPSR.xlsx,25-MiscEquipment
A.251.16,Misc. cranes,Transportation and lift equipment,,,,,,,,,519581,,TIMCAT/inputfile_LPSR.xlsx,25-MiscEquipment
A.251.17,DG crane,Transportation and lift equipment,Diesel building crane,4.5,2,,,,,,465043,,TIMCAT/inputfile_LPSR.xlsx,25-MiscEquipment
A.252.1,Air system,"Air, water, and steam service system","Volume of 212, 213, 215, 216, 217",,,,,,,,5725138,,TIMCAT/inputfile_LPSR.xlsx,25-MiscEquipment
A.252.2,Water system,"Air, water, and steam service system","Volume of 212, 213, 215, 216, 217",,,,,,,,18534959,,TIMCAT/inputfile_LPSR.xlsx,25-MiscEquipment
A.252.3,Steam system,"Air, water, and steam service system","Volume of 212, 213, 215, 216, 217",,,,,,,,4277339,,TIMCAT/inputfile_LPSR.xlsx,25-MiscEquipment
A.252.4,Plant fuel oil system,"Air, water, and steam service system",,,,,,,,,188218,,TIMCAT/inputfile_LPSR.xlsx,25-MiscEquipment
A.253.,Communications equipment,Communications equipment,"Volume of 212, 213, 215, 216, 217",,,,,,,,6415046,,TIMCAT/inputfile_LPSR.xlsx,25-MiscEquipment
A.254.,Furnishings and fixtures,Furnishings and fixtures,"Volume of 212, 213, 215, 216, 217",,,,,,,,2735984,,TIMCAT/inputfile_LPSR.xlsx,25-MiscEquipment
A.255.,Waste water treatment,Waste water treatment,,,,,,,,,2831384,,TIMCAT/inputfile_LPSR.xlsx,25-MiscEquipment
A.211.1,General Yardwork,Structures & Improvments,Site area (acres),23,1,,,,,,1020353,,TIMCAT/inputfile_LPSR.xlsx,26-HeatRejectionSystem
A.211.4,Railroads,Structures & Improvments,Length of new railroad (meters),9500,1,,,,,,1020353,,TIMCAT/inputfile_LPSR.xlsx,26-HeatRejectionSystem
A.211.7111,Dewatering,Structures & Improvments,Sum of excavation (m3),296000,1,,,,,,,,TIMCAT/inputfile_LPSR.xlsx,26-HeatRejectionSystem
A.211.7112,Earth Excavation,Structures & Improvments,Volume of earth excavation (m3),92000,1,,,,,,,,TIMCAT/inputfile_LPSR.xlsx,26-HeatRejectionSystem
A.211.7113,Rock Excavation,Structures & Improvments,Volume of rock excavation (m3),150000,1,,,,,,,,TIMCAT/inputfile_LPSR.xlsx,26-HeatRejectionSystem
A.211.7114,Excavation - Trench,Structures & Improvments,Volume of trench excavation (m3),54000,1,,,,,,,,TIMCAT/inputfile_LPSR.xlsx,26-HeatRejectionSystem
A.211.712,Fill & Backfill,Structures & Improvments,"Volume of 212, 213, 215, 216, 217",,,,,,,,,,TIMCAT/inputfile_LPSR.xlsx,26-HeatRejectionSystem
A.261.1,Makeup Water Intake Building,Heat rejection system,Rejected thermal power (MW),2283,1,,,,,,1020353,,TIMCAT/inputfile_LPSR.xlsx,26-HeatRejectionSystem
A.261.2,Circulation Water Pump House,Heat rejection system,Rejected thermal power (MW),2283,1,,,,,,2092104,,TIMCAT/inputfile_LPSR.xlsx,26-HeatRejectionSystem
A.261.3,Makeup Water Pretreatment Building,Heat rejection system,Rejected thermal power (MW),2283,1,,,,,,1220263,,TIMCAT/inputfile_LPSR.xlsx,26-HeatRejectionSystem
A.262.11,Water Intake Equipment,Heat Rejection System,Rejected thermal power (MW),2283,1,,,,,,463845,,TIMCAT/inputfile_LPSR.xlsx,26-HeatRejectionSystem
A.262.12,Circulating Water System,Heat Rejection System,T/B Bldg - Cooling source distance (m),250,1,,,,,,13949276,,TIMCAT/inputfile_LPSR.xlsx,26-HeatRejectionSystem
A.262.13,Cooling Towers,Heat Rejection System,Rejected thermal power (MW),2283,1,,,,,,28782934,,TIMCAT/inputfile_LPSR.xlsx,26-HeatRejectionSystem
A.262.14,Cooling Tower Basins,Heat Rejection System,Rejected thermal power (MW),2283,1,,,,,,81798,,TIMCAT/inputfile_LPSR.xlsx,26-HeatRejectionSystem
A.262.15,Main Cooling Tower Makeup & Blowdown System,Heat Rejection System,Rejected thermal power (MW),2283,1,,,,,,1370392,,TIMCAT/inputfile_LPSR.xlsx,26-HeatRejectionSystem
A.212.,Reactor Building,Structures and Improvements,Dimensions LxW/D x H (m); shape=Cylinder w/ dome,"[44.2, 45.7, 0]",1,,,,,,,,TIMCAT/inputfile_LPSR.xlsx,21-Structures&Improvements
A.212.15,Containment Liner,Structures and Improvements,Dimensions LxW/D x H (m); shape=Cylinder w/ dome,"[44.2, 45.7, 0]",1,,,,,,,,TIMCAT/inputfile_LPSR.xlsx,21-Structures&Improvements
A.219.,Reactor Shield Building,Structures and Improvements,Dimensions LxW/D x H (m); shape=Cylinder w/ dome,"[0,0,0]",1,,,,,,,,TIMCAT/inputfile_LPSR.xlsx,21-Structures&Improvements
A.213.,Turbine Room & Heater Bay,Structures and Improvements,Dimensions LxW/D x H (m); shape=Rectangular,"[47, 88, 47]",1,,,,,,,,TIMCAT/inputfile_LPSR.xlsx,21-Structures&Improvements
A.214.,Security Building,Structures and Improvements,Dimensions LxW/D x H (m); shape=-,[-],1,,,,,,,,TIMCAT/inputfile_LPSR.xlsx,21-Structures&Improvements
A.215.,Aux Building & RHR Equipment Vault,Structures and Improvements,Dimensions LxW/D x H (m); shape=Rectangular,"[37, 19, 19]",1,,,,,,,,TIMCAT/inputfile_LPSR.xlsx,21-Structures&Improvements
A.216.,Waste Process Building & Tank Farm,Structures and Improvements,Dimensions LxW/D x H (m); shape=Rectangular,"[54, 24, 13]",1,,,,,,,,TIMCAT/inputfile_LPSR.xlsx,21-Structures&Improvements
A.217.,Fuel Storage Building,Structures and Improvements,Dimensions LxW/D x H (m); shape=Rectangular,"[28, 25, 27]",1,,,,,,,,TIMCAT/inputfile_LPSR.xlsx,21-Structures&Improvements
A.218A.,Control Room & DG Building,Structures and Improvements,Dimensions LxW/D x H (m); shape=Rectangular,"[20, 19, 7]",1,,,,,,,,TIMCAT/inputfile_LPSR.xlsx,21-Structures&Improvements
A.218B.,Admin Building,Structures and Improvements,Dimensions LxW/D x H (m); shape=Rectangular,"[0,0,0]",1,,,,,,,,TIMCAT/inputfile_LPSR.xlsx,21-Structures&Improvements
A.218D.,Fire Pump House,Structures and Improvements,Dimensions LxW/D x H (m); shape=-,[-],1,,,,,,,,TIMCAT/inputfile_LPSR.xlsx,21-Structures&Improvements
A.218E.,Emergency Feedwater Pump Building,Structures and Improvements,Dimensions LxW/D x H (m); shape=Rectangular,"[0, 0, 0]",1,,,,,,,,TIMCAT/inputfile_LPSR.xlsx,21-Structures&Improvements
A.218F.,Radiological Access Tunnel,Structures and Improvements,Dimensions LxW/D x H (m); shape=-,[-],1,,,,,,,,TIMCAT/inputfile_LPSR.xlsx,21-Structures&Improvements
A.218G.,Electrical Tunnel,Structures and Improvements,Dimensions LxW/D x H (m); shape=Rectangular,"[0, 0, 0]",1,,,,,,,,TIMCAT/inputfile_LPSR.xlsx,21-Structures&Improvements
A.218H.,Non-essential Switchgear Building,Structures and Improvements,Dimensions LxW/D x H (m); shape=Rectangular,"[0, 0, 0]",1,,,,,,,,TIMCAT/inputfile_LPSR.xlsx,21-Structures&Improvements
A.218J.,Main Steam & Feedwater Pipe Enclosure 1 & 2,Structures and Improvements,Dimensions LxW/D x H (m); shape=Rectangular,"[0, 0, 0]",1,,,,,,,,TIMCAT/inputfile_LPSR.xlsx,21-Structures&Improvements
A.218K.,Pipe Tunnels,Structures and Improvements,Dimensions LxW/D x H (m); shape=-,[-],1,,,,,,,,TIMCAT/inputfile_LPSR.xlsx,21-Structures&Improvements
A.218L.,Technical Support Center,Structures and Improvements,Dimensions LxW/D x H (m); shape=-,[-],1,,,,,,,,TIMCAT/inputfile_LPSR.xlsx,21-Structures&Improvements
A.218P.,Containment Hatch Missile Shield,Structures and Improvements,Dimensions LxW/D x H (m); shape=Rectangular,"[0, 0, 0]",1,,,,,,,,TIMCAT/inputfile_LPSR.xlsx,21-Structures&Improvements
A.218S.,Waste Water Treatment Building,Structures and Improvements,Dimensions LxW/D x H (m); shape=Rectangular,"[0, 0, 0]",1,,,,,,,,TIMCAT/inputfile_LPSR.xlsx,21-Structures&Improvements
A.218T.,Ultimate Heat Sink Structure,Structures and Improvements,Dimensions LxW/D x H (m); shape=Rectangular,"[0, 0, 0]",1,,,,,,,,TIMCAT/inputfile_LPSR.xlsx,21-Structures&Improvements
A.218V.,Control Room Air Intake Structure,Structures and Improvements,Dimensions LxW/D x H (m); shape=-,"[3, 3, 2]",1,,,,,,,,TIMCAT/inputfile_LPSR.xlsx,21-Structures&Improvements
A.1,Total Base Cost,,,,,3393612209,30361571,1573419740,652684790.4,5619716739,,,TIMCAT/PWR12_ME_inflated_reduced.csv,
A.2,Total Direct Costs,,,,,1179404610,21989571,1150375140,336995790.4,2666775540,,,TIMCAT/PWR12_ME_inflated_reduced.csv,
A.21,Structures and Improvements,Structures and Improvements,,,,51491625.21,8876130,447154428.5,201771666.4,700417720,,,TIMCAT/PWR12_ME_inflated_reduced.csv,
A.211.,Yardwork,Yardwork,,,,627151.8,1028758,46654086.87,29782686.55,77063925,,,TIMCAT/PWR12_ME_inflated_reduced.csv,
A.211.1,General Yardwork,Yardwork,,,,627151.8,223901.1583,10886491.93,8218524.721,19732168,,,TIMCAT/PWR12_ME_inflated_reduced.csv,
A.211.4,Railroads,Yardwork,,,,0,115962.8041,4995516.913,3721250.597,8716768,,,TIMCAT/PWR12_ME_inflated_reduced.csv,
A.211.7,Structure Associated Yardwork,Yardwork,,,,0,688894.0372,30772078.02,17842911.23,48614989,,,TIMCAT/PWR12_ME_inflated_reduced.csv,
A.211.71,Cut & Fill,Yardwork,,,,,688894.0372,30772078.02,17842911.23,48614989.25,,,TIMCAT/PWR12_ME_inflated_reduced.csv,
A.211.711,Open Cut,Yardwork,,,,,353027,15125864,4440332,19566196,,,TIMCAT/PWR12_ME_inflated_reduced.csv,
A.211.7111,Dewatering,Yardwork,LT,1,,,95708,3909813,209929,4119743,,,TIMCAT/PWR12_ME_inflated_reduced.csv,
A.211.7112,Earth Excavation,Yardwork,CY,120000,,,16407,763694,602348,1366041,,,TIMCAT/PWR12_ME_inflated_reduced.csv,
A.211.7113,Rock Excavation,Yardwork,CY,200000,,,218762,9421369,3356999,12778368,,,TIMCAT/PWR12_ME_inflated_reduced.csv,
A.211.7114,Excavation - Trench,Yardwork,CY,54000,,,22150,1030988,271056,1302045,,,TIMCAT/PWR12_ME_inflated_reduced.csv,
A.211.712,Fill & Backfill (Place/Comp),Yardwork,,,,245650,335867.461,15646213.59,13402579.35,29048792.94,,,TIMCAT/PWR12_ME_inflated_reduced.csv,
A.212.,Reactor Containment Building,Reactor Containment Building,,,,31956445.62,2996729,150693412.6,47136659.32,229786518,,,TIMCAT/PWR12_ME_inflated_reduced.csv,
A.212.1,Building Structure,Reactor Containment Building,,,,30308121.14,2836640.426,142040479.1,44671295.96,217019896,,,TIMCAT/PWR12_ME_inflated_reduced.csv,
A.212.13,Substructure Concrete,Building Structure,,,,0,220621.8662,11129822.19,8063843.092,19193665,,,TIMCAT/PWR12_ME_inflated_reduced.csv,
A.212.131,Formwork,Substructure Concrete,SF,11000,,0,14163.06115,724262.889,68921.38409,793184,,,TIMCAT/PWR12_ME_inflated_reduced.csv,
A.212.132,Reinforcing Steel,Substructure Concrete,TN,2700,,0,129122.9731,6605808.935,5741421.854,12347231,,,TIMCAT/PWR12_ME_inflated_reduced.csv,
A.212.133,Concrete,Substructure Concrete,CY,8400,,0,37081.46919,1605587.551,1433623.173,3039211,,,TIMCAT/PWR12_ME_inflated_reduced.csv,
A.212.134,Embedded Steel,Substructure Concrete,TN,3,,0,1683.013111,88062.3919,29661.68468,117724,,,TIMCAT/PWR12_ME_inflated_reduced.csv,
A.212.136,Waterproofing,Substructure Concrete,SF,22500,,0,827.711366,33305.56425,12687.80025,45993,,,TIMCAT/PWR12_ME_inflated_reduced.csv,
A.212.137,Cadwelds,Substructure Concrete,EA,6200,,0,34212.06979,1892173.461,704094.5943,2596268,,,TIMCAT/PWR12_ME_inflated_reduced.csv,
A.212.138,Construction Joints,Substructure Concrete,SF,8000,,0,2207.230309,112871.2277,46365.29475,159237,,,TIMCAT/PWR12_ME_inflated_reduced.csv,
A.212.139,Wire Fabric,Substructure Concrete,SF,36000,,0,1324.338186,67750.16745,27067.30721,94817,,,TIMCAT/PWR12_ME_inflated_reduced.csv,
A.212.14,Superstructure,Building Structure,,,,3367569.015,1972243.052,98257297.5,35352535.44,136977402,,,TIMCAT/PWR12_ME_inflated_reduced.csv,
A.212.141,Concrete Work,Superstructure,,,,0,754569.2716,37509165.51,15853219.56,53362385,,,TIMCAT/PWR12_ME_inflated_reduced.csv,
A.212.1411,Containment Shell,Concrete Work,,,,0,526829.0876,26241971.13,11030090.02,37272061,,,TIMCAT/PWR12_ME_inflated_reduced.csv,
A.212.14111,Formwork,Containment Shell,SF,67000,,0,123237.0256,6302007.272,524742.3561,6826750,,,TIMCAT/PWR12_ME_inflated_reduced.csv,
A.212.14112,Reinforcing Steel,Containment Shell,TN,3100,,0,216676.442,11084965.36,6765223.382,17850189,,,TIMCAT/PWR12_ME_inflated_reduced.csv,
A.212.14113,Concrete,Containment Shell,CY,9600,,0,74162.93839,3211170.735,1638426.483,4849597,,,TIMCAT/PWR12_ME_inflated_reduced.csv,
A.212.14114,Embedded Steel,Containment Shell,TN,20,,0,11220.08741,543039.3004,197744.5645,740784,,,TIMCAT/PWR12_ME_inflated_reduced.csv,
A.212.14115,Rubbing Surfaces,Containment Shell,SF,56000,,0,10300.40811,445996.7844,26315.43756,472312,,,TIMCAT/PWR12_ME_inflated_reduced.csv,
A.212.14116,Waterproofing,Containment Shell,SF,30500,,0,1122.008741,45146.76643,17199.01812,62346,,,TIMCAT/PWR12_ME_inflated_reduced.csv,
A.212.14117,Cadwelds,Containment Shell,EA,13800,,0,76149.44567,3895733.578,1567178.29,5462912,,,TIMCAT/PWR12_ME_inflated_reduced.csv,
A.212.14118,Construction Joints,Containment Shell,SF,50600,,0,13960.73171,713911.3336,293260.4893,1007172,,,TIMCAT/PWR12_ME_inflated_reduced.csv,
A.212.1412,Containment Dome,Concrete Work,,,,0,209346.598,10470773.11,4590482.272,15061255,,,TIMCAT/PWR12_ME_inflated_reduced.csv,
A.212.14121,Formwork,Containment Dome,SF,19500,,0,34074.1179,1742460.39,152723.5216,1895184,,,TIMCAT/PWR12_ME_inflated_reduced.csv,
A.212.14122,Reinforcing Steel,Containment Dome,TN,1150,,0,80379.97043,4112162.548,2509679.642,6621842,,,TIMCAT/PWR12_ME_inflated_reduced.csv,
A.212.14123,Concrete,Containment Dome,CY,3450,,0,26652.30598,1154019.463,588811.3045,1742831,,,TIMCAT/PWR12_ME_inflated_reduced.csv,
A.212.14125,Rubbing Surfaces,Containment Dome,SF,20000,,0,3678.717182,159284.254,9398.370557,168683,,,TIMCAT/PWR12_ME_inflated_reduced.csv,
A.212.14127,Cadwelds,Containment Dome,EA,11200,,0,61802.44866,3161753.91,1271912.815,4433667,,,TIMCAT/PWR12_ME_inflated_reduced.csv,
A.212.14128,Construction Joints,Containment Dome,SF,10000,,0,2759.037887,141092.5413,57956.61844,199049,,,TIMCAT/PWR12_ME_inflated_reduced.csv,
A.212.140,Interior Concrete,Concrete Work,,,,3367569.015,889513.8146,45289162.74,13223212.04,61879944,,,TIMCAT/PWR12_ME_inflated_reduced.csv,
A.212.1401,Formwork,Interior Concrete,SF,100000,,0,249141.1212,12747393.41,806176.5625,13553570,,,TIMCAT/PWR12_ME_inflated_reduced.csv,
A.212.1402,Reinforcing Steel,Interior Concrete,TN,2100,,0,173819.3868,8892432.619,4582893.259,13475326,,,TIMCAT/PWR12_ME_inflated_reduced.csv,
A.212.1403,Concrete,Interior Concrete,CY,8000,,0,70631.36989,3058256.803,1365355.403,4423612,,,TIMCAT/PWR12_ME_inflated_reduced.csv,
A.212.1404,Embedded Steel,Interior Concrete,TN,360,,0,201961.5733,10567094.07,3559402.161,14126496,,,TIMCAT/PWR12_ME_inflated_reduced.csv,
A.212.1405,Rubbing Surfaces,Interior Concrete,SF,64000,,0,11771.89498,509708.7395,30074.78578,539784,,,TIMCAT/PWR12_ME_inflated_reduced.csv,
A.212.1406,Reactor Cavity Liner Plate,Interior Concrete,SF,11000,,0,60698.8335,3078745.314,1928680.035,5007425,,,TIMCAT/PWR12_ME_inflated_reduced.csv,
A.212.1407,Cadwelds,Interior Concrete,EA,4950,,0,27314.47508,1510687.65,562141.6054,2072829,,,TIMCAT/PWR12_ME_inflated_reduced.csv,
A.212.1408,Construction Joints,Interior Concrete,SF,8000,,0,2207.230309,112871.2277,46365.29475,159237,,,TIMCAT/PWR12_ME_inflated_reduced.csv,
A.212.1409,Major Support Embedments,Interior Concrete,LT,1,,3367569.015,91967.92955,4811972.903,342122.9311,8521665,,,TIMCAT/PWR12_ME_inflated_reduced.csv,
A.212.1419,Removable Plugs,Concrete Work,LT,1,,0,18393.58591,796421.27,232647.2648,1029069,,,TIMCAT/PWR12_ME_inflated_reduced.csv,
A.212.142,Structural & Miscellaneous Steel,Superstructure,,,,0,57038.50991,2909128.753,3818022.677,6727151,,,TIMCAT/PWR12_ME_inflated_reduced.csv,
A.212.1421,Structural Steel,Structural & Miscellaneous Steel,TN,410,,0,26394.79578,1346210.136,2046609.678,3392820,,,TIMCAT/PWR12_ME_inflated_reduced.csv,
A.212.1422,"Miscellaneous Frames, Etc.",Structural & Miscellaneous Steel,TN,150,,0,18761.45763,956887.3155,1236291.567,2193179,,,TIMCAT/PWR12_ME_inflated_reduced.csv,
A.212.1423,Floor Grating (Galv),Structural & Miscellaneous Steel,SF,22320,,0,10263.62094,523474.3554,388077.5171,911552,,,TIMCAT/PWR12_ME_inflated_reduced.csv,
A.212.1424,Stair Treads,Structural & Miscellaneous Steel,EA,350,,0,515.0204055,26267.57341,74425.83884,100693,,,TIMCAT/PWR12_ME_inflated_reduced.csv,
A.212.1425,Handrail,Structural & Miscellaneous Steel,LF,1000,,0,1103.615155,56289.37262,72618.07651,128907,,,TIMCAT/PWR12_ME_inflated_reduced.csv,
A.212.149,Painting,Superstructure,,,,0,271121.4563,12549840.5,2458081.163,15007922,,,TIMCAT/PWR12_ME_inflated_reduced.csv,
A.212.15,Containment Liner,Superstructure,LT,1,,26940552.12,643775.5069,32653359.39,1254917.429,60848829,,,TIMCAT/PWR12_ME_inflated_reduced.csv,
A.212.2,Building Services,Reactor Containment Building,,,,1648324.483,160088.575,8652933.553,2465363.363,12766621,,,TIMCAT/PWR12_ME_inflated_reduced.csv,
A.212.21,Plumbing & Drains,Building Services,,,,150540.9459,19644.34976,1048615.754,205092.467,1404249,,,TIMCAT/PWR12_ME_inflated_reduced.csv,
A.212.211,Roof Drains & Piping,Plumbing & Drains,,,,150540.9459,8608.198206,459506.4121,42172.05509,652219,,,TIMCAT/PWR12_ME_inflated_reduced.csv,
A.212.212,Floor Drains & Piping,Plumbing & Drains,LT,1,,0,11036.15155,589109.3415,162920.4119,752030,,,TIMCAT/PWR12_ME_inflated_reduced.csv,
A.212.22,"Heating, Ventilation, & Air Conditioning",Building Services,,,,241104.9686,1269.157428,67726.4261,7237.371888,316069,,,TIMCAT/PWR12_ME_inflated_reduced.csv,
A.212.221,Rotating Machinery,"Heating, Ventilation, & Air Conditioning",,,,1239.903999,91.96792955,4893.028232,382.2004027,6515,,,TIMCAT/PWR12_ME_inflated_reduced.csv,
A.212.226,Valves & Dampers,"Heating, Ventilation, & Air Conditioning",,,,239865.0646,1177.189498,62833.39787,6855.171485,309554,,,TIMCAT/PWR12_ME_inflated_reduced.csv,
A.212.23,Safety HVAC,Building Services,,,,1058293.928,72590.28679,3960991.541,898681.3348,5917967,,,TIMCAT/PWR12_ME_inflated_reduced.csv,
A.212.231,Rotating Machinery,Safety HVAC,,,,234454.5744,1535.864424,81766.24087,6372.095238,322593,,,TIMCAT/PWR12_ME_inflated_reduced.csv,
A.212.234,Purification & Filtration Equipment,Safety HVAC,,,,396769.2798,4837.513094,257408.6659,20059.25556,674237,,,TIMCAT/PWR12_ME_inflated_reduced.csv,
A.212.235,Piping & Ductwork,Safety HVAC,,,,0,61434.57694,3366529.753,855392.6963,4221922,,,TIMCAT/PWR12_ME_inflated_reduced.csv,
A.212.236,Valves & Dampers,Safety HVAC,,,,260246.627,3402.813393,181657.1911,14028.37813,455932,,,TIMCAT/PWR12_ME_inflated_reduced.csv,
A.212.238,Instrumentation & Control,Safety HVAC,LT,1,,166823.4472,1379.518943,73629.68964,2828.909538,243282,,,TIMCAT/PWR12_ME_inflated_reduced.csv,
A.212.24,Lighting & Service Power,Building Services,LT,1,,0,64377.55068,3463484.69,1345201.309,4808686,,,TIMCAT/PWR12_ME_inflated_reduced.csv,
A.212.25,Elevator,Building Services,EA,1,,198384.6399,2207.230309,112115.1431,9150.880133,319651,,,TIMCAT/PWR12_ME_inflated_reduced.csv,
A.212.3,Passive cooling pool,Passive cooling pool,,,,0,0.006154164,0.316078208,0.683921792,1,,,TIMCAT/PWR12_ME_inflated_reduced.csv,
A.213.,Turbine Room & Heater Bay,Turbine Room & Heater Bay,,,,1456108.242,890765.0001,45893489.92,38432733.46,85782332,,,TIMCAT/PWR12_ME_inflated_reduced.csv,
A.213.1,Building Structure,Turbine Room & Heater Bay,,,,0,759793.9973,38772924,36612573.43,75385497,,,TIMCAT/PWR12_ME_inflated_reduced.csv,
A.213.13,Substructure Concrete,Building Structure,,,,0,294982.4418,14910944.5,6302087.868,21213032,,,TIMCAT/PWR12_ME_inflated_reduced.csv,
A.213.131,Formwork,Substructure Concrete,SF,115000,,0,142217.6832,7374976.767,776646.7616,8151624,,,TIMCAT/PWR12_ME_inflated_reduced.csv,
A.213.132,Reinforcing Steel,Substructure Concrete,TN,910,,0,41799.6321,2168521.986,2085746.273,4254268,,,TIMCAT/PWR12_ME_inflated_reduced.csv,
A.213.133,Concrete,Substructure Concrete,CY,12800,,0,54272.38791,2383005.283,2354670.191,4737675,,,TIMCAT/PWR12_ME_inflated_reduced.csv,
A.213.134,Embedded Steel,Substructure Concrete,TN,100,,0,53883.71847,2858994.799,1065709.775,3924705,,,TIMCAT/PWR12_ME_inflated_reduced.csv,
A.213.135,Floor Finish,Substructure Concrete,SF,57000,,0,2014.014395,88430.98115,11548.39967,99979,,,TIMCAT/PWR12_ME_inflated_reduced.csv,
A.213.137,Construction Joints,Substructure Concrete,SF,1000,,0,265.0018941,13743.82197,6246.941344,19991,,,TIMCAT/PWR12_ME_inflated_reduced.csv,
A.213.138,Rubbing Surfaces,Substructure Concrete,SF,3000,,0,530.0037882,23270.86317,1519.526273,24790,,,TIMCAT/PWR12_ME_inflated_reduced.csv,
A.213.14,Superstructure,Building Structure,,,,0,464811.5555,23861979.5,30310485.56,54172465,,,TIMCAT/PWR12_ME_inflated_reduced.csv,
A.213.141,Concrete Work,Superstructure,,,,0,31906.22805,1639765.28,635828.1179,2275593,,,TIMCAT/PWR12_ME_inflated_reduced.csv,
A.213.1411,Formwork,Concrete Work,SF,31000,,0,13585.76377,751406.3516,207094.5474,958501,,,TIMCAT/PWR12_ME_inflated_reduced.csv,
A.213.1412,Reinforcing Steel,Concrete Work,TN,70,,0,4081.029169,211722.9656,160442.021,372165,,,TIMCAT/PWR12_ME_inflated_reduced.csv,
A.213.1413,Concrete,Concrete Work,CY,800,,0,6784.048489,297873.0024,147166.887,445040,,,TIMCAT/PWR12_ME_inflated_reduced.csv,
A.213.1414,Embedded Steel,Concrete Work,TN,10,,0,5388.371847,285897.3535,106570.9775,392468,,,TIMCAT/PWR12_ME_inflated_reduced.csv,
A.213.1415,Floor Finish,Concrete Work,SF,31000,,0,1095.341162,48093.96777,6280.708594,54375,,,TIMCAT/PWR12_ME_inflated_reduced.csv,
A.213.1417,Rubbing Surfaces,Concrete Work,SF,4000,,0,706.6717176,31027.81756,2026.03503,33054,,,TIMCAT/PWR12_ME_inflated_reduced.csv,
A.213.1418,Construction Joints,Concrete Work,SF,1000,,0,265.0018941,13743.82197,6246.941344,19991,,,TIMCAT/PWR12_ME_inflated_reduced.csv,
A.213.142,Structural & Miscellaneous Steel,Superstructure,,,,0,298780.8022,15453101.32,24471194.74,39924296,,,TIMCAT/PWR12_ME_inflated_reduced.csv,
A.213.1421,Structural Steel,Structural & Miscellaneous Steel,TN,3900,,0,241151.7236,12472494.08,20983607.97,33456102,,,TIMCAT/PWR12_ME_inflated_reduced.csv,
A.213.1423,"Miscellaneous Frames, Etc.",Structural & Miscellaneous Steel,TN,165,,0,19822.14168,1025212.223,1465811.019,2491023,,,TIMCAT/PWR12_ME_inflated_reduced.csv,
A.213.1425,Floor Grating (Galv),Structural & Miscellaneous Steel,SF,60000,,0,26500.18941,1370603.659,1124449.442,2495053,,,TIMCAT/PWR12_ME_inflated_reduced.csv,
A.213.1426,Stair Treads,Structural & Miscellaneous Steel,EA,500,,0,706.6717176,36550.67837,114601.4436,151152,,,TIMCAT/PWR12_ME_inflated_reduced.csv,
A.213.1427,Handrail,Structural & Miscellaneous Steel,LF,10000,,0,10600.07576,548240.6839,782724.8667,1330966,,,TIMCAT/PWR12_ME_inflated_reduced.csv,
A.213.143,Exterior Walls,Superstructure,,,,0,40191.95394,2115226.042,2442554.065,4557780,,,TIMCAT/PWR12_ME_inflated_reduced.csv,
A.213.1432,Masonry Walls,Exterior Walls,SF,11000,,0,4858.368059,221300.9863,180148.2814,401449,,,TIMCAT/PWR12_ME_inflated_reduced.csv,
A.213.1433,Metal Insulated Siding,Exterior Walls,SF,100000,,0,35333.58588,1893925.056,2262405.784,4156331,,,TIMCAT/PWR12_ME_inflated_reduced.csv,
A.213.144,Roof Deck,Superstructure,,,,0,18186.19665,892268.4509,925648.4382,1817917,,,TIMCAT/PWR12_ME_inflated_reduced.csv,
A.213.1442,Concrete Plank,Roof Deck,SF,65000,,0,9186.732329,479462.7093,691384.4541,1170847,,,TIMCAT/PWR12_ME_inflated_reduced.csv,
A.213.1443,Concrete Fill,Roof Deck,CY,800,,0,6784.048489,297873.0024,147166.887,445040,,,TIMCAT/PWR12_ME_inflated_reduced.csv,
A.213.1444,Reinforcing Steel,Roof Deck,TN,38,,0,2215.415835,114932.7392,87097.09713,202030,,,TIMCAT/PWR12_ME_inflated_reduced.csv,
A.213.145,Roofing & Flashing,Superstructure,,,,0,8038.390788,472841.2125,438974.2566,911815,,,TIMCAT/PWR12_ME_inflated_reduced.csv,
A.213.1452,Elastomeric Roofing,Roofing & Flashing,SF,65000,,0,8038.390788,472841.2125,438974.2566,911815,,,TIMCAT/PWR12_ME_inflated_reduced.csv,
A.213.146,Interior Walls & Partition,Superstructure,,,,0,9010.064399,444065.4916,284016.344,728082,,,TIMCAT/PWR12_ME_inflated_reduced.csv,
A.213.1462,Concrete Block Walls,Interior Walls & Partition,SF,12000,,0,5300.037882,241419.2577,98465.30248,339885,,,TIMCAT/PWR12_ME_inflated_reduced.csv,
A.213.1463,Metal Partitions,Interior Walls & Partition,SF,7000,,0,3710.026517,202646.2339,185551.0415,388197,,,TIMCAT/PWR12_ME_inflated_reduced.csv,
A.213.147,Doors & Windows,Superstructure,,,,0,11810.25108,643802.5841,985426.2948,1629229,,,TIMCAT/PWR12_ME_inflated_reduced.csv,
A.213.1471,Rolling Steel Doors,Doors & Windows,SF,600,,0,530.0037882,27662.21795,48624.84073,76287,,,TIMCAT/PWR12_ME_inflated_reduced.csv,
A.213.1472,Personnel Doors,Doors & Windows,SF,550,,0,680.1715282,37151.12646,38761.42686,75913,,,TIMCAT/PWR12_ME_inflated_reduced.csv,
A.213.1473,Sash & Glazing,Doors & Windows,SF,15000,,0,10600.07576,578989.2397,898040.0272,1477029,,,TIMCAT/PWR12_ME_inflated_reduced.csv,
A.213.149,Painting,Superstructure,,,,0,46887.66846,2200909.113,126843.2998,2327752,,,TIMCAT/PWR12_ME_inflated_reduced.csv,
A.213.2,Building Services,Turbine Room & Heater Bay,,,,1456108.242,130971.0028,7120565.921,1820160.033,10396834,,,TIMCAT/PWR12_ME_inflated_reduced.csv,
A.213.21,Plumbing & Drains,Building Services,,,,26947.48846,71197.17555,3854846.853,945580.448,4827375,,,TIMCAT/PWR12_ME_inflated_reduced.csv,
A.213.211,Roof Drains & Piping,Plumbing & Drains,LT,1,,0,26500.18941,1434489.574,263409.3268,1697899,,,TIMCAT/PWR12_ME_inflated_reduced.csv,
A.213.212,Floor Drains & Piping,Plumbing & Drains,LT,1,,0,35333.58588,1912650.155,421455.5921,2334106,,,TIMCAT/PWR12_ME_inflated_reduced.csv,
A.213.213,Pumps,Plumbing & Drains,,,,26947.48846,530.0037882,29542.62731,2549.427413,59040,,,TIMCAT/PWR12_ME_inflated_reduced.csv,
A.213.214,Sanitary Fixtures & Piping,Plumbing & Drains,LT,1,,0,8833.39647,478164.4968,258166.1017,736331,,,TIMCAT/PWR12_ME_inflated_reduced.csv,
A.213.22,"Heating, Ventilation, & Air Conditioning",Building Services,,,,1201173.238,31506.95853,1721625.638,285222.9706,3208022,,,TIMCAT/PWR12_ME_inflated_reduced.csv,
A.213.221,Rotating Machinery,"Heating, Ventilation, & Air Conditioning",,,,616065.8649,5953.709221,321225.1634,27702.65232,964994,,,TIMCAT/PWR12_ME_inflated_reduced.csv,
A.213.222,Heat Transfer Equipment,"Heating, Ventilation, & Air Conditioning",,,,175078.0619,2323.183271,125407.3564,10815.65034,311301,,,TIMCAT/PWR12_ME_inflated_reduced.csv,
A.213.225,Piping & Ductwork,"Heating, Ventilation, & Air Conditioning",,,,137133.0453,19210.87064,1053018.307,197405.5874,1387557,,,TIMCAT/PWR12_ME_inflated_reduced.csv,
A.213.226,Valves & Dampers,"Heating, Ventilation, & Air Conditioning",,,,204794.4715,2208.349117,122470.5015,10264.13904,337529,,,TIMCAT/PWR12_ME_inflated_reduced.csv,
A.213.227,Piping & Miscellaneous Items,"Heating, Ventilation, & Air Conditioning",,,,52887.48845,1457.510418,80380.69565,38221.15085,171489,,,TIMCAT/PWR12_ME_inflated_reduced.csv,
A.213.228,Instrumentation & Control,"Heating, Ventilation, & Air Conditioning",LT,1,,15214.30628,353.3358588,19123.61431,813.7907372,35152,,,TIMCAT/PWR12_ME_inflated_reduced.csv,
A.213.24,Lighting & Service Power,Building Services,LT,1,,0,26500.18941,1445761.913,579979.5412,2025741,,,TIMCAT/PWR12_ME_inflated_reduced.csv,
A.213.25,Elevator,Building Services,,,,227987.5151,1766.679294,98331.51715,9377.073373,335696,,,TIMCAT/PWR12_ME_inflated_reduced.csv,
A.213.251,Elevator Equipment/Enclosure,Elevator,EA,1,,227987.5151,1766.679294,98331.51715,9377.073373,335696,,,TIMCAT/PWR12_ME_inflated_reduced.csv,
A.214.,Security Building,Security Building,,,,171454.8001,62706.00001,3253960.23,1107592.117,4533007,,,TIMCAT/PWR12_ME_inflated_reduced.csv,
A.214.1,Building Structure,Security Building,,,,0,45603.97496,2294773.169,847040.6843,3141814,,,TIMCAT/PWR12_ME_inflated_reduced.csv,
A.214.2,Building Services,Security Building,LT,1,,171454.8001,17102.02505,959187.0617,260551.4322,1391193,,,TIMCAT/PWR12_ME_inflated_reduced.csv,
A.215.,Primary Auxiliary Building & Tunnels,Primary Auxiliary Building & Tunnels,,,,7275625.011,790021.0001,40782094.41,15089570.75,63147290,,,TIMCAT/PWR12_ME_inflated_reduced.csv,
A.215.1,Building Structure,Primary Auxiliary Building & Tunnels,,,,0,619301.4395,31425333.57,13027722.52,44453056,,,TIMCAT/PWR12_ME_inflated_reduced.csv,
A.215.13,Substructure Concrete,Building Structure,,,,0,29783.43599,1486017.877,1063359.167,2549377,,,TIMCAT/PWR12_ME_inflated_reduced.csv,
A.215.131,Formwork,Substructure Concrete,SF,3100,,0,3508.689255,182434.8277,19191.92427,201627,,,TIMCAT/PWR12_ME_inflated_reduced.csv,
A.215.132,Reinforcing Steel,Substructure Concrete,TN,260,,0,10930.29464,568568.0349,546291.652,1114860,,,TIMCAT/PWR12_ME_inflated_reduced.csv,
A.215.133,Concrete,Substructure Concrete,CY,2100,,0,8149.213755,358772.036,354136.3796,712908,,,TIMCAT/PWR12_ME_inflated_reduced.csv,
A.215.134,Embedded Steel,Substructure Concrete,TN,7,,0,3452.097493,183651.5385,68386.14475,252038,,,TIMCAT/PWR12_ME_inflated_reduced.csv,
A.215.135,Floor Finish,Substructure Concrete,SF,15000,,0,485.0722473,21354.92082,2785.924491,24141,,,TIMCAT/PWR12_ME_inflated_reduced.csv,
A.215.136,Waterproofing,Substructure Concrete,SF,15000,,0,485.0722473,19844.62214,8357.773472,28202,,,TIMCAT/PWR12_ME_inflated_reduced.csv,
A.215.137,Construction Joints,Substructure Concrete,SF,1500,,0,363.8041855,18914.21442,8589.933846,27504,,,TIMCAT/PWR12_ME_inflated_reduced.csv,
A.215.138,Wire Fabric,Substructure Concrete,SF,22000,,0,711.439296,37004.95181,16344.09034,53349,,,TIMCAT/PWR12_ME_inflated_reduced.csv,
A.215.139,Cadwelds,Substructure Concrete,EA,350,,0,1697.752866,95472.7308,39275.34437,134748,,,TIMCAT/PWR12_ME_inflated_reduced.csv,
A.215.14,Superstructure,Building Structure,,,,0,589518.0035,29939315.69,11964363.36,41903679,,,TIMCAT/PWR12_ME_inflated_reduced.csv,
A.215.141,Concrete Work,Superstructure,,,,0,532150.1258,27007537.63,8497619.987,35505158,,,TIMCAT/PWR12_ME_inflated_reduced.csv,
A.215.1411,Formwork,Concrete Work,SF,234300,,0,271931.5018,14196509.53,1403236.116,15599746,,,TIMCAT/PWR12_ME_inflated_reduced.csv,
A.215.1412,Reinforcing Steel,Concrete Work,TN,1700,,0,93457.25298,4861416.797,3571906.955,8433324,,,TIMCAT/PWR12_ME_inflated_reduced.csv,
A.215.1413,Concrete,Concrete Work,CY,11800,,0,80133.93525,3527928.923,1989909.18,5517838,,,TIMCAT/PWR12_ME_inflated_reduced.csv,
A.215.1414,Embedded Steel,Concrete Work,TN,130,,0,64110.38202,3410687.598,1270028.403,4680716,,,TIMCAT/PWR12_ME_inflated_reduced.csv,
A.215.1415,Floor Finish,Concrete Work,SF,41300,,0,1335.565588,58796.2787,7670.578764,66467,,,TIMCAT/PWR12_ME_inflated_reduced.csv,
A.215.1416,Waterproofing,Concrete Work,SF,35000,,0,1131.835244,46304.11833,19501.47143,65806,,,TIMCAT/PWR12_ME_inflated_reduced.csv,
A.215.1417,Rubbing Surfaces,Concrete Work,SF,76000,,0,12288.49693,541006.9378,35288.37688,576295,,,TIMCAT/PWR12_ME_inflated_reduced.csv,
A.215.1418,Construction Joints,Concrete Work,SF,12000,,0,2910.433484,151330.4314,68719.47077,220050,,,TIMCAT/PWR12_ME_inflated_reduced.csv,
A.215.1419,Removable Plugs,Concrete Work,LT,1,,0,4850.722473,213557.0134,131359.4352,344916,,,TIMCAT/PWR12_ME_inflated_reduced.csv,
A.215.142,Structural & Miscellaneous Steel,Superstructure,,,,0,35733.65555,1853103.955,2944695.171,4797799,,,TIMCAT/PWR12_ME_inflated_reduced.csv,
A.215.1421,Structural Steel,Structural & Miscellaneous Steel,TN,450,,0,25466.29298,1320648.872,2219520.715,3540170,,,TIMCAT/PWR12_ME_inflated_reduced.csv,
A.215.1422,Floor & Platform Supports,Structural & Miscellaneous Steel,TN,65,,0,7146.73111,370618.6445,529344.6481,899963,,,TIMCAT/PWR12_ME_inflated_reduced.csv,
A.215.1425,Floor Grating (Galv),Structural & Miscellaneous Steel,SF,5000,,0,2021.134364,104816.8095,85899.33846,190716,,,TIMCAT/PWR12_ME_inflated_reduced.csv,
A.215.1426,Stair Treads,Structural & Miscellaneous Steel,EA,250,,0,323.3814982,16770.68952,52528.04346,69299,,,TIMCAT/PWR12_ME_inflated_reduced.csv,
A.215.1427,Handrail,Structural & Miscellaneous Steel,LF,800,,0,776.1155957,40248.93938,57402.42639,97651,,,TIMCAT/PWR12_ME_inflated_reduced.csv,
A.215.145,Roofing & Flashing,Superstructure,,,,0,1301.61053,76768.47522,71195.84809,147964,,,TIMCAT/PWR12_ME_inflated_reduced.csv,
A.215.1452,Elastomeric Roofing,Roofing & Flashing,SF,11500,,0,1301.61053,76768.47522,71195.84809,147964,,,TIMCAT/PWR12_ME_inflated_reduced.csv,
A.215.146,Interior Walls & Partition,Superstructure,,,,0,4365.650226,239093.8907,218695.0725,457789,,,TIMCAT/PWR12_ME_inflated_reduced.csv,
A.215.1463,Metal Partitions,Interior Walls & Partition,SF,9000,,0,4365.650226,239093.8907,218695.0725,457789,,,TIMCAT/PWR12_ME_inflated_reduced.csv,
A.215.147,Doors & Windows,Superstructure,,,,0,1495.63943,81713.87408,88183.79655,169898,,,TIMCAT/PWR12_ME_inflated_reduced.csv,
A.215.1471,Rolling Steel Doors,Doors & Windows,SF,100,,0,80.84537455,4230.787584,7429.131975,11660,,,TIMCAT/PWR12_ME_inflated_reduced.csv,
A.215.1472,Personnel Doors,Doors & Windows,SF,1250,,0,1414.794055,77483.0865,80754.66457,158238,,,TIMCAT/PWR12_ME_inflated_reduced.csv,
A.215.149,Painting,Superstructure,,,,0,14471.32204,681097.8721,143973.4822,825071,,,TIMCAT/PWR12_ME_inflated_reduced.csv,
A.215.2,Building Services,Primary Auxiliary Building & Tunnels,,,,7275625.011,170719.5605,9356760.837,2061848.223,18694234,,,TIMCAT/PWR12_ME_inflated_reduced.csv,
A.215.21,Plumbing & Drains,Building Services,,,,7810.607011,28101.8522,1525771.059,359094.3262,1892676,,,TIMCAT/PWR12_ME_inflated_reduced.csv,
A.215.211,Roof Drains & Piping,Plumbing & Drains,LT,1,,0,11318.35244,614312.4419,160979.6658,775292,,,TIMCAT/PWR12_ME_inflated_reduced.csv,
A.215.212,Floor Drains & Piping,Plumbing & Drains,LT,1,,0,16169.07491,877588.6893,193177.4394,1070766,,,TIMCAT/PWR12_ME_inflated_reduced.csv,
A.215.213,Sump Pumps & Motors,Plumbing & Drains,EA,2,,7810.607011,323.3814982,18068.75286,1557.022243,27436,,,TIMCAT/PWR12_ME_inflated_reduced.csv,
A.215.214,Sanitary Fixtures & Piping,Plumbing & Drains,LT,1,,0,291.0433484,15801.17469,3380.198767,19181,,,TIMCAT/PWR12_ME_inflated_reduced.csv,
A.215.22,"Heating, Ventilation, & Air Conditioning",Building Services,,,,6063661.532,108201.8324,5961835.16,1190350.512,13215847,,,TIMCAT/PWR12_ME_inflated_reduced.csv,
A.215.221,Rotating Machinery,"Heating, Ventilation, & Air Conditioning",,,,2531710.025,6176.586616,336370.6056,28979.80565,2897060,,,TIMCAT/PWR12_ME_inflated_reduced.csv,
A.215.222,Heat Transfer Equipment,"Heating, Ventilation, & Air Conditioning",,,,1936413.245,6128.079391,330613.6164,28475.24377,2295502,,,TIMCAT/PWR12_ME_inflated_reduced.csv,
A.215.223,Tanks & Pressure Vessels,"Heating, Ventilation, & Air Conditioning",,,,39410.05189,549.748547,30190.24938,2535.191287,72135,,,TIMCAT/PWR12_ME_inflated_reduced.csv,
A.215.224,Purification & Filtration Equipment,"Heating, Ventilation, & Air Conditioning",,,,469880.2213,1697.752866,91838.71282,7912.025553,569631,,,TIMCAT/PWR12_ME_inflated_reduced.csv,
A.215.225,Piping & Ductwork,"Heating, Ventilation, & Air Conditioning",,,,563080.5444,91329.40273,5046207.644,1111705.045,6720993,,,TIMCAT/PWR12_ME_inflated_reduced.csv,
A.215.226,Valves & Dampers,"Heating, Ventilation, & Air Conditioning",,,,278882.4965,1996.880751,109065.2075,9251.182873,397199,,,TIMCAT/PWR12_ME_inflated_reduced.csv,
A.215.227,Piping & Miscellaneous Items,"Heating, Ventilation, & Air Conditioning",,,,216644.9347,0,0,0,216645,,,TIMCAT/PWR12_ME_inflated_reduced.csv,
A.215.228,Instrumentation & Control,"Heating, Ventilation, & Air Conditioning",LT,1,,27640.01302,323.3814982,17549.12426,1492.017338,46681,,,TIMCAT/PWR12_ME_inflated_reduced.csv,
A.215.23,Special HVAC (Safety Related),Building Services,,,,884219.7209,7130.562036,385833.8304,33063.40814,1303117,,,TIMCAT/PWR12_ME_inflated_reduced.csv,
A.215.231,Rotating Machinery,Special HVAC (Safety Related),,,,590805.2782,1713.921941,92715.55764,7989.412344,691510,,,TIMCAT/PWR12_ME_inflated_reduced.csv,
A.215.234,Purification & Filtration Equipment,Special HVAC (Safety Related),,,,207300.0976,970.1444946,52477.72435,4519.388618,264297,,,TIMCAT/PWR12_ME_inflated_reduced.csv,
A.215.236,Valves & Dampers,Special HVAC (Safety Related),,,,86114.3451,4446.4956,240640.5484,20554.60717,347310,,,TIMCAT/PWR12_ME_inflated_reduced.csv,
A.215.24,Lighting & Service Power,Building Services,LT,1,,0,24253.61236,1326729.092,465212.2443,1791941,,,TIMCAT/PWR12_ME_inflated_reduced.csv,
A.215.25,Elevator,Building Services,EA,1,,319933.1507,3031.701546,156591.6954,14127.73264,490653,,,TIMCAT/PWR12_ME_inflated_reduced.csv,
A.216.,Waste Process Building,Waste Process Building,,,,1490894.581,701742.9999,35835428.65,15152606.55,52478930,,,TIMCAT/PWR12_ME_inflated_reduced.csv,
A.216.1,Building Structure,Waste Process Building,,,,0,612487.1344,30933657.66,13867517.2,44801175,,,TIMCAT/PWR12_ME_inflated_reduced.csv,
A.216.13,Substructure Concrete,Building Structure,,,,0,65430.52886,3214628.455,2101391.699,5316020,,,TIMCAT/PWR12_ME_inflated_reduced.csv,
A.216.131,Formwork,Substructure Concrete,SF,9900,,0,11440.51988,593213.7835,62961.76091,656176,,,TIMCAT/PWR12_ME_inflated_reduced.csv,
A.216.132,Reinforcing Steel,Substructure Concrete,TN,305,,0,13091.38855,679099.5953,658318.2566,1337418,,,TIMCAT/PWR12_ME_inflated_reduced.csv,
A.216.133,Concrete,Substructure Concrete,CY,6000,,0,23772.50885,1043699.881,1039411.081,2083111,,,TIMCAT/PWR12_ME_inflated_reduced.csv,
A.216.134,Embedded Steel,Substructure Concrete,TN,30,,0,15105.44833,801389.9155,301076.0293,1102466,,,TIMCAT/PWR12_ME_inflated_reduced.csv,
A.216.135,Floor Finish,Substructure Concrete,SF,7650,,0,252.5829065,11102.04889,1459.568094,12562,,,TIMCAT/PWR12_ME_inflated_reduced.csv,
A.216.136,Waterproofing,Substructure Concrete,SF,15300,,0,505.165813,20610.71138,8757.408563,29368,,,TIMCAT/PWR12_ME_inflated_reduced.csv,
A.216.137,Construction Joints,Substructure Concrete,SF,1360,,0,336.7772087,17462.48184,8000.595477,25463,,,TIMCAT/PWR12_ME_inflated_reduced.csv,
A.216.139,Wire Fabric,Substructure Concrete,SF,28050,,0,926.1373239,48050.03713,21406.99871,69457,,,TIMCAT/PWR12_ME_inflated_reduced.csv,
A.216.14,Superstructure,Building Structure,,,,0,547056.6055,27719029.2,11766125.5,39485155,,,TIMCAT/PWR12_ME_inflated_reduced.csv,
A.216.141,Concrete Work,Superstructure,,,,0,474710.5878,24018213.09,7145811.16,31164024,,,TIMCAT/PWR12_ME_inflated_reduced.csv,
A.216.1411,Formwork,Concrete Work,SF,194000,,0,230131.0926,11980722,1193793.145,13174515,,,TIMCAT/PWR12_ME_inflated_reduced.csv,
A.216.1412,Reinforcing Steel,Concrete Work,TN,1200,,0,67355.44174,3493972.435,2590104.616,6084077,,,TIMCAT/PWR12_ME_inflated_reduced.csv,
A.216.1413,Concrete,Concrete Work,CY,8300,,0,57549.28184,2526626.061,1437851.996,3964478,,,TIMCAT/PWR12_ME_inflated_reduced.csv,
A.216.1414,Embedded Steel,Concrete Work,TN,160,,0,80562.3911,4274090.145,1605738.823,5879829,,,TIMCAT/PWR12_ME_inflated_reduced.csv,
A.216.1415,Floor Finish,Concrete Work,SF,34000,,0,1122.590696,49287.69306,6486.969306,55775,,,TIMCAT/PWR12_ME_inflated_reduced.csv,
A.216.1416,Waterproofing,Concrete Work,SF,27200,,0,898.0725565,36639.94016,15568.72633,52209,,,TIMCAT/PWR12_ME_inflated_reduced.csv,
A.216.1417,Rubbing Surfaces,Concrete Work,SF,160000,,0,26413.89872,1159667.417,76317.28595,1235985,,,TIMCAT/PWR12_ME_inflated_reduced.csv,
A.216.1418,Construction Joints,Concrete Work,SF,14450,,0,3579.083277,185547.3795,85007.91689,270555,,,TIMCAT/PWR12_ME_inflated_reduced.csv,
A.216.1419,Removable Plugs,Concrete Work,LT,1,,0,7098.735281,311660.0224,134941.6811,446602,,,TIMCAT/PWR12_ME_inflated_reduced.csv,
A.216.142,Structural & Miscellaneous Steel,Superstructure,,,,0,40976.21126,2119078.084,3438706.409,5557784,,,TIMCAT/PWR12_ME_inflated_reduced.csv,
A.216.1421,Structural Steel,Structural & Miscellaneous Steel,TN,550,,0,31779.2219,1643471.118,2786725.696,4430197,,,TIMCAT/PWR12_ME_inflated_reduced.csv,
A.216.1423,"Miscellaneous Frames, Etc.",Structural & Miscellaneous Steel,TN,40,,0,4490.362782,232221.4983,334633.9541,566855,,,TIMCAT/PWR12_ME_inflated_reduced.csv,
A.216.1425,Floor Grating (Galv),Structural & Miscellaneous Steel,SF,5000,,0,2063.585838,106722.4516,88241.86188,194964,,,TIMCAT/PWR12_ME_inflated_reduced.csv,
A.216.1426,Stair Treads,Structural & Miscellaneous Steel,EA,276,,0,364.8419761,18845.80084,59572.40617,78418,,,TIMCAT/PWR12_ME_inflated_reduced.csv,
A.216.1427,Handrail,Structural & Miscellaneous Steel,LF,2300,,0,2278.198765,117817.2157,169532.491,287350,,,TIMCAT/PWR12_ME_inflated_reduced.csv,
A.216.143,Exterior Walls,Superstructure,,,,0,9079.777685,486639.2798,585894.164,1072533,,,TIMCAT/PWR12_ME_inflated_reduced.csv,
A.216.1433,Metal Insulated Siding,Exterior Walls,SF,27500,,0,9079.777685,486639.2798,585894.164,1072533,,,TIMCAT/PWR12_ME_inflated_reduced.csv,
A.216.144,Roof Deck,Superstructure,,,,0,6365.749591,307576.92,294801.0718,602378,,,TIMCAT/PWR12_ME_inflated_reduced.csv,
A.216.1441,Metal Roof Deck,Roof Deck,SF,7000,,0,693.3648414,36185.46742,62325.78353,98511,,,TIMCAT/PWR12_ME_inflated_reduced.csv,
A.216.1442,Concrete Plank,Roof Deck,SF,12500,,0,1650.86867,86150.44904,125208.0473,211358,,,TIMCAT/PWR12_ME_inflated_reduced.csv,
A.216.1443,Concrete Fill,Roof Deck,CY,370,,0,2931.942758,128722.5747,64098.83065,192821,,,TIMCAT/PWR12_ME_inflated_reduced.csv,
A.216.1444,Reinforcing Steel,Roof Deck,TN,20,,0,1089.573322,56518.42889,43168.41027,99687,,,TIMCAT/PWR12_ME_inflated_reduced.csv,
A.216.145,Roofing & Flashing,Superstructure,,,,0,2484.557349,147358.8379,128467.4314,275826,,,TIMCAT/PWR12_ME_inflated_reduced.csv,
A.216.1451,Elastomeric Roofing,Roofing & Flashing,SF,19500,,0,2253.435735,132538.7053,124015.5897,256554,,,TIMCAT/PWR12_ME_inflated_reduced.csv,
A.216.1452,Roof Insulation,Roofing & Flashing,SF,7000,,0,231.1216138,14820.13261,4451.84168,19272,,,TIMCAT/PWR12_ME_inflated_reduced.csv,
A.216.146,Interior Walls & Partition,Superstructure,,,,0,84.19430217,4599.644948,4245.149031,8845,,,TIMCAT/PWR12_ME_inflated_reduced.csv,
A.216.1463,Metal Partitions,Interior Walls & Partition,SF,170,,0,84.19430217,4599.644948,4245.149031,8845,,,TIMCAT/PWR12_ME_inflated_reduced.csv,
A.216.147,Doors & Windows,Superstructure,,,,0,1221.642816,66380.32184,75023.07197,141403,,,TIMCAT/PWR12_ME_inflated_reduced.csv,
A.216.1471,Rolling Steel Doors,Doors & Windows,SF,170,,0,140.323837,7325.305897,12973.93861,20299,,,TIMCAT/PWR12_ME_inflated_reduced.csv,
A.216.1472,Personnel Doors,Doors & Windows,SF,935,,0,1081.318979,59055.01594,62049.13336,121104,,,TIMCAT/PWR12_ME_inflated_reduced.csv,
A.216.148,"Wall, Floor, & Ceiling Finishing",Superstructure,,,,0,231.1216138,10525.09202,585.0991923,11110,,,TIMCAT/PWR12_ME_inflated_reduced.csv,
A.216.1481,Acid Proof Tiles,"Wall, Floor, & Ceiling Finishing",SF,85,,0,231.1216138,10525.09202,585.0991923,11110,,,TIMCAT/PWR12_ME_inflated_reduced.csv,
A.216.149,Painting,Superstructure,,,,0,11902.76311,558657.9279,92591.94718,651250,,,TIMCAT/PWR12_ME_inflated_reduced.csv,
A.216.2,Building Services,Waste Process Building,,,,1490894.581,89255.86551,4901770.993,1285089.347,7677755,,,TIMCAT/PWR12_ME_inflated_reduced.csv,
A.216.21,Plumbing & Drains,Building Services,,,,0,23557.89592,1275085.663,252355.5943,1527441,,,TIMCAT/PWR12_ME_inflated_reduced.csv,
A.216.211,Roof Drains & Piping,Plumbing & Drains,LT,1,,0,7428.909015,402094.1874,99221.17306,501315,,,TIMCAT/PWR12_ME_inflated_reduced.csv,
A.216.212,Floor Drains & Piping,Plumbing & Drains,LT,1,,0,15683.25236,848867.9461,132296.9981,981165,,,TIMCAT/PWR12_ME_inflated_reduced.csv,
A.216.214,Sanitary Fixtures & Piping,Plumbing & Drains,LT,1,,0,445.7345409,24123.52905,20837.42315,44961,,,TIMCAT/PWR12_ME_inflated_reduced.csv,
A.216.22,"Heating, Ventilation, & Air Conditioning",Building Services,,,,1134425.199,46052.63242,2551554.28,674600.3761,4360580,,,TIMCAT/PWR12_ME_inflated_reduced.csv,
A.216.221,Rotating Machinery,"Heating, Ventilation, & Air Conditioning",,,,345927.2694,462.2432276,24939.47733,2168.682875,373035,,,TIMCAT/PWR12_ME_inflated_reduced.csv,
A.216.222,Heat Transfer Equipment,"Heating, Ventilation, & Air Conditioning",,,,5987.202739,165.086867,8909.569731,775.8924072,15673,,,TIMCAT/PWR12_ME_inflated_reduced.csv,
A.216.224,Purification & Filtration Equipment,"Heating, Ventilation, & Air Conditioning",,,,740639.1536,2641.389872,142487.2544,12382.47965,895509,,,TIMCAT/PWR12_ME_inflated_reduced.csv,
A.216.225,Piping & Ductwork,"Heating, Ventilation, & Air Conditioning",,,,13906.86084,42618.82558,2366283.889,658891.7347,3039082,,,TIMCAT/PWR12_ME_inflated_reduced.csv,
A.216.226,Valves & Dampers,"Heating, Ventilation, & Air Conditioning",,,,11486.55933,0,0,0,11487,,,TIMCAT/PWR12_ME_inflated_reduced.csv,
A.216.227,Piping & Miscellaneous Items,"Heating, Ventilation, & Air Conditioning",,,,8938.712258,0,0,0,8939,,,TIMCAT/PWR12_ME_inflated_reduced.csv,
A.216.228,Instrumentation & Control,"Heating, Ventilation, & Air Conditioning",LT,1,,7539.440486,165.086867,8934.089736,381.5864298,16855,,,TIMCAT/PWR12_ME_inflated_reduced.csv,
A.216.24,Lighting & Service Power,Building Services,LT,1,,0,16508.6867,900566.6295,341357.6804,1241924,,,TIMCAT/PWR12_ME_inflated_reduced.csv,
A.216.25,Elevator,Building Services,,,,356469.3827,3136.650473,174564.4207,16775.69577,547809,,,TIMCAT/PWR12_ME_inflated_reduced.csv,
A.216.251,Elevator Equipment/Enclosure,Elevator,LT,1,,356469.3827,3136.650473,174564.4207,16775.69577,547809,,,TIMCAT/PWR12_ME_inflated_reduced.csv,
A.217.,Fuel Storage Building,Fuel Storage Building,,,,2215994.249,321272,16387921.96,11265611.73,29869528,,,TIMCAT/PWR12_ME_inflated_reduced.csv,
A.217.1,Building Structure,Fuel Storage Building,,,,0,224553.7687,11291641.17,4070352.314,15361993,,,TIMCAT/PWR12_ME_inflated_reduced.csv,
A.217.13,Substructure Concrete,Building Structure,,,,0,24829.43256,1232836.386,627561.8009,1860398,,,TIMCAT/PWR12_ME_inflated_reduced.csv,
A.217.131,Formwork,Substructure Concrete,SF,8000,,0,8588.315154,444712.6493,41074.15861,485787,,,TIMCAT/PWR12_ME_inflated_reduced.csv,
A.217.132,Reinforcing Steel,Substructure Concrete,TN,160,,0,6379.891257,330498.3164,278800.1866,609299,,,TIMCAT/PWR12_ME_inflated_reduced.csv,
A.217.133,Concrete,Substructure Concrete,CY,1800,,0,6625.27169,290477.4445,251736.1668,542214,,,TIMCAT/PWR12_ME_inflated_reduced.csv,
A.217.134,Embedded Steel,Substructure Concrete,TN,5,,0,2338.782252,123911.5829,40509.97237,164422,,,TIMCAT/PWR12_ME_inflated_reduced.csv,
A.217.135,Floor Finish,Substructure Concrete,SF,3500,,0,107.3539394,4703.729986,539.0983318,5243,,,TIMCAT/PWR12_ME_inflated_reduced.csv,
A.217.136,Waterproofing,Substructure Concrete,SF,7000,,0,214.7078788,8747.610703,3234.589991,11982,,,TIMCAT/PWR12_ME_inflated_reduced.csv,
A.217.137,Construction Joints,Substructure Concrete,SF,900,,0,207.0397403,10717.25156,4274.27963,14992,,,TIMCAT/PWR12_ME_inflated_reduced.csv,
A.217.138,Wire Fabric,Substructure Concrete,SF,12000,,0,368.0706494,19067.80073,7393.34855,26461,,,TIMCAT/PWR12_ME_inflated_reduced.csv,
A.217.3,Storage Pool Liner - S.S.,Substructure Concrete,LT,1,,0,59811.48053,3071920.9,6646942.405,9718863,,,TIMCAT/PWR12_ME_inflated_reduced.csv,
A.217.14,Superstructure,Building Structure,,,,0,199724.3362,10058804.79,3442790.513,13501595,,,TIMCAT/PWR12_ME_inflated_reduced.csv,
A.217.141,Concrete Work,Superstructure,,,,0,182969.4535,9200530.165,2452036.603,11652567,,,TIMCAT/PWR12_ME_inflated_reduced.csv,
A.217.1411,Formwork,Concrete Work,SF,83300,,0,91565.24219,4760737.353,413627.0458,5174364,,,TIMCAT/PWR12_ME_inflated_reduced.csv,
A.217.1412,Reinforcing Steel,Concrete Work,TN,500,,0,26071.671,1350591.557,871250.5832,2221842,,,TIMCAT/PWR12_ME_inflated_reduced.csv,
A.217.1413,Concrete,Concrete Work,CY,5000,,0,32206.18183,1412044.259,699267.13,2111311,,,TIMCAT/PWR12_ME_inflated_reduced.csv,
A.217.1414,Embedded Steel,Concrete Work,TN,50,,0,23387.82252,1239112.142,405099.7237,1644212,,,TIMCAT/PWR12_ME_inflated_reduced.csv,
A.217.1415,Floor Finish,Concrete Work,SF,19000,,0,582.7785283,25553.49237,2926.533801,28480,,,TIMCAT/PWR12_ME_inflated_reduced.csv,
A.217.1416,Waterproofing,Concrete Work,SF,18000,,0,552.1059742,22493.85609,8317.517119,30811,,,TIMCAT/PWR12_ME_inflated_reduced.csv,
A.217.1417,Rubbing Surfaces,Concrete Work,SF,44000,,0,6747.961906,295855.769,16943.09043,312799,,,TIMCAT/PWR12_ME_inflated_reduced.csv,
A.217.1418,Construction Joints,Concrete Work,SF,7000,,0,1610.309091,83381.40133,33244.39713,116626,,,TIMCAT/PWR12_ME_inflated_reduced.csv,
A.217.1419,Removable Plugs,Concrete Work,LT,1,,0,245.380433,10760.33529,1360.581504,12121,,,TIMCAT/PWR12_ME_inflated_reduced.csv,
A.217.142,Structural & Miscellaneous Steel,Superstructure,,,,0,12269.02165,633635.0059,893582.7199,1527218,,,TIMCAT/PWR12_ME_inflated_reduced.csv,
A.217.1421,Structural Steel,Structural & Miscellaneous Steel,TN,160,,0,8588.315154,443542.8146,654468.1753,1098011,,,TIMCAT/PWR12_ME_inflated_reduced.csv,
A.217.1423,"Miscellaneous Frames, Etc.",Structural & Miscellaneous Steel,TN,20,,0,2085.73368,107719.4716,135075.6379,242795,,,TIMCAT/PWR12_ME_inflated_reduced.csv,
A.217.1425,Floor Grating (Galv),Structural & Miscellaneous Steel,SF,1400,,0,536.7696971,27722.27069,19946.63828,47669,,,TIMCAT/PWR12_ME_inflated_reduced.csv,
A.217.1426,Stair Treads,Structural & Miscellaneous Steel,EA,165,,0,202.4388572,10454.98605,28752.54114,39208,,,TIMCAT/PWR12_ME_inflated_reduced.csv,
A.217.1427,Handrail,Structural & Miscellaneous Steel,LF,930,,0,855.7642599,44195.46299,55339.72732,99535,,,TIMCAT/PWR12_ME_inflated_reduced.csv,
A.217.145,Roofing & Flashing,Superstructure,,,,0,972.3199656,57111.30589,46465.14193,103576,,,TIMCAT/PWR12_ME_inflated_reduced.csv,
A.217.1452,Elastomeric Roofing,Roofing & Flashing,SF,9050,,0,972.3199656,57111.30589,46465.14193,103576,,,TIMCAT/PWR12_ME_inflated_reduced.csv,
A.217.147,Doors & Windows,Superstructure,,,,0,467.7564503,24768.32396,32682.19458,57451,,,TIMCAT/PWR12_ME_inflated_reduced.csv,
A.217.1471,Rolling Steel Doors,Doors & Windows,SF,400,,0,306.7255412,15985.30933,24644.49517,40630,,,TIMCAT/PWR12_ME_inflated_reduced.csv,
A.217.1472,Personnel Doors,Doors & Windows,SF,150,,0,161.0309091,8783.014626,8037.699413,16821,,,TIMCAT/PWR12_ME_inflated_reduced.csv,
A.217.149,Painting,Superstructure,,,,0,3045.784624,142759.9868,18023.85423,160784,,,TIMCAT/PWR12_ME_inflated_reduced.csv,
A.217.2,Building Services,Fuel Storage Building,,,,2215994.249,36906.75074,2024359.883,548317.0066,4788671,,,TIMCAT/PWR12_ME_inflated_reduced.csv,
A.217.21,Plumbing & Drains,Building Services,,,,7511.892017,6517.917751,352553.6707,150303.6021,510369,,,TIMCAT/PWR12_ME_inflated_reduced.csv,
A.217.211,Roof Drains & Piping,Plumbing & Drains,LT,1,,0,2760.529871,149207.5866,66751.78555,215959,,,TIMCAT/PWR12_ME_inflated_reduced.csv,
A.217.212,Floor Drains & Piping,Plumbing & Drains,LT,1,,0,3373.980953,182371.617,80101.63391,262473,,,TIMCAT/PWR12_ME_inflated_reduced.csv,
A.217.213,Sump Pumps & Motors,Plumbing & Drains,EA,2,,7511.892017,153.3627706,8540.501588,646.9179981,16699,,,TIMCAT/PWR12_ME_inflated_reduced.csv,
A.217.214,Sanitary Fixtures & Piping,Plumbing & Drains,LT,1,,0,230.0441559,12433.96555,2803.26465,15237,,,TIMCAT/PWR12_ME_inflated_reduced.csv,
A.217.22,"Heating, Ventilation, & Air Conditioning",Building Services,,,,193909.3597,22413.96892,1238929.993,277171.7596,1710011,,,TIMCAT/PWR12_ME_inflated_reduced.csv,
A.217.221,Rotating Machinery,"Heating, Ventilation, & Air Conditioning",,,,35776.18875,398.7432036,21643.1789,1637.832075,59057,,,TIMCAT/PWR12_ME_inflated_reduced.csv,
A.217.222,Heat Transfer Equipment,"Heating, Ventilation, & Air Conditioning",,,,20491.00594,306.7255412,16531.09807,1250.194703,38272,,,TIMCAT/PWR12_ME_inflated_reduced.csv,
A.217.225,Piping & Ductwork,"Heating, Ventilation, & Air Conditioning",,,,0,20481.59801,1134524.329,270881.3456,1405406,,,TIMCAT/PWR12_ME_inflated_reduced.csv,
A.217.226,Valves & Dampers,"Heating, Ventilation, & Air Conditioning",,,,51247.65344,460.0883118,24786.46367,1856.972046,77891,,,TIMCAT/PWR12_ME_inflated_reduced.csv,
A.217.228,Instrumentation & Control,"Heating, Ventilation, & Air Conditioning",LT,1,,86394.51155,766.813853,41444.92371,1545.415218,129385,,,TIMCAT/PWR12_ME_inflated_reduced.csv,
A.217.23,Special HVAC (Safety Related),Building Services,,,,2014572.997,2607.1671,140460.022,10611.43886,2165644,,,TIMCAT/PWR12_ME_inflated_reduced.csv,
A.217.234,Purification & Filtration Equipment,Special HVAC (Safety Related),,,,1993719.497,2300.441559,123932.3184,9372.609568,2127024,,,TIMCAT/PWR12_ME_inflated_reduced.csv,
A.217.236,Valves & Dampers,Special HVAC (Safety Related),,,,20853.5004,306.7255412,16527.70359,1238.829296,38620,,,TIMCAT/PWR12_ME_inflated_reduced.csv,
A.217.24,Lighting & Service Power,Building Services,LT,1,,0,5367.696971,292416.1971,110230.206,402646,,,TIMCAT/PWR12_ME_inflated_reduced.csv,
A.218.,Other Structures,Other Structures,,,,6297950.912,2084136,107654033.8,43804205.97,157756191,,,TIMCAT/PWR12_ME_inflated_reduced.csv,
A.218A.,Control Room/D-G Building,Control Room/D-G Building,,,,3787061.023,937870.0002,49339628.44,18750374.71,71877064,,,TIMCAT/PWR12_ME_inflated_reduced.csv,
A.218A.1,Building Structure,Control Room/D-G Building,,,,0,711802.0775,36791995.1,16208846.31,53000841,,,TIMCAT/PWR12_ME_inflated_reduced.csv,
A.218A.13,Substructure Concrete,Building Structure,,,,0,26182.86892,1340415.619,770875.0729,2111291,,,TIMCAT/PWR12_ME_inflated_reduced.csv,
A.218A.131,Formwork,Substructure Concrete,SF,4300,,0,5488.191885,289632.8356,29265.07811,318898,,,TIMCAT/PWR12_ME_inflated_reduced.csv,
A.218A.132,Reinforcing Steel,Substructure Concrete,TN,170,,0,8059.072468,425486.8405,392667.1244,818154,,,TIMCAT/PWR12_ME_inflated_reduced.csv,
A.218A.133,Concrete,Substructure Concrete,CY,1050,,0,4594.765299,205314.5799,194656.6671,399971,,,TIMCAT/PWR12_ME_inflated_reduced.csv,
A.218A.134,Embedded Steel,Substructure Concrete,TN,9,,0,5005.0122,270255.377,96657.81985,366913,,,TIMCAT/PWR12_ME_inflated_reduced.csv,
A.218A.135,Floor Finish,Substructure Concrete,SF,12000,,0,437.5966951,19555.0457,2450.099563,22005,,,TIMCAT/PWR12_ME_inflated_reduced.csv,
A.218A.136,Waterproofing,Substructure Concrete,SF,17000,,0,619.9286514,25741.37241,10412.92314,36154,,,TIMCAT/PWR12_ME_inflated_reduced.csv,
A.218A.137,Construction Joints,Substructure Concrete,SF,2700,,0,738.444423,38967.51184,16997.56572,55965,,,TIMCAT/PWR12_ME_inflated_reduced.csv,
A.218A.138,Wire Fabric,Substructure Concrete,SF,34000,,0,1239.857303,65462.05649,27767.79504,93230,,,TIMCAT/PWR12_ME_inflated_reduced.csv,
A.218A.14,Superstructure,Building Structure,,,,0,685619.2086,35451579.48,15437971.24,50889551,,,TIMCAT/PWR12_ME_inflated_reduced.csv,
A.218A.141,Concrete Work,Superstructure,,,,0,562521.4349,28840436.4,8429857.723,37270294,,,TIMCAT/PWR12_ME_inflated_reduced.csv,
A.218A.1411,Formwork,Concrete Work,SF,233300,,0,281885.2044,14969096.8,1515505.682,16484602,,,TIMCAT/PWR12_ME_inflated_reduced.csv,
A.218A.1412,Reinforcing Steel,Concrete Work,TN,1400,,0,86790.0112,4582186.951,3233729.26,7815916,,,TIMCAT/PWR12_ME_inflated_reduced.csv,
A.218A.1413,Concrete,Concrete Work,CY,11800,,0,90363.71754,4037857.871,2187548.348,6225406,,,TIMCAT/PWR12_ME_inflated_reduced.csv,
A.218A.1414,Embedded Steel,Concrete Work,TN,115,,0,63952.93367,3453252.231,1235072.143,4688324,,,TIMCAT/PWR12_ME_inflated_reduced.csv,
A.218A.1415,Floor Finish,Concrete Work,SF,58500,,0,2133.283889,95318.56449,11944.23537,107263,,,TIMCAT/PWR12_ME_inflated_reduced.csv,
A.218A.1416,Waterproofing,Concrete Work,SF,13000,,0,474.0630864,19684.5789,7962.823579,27647,,,TIMCAT/PWR12_ME_inflated_reduced.csv,
A.218A.1417,Rubbing Surfaces,Concrete Work,SF,140000,,0,25526.47388,1140638.044,71461.23725,1212099,,,TIMCAT/PWR12_ME_inflated_reduced.csv,
A.218A.1418,Construction Joints,Concrete Work,SF,15000,,0,4102.469017,216504.7776,94430.92065,310936,,,TIMCAT/PWR12_ME_inflated_reduced.csv,
A.218A.1419,Removable Plugs,Concrete Work,LT,1,,0,7293.278252,325896.584,72203.07295,398100,,,TIMCAT/PWR12_ME_inflated_reduced.csv,
A.218A.142,Structural & Miscellaneous Steel,Superstructure,,,,0,57069.90232,3003877.757,4757094.75,7760973,,,TIMCAT/PWR12_ME_inflated_reduced.csv,
A.218A.1421,Structural Steel ,Structural & Miscellaneous Steel,TN,770,,0,49138.46222,2586404.555,4175051.325,6761456,,,TIMCAT/PWR12_ME_inflated_reduced.csv,
A.218A.1422,Floor & Platform Supports,Structural & Miscellaneous Steel,TN,30,,0,3719.571909,195775.6512,268578.2435,464354,,,TIMCAT/PWR12_ME_inflated_reduced.csv,
A.218A.1425,Floor Grating (Galv),Structural & Miscellaneous Steel,SF,3800,,0,1732.153585,91174.99115,71767.49969,162942,,,TIMCAT/PWR12_ME_inflated_reduced.csv,
A.218A.1426,Stair Treads,Structural & Miscellaneous Steel,EA,500,,0,729.3278252,38389.46996,115490.3307,153880,,,TIMCAT/PWR12_ME_inflated_reduced.csv,
A.218A.1427,Handrail,Structural & Miscellaneous Steel,LF,1600,,0,1750.38678,92133.09012,126207.3508,218340,,,TIMCAT/PWR12_ME_inflated_reduced.csv,
A.218A.145,Roofing & Flashing,Superstructure,,,,0,2552.647388,152808.8951,136116.6424,288926,,,TIMCAT/PWR12_ME_inflated_reduced.csv,
A.218A.1451,Elastomeric Roofing,Roofing & Flashing,SF,20000,,0,2552.647388,152808.8951,136116.6424,288926,,,TIMCAT/PWR12_ME_inflated_reduced.csv,
A.218A.146,Interior Walls & Partition,Superstructure,,,,0,44024.05085,2477305.334,1820301.47,4297607,,,TIMCAT/PWR12_ME_inflated_reduced.csv,
A.218A.1461,Fire Wall,Interior Walls & Partition,LT,1,,0,36466.39126,2059298.626,1422449.539,3481748,,,TIMCAT/PWR12_ME_inflated_reduced.csv,
A.218A.1462,Masonry Walls,Interior Walls & Partition,SF,500,,0,227.9149454,10567.34034,8252.071444,18819,,,TIMCAT/PWR12_ME_inflated_reduced.csv,
A.218A.1463,Metal Partitions,Interior Walls & Partition,SF,13000,,0,7110.946296,395276.0704,347267.5839,742544,,,TIMCAT/PWR12_ME_inflated_reduced.csv,
A.218A.1464,Glass Partitions,Interior Walls & Partition,SF,800,,0,218.7983476,12163.29724,42332.27578,54496,,,TIMCAT/PWR12_ME_inflated_reduced.csv,
A.218A.147,Doors & Windows,Superstructure,,,,0,1712.097069,95330.97808,96193.63116,191525,,,TIMCAT/PWR12_ME_inflated_reduced.csv,
A.218A.1471,Sliding Door,Doors & Windows,SF,30,,0,27.34979345,1678.8507,2450.099563,4129,,,TIMCAT/PWR12_ME_inflated_reduced.csv,
A.218A.1472,Personnel Doors,Doors & Windows,SF,1320,,0,1684.747276,93652.12738,93743.5316,187396,,,TIMCAT/PWR12_ME_inflated_reduced.csv,
A.218A.148,"Wall, Floor, & Ceiling Finishing",Superstructure,,,,0,4574.708784,252960.6483,121610.0112,374571,,,TIMCAT/PWR12_ME_inflated_reduced.csv,
A.218A.1481,Vinyl Tile Floor,"Wall, Floor, & Ceiling Finishing",SF,8500,,0,1239.857303,68918.97362,43965.67549,112885,,,TIMCAT/PWR12_ME_inflated_reduced.csv,
A.218A.1482,Suspended Ceiling,"Wall, Floor, & Ceiling Finishing",SF,10000,,0,1823.319563,101352.8386,40834.99271,142188,,,TIMCAT/PWR12_ME_inflated_reduced.csv,
A.218A.1483,Sandwich Panels,"Wall, Floor, & Ceiling Finishing",SF,500,,0,136.7489672,7600.26713,17354.8719,24955,,,TIMCAT/PWR12_ME_inflated_reduced.csv,
A.218A.1484,Ceramic Tile Floor,"Wall, Floor, & Ceiling Finishing",SF,225,,0,61.99286514,2871.840255,2804.002833,5676,,,TIMCAT/PWR12_ME_inflated_reduced.csv,
A.218A.1485,Ceramic Tile Wall Finish,"Wall, Floor, & Ceiling Finishing",SF,300,,0,82.04938034,3804.758421,3736.401833,7541,,,TIMCAT/PWR12_ME_inflated_reduced.csv,
A.218A.1486,Raised Floor (Computer Room),"Wall, Floor, & Ceiling Finishing",SF,1500,,0,1230.740705,68411.97027,12914.06645,81326,,,TIMCAT/PWR12_ME_inflated_reduced.csv,
A.218A.149,Painting,Superstructure,,,,0,13164.36724,628859.4648,76797.00963,705656,,,TIMCAT/PWR12_ME_inflated_reduced.csv,
A.218A.2,Building Services,Control Room/D-G Building,,,,3787061.023,226067.9227,12547633.34,2541528.4,18876223,,,TIMCAT/PWR12_ME_inflated_reduced.csv,
A.218A.21,Plumbing & Drains,Building Services,,,,0,42848.00973,2360426.583,658362.3247,3018789,,,TIMCAT/PWR12_ME_inflated_reduced.csv,
A.218A.211,Roof Drains & Piping,Plumbing & Drains,LT,1,,0,6381.618471,351554.8206,88484.13922,440039,,,TIMCAT/PWR12_ME_inflated_reduced.csv,
A.218A.212,Floor Drains & Piping,Plumbing & Drains,LT,1,,0,18233.19563,1004435.881,123876.4461,1128312,,,TIMCAT/PWR12_ME_inflated_reduced.csv,
A.218A.214,Sanitary Fixtures & Piping,Plumbing & Drains,LT,1,,0,18233.19563,1004435.881,446001.7394,1450438,,,TIMCAT/PWR12_ME_inflated_reduced.csv,
A.218A.23,Special HVAC (Safety Related),Building Services,,,,3787061.023,146753.5217,8162546.348,1262161.118,13211768,,,TIMCAT/PWR12_ME_inflated_reduced.csv,
A.218A.231,Rotating Machinery,Special HVAC (Safety Related),,,,926649.8252,2078.584302,114723.9584,9480.524141,1050854,,,TIMCAT/PWR12_ME_inflated_reduced.csv,
A.218A.232,Heat Transfer Equipment,Special HVAC (Safety Related),,,,801211.4132,3519.006757,193144.9921,15969.88507,1010326,,,TIMCAT/PWR12_ME_inflated_reduced.csv,
A.218A.233,Tanks & Pressure Vessels,Special HVAC (Safety Related),,,,3070.170928,145.865565,8103.008536,653.3598834,11827,,,TIMCAT/PWR12_ME_inflated_reduced.csv,
A.218A.234,Purification & Filtration Equipment,Special HVAC (Safety Related),,,,193498.1677,1367.489672,75100.20088,6213.724724,274812,,,TIMCAT/PWR12_ME_inflated_reduced.csv,
A.218A.235,Piping & Ductwork,Special HVAC (Safety Related),,,,1240903.304,135385.1242,7537476.269,1213347.277,9991727,,,TIMCAT/PWR12_ME_inflated_reduced.csv,
A.218A.236,Valves & Dampers,Special HVAC (Safety Related),,,,267144.7431,3072.293464,168717.358,13831.86384,449694,,,TIMCAT/PWR12_ME_inflated_reduced.csv,
A.218A.237,Piping & Miscellaneous Items,Special HVAC (Safety Related),,,,34666.4281,0,0,0,34666,,,TIMCAT/PWR12_ME_inflated_reduced.csv,
A.218A.238,Instrumentation & Control,Special HVAC (Safety Related),LT,1,,319916.9706,1185.157716,65280.56113,2664.483275,387862,,,TIMCAT/PWR12_ME_inflated_reduced.csv,
A.218A.24,Lighting & Service Power,Building Services,LT,1,,0,36466.39126,2024660.407,621004.9575,2645665,,,TIMCAT/PWR12_ME_inflated_reduced.csv,
A.218B.,Administrative & Service Building,Administrative & Service Building,,,,1978583.071,267485,14086206.46,7201556.76,23266346,,,TIMCAT/PWR12_ME_inflated_reduced.csv,
A.218B.1,Building Structure,Administrative & Service Building,,,,0,170028.0941,8711840.316,5872789.365,14584630,,,TIMCAT/PWR12_ME_inflated_reduced.csv,
A.218B.13,Substructure Concrete,Building Structure,,,,0,38835.49711,1949542.832,724394.5343,2673937,,,TIMCAT/PWR12_ME_inflated_reduced.csv,
A.218B.131,Formwork,Substructure Concrete,SF,15000,,0,18452.08922,968412.1303,88400.84966,1056813,,,TIMCAT/PWR12_ME_inflated_reduced.csv,
A.218B.132,Reinforcing Steel,Substructure Concrete,TN,135,,0,6168.269823,323865.4005,270018.3862,593884,,,TIMCAT/PWR12_ME_inflated_reduced.csv,
A.218B.133,Concrete,Substructure Concrete,CY,1700,,0,7169.954666,318614.7707,272903.1336,591518,,,TIMCAT/PWR12_ME_inflated_reduced.csv,
A.218B.134,Embedded Steel,Substructure Concrete,TN,6,,0,3215.935549,172688.4266,55799.41995,228488,,,TIMCAT/PWR12_ME_inflated_reduced.csv,
A.218B.135,Floor Finish,Substructure Concrete,SF,47600,,0,1672.989422,74343.87463,8415.760887,82760,,,TIMCAT/PWR12_ME_inflated_reduced.csv,
A.218B.136,Waterproofing,Substructure Concrete,SF,47600,,0,1672.989422,69082.22062,25247.28266,94330,,,TIMCAT/PWR12_ME_inflated_reduced.csv,
A.218B.137,Construction Joints,Substructure Concrete,SF,500,,0,131.8006373,6918.015417,2725.692864,9644,,,TIMCAT/PWR12_ME_inflated_reduced.csv,
A.218B.138,Rubbing Surfaces,Substructure Concrete,SF,2000,,0,351.468366,15617.99336,884.0084966,16502,,,TIMCAT/PWR12_ME_inflated_reduced.csv,
A.218B.14,Superstructure,Building Structure,,,,0,131192.597,6762297.484,5148394.83,11910692,,,TIMCAT/PWR12_ME_inflated_reduced.csv,
A.218B.141,Concrete Work,Superstructure,,,,0,15188.70544,786676.4274,357842.1524,1144519,,,TIMCAT/PWR12_ME_inflated_reduced.csv,
A.218B.1411,Formwork,Concrete Work,SF,26600,,0,4674.529268,285839.1937,127762.8013,413602,,,TIMCAT/PWR12_ME_inflated_reduced.csv,
A.218B.1412,Reinforcing Steel,Concrete Work,TN,50,,0,2899.61402,152244.1821,100006.8097,252251,,,TIMCAT/PWR12_ME_inflated_reduced.csv,
A.218B.1413,Concrete,Concrete Work,CY,660,,0,5567.258917,247396.2073,105950.6283,353347,,,TIMCAT/PWR12_ME_inflated_reduced.csv,
A.218B.1414,Embedded Steel,Concrete Work,TN,2,,0,1071.978516,57565.66302,18599.80665,76165,,,TIMCAT/PWR12_ME_inflated_reduced.csv,
A.218B.1415,Floor Finish,Concrete Work,SF,26600,,0,934.9058536,41545.23233,4702.925202,46248,,,TIMCAT/PWR12_ME_inflated_reduced.csv,
A.218B.1418,Construction Joints,Concrete Work,SF,150,,0,40.41886209,2085.948983,819.1812068,2905,,,TIMCAT/PWR12_ME_inflated_reduced.csv,
A.218B.142,Structural & Miscellaneous Steel,Superstructure,,,,0,25818.86617,1351476.24,1956246.243,3307722,,,TIMCAT/PWR12_ME_inflated_reduced.csv,
A.218B.1421,Structural Steel,Structural & Miscellaneous Steel,TN,390,,0,23987.71598,1255620.877,1831131.985,3086753,,,TIMCAT/PWR12_ME_inflated_reduced.csv,
A.218B.1423,"Miscellaneous Frames, Etc.",Structural & Miscellaneous Steel,TN,7,,0,836.4947111,43785.39544,54266.46885,98052,,,TIMCAT/PWR12_ME_inflated_reduced.csv,
A.218B.1425,Floor Grating (Galv),Structural & Miscellaneous Steel,SF,1000,,0,439.3354575,22997.43814,16354.15719,39352,,,TIMCAT/PWR12_ME_inflated_reduced.csv,
A.218B.1426,Stair Treads,Structural & Miscellaneous Steel,EA,170,,0,238.9984889,12515.15874,34002.3153,46517,,,TIMCAT/PWR12_ME_inflated_reduced.csv,
A.218B.1427,Handrail,Structural & Miscellaneous Steel,LF,300,,0,316.3215294,16557.37056,20491.31695,37049,,,TIMCAT/PWR12_ME_inflated_reduced.csv,
A.218B.143,Exterior Walls,Superstructure,,,,0,7951.971781,437739.4489,448136.3206,885876,,,TIMCAT/PWR12_ME_inflated_reduced.csv,
A.218B.1433,Metal Insulated Siding,Exterior Walls,SF,20000,,0,7029.36732,381327.1363,394857.1285,776184,,,TIMCAT/PWR12_ME_inflated_reduced.csv,
A.218B.1434,Window Wall,Exterior Walls,SF,1050,,0,922.6044608,56412.3126,53279.19209,109692,,,TIMCAT/PWR12_ME_inflated_reduced.csv,
A.218B.144,Roof Deck,Superstructure,,,,0,13491.11323,725846.7764,599862.985,1325710,,,TIMCAT/PWR12_ME_inflated_reduced.csv,
A.218B.1442,Precast Concrete Panels,Roof Deck,SF,48000,,0,6748.192627,412632.8003,445540.2823,858173,,,TIMCAT/PWR12_ME_inflated_reduced.csv,
A.218B.1443,Concrete Topping,Roof Deck,CY,600,,0,5061.14447,224902.5293,96318.75303,321221,,,TIMCAT/PWR12_ME_inflated_reduced.csv,
A.218B.1444,Reinforcing Steel,Roof Deck,TN,29,,0,1681.776131,88311.44682,58003.94962,146315,,,TIMCAT/PWR12_ME_inflated_reduced.csv,
A.218B.145,Roofing & Flashing,Superstructure,,,,0,5904.668549,351516.7874,282882.7189,634400,,,TIMCAT/PWR12_ME_inflated_reduced.csv,
A.218B.1451,Elastomeric Roofing,Roofing & Flashing,SF,48000,,0,5904.668549,351516.7874,282882.7189,634400,,,TIMCAT/PWR12_ME_inflated_reduced.csv,
A.218B.146,Interior Walls & Partition,Superstructure,,,,0,39100.85572,1856585.625,793273.8645,2649859,,,TIMCAT/PWR12_ME_inflated_reduced.csv,
A.218B.1462,Concrete Block Walls,Interior Walls & Partition,SF,75600,,0,33213.76059,1531145.492,541331.443,2072477,,,TIMCAT/PWR12_ME_inflated_reduced.csv,
A.218B.1463,Metal Partitions,Interior Walls & Partition,SF,10000,,0,5272.02549,291436.8721,231315.5566,522752,,,TIMCAT/PWR12_ME_inflated_reduced.csv,
A.218B.1464,Plaster BD Partitions,Interior Walls & Partition,SF,3500,,0,615.0696405,34003.26067,20626.86492,54630,,,TIMCAT/PWR12_ME_inflated_reduced.csv,
A.218B.147,Doors & Windows,Superstructure,,,,0,6387.937552,351221.1137,382265.9008,733487,,,TIMCAT/PWR12_ME_inflated_reduced.csv,
A.218B.1471,Rolling Steel Doors,Doors & Windows,SF,880,,0,773.2304052,40841.07404,62234.19816,103075,,,TIMCAT/PWR12_ME_inflated_reduced.csv,
A.218B.1472,Personnel Doors,Doors & Windows,SF,3250,,0,3997.952663,221005.1486,199868.4277,420874,,,TIMCAT/PWR12_ME_inflated_reduced.csv,
A.218B.1473,Sash & Glazing,Doors & Windows,SF,2300,,0,1616.754484,89374.89103,120163.2749,209538,,,TIMCAT/PWR12_ME_inflated_reduced.csv,
A.218B.148,"Wall, Floor, & Ceiling Finishing",Superstructure,,,,0,10350.74338,568800.6037,253869.5601,822670,,,TIMCAT/PWR12_ME_inflated_reduced.csv,
A.218B.1481,Vinyl Tile Floor,"Wall, Floor, & Ceiling Finishing",SF,13500,,0,1897.929176,104916.3571,60466.18117,165383,,,TIMCAT/PWR12_ME_inflated_reduced.csv,
A.218B.1482,Ceramic Tile Floor,"Wall, Floor, & Ceiling Finishing",SF,1400,,0,369.0417843,17014.37597,15098.86512,32113,,,TIMCAT/PWR12_ME_inflated_reduced.csv,
A.218B.1483,Carpet,"Wall, Floor, & Ceiling Finishing",SY,1500,,0,1054.405098,58287.37443,36863.15431,95151,,,TIMCAT/PWR12_ME_inflated_reduced.csv,
A.218B.1484,Suspended Ceiling,"Wall, Floor, & Ceiling Finishing",SF,40000,,0,7029.36732,388582.4962,141441.3595,530024,,,TIMCAT/PWR12_ME_inflated_reduced.csv,
A.218B.149,Painting,Superstructure,,,,0,6997.735167,332434.4615,74015.08472,406450,,,TIMCAT/PWR12_ME_inflated_reduced.csv,
A.218B.2,Building Services,Administrative & Service Building,,,,1978583.071,97456.90587,5374366.148,1328767.396,8681717,,,TIMCAT/PWR12_ME_inflated_reduced.csv,
A.218B.21,Plumbing & Drains,Building Services,,,,0,21966.77288,1203427.45,486570.358,1689998,,,TIMCAT/PWR12_ME_inflated_reduced.csv,
A.218B.211,Roof Drains & Piping,Plumbing & Drains,LT,1,,0,3514.68366,192546.6573,122595.2091,315142,,,TIMCAT/PWR12_ME_inflated_reduced.csv,
A.218B.212,Floor Drains & Piping,Plumbing & Drains,LT,1,,0,7029.36732,385097.2569,122595.2091,507692,,,TIMCAT/PWR12_ME_inflated_reduced.csv,
A.218B.214,Sanitary Fixtures & Piping,Plumbing & Drains,LT,1,,0,11422.7219,625783.5353,241379.9398,867163,,,TIMCAT/PWR12_ME_inflated_reduced.csv,
A.218B.22,"Heating, Ventilation, & Air Conditioning",Building Services,,,,1866506.932,56616.28173,3131658.996,457290.8983,5455457,,,TIMCAT/PWR12_ME_inflated_reduced.csv,
A.218B.221,Rotating Machinery,"Heating, Ventilation, & Air Conditioning",,,,194826.1145,2056.089941,114244.3763,8551.308857,317622,,,TIMCAT/PWR12_ME_inflated_reduced.csv,
A.218B.222,Heat Transfer Equipment,"Heating, Ventilation, & Air Conditioning",,,,602092.6319,4200.046974,227889.5919,17093.77763,847076,,,TIMCAT/PWR12_ME_inflated_reduced.csv,
A.218B.223,Tanks & Pressure Vessels,"Heating, Ventilation, & Air Conditioning",,,,2556.163238,105.4405098,5831.06002,424.3240784,8812,,,TIMCAT/PWR12_ME_inflated_reduced.csv,
A.218B.224,Purification & Filtration Equipment,"Heating, Ventilation, & Air Conditioning",,,,247018.3203,1151.058899,62899.65228,4702.925202,314621,,,TIMCAT/PWR12_ME_inflated_reduced.csv,
A.218B.225,Piping & Ductwork,"Heating, Ventilation, & Air Conditioning",,,,356230.627,48840.04414,2706357.375,425985.2107,3488573,,,TIMCAT/PWR12_ME_inflated_reduced.csv,
A.218B.226,Valves & Dampers,"Heating, Ventilation, & Air Conditioning",,,,270023.7894,0,0,0,270024,,,TIMCAT/PWR12_ME_inflated_reduced.csv,
A.218B.227,Piping & Miscellaneous Items,"Heating, Ventilation, & Air Conditioning",,,,182140.3622,0,0,0,182140,,,TIMCAT/PWR12_ME_inflated_reduced.csv,
A.218B.228,Instrumentation & Control,"Heating, Ventilation, & Air Conditioning",LT,1,,11618.92381,263.6012745,14436.93969,533.3517929,26589,,,TIMCAT/PWR12_ME_inflated_reduced.csv,
A.218B.23,Special HVAC (Safety Related),Building Services,,,,23772.31812,421.7620392,23161.10668,1732.656653,48666,,,TIMCAT/PWR12_ME_inflated_reduced.csv,
A.218B.231,Rotating Machinery,Special HVAC (Safety Related),,,,766.8489715,70.2936732,3962.027612,297.6161938,5026,,,TIMCAT/PWR12_ME_inflated_reduced.csv,
A.218B.232,Heat Transfer Equipment,Special HVAC (Safety Related),,,,23005.46915,351.468366,19199.07907,1435.040459,43640,,,TIMCAT/PWR12_ME_inflated_reduced.csv,
A.218B.24,Lighting & Service Power,Building Services,LT,1,,0,17573.4183,970307.7957,379587.355,1349895,,,TIMCAT/PWR12_ME_inflated_reduced.csv,
A.218B.25,Elevator,Building Services,EA,1,,88303.82096,878.670915,45810.80044,3586.127801,137701,,,TIMCAT/PWR12_ME_inflated_reduced.csv,
A.218D.,"Fire Pump House, Including Foundations","Fire Pump House, Including Foundations",,,,87852.60004,15421,784039.4097,353929.4,1225821,,,TIMCAT/PWR12_ME_inflated_reduced.csv,
A.218E.,Emergency Feed Pump Building,Emergency Feed Pump Building,,,,49512.34824,119411,6083776.808,2196805.728,8330095,,,TIMCAT/PWR12_ME_inflated_reduced.csv,
A.218E.1,Building Structure,Emergency Feed Pump Building,,,,0,109336.0546,5537458.885,1994598.568,7532057,,,TIMCAT/PWR12_ME_inflated_reduced.csv,
A.218E.13,Substructure Concrete,Building Structure,,,,0,12185.63465,618695.1885,324279.6853,942975,,,TIMCAT/PWR12_ME_inflated_reduced.csv,
A.218E.131,Formwork,Substructure Concrete,SF,4000,,0,4109.82619,212481.7257,22613.51351,235095,,,TIMCAT/PWR12_ME_inflated_reduced.csv,
A.218E.132,Reinforcing Steel,Substructure Concrete,TN,90,,0,3434.640459,177650.0123,172681.1577,350331,,,TIMCAT/PWR12_ME_inflated_reduced.csv,
A.218E.133,Concrete,Substructure Concrete,CY,450,,0,1585.218673,69395.91208,69298.70099,138695,,,TIMCAT/PWR12_ME_inflated_reduced.csv,
A.218E.134,Embedded Steel,Substructure Concrete,TN,6,,0,2686.064974,142089.0107,53526.95739,195616,,,TIMCAT/PWR12_ME_inflated_reduced.csv,
A.218E.135,Floor Finish,Substructure Concrete,SF,3500,,0,102.7456548,4494.882427,593.6047296,5088,,,TIMCAT/PWR12_ME_inflated_reduced.csv,
A.218E.136,Waterproofing,Substructure Concrete,SF,3700,,0,108.616835,4417.384455,1882.574999,6300,,,TIMCAT/PWR12_ME_inflated_reduced.csv,
A.218E.137,Construction Joints,Substructure Concrete,SF,250,,0,55.77621258,2851.74927,1308.757094,4161,,,TIMCAT/PWR12_ME_inflated_reduced.csv,
A.218E.138,Wire Fabric,Substructure Concrete,SF,3500,,0,102.7456548,5314.511557,2374.418918,7689,,,TIMCAT/PWR12_ME_inflated_reduced.csv,
A.218E.14,Superstructure,Building Structure,,,,0,97150.41996,4918763.696,1670318.883,6589083,,,TIMCAT/PWR12_ME_inflated_reduced.csv,
A.218E.141,Concrete Work,Superstructure,,,,0,91922.13393,4649829.791,1330392.291,5980222,,,TIMCAT/PWR12_ME_inflated_reduced.csv,
A.218E.1411,Formwork,Concrete Work,SF,45000,,0,49538.08355,2568694.295,248126.777,2816821,,,TIMCAT/PWR12_ME_inflated_reduced.csv,
A.218E.1412,Reinforcing Steel,Concrete Work,TN,260,,0,12975.3084,671124.0789,498856.6777,1169981,,,TIMCAT/PWR12_ME_inflated_reduced.csv,
A.218E.1413,Concrete,Concrete Work,CY,1850,,0,11404.76768,499259.5545,284889.643,784149,,,TIMCAT/PWR12_ME_inflated_reduced.csv,
A.218E.1414,Embedded Steel,Concrete Work,TN,30,,0,13430.32487,710452.0985,267634.7869,978087,,,TIMCAT/PWR12_ME_inflated_reduced.csv,
A.218E.1415,Floor Finish,Concrete Work,SF,6000,,0,176.1354082,7711.048302,1017.608108,8729,,,TIMCAT/PWR12_ME_inflated_reduced.csv,
A.218E.1416,Waterproofing,Concrete Work,SF,18300,,0,537.2129949,21854.42835,9311.114187,31166,,,TIMCAT/PWR12_ME_inflated_reduced.csv,
A.218E.1417,Rubbing Surfaces,Concrete Work,SF,22000,,0,3229.14915,141359.8252,9328.074322,150688,,,TIMCAT/PWR12_ME_inflated_reduced.csv,
A.218E.1418,Construction Joints,Concrete Work,SF,1000,,0,220.1692602,11384.36415,5229.374999,16614,,,TIMCAT/PWR12_ME_inflated_reduced.csv,
A.218E.1419,Removable Plugs,Concrete Work,LT,1,,0,410.982619,17990.09762,5998.234458,23988,,,TIMCAT/PWR12_ME_inflated_reduced.csv,
A.218E.142,Structural & Miscellaneous Steel,Superstructure,,,,0,3336.29819,172039.0417,273567.2367,445606,,,TIMCAT/PWR12_ME_inflated_reduced.csv,
A.218E.1421,Structural Steel,Structural & Miscellaneous Steel,TN,25,,0,1284.320685,66228.476,112599.879,178828,,,TIMCAT/PWR12_ME_inflated_reduced.csv,
A.218E.1422,"Miscellaneous Frames, Etc.",Structural & Miscellaneous Steel,TN,16,,0,1596.961034,82348.05436,118986.1408,201334,,,TIMCAT/PWR12_ME_inflated_reduced.csv,
A.218E.1425,Floor Grating (Galv),Structural & Miscellaneous Steel,SF,200,,0,73.3897534,3784.484343,3137.624999,6922,,,TIMCAT/PWR12_ME_inflated_reduced.csv,
A.218E.1426,Stair Treads,Structural & Miscellaneous Steel,EA,100,,0,117.4236054,6054.529132,19186.7953,25241,,,TIMCAT/PWR12_ME_inflated_reduced.csv,
A.218E.1427,Handrail,Structural & Miscellaneous Steel,LF,300,,0,264.2031122,13623.49782,19656.79662,33280,,,TIMCAT/PWR12_ME_inflated_reduced.csv,
A.218E.143,Exterior Walls,Superstructure,,,,0,440.3385204,23532.61173,28408.22634,51941,,,TIMCAT/PWR12_ME_inflated_reduced.csv,
A.218E.1433,Metal Insulated Siding,Exterior Walls,SF,1500,,0,440.3385204,23532.61173,28408.22634,51941,,,TIMCAT/PWR12_ME_inflated_reduced.csv,
A.218E.145,Roofing & Flashing,Superstructure,,,,0,308.2369643,18076.16733,16960.13513,35036,,,TIMCAT/PWR12_ME_inflated_reduced.csv,
A.218E.1452,Elastomeric Roofing,Roofing & Flashing,SF,3000,,0,308.2369643,18076.16733,16960.13513,35036,,,TIMCAT/PWR12_ME_inflated_reduced.csv,
A.218E.147,Doors & Windows,Superstructure,,,,0,231.9116207,12629.17534,13274.13243,25903,,,TIMCAT/PWR12_ME_inflated_reduced.csv,
A.218E.1472,Personnel Doors,Doors & Windows,SF,225,,0,231.9116207,12629.17534,13274.13243,25903,,,TIMCAT/PWR12_ME_inflated_reduced.csv,
A.218E.149,Painting,Superstructure,,,,0,911.5007372,42656.90979,7716.861484,50374,,,TIMCAT/PWR12_ME_inflated_reduced.csv,
A.218E.2,Building Services,Emergency Feed Pump Building,,,,49512.34824,10074.94535,546317.9235,202207.1597,798037,,,TIMCAT/PWR12_ME_inflated_reduced.csv,
A.218E.21,Plumbing & Drains,Building Services,,,,0,5386.8079,290718.7328,92908.90511,383628,,,TIMCAT/PWR12_ME_inflated_reduced.csv,
A.218E.211,Roof Drains & Piping,Plumbing & Drains,LT,1,,0,1159.558104,62581.85879,20578.88833,83161,,,TIMCAT/PWR12_ME_inflated_reduced.csv,
A.218E.212,Floor Drains & Piping,Plumbing & Drains,LT,1,,0,2935.590136,158428.4748,35281.29541,193710,,,TIMCAT/PWR12_ME_inflated_reduced.csv,
A.218E.214,Sanitary Fixtures & Piping,Plumbing & Drains,LT,1,,0,1291.65966,69708.39918,37048.72137,106757,,,TIMCAT/PWR12_ME_inflated_reduced.csv,
A.218E.23,Special HVAC (Safety Related),Building Services,,,,49512.34824,1752.547311,95924.24612,18264.72929,163701,,,TIMCAT/PWR12_ME_inflated_reduced.csv,
A.218E.231,Rotating Machinery,Special HVAC (Safety Related),,,,15455.87959,293.5590136,15797.11047,1376.597635,32630,,,TIMCAT/PWR12_ME_inflated_reduced.csv,
A.218E.232,Heat Transfer Equipment,Special HVAC (Safety Related),,,,4106.848006,117.4236054,6318.844188,551.2043917,10977,,,TIMCAT/PWR12_ME_inflated_reduced.csv,
A.218E.235,Piping & Ductwork,Special HVAC (Safety Related),,,,0,1062.683629,58673.34833,15551.10766,74224,,,TIMCAT/PWR12_ME_inflated_reduced.csv,
A.218E.236,Valves & Dampers,Special HVAC (Safety Related),,,,21779.54233,58.71180272,3256.147784,274.1888513,25310,,,TIMCAT/PWR12_ME_inflated_reduced.csv,
A.218E.237,Piping & Miscellaneous Items,Special HVAC (Safety Related),,,,662.9367991,0,0,0,663,,,TIMCAT/PWR12_ME_inflated_reduced.csv,
A.218E.238,Instrumentation & Control,Special HVAC (Safety Related),LT,1,,7507.141517,220.1692602,11878.79535,511.6307431,19898,,,TIMCAT/PWR12_ME_inflated_reduced.csv,
A.218E.24,Lighting & Service Power,Building Services,LT,1,,0,2935.590136,159674.9446,91033.52531,250708,,,TIMCAT/PWR12_ME_inflated_reduced.csv,
A.218F.,Manway Tunnels (RCA Tunnels),Manway Tunnels (RCA Tunnels),,,,0,41180,1988491.89,643590.2,2632082,,,TIMCAT/PWR12_ME_inflated_reduced.csv,
A.218G.,Electrical Tunnels,Electrical Tunnels,,,,24217.6,2228,121782.08,45674.19999,191674,,,TIMCAT/PWR12_ME_inflated_reduced.csv,
A.218H.,Non-essential SWGR Building,Non-essential SWGR Building,,,,43003.39998,18770,951888.6302,633998.2,1628890,,,TIMCAT/PWR12_ME_inflated_reduced.csv,
A.218J.,Main Steam & Feedwater Pipe Enclosure,Main Steam & Feedwater Pipe Enclosure,,,,77809.66993,379197.0001,19502317.85,7894369.665,27474497,,,TIMCAT/PWR12_ME_inflated_reduced.csv,
A.218J.1,Building Structure,Main Steam & Feedwater Pipe Enclosure,,,,0,336576.7017,17188750.35,7426990.291,24615741,,,TIMCAT/PWR12_ME_inflated_reduced.csv,
A.218J.13,Substructure Concrete,Building Structure,,,,0,42794.30905,2156212.415,1451305.037,3607517,,,TIMCAT/PWR12_ME_inflated_reduced.csv,
A.218J.131,Formwork,Substructure Concrete,SF,7800,,0,8407.949889,435599.6626,47763.18711,483363,,,TIMCAT/PWR12_ME_inflated_reduced.csv,
A.218J.132,Reinforcing Steel,Substructure Concrete,TN,380,,0,15214.38551,788563.6009,789726.4445,1578290,,,TIMCAT/PWR12_ME_inflated_reduced.csv,
A.218J.133,Concrete,Substructure Concrete,CY,2400,,0,8869.925157,389094.6739,400317.2995,789412,,,TIMCAT/PWR12_ME_inflated_reduced.csv,
A.218J.134,Embedded Steel,Substructure Concrete,TN,20,,0,9393.497128,497944.1542,193259.9866,691204,,,TIMCAT/PWR12_ME_inflated_reduced.csv,
A.218J.135,Floor Finish,Substructure Concrete,SF,1500,,0,46.19752686,2029.447307,275.5568487,2305,,,TIMCAT/PWR12_ME_inflated_reduced.csv,
A.218J.136,Waterproofing,Substructure Concrete,SF,5000,,0,153.9917562,6277.213841,2755.568487,9033,,,TIMCAT/PWR12_ME_inflated_reduced.csv,
A.218J.137,Construction Joints,Substructure Concrete,SF,2000,,0,461.9752686,23932.95792,11328.44822,35261,,,TIMCAT/PWR12_ME_inflated_reduced.csv,
A.218J.139,Wire Fabric,Substructure Concrete,SF,8000,,0,246.3868099,12770.70455,5878.546105,18649,,,TIMCAT/PWR12_ME_inflated_reduced.csv,
A.218J.14,Superstructure,Building Structure,,,,0,293782.3927,15032537.94,5975685.253,21008223,,,TIMCAT/PWR12_ME_inflated_reduced.csv,
A.218J.141,Concrete Work,Superstructure,,,,0,277893.5233,14215704.56,4905716.102,19121421,,,TIMCAT/PWR12_ME_inflated_reduced.csv,
A.218J.1411,Formwork,Concrete Work,SF,98200,,0,120221.3641,6237924.223,593169.796,6831094,,,TIMCAT/PWR12_ME_inflated_reduced.csv,
A.218J.1412,Reinforcing Steel,Concrete Work,TN,990,,0,51833.62514,2686544.478,2057445.211,4743990,,,TIMCAT/PWR12_ME_inflated_reduced.csv,
A.218J.1413,Concrete,Concrete Work,CY,4500,,0,29104.44192,1276722.338,750594.9365,2027317,,,TIMCAT/PWR12_ME_inflated_reduced.csv,
A.218J.1414,Embedded Steel,Concrete Work,TN,150,,0,70451.22846,3734527.458,1449449.9,5183977,,,TIMCAT/PWR12_ME_inflated_reduced.csv,
A.218J.1415,Floor Finish,Concrete Work,SF,4000,,0,123.193405,5403.218285,734.8182632,6138,,,TIMCAT/PWR12_ME_inflated_reduced.csv,
A.218J.1416,Waterproofing,Concrete Work,SF,31000,,0,954.7488884,38918.72581,17084.52462,56003,,,TIMCAT/PWR12_ME_inflated_reduced.csv,
A.218J.1417,Rubbing Surfaces,Concrete Work,SF,17600,,0,2710.254909,118889.3191,8083.000895,126972,,,TIMCAT/PWR12_ME_inflated_reduced.csv,
A.218J.1418,Construction Joints,Concrete Work,SF,4000,,0,923.9505372,47869.88153,22656.89645,70527,,,TIMCAT/PWR12_ME_inflated_reduced.csv,
A.218J.1419,Removable Plugs,Concrete Work,LT,1,,0,1570.715913,68904.92078,6497.018144,75402,,,TIMCAT/PWR12_ME_inflated_reduced.csv,
A.218J.142,Structural & Miscellaneous Steel,Superstructure,,,,0,12323.96025,636802.0497,982308.3943,1619110,,,TIMCAT/PWR12_ME_inflated_reduced.csv,
A.218J.1421,Structural Steel,Structural & Miscellaneous Steel,TN,50,,0,2694.855733,139249.527,243926.2625,383176,,,TIMCAT/PWR12_ME_inflated_reduced.csv,
A.218J.1423,"Miscellaneous Frames, Etc.",Structural & Miscellaneous Steel,TN,55,,0,5759.291682,297591.166,443026.5235,740618,,,TIMCAT/PWR12_ME_inflated_reduced.csv,
A.218J.1425,Floor Grating (Galv),Structural & Miscellaneous Steel,SF,5100,,0,1963.394892,101452.3054,86662.62891,188115,,,TIMCAT/PWR12_ME_inflated_reduced.csv,
A.218J.1426,Stair Treads,Structural & Miscellaneous Steel,EA,550,,0,677.5637273,35010.12634,114302.5117,149313,,,TIMCAT/PWR12_ME_inflated_reduced.csv,
A.218J.1427,Handrail,Structural & Miscellaneous Steel,LF,1330,,0,1228.854214,63498.92497,94390.46765,157889,,,TIMCAT/PWR12_ME_inflated_reduced.csv,
A.218J.145,Roofing & Flashing,Superstructure,SF,7000,,0,754.5596054,44344.38036,42864.39868,87209,,,TIMCAT/PWR12_ME_inflated_reduced.csv,
A.218J.146,Metal Partitions,Superstructure,SF,700,,0,323.382688,17647.33434,16824.27648,34472,,,TIMCAT/PWR12_ME_inflated_reduced.csv,
A.218J.147,Doors & Windows,Superstructure,SF,170,,0,183.2501899,10001.47802,10863.06332,20865,,,TIMCAT/PWR12_ME_inflated_reduced.csv,
A.218J.149,Painting,Superstructure,,,,0,2303.716673,108038.1335,17109.01856,125147,,,TIMCAT/PWR12_ME_inflated_reduced.csv,
A.218J.2,Building Services,Main Steam & Feedwater Pipe Enclosure,,,,77809.66993,42620.29836,2313567.491,467379.3749,2858757,,,TIMCAT/PWR12_ME_inflated_reduced.csv,
A.218J.21,Plumbing & Drains,Building Services,,,,0,24638.68099,1332465.957,250697.9469,1583164,,,TIMCAT/PWR12_ME_inflated_reduced.csv,
A.218J.211,Roof Drains & Piping,Plumbing & Drains,LT,1,,0,15399.17562,832791.6491,159225.5984,992017,,,TIMCAT/PWR12_ME_inflated_reduced.csv,
A.218J.212,Floor Drains & Piping,Plumbing & Drains,LT,1,,0,9239.505372,499674.3074,91472.34845,591147,,,TIMCAT/PWR12_ME_inflated_reduced.csv,
A.218J.22,"Heating, Ventilation, & Air Conditioning",Building Services,,,,77809.66993,8742.111999,477499.3705,52345.44699,607654,,,TIMCAT/PWR12_ME_inflated_reduced.csv,
A.218J.221,Rotating Machinery,"Heating, Ventilation, & Air Conditioning",,,,26126.50046,307.9835124,16600.79256,1491.068726,44218,,,TIMCAT/PWR12_ME_inflated_reduced.csv,
A.218J.225,Piping & Ductwork,"Heating, Ventilation, & Air Conditioning",,,,21680.92947,8434.128487,460898.5779,50854.37827,533434,,,TIMCAT/PWR12_ME_inflated_reduced.csv,
A.218J.226,Valves & Dampers,"Heating, Ventilation, & Air Conditioning",,,,16118.72232,0,0,0,16119,,,TIMCAT/PWR12_ME_inflated_reduced.csv,
A.218J.227,Piping & Miscellaneous Items,"Heating, Ventilation, & Air Conditioning",,,,13883.51768,0,0,0,13884,,,TIMCAT/PWR12_ME_inflated_reduced.csv,
A.218J.24,Lighting & Service Power,Building Services,LT,1,,0,9239.505372,503602.1644,164335.9811,667938,,,TIMCAT/PWR12_ME_inflated_reduced.csv,
A.218K.,Pipe Tunnels,Pipe Tunnels,,,,0,14232,643823.0399,262017.8,905841,,,TIMCAT/PWR12_ME_inflated_reduced.csv,
A.218L.,Technical Support Center,Technical Support Center,,,,137163.4,31016,1478143.59,667730.7999,2283038,,,TIMCAT/PWR12_ME_inflated_reduced.csv,
A.218P.,Containment EQ Hatch Missile Shield,Containment EQ Hatch Missile Shield,,,,0,9331,439306.5601,127124.8,566431,,,TIMCAT/PWR12_ME_inflated_reduced.csv,
A.218S.,Waste Water Treatment,Waste Water Treatment,,,,18293,29387,1325719.33,668122.4,2012135,,,TIMCAT/PWR12_ME_inflated_reduced.csv,
A.218T.,Ultimate Heat Sink Structure,Ultimate Heat Sink Structure,,,,94454.79996,214848.9999,10736320.41,4291342.705,15122118,,,TIMCAT/PWR12_ME_inflated_reduced.csv,
A.218T.1,Building Structure,Ultimate Heat Sink Structure,,,,0,206424.128,10275249.76,4176102.793,14451353,,,TIMCAT/PWR12_ME_inflated_reduced.csv,
A.218T.11,Excavation Work,Building Structure,,,,0,18091.46677,783644.105,503233.3028,1286877,,,TIMCAT/PWR12_ME_inflated_reduced.csv,
A.218T.111,Earth Excavation,Excavation Work,CY,4500,,0,1582.036542,68121.92666,24707.78131,92830,,,TIMCAT/PWR12_ME_inflated_reduced.csv,
A.218T.112,Rock Excavation,Excavation Work,CY,9500,,0,10687.53575,460195.4158,174421.5391,634617,,,TIMCAT/PWR12_ME_inflated_reduced.csv,
A.218T.113,Concrete Fill,Excavation Work,CY,1700,,0,5020.329293,220661.0411,294775.7419,515437,,,TIMCAT/PWR12_ME_inflated_reduced.csv,
A.218T.114,Fill & Backfill,Excavation Work,CY,1900,,0,801.5651813,34665.72147,9328.240539,43994,,,TIMCAT/PWR12_ME_inflated_reduced.csv,
A.218T.13,Substructure Concrete,Building Structure,,,,0,10573.62912,514678.9959,412197.4951,926876,,,TIMCAT/PWR12_ME_inflated_reduced.csv,
A.218T.131,Formwork,Substructure Concrete,SF,1700,,0,1673.443098,86866.53449,9877.302346,96744,,,TIMCAT/PWR12_ME_inflated_reduced.csv,
A.218T.132,Reinforcing Steel,Substructure Concrete,TN,105,,0,3839.075342,199375.2546,207048.9889,406424,,,TIMCAT/PWR12_ME_inflated_reduced.csv,
A.218T.133,Concrete,Substructure Concrete,CY,1050,,0,3543.761854,155761.9309,166179.5113,321941,,,TIMCAT/PWR12_ME_inflated_reduced.csv,
A.218T.134,Embedded Steel,Substructure Concrete,TN,1,,0,428.9076847,22781.78352,9168.592697,31950,,,TIMCAT/PWR12_ME_inflated_reduced.csv,
A.218T.135,Floor Finish,Substructure Concrete,SF,8800,,0,247.5008279,10877.51377,1533.886953,12411,,,TIMCAT/PWR12_ME_inflated_reduced.csv,
A.218T.136,Waterproofing,Substructure Concrete,SF,10600,,0,298.1259972,12175.36043,5542.909669,17718,,,TIMCAT/PWR12_ME_inflated_reduced.csv,
A.218T.137,Construction Joints,Substructure Concrete,SF,600,,0,126.5629234,6571.506494,3224.648707,9796,,,TIMCAT/PWR12_ME_inflated_reduced.csv,
A.218T.138,Wire Fabric,Substructure Concrete,SF,8800,,0,247.5008279,12851.39283,6135.54781,18987,,,TIMCAT/PWR12_ME_inflated_reduced.csv,
A.218T.139,Waterstop,Substructure Concrete,SF,1200,,0,168.7505645,7417.718894,3486.10671,10904,,,TIMCAT/PWR12_ME_inflated_reduced.csv,
A.218T.14,Superstructure,Building Structure,,,,0,177759.0321,8976926.654,3260671.995,12237599,,,TIMCAT/PWR12_ME_inflated_reduced.csv,
A.218T.141,Concrete Work,Superstructure,,,,0,166348.6814,8388505.627,2405107.276,10793613,,,TIMCAT/PWR12_ME_inflated_reduced.csv,
A.218T.1411,Formwork,Concrete Work,SF,96000,,0,103148.7825,5367806.807,545953.3617,5913760,,,TIMCAT/PWR12_ME_inflated_reduced.csv,
A.218T.1412,Reinforcing Steel,Concrete Work,TN,510,,0,24384.45657,1266357.443,1005666.518,2272024,,,TIMCAT/PWR12_ME_inflated_reduced.csv,
A.218T.1413,Concrete,Concrete Work,CY,4400,,0,25987.58693,1142254.16,696364.3408,1838619,,,TIMCAT/PWR12_ME_inflated_reduced.csv,
A.218T.1414,Embedded Steel,Concrete Work,TN,10,,0,4289.076847,227807.6693,91685.92697,319494,,,TIMCAT/PWR12_ME_inflated_reduced.csv,
A.218T.1415,Floor Finish,Concrete Work,SF,11000,,0,309.3760349,13598.58653,1917.358691,15516,,,TIMCAT/PWR12_ME_inflated_reduced.csv,
A.218T.1416,Waterproofing,Concrete Work,SF,12600,,0,354.3761854,14472.854,6588.741682,21062,,,TIMCAT/PWR12_ME_inflated_reduced.csv,
A.218T.1417,Rubbing Surfaces,Concrete Work,SF,42500,,0,5976.582492,262693.652,18519.9419,281214,,,TIMCAT/PWR12_ME_inflated_reduced.csv,
A.218T.1418,Construction Joints,Concrete Work,SF,6000,,0,1265.629234,65700.5503,32246.48707,97947,,,TIMCAT/PWR12_ME_inflated_reduced.csv,
A.218T.1419,Removable Plugs,Concrete Work,LT,1,,0,632.8146168,27813.90438,6164.598699,33979,,,TIMCAT/PWR12_ME_inflated_reduced.csv,
A.218T.142,Structural & Miscellaneous Steel,Superstructure,,,,0,8980.34254,464924.4798,799574.9404,1264499,,,TIMCAT/PWR12_ME_inflated_reduced.csv,
A.218T.1421,Structural Steel,Structural & Miscellaneous Steel,TN,110,,0,5414.08061,280310.8755,509180.7461,789492,,,TIMCAT/PWR12_ME_inflated_reduced.csv,
A.218T.1423,"Miscellaneous Frames, Etc.",Structural & Miscellaneous Steel,TN,25,,0,2390.632997,123774.6419,191072.3203,314847,,,TIMCAT/PWR12_ME_inflated_reduced.csv,
A.218T.1425,Floor Grating (Galv),Structural & Miscellaneous Steel,SF,750,,0,264.3758844,13661.27626,12093.8852,25755,,,TIMCAT/PWR12_ME_inflated_reduced.csv,
A.218T.1426,Stair Treads,Structural & Miscellaneous Steel,EA,135,,0,151.875508,7861.912279,26622.02363,34484,,,TIMCAT/PWR12_ME_inflated_reduced.csv,
A.218T.1427,Handrail,Structural & Miscellaneous Steel,LF,900,,0,759.3775402,39315.77389,60605.96516,99922,,,TIMCAT/PWR12_ME_inflated_reduced.csv,
A.218T.145,Roofing & Flashing,Superstructure,SF,7400,,0,728.4399367,42894.41097,42995.31609,85890,,,TIMCAT/PWR12_ME_inflated_reduced.csv,
A.218T.147,Doors & Windows,Superstructure,SF,85,,0,84.37528224,4612.02913,5153.627753,9766,,,TIMCAT/PWR12_ME_inflated_reduced.csv,
A.218T.149,Painting,Superstructure,,,,0,1617.19291,75990.10791,7840.835009,83831,,,TIMCAT/PWR12_ME_inflated_reduced.csv,
A.218T.2,Building Services,Ultimate Heat Sink Structure,,,,94454.79996,8424.871932,461070.6575,115239.9126,670765,,,TIMCAT/PWR12_ME_inflated_reduced.csv,
A.218T.21,Plumbing & Drains,Building Services,,,,0,773.4400872,41909.64582,2893.072421,44803,,,TIMCAT/PWR12_ME_inflated_reduced.csv,
A.218T.212,Floor Drains & Piping,Plumbing & Drains,LT,1,,0,773.4400872,41909.64582,2893.072421,44803,,,TIMCAT/PWR12_ME_inflated_reduced.csv,
A.218T.22,"Heating, Ventilation, & Air Conditioning",Building Services,,,,94454.79996,2729.540381,150357.8793,34382.9687,279196,,,TIMCAT/PWR12_ME_inflated_reduced.csv,
A.218T.221,Rotating Machinery,"Heating, Ventilation, & Air Conditioning",,,,30955.01298,210.9382056,11395.57937,1060.357458,43411,,,TIMCAT/PWR12_ME_inflated_reduced.csv,
A.218T.222,Heat Transfer Equipment,"Heating, Ventilation, & Air Conditioning",,,,12382.00519,210.9382056,11233.3203,1045.832013,24661,,,TIMCAT/PWR12_ME_inflated_reduced.csv,
A.218T.224,Purification & Filtration Equipment,"Heating, Ventilation, & Air Conditioning",,,,35377.15769,281.2509408,15196.18607,1414.778307,51988,,,TIMCAT/PWR12_ME_inflated_reduced.csv,
A.218T.225,Piping & Ductwork,"Heating, Ventilation, & Air Conditioning",,,,0,1773.287182,98642.78449,29946.89791,128590,,,TIMCAT/PWR12_ME_inflated_reduced.csv,
A.218T.226,Valves & Dampers,"Heating, Ventilation, & Air Conditioning",,,,8070.414099,112.5003763,6271.005293,566.4923404,14908,,,TIMCAT/PWR12_ME_inflated_reduced.csv,
A.218T.228,Instrumentation & Control,"Heating, Ventilation, & Air Conditioning",LT,1,,7670.210002,140.6254704,7619.003729,348.610671,15638,,,TIMCAT/PWR12_ME_inflated_reduced.csv,
A.218T.24,Lighting & Service Power,Building Services,LT,1,,0,4921.891464,268803.1324,77963.87149,346767,,,TIMCAT/PWR12_ME_inflated_reduced.csv,
A.218V.,Control Room Emergency Air Intake Structure,Control Room Emergency Air Intake Structure,,,,0,3759.000001,172589.34,67568.60003,240158,,,TIMCAT/PWR12_ME_inflated_reduced.csv,
A.22,Reactor Plant Equipment,Reactor Plant Equipment,,,,542465401.8,4349219,234027470.1,43373346.56,819866219,,,TIMCAT/PWR12_ME_inflated_reduced.csv,
A.221.,Reactor Equipment,Reactor Equipment,,,,132733698.1,181940,9393634.616,13345331.21,155472664,,,TIMCAT/PWR12_ME_inflated_reduced.csv,
A.221.1,Reactor Vessel + Accessory,Reactor Equipment,,,,54943623.46,133210.1376,6959303.009,13117014.51,75019941,,,TIMCAT/PWR12_ME_inflated_reduced.csv,
A.221.11,Reactor Support,Reactor Vessel + Accessory,,,,1772891.54,25048.06007,1284454.711,113665.0183,3171011,,,TIMCAT/PWR12_ME_inflated_reduced.csv,
A.221.12,Vessel Structure,Reactor Vessel + Accessory,,,,53170731.92,108162.0776,5674848.298,502183.7708,59347764,,,TIMCAT/PWR12_ME_inflated_reduced.csv,
A.221.3,Vessel Internals,Reactor Vessel + Accessory,,,,48271430.44,26186.60826,1305834.897,121580.4158,49698846,,,TIMCAT/PWR12_ME_inflated_reduced.csv,
A.221.14,Transport to Site,Reactor Vessel + Accessory,LT,1,,0,0,0,12501165.73,12501166,,,TIMCAT/PWR12_ME_inflated_reduced.csv,
A.221.2,Reactor Control Devices,Reactor Equipment,,,,29518644.19,22543.25406,1128496.709,106736.278,30753877,,,TIMCAT/PWR12_ME_inflated_reduced.csv,
A.221.21,Control Rod System,Reactor Control Devices,,,,29518644.19,22543.25406,1128496.709,106736.278,30753877,,,TIMCAT/PWR12_ME_inflated_reduced.csv,
A.222.,Main Heat Transfer Transport System ,Main Heat Transfer Transport System ,,,,234293590.4,649011.9999,34722724.26,3463554.117,272479869,,,TIMCAT/PWR12_ME_inflated_reduced.csv,
A.222.1,Reactor Core Coolant System,Main Heat Transfer Transport System ,,,,234293590.4,649011.9999,34722724.26,3463554.117,272479869,,,TIMCAT/PWR12_ME_inflated_reduced.csv,
A.222.11,Fluid Circulation Drive System,Reactor Core Coolant System,,,,99135415.25,157457.9144,8420489.533,845564.6365,108401469,,,TIMCAT/PWR12_ME_inflated_reduced.csv,
A.222.111,Rotating Machinery,Fluid Circulation Drive System,,,,96235783.51,68887.83756,3849475.091,389420.0622,100474679,,,TIMCAT/PWR12_ME_inflated_reduced.csv,
A.222.119,Foundations/Skids,Fluid Circulation Drive System,,,,2899631.744,88570.07687,4571014.442,456144.5743,7926791,,,TIMCAT/PWR12_ME_inflated_reduced.csv,
A.222.12,Reactor Coolant Piping System,Reactor Core Coolant System,,,,12181696.78,402491.9526,21860871.54,2154574.624,36197143,,,TIMCAT/PWR12_ME_inflated_reduced.csv,
A.222.125,Piping,Reactor Coolant Piping System,,,,11133171.49,396833.3088,21553574.91,2123902.605,34810649,,,TIMCAT/PWR12_ME_inflated_reduced.csv,
A.222.126,Reactor Coolant Valves,Reactor Coolant Piping System,LT,1,,433895.2186,0,0,0,433895,,,TIMCAT/PWR12_ME_inflated_reduced.csv,
A.222.127,Piping & Miscellaneous Items,Reactor Coolant Piping System,,,,118530.172,0,0,0,118530,,,TIMCAT/PWR12_ME_inflated_reduced.csv,
A.222.128,Instrumentation & Control,Reactor Coolant Piping System,LT,1,,496099.9016,5658.6438,307296.6265,30672.0194,834069,,,TIMCAT/PWR12_ME_inflated_reduced.csv,
A.222.13,Steam Generator Equipment,Reactor Core Coolant System,,,,115165583.2,78728.95721,3886963.732,408716.6981,119461264,,,TIMCAT/PWR12_ME_inflated_reduced.csv,
A.222.132,Heat Transfer Equipment,Steam Generator Equipment,,,,115107954.9,68887.83756,3379073.239,358033.9676,118845062,,,TIMCAT/PWR12_ME_inflated_reduced.csv,
A.222.139,Foundations/Skids,Steam Generator Equipment,,,,57628.3032,9841.119652,507890.4935,50682.73048,616202,,,TIMCAT/PWR12_ME_inflated_reduced.csv,
A.222.14,Pressurizing System,Reactor Core Coolant System,,,,7810895.186,10333.17564,554399.4597,54698.15782,8419993,,,TIMCAT/PWR12_ME_inflated_reduced.csv,
A.222.143,Tanks & Pressure Vessels,Pressurizing System,,,,7799369.962,8857.007687,478215.8857,47095.74824,8324682,,,TIMCAT/PWR12_ME_inflated_reduced.csv,
A.222.149,Foundations/Skids,Pressurizing System,,,,11525.22358,1476.167948,76183.57403,7602.409572,95311,,,TIMCAT/PWR12_ME_inflated_reduced.csv,
A.223.,Safeguards System,Safeguards System,,,,36320737.96,633896.0001,34221137.52,3738519.23,74280395,,,TIMCAT/PWR12_ME_inflated_reduced.csv,
A.223.1,Residual Heat Removal System,Safeguards System,,,,9125519.814,142227.9632,7673809.636,643801.1259,17443131,,,TIMCAT/PWR12_ME_inflated_reduced.csv,
A.223.11,Rotating Machinery,Residual Heat Removal System,,,,1578347.051,5644.414764,313579.2026,27927.91317,1919854,,,TIMCAT/PWR12_ME_inflated_reduced.csv,
A.223.12,Heat Transfer Equipment,Residual Heat Removal System,,,,5093018.963,3668.869597,183059.9159,17079.09993,5293158,,,TIMCAT/PWR12_ME_inflated_reduced.csv,
A.223.15,Piping,Residual Heat Removal System,,,,2039296.095,131644.6856,7108606.507,595781.7886,9743684,,,TIMCAT/PWR12_ME_inflated_reduced.csv,
A.223.16,RHR Valves,Residual Heat Removal System,LT,1,,140562.4059,0,0,0,140562,,,TIMCAT/PWR12_ME_inflated_reduced.csv,
A.223.17,Piping & Miscellaneous Items,Residual Heat Removal System,,,,111902.2493,0,0,0,111902,,,TIMCAT/PWR12_ME_inflated_reduced.csv,
A.223.18,Instrumentation & Control,Residual Heat Removal System,LT,1,,162393.0491,1269.993322,68564.0104,3012.324167,233969,,,TIMCAT/PWR12_ME_inflated_reduced.csv,
A.223.3,Safety Injection System,Safeguards System,,,,17995520.5,231152.8956,12484140.13,1849558.449,32329219,,,TIMCAT/PWR12_ME_inflated_reduced.csv,
A.223.31,Rotating Machinery,Safety Injection System,,,,13847150.31,5362.194026,297922.0838,26538.46475,14171611,,,TIMCAT/PWR12_ME_inflated_reduced.csv,
A.223.33,Tanks & Pressure Vessels,Safety Injection System,,,,805445.987,19191.0102,1030164.514,896316.5,2731927,,,TIMCAT/PWR12_ME_inflated_reduced.csv,
A.223.35,Piping,Safety Injection System,,,,1858305.244,205532.897,11098457.23,924174.6883,13880937,,,TIMCAT/PWR12_ME_inflated_reduced.csv,
A.223.36,Valves,Safety Injection System,LT,1,,1028509.236,0,0,0,1028509,,,TIMCAT/PWR12_ME_inflated_reduced.csv,
A.223.37,Piping & Miscellaneous Items,Safety Injection System,,,,125497.8497,0,0,0,125498,,,TIMCAT/PWR12_ME_inflated_reduced.csv,
A.223.38,Instrumentation & Control,Safety Injection System,LT,1,,330611.8683,1066.79439,57596.29877,2528.796118,390737,,,TIMCAT/PWR12_ME_inflated_reduced.csv,
A.223.4,Containment Spray System,Safeguards System,,,,7178727.714,237570.5952,12825487.28,1137444.056,21141659,,,TIMCAT/PWR12_ME_inflated_reduced.csv,
A.223.41,Rotating Machinery,Containment Spray System,,,,593773.2275,6208.85624,344937.1228,30723.48338,969434,,,TIMCAT/PWR12_ME_inflated_reduced.csv,
A.223.42,Heat Transfer Equipment,Containment Spray System,,,,586105.1598,2825.029589,140906.9816,13144.18202,740156,,,TIMCAT/PWR12_ME_inflated_reduced.csv,
A.223.43,Tanks & Pressure Vessels,Containment Spray System,,,,371859.2545,2822.207382,151495.7242,13138.62423,536494,,,TIMCAT/PWR12_ME_inflated_reduced.csv,
A.223.45,Piping,Containment Spray System,,,,4604558.677,223795.401,12084574.9,1074335.865,17763469,,,TIMCAT/PWR12_ME_inflated_reduced.csv,
A.223.46,Valves & Fittings,Containment Spray System,,,,528425.4085,649.1076979,35008.54381,3089.577499,566524,,,TIMCAT/PWR12_ME_inflated_reduced.csv,
A.223.47,Piping & Miscellaneous Items,Containment Spray System,,,,261453.8535,0,0,0,261454,,,TIMCAT/PWR12_ME_inflated_reduced.csv,
A.223.48,Instrumentation & Control,Containment Spray System,LT,1,,232552.1327,1269.993322,68564.0104,3012.324167,304128,,,TIMCAT/PWR12_ME_inflated_reduced.csv,
A.223.5,Combustible Gas Control System,Safeguards System,,,,2020969.936,22944.54602,1237700.48,107715.599,3366386,,,TIMCAT/PWR12_ME_inflated_reduced.csv,
A.223.55,SS/NNS,Combustible Gas Control System,LB,13400,,442430.8226,15127.03157,816841.0607,72090.14164,1331362,,,TIMCAT/PWR12_ME_inflated_reduced.csv,
A.223.56,Valves,Combustible Gas Control System,LT,1,,34284.9488,0,0,0,34285,,,TIMCAT/PWR12_ME_inflated_reduced.csv,
A.223.57,Piping & Miscellaneous Items,Combustible Gas Control System,,,,28237.01617,0,0,0,28237,,,TIMCAT/PWR12_ME_inflated_reduced.csv,
A.223.58,Instrumentation & Control,Combustible Gas Control System,LT,1,,57139.24635,761.9959931,41138.40624,1806.282941,100084,,,TIMCAT/PWR12_ME_inflated_reduced.csv,
A.223.59,Foundations/Skids,Combustible Gas Control System,,,,1458877.902,7055.518455,379721.0129,33819.17446,1872418,,,TIMCAT/PWR12_ME_inflated_reduced.csv,
A.224.,Radwaste Processing,Radwaste Processing,,,,37975933.72,518762.0001,27896515.27,2804585.302,68677034,,,TIMCAT/PWR12_ME_inflated_reduced.csv,
A.224.1,Liquid Waste System,Radwaste Processing,,,,17578043.84,436586.2348,23504618.59,2415803.701,43498466,,,TIMCAT/PWR12_ME_inflated_reduced.csv,
A.224.11,Equipment Drain Train,Liquid Waste System,,,,6987327.979,270736.545,14657976.9,1332962.956,22978268,,,TIMCAT/PWR12_ME_inflated_reduced.csv,
A.224.12,Miscellaneous Waste Train,Liquid Waste System,,,,4177456.405,26288.45571,1345835.173,73059.4523,5596351,,,TIMCAT/PWR12_ME_inflated_reduced.csv,
A.224.13,Detergent Waste Train,Liquid Waste System,,,,1152082.599,2952.347475,160375.2444,8386.204123,1320844,,,TIMCAT/PWR12_ME_inflated_reduced.csv,
A.224.14,Chemical Waste Train,Liquid Waste System,,,,21163.10419,307.7979282,16873.04336,880.5289194,38917,,,TIMCAT/PWR12_ME_inflated_reduced.csv,
A.224.15,Steam Generator Blowdown,Liquid Waste System,,,,2276087.664,99855.30135,5395239.374,290200.0518,7961527,,,TIMCAT/PWR12_ME_inflated_reduced.csv,
A.224.16,Regeneration Chemical Waste Train,Liquid Waste System,,,,2625740.703,31106.43552,1643089.613,695334.5095,4964165,,,TIMCAT/PWR12_ME_inflated_reduced.csv,
A.224.17,Miscellaneous Radwaste Equipment,Liquid Waste System,,,,57570.19203,942.2385558,47174.89878,2604.898053,107350,,,TIMCAT/PWR12_ME_inflated_reduced.csv,
A.224.18,Instrumentation & Control,Liquid Waste System,LT,1,,280615.1984,4397.11326,238054.3373,12375.10019,531045,,,TIMCAT/PWR12_ME_inflated_reduced.csv,
A.224.2,Rad Gas Waste Processing,Radwaste Processing,,,,3090436.715,22641.9925,1216147.837,75770.24729,4382355,,,TIMCAT/PWR12_ME_inflated_reduced.csv,
A.224.21,Rad Gas Waste Processing System,Rad Gas Waste Processing,,,,3090436.715,22641.9925,1216147.837,75770.24729,4382355,,,TIMCAT/PWR12_ME_inflated_reduced.csv,
A.224.3,Solid Waste System,Radwaste Processing,,,,17307453.16,59533.77275,3175748.849,313011.3541,20796213,,,TIMCAT/PWR12_ME_inflated_reduced.csv,
A.224.31,Dry Active Waste Volume Reduction,Solid Waste System,,,,415011.7476,2198.55663,113286.2474,6251.755328,534550,,,TIMCAT/PWR12_ME_inflated_reduced.csv,
A.224.32,Volume Reduction & Solid System,Solid Waste System,,,,16892441.42,57335.21612,3062462.601,306759.5988,20261664,,,TIMCAT/PWR12_ME_inflated_reduced.csv,
A.225.,Fuel Handling & Storage,Fuel Handling & Storage,,,,7298364.607,74632.00001,3976433.463,374670.2728,11649468,,,TIMCAT/PWR12_ME_inflated_reduced.csv,
A.225.1,Fuel Handling Tools & Equipment,Fuel Handling & Storage,,,,2517956.347,33469.28394,1775203.563,137180.5965,4430341,,,TIMCAT/PWR12_ME_inflated_reduced.csv,
A.225.11,Cranes & Hoists,Fuel Handling Tools & Equipment,,,,1770642.67,13657.48053,709075.3739,56465.12229,2536183,,,TIMCAT/PWR12_ME_inflated_reduced.csv,
A.225.111,New & Spent Fuel Crane,Cranes & Hoists,EA,1,,237225.8382,2748.409394,142693.1867,11385.05953,391304,,,TIMCAT/PWR12_ME_inflated_reduced.csv,
A.225.112,Monorails & Hoists,Cranes & Hoists,LT,1,,31779.3104,549.6818787,28538.63734,2275.585206,62594,,,TIMCAT/PWR12_ME_inflated_reduced.csv,
A.225.113,New Fuel Elevator,Cranes & Hoists,LT,1,,78282.49207,2748.409394,142693.1867,11281.55898,232257,,,TIMCAT/PWR12_ME_inflated_reduced.csv,
A.225.114,Spent Fuel Cask Crane,Cranes & Hoists,EA,1,,1423355.029,7610.979859,395150.3632,31522.91857,1850028,,,TIMCAT/PWR12_ME_inflated_reduced.csv,
A.225.12,Fuel Handling Tools,Fuel Handling Tools & Equipment,LT,1,,311913.9315,782.2395966,40279.58386,3213.639922,355407,,,TIMCAT/PWR12_ME_inflated_reduced.csv,
A.225.13,Transfer Systems,Fuel Handling Tools & Equipment,,,,435399.746,19029.56381,1025848.606,77501.83425,1538750,,,TIMCAT/PWR12_ME_inflated_reduced.csv,
A.225.131,Tilting Mechanism,Transfer Systems,EA,2,,71042.42459,2116.275233,114034.1704,8685.031311,193762,,,TIMCAT/PWR12_ME_inflated_reduced.csv,
A.225.132,Fuel Transfer Tube,Transfer Systems,LT,1,,364357.3214,16913.28858,911814.4352,68816.80294,1344989,,,TIMCAT/PWR12_ME_inflated_reduced.csv,
A.225.3,Service Platforms,Fuel Handling & Storage,,,,227028.0975,2748.409394,143339.4107,10769.08215,381137,,,TIMCAT/PWR12_ME_inflated_reduced.csv,
A.225.32,Fuel Storage Pool Service Platform,Service Platforms,LT,1,,227028.0975,2748.409394,143339.4107,10769.08215,381137,,,TIMCAT/PWR12_ME_inflated_reduced.csv,
A.225.4,"Fuel Storage, Cleaning, & Inspection Equipment",Fuel Handling & Storage,,,,4553380.162,38414.30668,2057890.489,226720.5942,6837991,,,TIMCAT/PWR12_ME_inflated_reduced.csv,
A.225.41,New Fuel Storage Racks,"Fuel Storage, Cleaning, & Inspection Equipment",LT,1,,969731.5778,845.6644288,44105.88147,3315.194965,1017153,,,TIMCAT/PWR12_ME_inflated_reduced.csv,
A.225.42,Spent Fuel Storage Racks,"Fuel Storage, Cleaning, & Inspection Equipment",LT,1,,969731.5778,2536.993286,132312.9403,9942.050571,1111987,,,TIMCAT/PWR12_ME_inflated_reduced.csv,
A.225.43,Spent Fuel Pool Cleaning & Purifying,"Fuel Storage, Cleaning, & Inspection Equipment",,,,2555304.321,33551.73622,1801431.352,210456.5802,4567192,,,TIMCAT/PWR12_ME_inflated_reduced.csv,
A.225.48,Instrumentation & Control,"Fuel Storage, Cleaning, & Inspection Equipment",LT,1,,58612.68587,1479.91275,80040.31539,3006.76854,141660,,,TIMCAT/PWR12_ME_inflated_reduced.csv,
A.226.,Other Reactor Plant Equipment,Other Reactor Plant Equipment,,,,63609158.99,1672557,90245300.77,10701494.66,164555954,,,TIMCAT/PWR12_ME_inflated_reduced.csv,
A.226.1,Inert Gas System,Other Reactor Plant Equipment,,,,1768563.444,47615.98173,2571525.626,200061.0012,4540150,,,TIMCAT/PWR12_ME_inflated_reduced.csv,
A.226.11,H2/N2 Gas Supply System,Inert Gas System,,,,1768563.444,47615.98173,2571525.626,200061.0012,4540150,,,TIMCAT/PWR12_ME_inflated_reduced.csv,
A.226.3,Reactor Makeup Water System,Other Reactor Plant Equipment,,,,2016124.889,55565.13681,3000197.536,628917.8975,5645240,,,TIMCAT/PWR12_ME_inflated_reduced.csv,
A.226.31,Rotating Machinery,Reactor Makeup Water System,,,,10029.56785,296.0579174,16449.91535,1310.719171,27790,,,TIMCAT/PWR12_ME_inflated_reduced.csv,
A.226.33,Tanks & Pressure Vessels,Reactor Makeup Water System,,,,0,3700.723968,198689.618,368911.0248,567601,,,TIMCAT/PWR12_ME_inflated_reduced.csv,
A.226.35,Piping,Reactor Makeup Water System,,,,1636626.289,51240.22407,2767334.068,258001.7327,4661962,,,TIMCAT/PWR12_ME_inflated_reduced.csv,
A.226.36,Valves,Reactor Makeup Water System,LT,1,,244278.9745,0,0,0,244279,,,TIMCAT/PWR12_ME_inflated_reduced.csv,
A.226.37,Piping & Miscellaneous Items,Reactor Makeup Water System,,,,101293.6294,0,0,0,101294,,,TIMCAT/PWR12_ME_inflated_reduced.csv,
A.226.38,Instrumentation & Control,Reactor Makeup Water System,LT,1,,23896.42869,328.1308585,17723.93422,694.4207526,42315,,,TIMCAT/PWR12_ME_inflated_reduced.csv,
A.226.4,Coolant Treatment & Recycle,Other Reactor Plant Equipment,,,,24729843.09,662362.9772,35691506.61,4098205.311,64519555,,,TIMCAT/PWR12_ME_inflated_reduced.csv,
A.226.41,Chemical & Volume Control,Coolant Treatment & Recycle,,,,15907175.89,504342.0638,27223295.32,2474081.587,45604553,,,TIMCAT/PWR12_ME_inflated_reduced.csv,
A.226.42,Boron Recycle System,Coolant Treatment & Recycle,,,,8822667.197,158020.9134,8468211.291,1624123.724,18915002,,,TIMCAT/PWR12_ME_inflated_reduced.csv,
A.226.6,Fluid Leak Detection System,Other Reactor Plant Equipment,,,,381757.8008,1727.004518,93253.8854,3658.72934,478670,,,TIMCAT/PWR12_ME_inflated_reduced.csv,
A.226.68,Instrumentation & Control,Fluid Leak Detection System,LT,1,,381757.8008,1727.004518,93253.8854,3658.72934,478670,,,TIMCAT/PWR12_ME_inflated_reduced.csv,
A.226.7,Auxiliary Cooling System,Other Reactor Plant Equipment,,,,25949452.62,872719.529,47148277.42,3645704.493,76743435,,,TIMCAT/PWR12_ME_inflated_reduced.csv,
A.226.71,Nuclear Service Water System,Auxiliary Cooling System,,,,13497035.9,548933.3205,29663437.33,2285411.73,45445885,,,TIMCAT/PWR12_ME_inflated_reduced.csv,
A.226.711,Rotating Machinery,Nuclear Service Water System,,,,2156934.77,17270.04518,959583.8514,76334.20123,3192853,,,TIMCAT/PWR12_ME_inflated_reduced.csv,
A.226.712,Heat Transfer Equipment,Nuclear Service Water System,,,,4016768.176,49342.98624,2655862.021,241038.533,6913669,,,TIMCAT/PWR12_ME_inflated_reduced.csv,
A.226.715,Piping,Nuclear Service Water System,,,,4654454.938,478577.6235,25845883.3,1960109.578,32460448,,,TIMCAT/PWR12_ME_inflated_reduced.csv,
A.226.716,Valves,Nuclear Service Water System,LT,1,,721865.363,0,0,0,721865,,,TIMCAT/PWR12_ME_inflated_reduced.csv,
A.226.717,Piping & Miscellaneous Items,Nuclear Service Water System,,,,1299200.899,0,0,0,1299201,,,TIMCAT/PWR12_ME_inflated_reduced.csv,
A.226.718,Instrumentation & Control,Nuclear Service Water System,LT,1,,647811.7538,3742.665506,202108.151,7929.416969,857849,,,TIMCAT/PWR12_ME_inflated_reduced.csv,
A.226.72,Primary Component Cooling Water,Auxiliary Cooling System,,,,12452416.72,323786.2085,17484840.1,1360292.763,31297550,,,TIMCAT/PWR12_ME_inflated_reduced.csv,
A.226.721,Rotating Machinery,Primary Component Cooling Water,,,,1455995.806,14802.89587,822495.7675,65427.45528,2343919,,,TIMCAT/PWR12_ME_inflated_reduced.csv,
A.226.722,Heat Transfer Equipment,Primary Component Cooling Water,,,,2231935.289,5921.158349,295478.3904,24617.21568,2552031,,,TIMCAT/PWR12_ME_inflated_reduced.csv,
A.226.723,Tanks & Pressure Vessels,Primary Component Cooling Water,,,,122341.0619,542.7728486,29158.40477,2256.867446,153756,,,TIMCAT/PWR12_ME_inflated_reduced.csv,
A.226.725,Piping,Primary Component Cooling Water,,,,3375793.378,294377.7887,15898082.07,1250739.209,20524615,,,TIMCAT/PWR12_ME_inflated_reduced.csv,
A.226.726,Valves,Primary Component Cooling Water,LT,1,,3609326.815,0,0,0,3609327,,,TIMCAT/PWR12_ME_inflated_reduced.csv,
A.226.727,Piping & Miscellaneous Items,Primary Component Cooling Water,,,,1010734.259,0,0,0,1010734,,,TIMCAT/PWR12_ME_inflated_reduced.csv,
A.226.728,Instrumentation & Control,Primary Component Cooling Water,LT,1,,646290.111,8141.59273,439625.4597,17252.01557,1103168,,,TIMCAT/PWR12_ME_inflated_reduced.csv,
A.226.8,Maintenance Equipment,Other Reactor Plant Equipment,,,,7867871.49,6908.018073,355003.3022,2008164.994,10231040,,,TIMCAT/PWR12_ME_inflated_reduced.csv,
A.226.86,Decontamination Equipment,Maintenance Equipment,LT,1,,7867871.49,5427.728486,278928.9335,1514648.845,9661449,,,TIMCAT/PWR12_ME_inflated_reduced.csv,
A.226.87,Laundry Equipment,Maintenance Equipment,LT,1,,0,740.1447936,38037.18433,454394.2195,492431,,,TIMCAT/PWR12_ME_inflated_reduced.csv,
A.226.88,Hot Change Area,Maintenance Equipment,LT,1,,0,740.1447936,38037.18433,39121.92915,77159,,,TIMCAT/PWR12_ME_inflated_reduced.csv,
A.226.9,Sampling Equipment,Other Reactor Plant Equipment,,,,895545.6552,25658.35285,1385536.389,116782.2373,2397864,,,TIMCAT/PWR12_ME_inflated_reduced.csv,
A.226.95,Piping,Sampling Equipment,,,,0,5921.158349,319772.1687,74960.74746,394733,,,TIMCAT/PWR12_ME_inflated_reduced.csv,
A.226.96,Sample System Valves,Sampling Equipment,,,,69609.62567,0,0,0,69610,,,TIMCAT/PWR12_ME_inflated_reduced.csv,
A.226.97,Piping & Miscellaneous Items,Sampling Equipment,,,,5505.088555,0,0,0,5505,,,TIMCAT/PWR12_ME_inflated_reduced.csv,
A.226.98,Instrumentation & Control,Sampling Equipment,LT,1,,820430.941,19737.1945,1065764.22,41821.48983,1928017,,,TIMCAT/PWR12_ME_inflated_reduced.csv,
A.227.,Reactor Instrumentation & Control,Reactor Instrumentation & Control,,,,30233918.05,377700,20402067.84,1751757.159,52387743,,,TIMCAT/PWR12_ME_inflated_reduced.csv,
A.227.1,"Benchboard, Panels, & Racks",Reactor Instrumentation & Control,,,,5747745.127,52944.18022,2856906.124,144089.3391,8748741,,,TIMCAT/PWR12_ME_inflated_reduced.csv,
A.227.11,NSS Control Board,"Benchboard, Panels, & Racks",LT,1,,2348124.118,17726.84606,956553.3662,47080.64023,3351758,,,TIMCAT/PWR12_ME_inflated_reduced.csv,
A.227.15,HVAC Panels,"Benchboard, Panels, & Racks",LT,1,,201316.7982,2718.116395,146670.7044,7611.624429,355599,,,TIMCAT/PWR12_ME_inflated_reduced.csv,
A.227.16,Radwaste Panels & Racks,"Benchboard, Panels, & Racks",LT,1,,841507.4498,10636.10763,573931.4903,29789.75467,1445229,,,TIMCAT/PWR12_ME_inflated_reduced.csv,
A.227.17,Local Panels & Cabinets,"Benchboard, Panels, & Racks",LT,1,,805269.6058,10636.10763,573931.4903,29789.75467,1408991,,,TIMCAT/PWR12_ME_inflated_reduced.csv,
A.227.18,Instrument Ranks,"Benchboard, Panels, & Racks",LT,1,,1007976.135,8272.528159,446391.7474,21971.66031,1476340,,,TIMCAT/PWR12_ME_inflated_reduced.csv,
A.227.19,Alarm System,"Benchboard, Panels, & Racks",LT,1,,543551.0205,2954.474343,159427.3258,7845.90479,710824,,,TIMCAT/PWR12_ME_inflated_reduced.csv,
A.227.2,Process Computer,Reactor Instrumentation & Control,LT,1,,6575350.648,16545.05632,913902.4667,89960.81599,7579214,,,TIMCAT/PWR12_ME_inflated_reduced.csv,
A.227.3,Monitoring Systems,Reactor Instrumentation & Control,,,,6821452.509,47626.1264,2569941.703,141557.2161,9532951,,,TIMCAT/PWR12_ME_inflated_reduced.csv,
A.227.31,Radiological Monitoring & Data Management,Monitoring Systems,LT,1,,2177517.106,11817.89737,637701.3617,31386.22491,2846605,,,TIMCAT/PWR12_ME_inflated_reduced.csv,
A.227.32,Neutron Monitoring System,Monitoring Systems,LT,1,,2481262.841,16545.05632,892780.8476,43940.71487,3417984,,,TIMCAT/PWR12_ME_inflated_reduced.csv,
A.227.33,Instrumentation for Monitoring Course of ACC,Monitoring Systems,LT,1,,299851.5589,1772.684606,95657.45434,4708.585173,400218,,,TIMCAT/PWR12_ME_inflated_reduced.csv,
A.227.34,Reactor Diagnostic System,Monitoring Systems,LT,1,,985759.6547,5908.948685,318852.0045,15694.41533,1320306,,,TIMCAT/PWR12_ME_inflated_reduced.csv,
A.227.35,Containment Atmosphere Monitoring,Monitoring Systems,LT,1,,449775.0504,5908.948685,318852.0045,15694.41533,784321,,,TIMCAT/PWR12_ME_inflated_reduced.csv,
A.227.36,Containment Leak Monitor,Monitoring Systems,LT,1,,224887.5252,2954.474343,159427.3258,15694.41533,400009,,,TIMCAT/PWR12_ME_inflated_reduced.csv,
A.227.37,Failed Fuel Detection,Monitoring Systems,LT,1,,202398.7727,2718.116395,146670.7044,14438.44518,363508,,,TIMCAT/PWR12_ME_inflated_reduced.csv,
A.227.4,Plant Control Systems,Reactor Instrumentation & Control,,,,5434791.773,36044.58698,1944991.668,191457.2748,7571241,,,TIMCAT/PWR12_ME_inflated_reduced.csv,
A.227.41,Reactor Power Control,Plant Control Systems,LT,1,,1874066.523,11817.89737,637701.3617,62772.44981,2574540,,,TIMCAT/PWR12_ME_inflated_reduced.csv,
A.227.42,Reactor Protection System,Plant Control Systems,LT,1,,2248879.828,14772.37171,797128.6876,78466.86514,3124475,,,TIMCAT/PWR12_ME_inflated_reduced.csv,
A.227.43,Engineering Safety Feature Actuation,Plant Control Systems,LT,1,,1311845.422,9454.317896,510161.6188,50217.95985,1872225,,,TIMCAT/PWR12_ME_inflated_reduced.csv,
A.227.5,Reactor Plant I&C Tubing & Fitting,Reactor Instrumentation & Control,LT,1,,435585.8101,165450.5632,8927819.064,870827.6585,10234233,,,TIMCAT/PWR12_ME_inflated_reduced.csv,
A.227.9,TMI Instrumentation,Reactor Instrumentation & Control,LT,1,,5218992.184,59089.48685,3188506.809,313864.8548,8721364,,,TIMCAT/PWR12_ME_inflated_reduced.csv,
A.228.,Reactor Plant Miscellaneous Items,Reactor Plant Miscellaneous Items,,,,0,240720,13169656.35,7193434.601,20363091,,,TIMCAT/PWR12_ME_inflated_reduced.csv,
A.228.1,Field Painting,Reactor Plant Miscellaneous Items,,,,0,36142.09631,1699107.203,364901.301,2064009,,,TIMCAT/PWR12_ME_inflated_reduced.csv,
A.228.2,Qualification of Welders,Reactor Plant Miscellaneous Items,LT,1,,0,136385.2691,7704016.746,858615.7864,8562633,,,TIMCAT/PWR12_ME_inflated_reduced.csv,
A.228.4,Reactor Plant Insulation,Reactor Plant Miscellaneous Items,,,,0,68192.63456,3766532.402,5969917.514,9736450,,,TIMCAT/PWR12_ME_inflated_reduced.csv,
A.229.,NuScale Equipment,NuScale Equipment,,,,7580984.337,272985.267,14783869.88,1343750.444,23708604.67,,,TIMCAT/PWR12_ME_inflated_reduced.csv,
A.229.1,Containment vacuum pump,NuScale Equipment,EA,2,,593656.358,2248.722019,125892.9848,10787.48799,730336.8307,,,TIMCAT/PWR12_ME_inflated_reduced.csv,
A.229.2,Containment flooding & drain,NuScale Equipment,,,,6987327.979,270736.545,14657976.9,1332962.956,22978267.84,,,TIMCAT/PWR12_ME_inflated_reduced.csv,
A.229.3,Reactor Cavity Cooling System,HTGR Equipment,,,,8994212.84,140181.447,7563391.298,634537.4807,17192142.03,,,TIMCAT/PWR12_ME_inflated_reduced.csv,
A.229.4,Refueling Equipment,HTGR Equipment,,,,21652015.72,221410.3192,11796861.97,1111532.113,34560408.78,,,TIMCAT/PWR12_ME_inflated_reduced.csv,
A.229.5,He Purification Equipment,HTGR Equipment,,,,2348731.796,17207.91351,924272.3137,57585.3853,3330589.647,,,TIMCAT/PWR12_ME_inflated_reduced.csv,
A.229.6,He Circulator,HTGR Equipment,,,,6036222.609,9587.40144,512712.3256,51485.2978,6600420.207,,,TIMCAT/PWR12_ME_inflated_reduced.csv,
A.229.7,Isolation Condenser,BWR,,,,28776988.73,17221.95939,844768.3098,89508.4919,29711266,,,TIMCAT/PWR12_ME_inflated_reduced.csv,
A.23,Turbine Plant Equipment,Turbine Plant Equipment,,,,398537111.6,3175031,169158211.6,25604663.87,593299987,,,TIMCAT/PWR12_ME_inflated_reduced.csv,
A.231.,Turbine Generator,Turbine Generator,,,,275478316.4,464771.0002,23868197.46,4091386.437,303437900.3,,,TIMCAT/PWR12_ME_inflated_reduced.csv,
A.233.,Condensing Systems,Condensing Systems,,,,47233700.94,631472.9999,33446988.99,4112007.468,84792697.4,,,TIMCAT/PWR12_ME_inflated_reduced.csv,
A.234.,Feedwater Heating System,Feedwater Heating System,,,,40187991.74,585608,31453258.31,3106114.845,74747364.89,,,TIMCAT/PWR12_ME_inflated_reduced.csv,
A.235.,Other Turbine Plant Equipment,Other Turbine Plant Equipment,,,,31249097.73,1008779,54443750.26,5443058.37,91135906.37,,,TIMCAT/PWR12_ME_inflated_reduced.csv,
A.236.,Instrumentation & Control,Instrumentation & Control,,,,4388004.72,230900.0001,12459784.96,1048533.95,17896323.63,,,TIMCAT/PWR12_ME_inflated_reduced.csv,
A.237.,Turbine Plant Miscellaneous Items,Turbine Plant Miscellaneous Items,,,,0,253499.9999,13486231.63,7803562.799,21289794.43,,,TIMCAT/PWR12_ME_inflated_reduced.csv,
A.24,Electric Plant Equipment,Electric Plant Equipment,,,,72395663.53,2790471.999,150327378.5,43384680.71,266107723,,,TIMCAT/PWR12_ME_inflated_reduced.csv,
A.241.,Switchgear,Switchgear,,,,24759182.81,25180,1352628.48,194352.4,26306164,,,TIMCAT/PWR12_ME_inflated_reduced.csv,
A.241.1,General Equipment Switchgear,Switchgear,,,,2827021.352,3470,186403.84,79811.6,3093237,,,TIMCAT/PWR12_ME_inflated_reduced.csv,
A.241.2,Station Service Switchgear,Switchgear,,,,21932161.45,21710,1166224.64,114540.8,23212927,,,TIMCAT/PWR12_ME_inflated_reduced.csv,
A.242.,Station Service Equipment,Station Service Equipment,,,,40273255,72582.00001,3777121.6,717829.2,44768206,,,TIMCAT/PWR12_ME_inflated_reduced.csv,
A.242.1,Station Service & Startup Transformers,Station Service Equipment,,,,4731741.073,12956.11485,610378.2689,185214.5642,5527334,,,TIMCAT/PWR12_ME_inflated_reduced.csv,
A.242.2,Unit Substations,Station Service Equipment,,,,7024149.776,22287.44622,1183943.483,117735.3601,8325829,,,TIMCAT/PWR12_ME_inflated_reduced.csv,
A.242.3,Auxiliary Power Sources,Station Service Equipment,,,,28517364.15,37338.43895,1982799.849,414879.2758,30915043,,,TIMCAT/PWR12_ME_inflated_reduced.csv,
A.243.,Switchboards,Switchboards,,,,3457143.799,16340,770259.4911,69770.84044,4297174,,,TIMCAT/PWR12_ME_inflated_reduced.csv,
A.243.1,Control Panels,Switchboards,,,,2988862.501,11456.90946,615494.4427,55753.92352,3660111,,,TIMCAT/PWR12_ME_inflated_reduced.csv,
A.243.2,Auxiliary Power & Signal Boards,Switchboards,,,,468281.2978,4883.090538,154765.0484,14016.91693,637063,,,TIMCAT/PWR12_ME_inflated_reduced.csv,
A.244.,Protective Equipment,Protective Equipment,,,,0,132050.0001,7182716.803,3891223.598,11073940,,,TIMCAT/PWR12_ME_inflated_reduced.csv,
A.244.1,General Station Grounding System,Protective Equipment,,,,0,96094.83686,5226976.328,1500064.247,6727041,,,TIMCAT/PWR12_ME_inflated_reduced.csv,
A.244.3,Lightning Protection,Protective Equipment,LT,1,,0,3923.550903,213416.953,161004.891,374422,,,TIMCAT/PWR12_ME_inflated_reduced.csv,
A.244.4,Cathodic Protection,Protective Equipment,LT,1,,0,19167.51097,1042594.39,755410.0268,1798004,,,TIMCAT/PWR12_ME_inflated_reduced.csv,
A.244.5,Heat Tracing & Freeze Protection,Protective Equipment,LT,1,,0,12864.10132,699729.132,1474744.433,2174474,,,TIMCAT/PWR12_ME_inflated_reduced.csv,
A.245.,Electrical Structure & Wiring Container,Electrical Structure & Wiring Container,,,,0,1663709.999,89344823.69,14935133.4,104279957,,,TIMCAT/PWR12_ME_inflated_reduced.csv,
A.245.1,Underground Duct Runs,Electrical Structure & Wiring Container,,,,0,310152.7032,15330239.97,4377827.349,19708067,,,TIMCAT/PWR12_ME_inflated_reduced.csv,
A.245.2,Cable Tray,Electrical Structure & Wiring Container,LF,55800,,0,283182.6152,15484860.96,4456109.514,19940970,,,TIMCAT/PWR12_ME_inflated_reduced.csv,
A.245.3,Conduit,Electrical Structure & Wiring Container,LF,462000,,0,1070374.681,58529722.76,6101196.538,64630919,,,TIMCAT/PWR12_ME_inflated_reduced.csv,
A.246.,Power & Control Wiring,Power & Control Wiring,,,,3906081.919,880609.9999,47899828.48,23576371.27,75382282,,,TIMCAT/PWR12_ME_inflated_reduced.csv,
A.246.1,Generator Circuits Wiring,Power & Control Wiring,,,,2180302.853,41186.36294,2240290.444,177628.7979,4598222,,,TIMCAT/PWR12_ME_inflated_reduced.csv,
A.246.2,Station Service Power Wiring,Power & Control Wiring,,,,0,110033.1957,5985097.111,4004318.876,9989416,,,TIMCAT/PWR12_ME_inflated_reduced.csv,
A.246.3,Control Cable,Power & Control Wiring,MF,2390,,0,370221.6651,20137826.93,10659734.61,30797562,,,TIMCAT/PWR12_ME_inflated_reduced.csv,
A.246.4,Instrument Wire,Power & Control Wiring,MF,2150,,0,333044.5942,18115619.41,8622020.286,26737640,,,TIMCAT/PWR12_ME_inflated_reduced.csv,
A.246.5,Containment Penetrations,Power & Control Wiring,EA,61,,1725779.066,26124.18198,1420994.582,112668.7036,3259442,,,TIMCAT/PWR12_ME_inflated_reduced.csv,
A.25,Miscellaneous Plant Equipment,Miscellaneous Plant Equipment,,,,44586284.44,1802804,97350448.32,14318495.51,156255228,,,TIMCAT/PWR12_ME_inflated_reduced.csv,
A.251.,Transportation & Lift Equipment,Transportation & Lift Equipment,,,,11130812,48599.99999,2495853.59,260231.3999,13886897,,,TIMCAT/PWR12_ME_inflated_reduced.csv,
A.251.1,Cranes & Hoists,Transportation & Lift Equipment,,,,11130812,48599.99999,2495853.59,260231.3999,13886897,,,TIMCAT/PWR12_ME_inflated_reduced.csv,
A.251.11,Turbine Building Crane,Cranes & Hoists,,,,3919300,11836.67622,607877.0539,63379.76292,4590557,,,TIMCAT/PWR12_ME_inflated_reduced.csv,
A.251.111,Turbine Generator Overhead Traveling Crane,Turbine Building Crane,EA,1,,2799500,8355.300858,429085.7098,44737.75512,3273323,,,TIMCAT/PWR12_ME_inflated_reduced.csv,
A.251.112,Heat Bay Crane,Turbine Building Crane,EA,1,,1119800,3481.375358,178791.3441,18642.0078,1317233,,,TIMCAT/PWR12_ME_inflated_reduced.csv,
A.251.12,Reactor Containment Building Crane,Cranes & Hoists,EA,1,,5599000,23673.35243,1215742.355,126759.5258,6941502,,,TIMCAT/PWR12_ME_inflated_reduced.csv,
A.251.16,"Miscellaneous Cranes, Hoists, & Monorails",Cranes & Hoists,LT,1,,671880,11140.40114,572112.3209,59651.36136,1303644,,,TIMCAT/PWR12_ME_inflated_reduced.csv,
A.251.17,Diesel Building Cranes,Cranes & Hoists,EA,2,,940632,1949.5702,100121.8599,10440.74981,1051195,,,TIMCAT/PWR12_ME_inflated_reduced.csv,
A.252.,"Air, Water, & Steam Service System","Air, Water, & Steam Service System",,,,22589569.04,1454094,78450255.2,11999985.91,113039810,,,TIMCAT/PWR12_ME_inflated_reduced.csv,
A.252.1,Air Systems,"Air, Water, & Steam Service System",,,,3990340.548,363190.2928,19619508.34,834673.121,24444522,,,TIMCAT/PWR12_ME_inflated_reduced.csv,
A.252.11,Compressed Air System,Air Systems,,,,1149749.319,124534.1033,6732966.533,557892.6248,8440608,,,TIMCAT/PWR12_ME_inflated_reduced.csv,
A.252.12,Containment Building Instrument Air System,Air Systems,,,,2840591.229,238656.1895,12886541.81,276780.4962,16003914,,,TIMCAT/PWR12_ME_inflated_reduced.csv,
A.252.2,Water Systems,"Air, Water, & Steam Service System",,,,12778995.78,912641.7736,49274175.29,10358280.04,72411451,,,TIMCAT/PWR12_ME_inflated_reduced.csv,
A.252.21,Service Water System,Water Systems,,,,4928180.123,181310.3537,9798216.342,527787.868,15254184,,,TIMCAT/PWR12_ME_inflated_reduced.csv,
A.252.22,Fire Protection System,Water Systems,,,,6497270.262,686623.5401,37062041.09,9655026.628,53214338,,,TIMCAT/PWR12_ME_inflated_reduced.csv,
A.252.24,Potable Water System,Water Systems,,,,1353545.393,44707.87977,2413917.851,175465.5412,3942929,,,TIMCAT/PWR12_ME_inflated_reduced.csv,
A.252.3,Auxiliary Steam System,"Air, Water, & Steam Service System",,,,5820232.718,168961.7471,9072230.959,536164.733,15428628,,,TIMCAT/PWR12_ME_inflated_reduced.csv,
A.252.31,Auxiliary Boiler System,Auxiliary Steam System,,,,2930356.586,64477.04212,3427735.693,238491.365,6596584,,,TIMCAT/PWR12_ME_inflated_reduced.csv,
A.252.32,Auxiliary Boiler Feedwater System,Auxiliary Steam System,,,,201628.1012,2091.516772,114011.648,6535.829859,322176,,,TIMCAT/PWR12_ME_inflated_reduced.csv,
A.252.33,Auxiliary Fuel Oil System,Auxiliary Steam System,,,,35870.31006,1161.953763,63284.95268,4963.550859,104119,,,TIMCAT/PWR12_ME_inflated_reduced.csv,
A.252.34,Auxiliary Dear & Makeup System,Auxiliary Steam System,,,,163516.6391,2296.567437,124214.9971,6653.272416,294385,,,TIMCAT/PWR12_ME_inflated_reduced.csv,
A.252.35,Auxiliary Chemical Feed System,Auxiliary Steam System,,,,55245.95272,1029.810001,56295.53814,5539.034297,117081,,,TIMCAT/PWR12_ME_inflated_reduced.csv,
A.252.36,Auxiliary Steam & Condensate Return,Auxiliary Steam System,,,,2026267.202,89566.13003,4836571.866,261156.4862,7123996,,,TIMCAT/PWR12_ME_inflated_reduced.csv,
A.252.38,Auxiliary Boiler Blowdown,Auxiliary Steam System,,,,46096.59963,364.5345138,19616.57726,1300.615431,67014,,,TIMCAT/PWR12_ME_inflated_reduced.csv,
A.252.39,Instrumentation & Control,Auxiliary Steam System,LT,1,,361251.3271,7974.192488,430499.6868,11524.57893,803276,,,TIMCAT/PWR12_ME_inflated_reduced.csv,
A.252.4,Plant Fuel Oil System,"Air, Water, & Steam Service System",,,,0,9300.186782,484340.6169,270868.0239,755209,,,TIMCAT/PWR12_ME_inflated_reduced.csv,
A.252.43,Tanks & Pressure Vessels,Plant Fuel Oil System,,,,0,4784.515493,256809.5736,240550.9834,497361,,,TIMCAT/PWR12_ME_inflated_reduced.csv,
A.252.49,Foundations/Skids,Plant Fuel Oil System,,,,0,4515.671289,227531.0433,30317.04053,257848,,,TIMCAT/PWR12_ME_inflated_reduced.csv,
A.253.,Communications Equipment,Communications Equipment,,,,4287360,192200,10454512.32,1443732.4,16185605,,,TIMCAT/PWR12_ME_inflated_reduced.csv,
A.253.1,Local Communications System,Communications Equipment,,,,0,29522.88401,1605866.672,645755.308,2251622,,,TIMCAT/PWR12_ME_inflated_reduced.csv,
A.253.2,Signal Systems,Communications Equipment,,,,4287360,162677.116,8848645.651,797977.092,13933983,,,TIMCAT/PWR12_ME_inflated_reduced.csv,
A.254.,Furnishings & Fixtures,Furnishings & Fixtures,,,,4909689.4,25909.99999,1396674.71,161290.8,6467655,,,TIMCAT/PWR12_ME_inflated_reduced.csv,
A.254.1,Safety Equipment,Furnishings & Fixtures,,,,0,474.1079596,19327.40159,36108.37309,55436,,,TIMCAT/PWR12_ME_inflated_reduced.csv,
A.254.2,Chemical Lab Shop,Furnishings & Fixtures,,,,2421331.11,9482.159192,510100.3707,44395.62347,2975827,,,TIMCAT/PWR12_ME_inflated_reduced.csv,
A.254.3,Office Equipment & Furnishings,Furnishings & Fixtures,LT,1,,297298.8851,189.6431838,9761.632474,984.7738115,308045,,,TIMCAT/PWR12_ME_inflated_reduced.csv,
A.254.4,Change Room Equipment,Furnishings & Fixtures,LT,1,,340066.928,1185.269899,64683.96227,5350.604376,410101,,,TIMCAT/PWR12_ME_inflated_reduced.csv,
A.254.5,Environment Monitoring Equipment,Furnishings & Fixtures,,,,1438688.991,13393.54986,728117.3802,69100.82083,2235907,,,TIMCAT/PWR12_ME_inflated_reduced.csv,
A.254.6,Dining Facilities,Furnishings & Fixtures,LT,1,,412303.4853,1185.269899,64683.96227,5350.604376,482338,,,TIMCAT/PWR12_ME_inflated_reduced.csv,
A.255.,Waste Water Treatment Equipment,Waste Water Treatment Equipment,,,,1668854,81999.99998,4553152.499,453254.9999,6675261,,,TIMCAT/PWR12_ME_inflated_reduced.csv,
A.26,Main Condenser Heat Reject System,Main Condenser Heat Reject System,,,,69928523.04,995914.9999,52357202.59,8542937.323,130828663,,,TIMCAT/PWR12_ME_inflated_reduced.csv,
A.261.,Structures,Structures,,,,392618.0381,184270,9125289.025,3921296.082,13439203.15,,,TIMCAT/PWR12_ME_inflated_reduced.csv,
A.261.1,Makeup Water Intake,Structures,,,,17743.62078,44083.94981,2189337.859,980759.1091,3187840.589,,,TIMCAT/PWR12_ME_inflated_reduced.csv,
A.261.2,Circulation Water Pump House,Structures,,,,222500.0331,98543.93994,4837072.621,1569391.883,6628964.536,,,TIMCAT/PWR12_ME_inflated_reduced.csv,
A.261.3,Makeup Water Pretreatment Building,Structures,,,,152374.3842,41642.11028,2098878.546,1371145.09,3622398.02,,,TIMCAT/PWR12_ME_inflated_reduced.csv,
A.262.,Mechanical Equipment,Mechanical Equipment,,,,69535905,811644.9999,43231913.56,4621641.241,117389459.8,,,TIMCAT/PWR12_ME_inflated_reduced.csv,
A.262.1,Heat Rejection System,Mechanical Equipment,,,,69535905,811644.9999,43231913.56,4621641.241,117389459.8,,,TIMCAT/PWR12_ME_inflated_reduced.csv,
A.262.11,Water Intake Equipment,Heat Rejection System,,,,818836.1028,5474.091576,298851.6538,31388.27887,1149076.036,,,TIMCAT/PWR12_ME_inflated_reduced.csv,
A.262.12,Circulating Water System,Heat Rejection System,,,,19786129.24,292095.7517,15368420.84,2229912.276,37384462.36,,,TIMCAT/PWR12_ME_inflated_reduced.csv,
A.262.13,Cooling Towers,Heat Rejection System,,,,46211135.76,500405.1797,26887199.25,2138353.432,75236688.44,,,TIMCAT/PWR12_ME_inflated_reduced.csv,
A.262.14,Cooling Tower Basins,Heat Rejection System,,,,0,2981.078239,130171.644,117381.9543,247553.5983,,,TIMCAT/PWR12_ME_inflated_reduced.csv,
A.262.15,Main Cooling Tower Makeup & Blowdown System,Heat Rejection System,,,,2719803.892,10688.89867,547270.1731,104605.3008,3371679.365,,,TIMCAT/PWR12_ME_inflated_reduced.csv,
A.9,Total Indirect Costs,,,,,2214207600,8372000,423044599.9,315689000,2952941200,,,TIMCAT/PWR12_ME_inflated_reduced.csv,
A.219.,Reactor Shield Building,Reactor Shield Building,,,,0,1064335.652,52171713.49,21896676.13,74068389,,,TIMCAT/PWR12_ME_inflated_reduced.csv,
A.219.1,Building Structure,Reactor Shield Building,,,,0,1064335.652,52171713.49,21896676.13,74068389,,,TIMCAT/PWR12_ME_inflated_reduced.csv,
A.219.14,Superstructure,Building Structure,,,,0,1064335.652,52171713.49,21896676.13,74068389,,,TIMCAT/PWR12_ME_inflated_reduced.csv,
A.219.141,Concrete Work,Superstructure,,,,0,736175.6856,36712744.24,15620572.29,52333316,,,TIMCAT/PWR12_ME_inflated_reduced.csv,
A.219.1411,Containment Shell,Concrete Work,,,,0,526829.0876,26241971.13,11030090.02,37272061,,,TIMCAT/PWR12_ME_inflated_reduced.csv,
A.219.14111,Formwork,Containment Shell,SF,67000,,0,123237.0256,6302007.272,524742.3561,6826750,,,TIMCAT/PWR12_ME_inflated_reduced.csv,
A.219.14112,Reinforcing Steel,Containment Shell,TN,3100,,0,216676.442,11084965.36,6765223.382,17850189,,,TIMCAT/PWR12_ME_inflated_reduced.csv,
A.219.14113,Concrete,Containment Shell,CY,9600,,0,74162.93839,3211170.735,1638426.483,4849597,,,TIMCAT/PWR12_ME_inflated_reduced.csv,
A.219.14114,Embedded Steel,Containment Shell,TN,20,,0,11220.08741,543039.3004,197744.5645,740784,,,TIMCAT/PWR12_ME_inflated_reduced.csv,
A.219.14115,Rubbing Surfaces,Containment Shell,SF,56000,,0,10300.40811,445996.7844,26315.43756,472312,,,TIMCAT/PWR12_ME_inflated_reduced.csv,
A.219.14116,Waterproofing,Containment Shell,SF,30500,,0,1122.008741,45146.76643,17199.01812,62346,,,TIMCAT/PWR12_ME_inflated_reduced.csv,
A.219.14117,Cadwelds,Containment Shell,EA,13800,,0,76149.44567,3895733.578,1567178.29,5462912,,,TIMCAT/PWR12_ME_inflated_reduced.csv,
A.219.14118,Construction Joints,Containment Shell,SF,50600,,0,13960.73171,713911.3336,293260.4893,1007172,,,TIMCAT/PWR12_ME_inflated_reduced.csv,
A.219.1412,Containment Dome,Concrete Work,,,,0,209346.598,10470773.11,4590482.272,15061255,,,TIMCAT/PWR12_ME_inflated_reduced.csv,
A.219.14121,Formwork,Containment Dome,SF,19500,,0,34074.1179,1742460.39,152723.5216,1895184,,,TIMCAT/PWR12_ME_inflated_reduced.csv,
A.219.14122,Reinforcing Steel,Containment Dome,TN,1150,,0,80379.97043,4112162.548,2509679.642,6621842,,,TIMCAT/PWR12_ME_inflated_reduced.csv,
A.219.14123,Concrete,Containment Dome,CY,3450,,0,26652.30598,1154019.463,588811.3045,1742831,,,TIMCAT/PWR12_ME_inflated_reduced.csv,
A.219.14125,Rubbing Surfaces,Containment Dome,SF,20000,,0,3678.717182,159284.254,9398.370557,168683,,,TIMCAT/PWR12_ME_inflated_reduced.csv,
A.219.14127,Cadwelds,Containment Dome,EA,11200,,0,61802.44866,3161753.91,1271912.815,4433667,,,TIMCAT/PWR12_ME_inflated_reduced.csv,
A.219.14128,Construction Joints,Containment Dome,SF,10000,,0,2759.037887,141092.5413,57956.61844,199049,,,TIMCAT/PWR12_ME_inflated_reduced.csv,
A.219.142,Structural & Miscellaneous Steel,Superstructure,,,,0,57038.50991,2909128.753,3818022.677,6727151,,,TIMCAT/PWR12_ME_inflated_reduced.csv,
A.219.1421,Structural Steel,Structural & Miscellaneous Steel,TN,410,,0,26394.79578,1346210.136,2046609.678,3392820,,,TIMCAT/PWR12_ME_inflated_reduced.csv,
A.219.1422,"Miscellaneous Frames, Etc.",Structural & Miscellaneous Steel,TN,150,,0,18761.45763,956887.3155,1236291.567,2193179,,,TIMCAT/PWR12_ME_inflated_reduced.csv,
A.219.1423,Floor Grating (Galv),Structural & Miscellaneous Steel,SF,22320,,0,10263.62094,523474.3554,388077.5171,911552,,,TIMCAT/PWR12_ME_inflated_reduced.csv,
A.219.1424,Stair Treads,Structural & Miscellaneous Steel,EA,350,,0,515.0204055,26267.57341,74425.83884,100693,,,TIMCAT/PWR12_ME_inflated_reduced.csv,
A.219.1425,Handrail,Structural & Miscellaneous Steel,LF,1000,,0,1103.615155,56289.37262,72618.07651,128907,,,TIMCAT/PWR12_ME_inflated_reduced.csv,
A.219.149,Painting,Superstructure,,,,0,271121.4563,12549840.5,2458081.163," 15,007,922 ",,,TIMCAT/PWR12_ME_inflated_reduced.csv,
